user_id,item_id,ui_event_count,ui_max_strength,ui_last_event_ts
U0001,I0032,1,1.0,2026-04-21 06:53:09+00:00
U0001,I0033,1,1.0,2026-04-06 13:12:09+00:00
U0001,I0039,1,3.0,2026-03-04 20:57:09+00:00
U0001,I0043,1,1.0,2026-04-20 07:25:09+00:00
U0001,I0047,1,1.0,2026-02-02 11:47:09+00:00
U0001,I0049,1,1.0,2026-03-03 06:25:09+00:00
U0001,I0064,1,1.0,2026-03-26 08:40:09+00:00
U0001,I0068,1,1.0,2026-03-14 19:49:09+00:00
U0001,I0091,1,1.0,2026-03-21 04:53:09+00:00
U0001,I0102,1,1.0,2026-03-27 18:07:09+00:00
U0001,I0107,1,1.0,2026-02-13 17:46:09+00:00
U0001,I0117,2,1.0,2026-04-24 15:18:09+00:00
U0002,I0001,1,1.0,2026-03-06 10:51:09+00:00
U0002,I0004,1,5.0,2026-04-01 04:51:09+00:00
U0002,I0009,1,1.0,2026-04-17 03:02:09+00:00
U0002,I0015,1,1.0,2026-02-03 20:09:09+00:00
U0002,I0016,1,1.0,2026-04-03 23:38:09+00:00
U0002,I0017,1,1.0,2026-03-20 08:08:09+00:00
U0002,I0029,1,4.0,2026-03-21 11:32:09+00:00
U0002,I0038,1,2.0,2026-04-20 05:37:09+00:00
U0002,I0060,1,3.0,2026-02-03 18:55:09+00:00
U0002,I0065,1,1.0,2026-03-27 03:09:09+00:00
U0002,I0077,1,5.0,2026-02-03 01:38:09+00:00
U0002,I0080,1,1.0,2026-04-17 10:48:09+00:00
U0002,I0081,2,5.0,2026-04-19 17:46:09+00:00
U0002,I0082,2,1.0,2026-04-28 08:47:09+00:00
U0002,I0092,1,3.0,2026-04-11 21:45:09+00:00
U0002,I0094,1,1.0,2026-03-06 23:39:09+00:00
U0002,I0110,1,1.0,2026-03-11 09:41:09+00:00
U0002,I0114,1,3.0,2026-04-29 20:16:09+00:00
U0003,I0005,1,1.0,2026-03-14 06:57:09+00:00
U0003,I0007,1,1.0,2026-02-08 21:50:09+00:00
U0003,I0019,1,4.0,2026-04-24 22:14:09+00:00
U0003,I0027,1,1.0,2026-02-10 20:33:09+00:00
U0003,I0033,1,1.0,2026-04-28 02:47:09+00:00
U0003,I0055,1,3.0,2026-04-10 11:05:09+00:00
U0003,I0069,1,1.0,2026-02-12 17:56:09+00:00
U0003,I0072,1,1.0,2026-02-07 06:28:09+00:00
U0003,I0078,1,1.0,2026-02-18 17:43:09+00:00
U0003,I0086,1,1.0,2026-04-25 18:00:09+00:00
U0004,I0001,1,1.0,2026-02-01 22:41:09+00:00
U0004,I0008,1,5.0,2026-01-31 07:53:09+00:00
U0004,I0012,1,1.0,2026-02-08 04:36:09+00:00
U0004,I0027,1,1.0,2026-03-29 17:40:09+00:00
U0004,I0029,1,5.0,2026-04-06 13:03:09+00:00
U0004,I0037,1,1.0,2026-04-10 17:49:09+00:00
U0004,I0040,1,5.0,2026-02-27 10:35:09+00:00
U0004,I0043,1,3.0,2026-03-06 17:12:09+00:00
U0004,I0048,1,3.0,2026-03-09 12:28:09+00:00
U0004,I0064,1,1.0,2026-04-23 10:31:09+00:00
U0004,I0083,1,1.0,2026-02-09 05:50:09+00:00
U0004,I0095,1,1.0,2026-02-15 14:59:09+00:00
U0004,I0099,1,5.0,2026-03-12 08:12:09+00:00
U0004,I0100,2,5.0,2026-02-24 16:20:09+00:00
U0004,I0106,1,1.0,2026-02-27 01:02:09+00:00
U0005,I0018,1,4.0,2026-03-29 19:58:09+00:00
U0005,I0045,1,3.0,2026-04-29 12:15:09+00:00
U0005,I0050,1,1.0,2026-04-24 06:50:09+00:00
U0005,I0057,1,5.0,2026-02-05 04:04:09+00:00
U0005,I0078,1,1.0,2026-04-12 02:08:09+00:00
U0005,I0108,1,3.0,2026-02-03 17:29:09+00:00
U0005,I0112,1,3.0,2026-03-20 08:10:09+00:00
U0005,I0119,1,1.0,2026-03-31 04:58:09+00:00
U0006,I0006,1,5.0,2026-02-28 00:37:09+00:00
U0006,I0016,3,3.0,2026-03-20 05:00:09+00:00
U0006,I0017,1,1.0,2026-04-21 14:23:09+00:00
U0006,I0026,1,5.0,2026-04-03 20:12:09+00:00
U0006,I0029,1,1.0,2026-03-14 12:28:09+00:00
U0006,I0044,1,5.0,2026-02-08 00:28:09+00:00
U0006,I0058,1,3.0,2026-03-22 07:57:09+00:00
U0006,I0061,1,5.0,2026-03-13 05:34:09+00:00
U0006,I0082,1,1.0,2026-03-21 09:02:09+00:00
U0006,I0087,1,5.0,2026-01-31 16:59:09+00:00
U0006,I0096,3,3.0,2026-02-10 03:42:09+00:00
U0006,I0103,1,1.0,2026-04-24 08:18:09+00:00
U0006,I0109,2,3.0,2026-03-16 19:04:09+00:00
U0006,I0117,1,5.0,2026-02-17 12:32:09+00:00
U0006,I0119,1,3.0,2026-04-03 01:05:09+00:00
U0007,I0011,1,5.0,2026-04-02 20:58:09+00:00
U0007,I0020,1,5.0,2026-03-01 22:29:09+00:00
U0007,I0022,1,1.0,2026-01-31 07:05:09+00:00
U0007,I0033,1,1.0,2026-02-22 03:31:09+00:00
U0007,I0034,1,1.0,2026-04-03 13:05:09+00:00
U0007,I0067,1,3.0,2026-03-29 19:34:09+00:00
U0007,I0076,1,1.0,2026-02-07 00:32:09+00:00
U0007,I0086,1,1.0,2026-03-13 08:04:09+00:00
U0007,I0099,2,5.0,2026-03-07 20:34:09+00:00
U0007,I0104,1,1.0,2026-04-24 13:35:09+00:00
U0007,I0112,1,1.0,2026-03-29 18:05:09+00:00
U0008,I0010,1,4.0,2026-04-28 11:17:09+00:00
U0008,I0050,1,5.0,2026-04-09 21:53:09+00:00
U0008,I0062,1,1.0,2026-03-27 18:08:09+00:00
U0008,I0063,1,1.0,2026-04-18 04:18:09+00:00
U0008,I0078,1,1.0,2026-02-03 06:43:09+00:00
U0008,I0088,2,1.0,2026-03-30 23:23:09+00:00
U0008,I0091,1,4.0,2026-03-16 06:12:09+00:00
U0008,I0092,1,1.0,2026-04-19 13:05:09+00:00
U0008,I0103,1,5.0,2026-03-04 03:12:09+00:00
U0008,I0107,1,1.0,2026-02-19 00:43:09+00:00
U0008,I0108,1,5.0,2026-04-23 14:25:09+00:00
U0008,I0119,1,1.0,2026-03-15 03:40:09+00:00
U0009,I0014,1,5.0,2026-02-02 13:29:09+00:00
U0009,I0021,2,5.0,2026-03-23 18:49:09+00:00
U0009,I0025,1,1.0,2026-02-10 11:09:09+00:00
U0009,I0039,1,3.0,2026-04-14 04:47:09+00:00
U0009,I0045,1,4.0,2026-02-12 03:39:09+00:00
U0009,I0052,1,1.0,2026-03-19 04:05:09+00:00
U0009,I0054,2,1.0,2026-04-29 00:08:09+00:00
U0009,I0073,1,1.0,2026-02-01 16:17:09+00:00
U0009,I0078,2,3.0,2026-04-27 20:13:09+00:00
U0009,I0090,1,1.0,2026-04-26 18:13:09+00:00
U0009,I0092,1,4.0,2026-04-20 20:25:09+00:00
U0009,I0099,1,1.0,2026-03-28 06:00:09+00:00
U0009,I0119,2,3.0,2026-04-07 03:56:09+00:00
U0010,I0006,1,1.0,2026-02-25 00:48:09+00:00
U0010,I0007,1,5.0,2026-03-01 00:32:09+00:00
U0010,I0017,2,5.0,2026-03-21 04:48:09+00:00
U0010,I0019,1,4.0,2026-04-15 21:00:09+00:00
U0010,I0024,1,4.0,2026-02-22 01:22:09+00:00
U0010,I0029,2,3.0,2026-04-09 11:49:09+00:00
U0010,I0034,1,1.0,2026-01-31 07:59:09+00:00
U0010,I0083,1,5.0,2026-03-02 11:47:09+00:00
U0010,I0091,1,3.0,2026-04-23 11:54:09+00:00
U0010,I0108,1,1.0,2026-04-20 17:10:09+00:00
U0010,I0115,1,5.0,2026-02-03 13:23:09+00:00
U0010,I0119,1,1.0,2026-04-19 18:41:09+00:00
U0011,I0011,1,1.0,2026-02-16 14:08:09+00:00
U0011,I0035,1,2.0,2026-04-29 00:14:09+00:00
U0011,I0064,1,5.0,2026-01-31 08:46:09+00:00
U0011,I0066,1,1.0,2026-04-07 19:06:09+00:00
U0011,I0073,1,1.0,2026-03-23 12:39:09+00:00
U0011,I0075,2,5.0,2026-04-22 15:44:09+00:00
U0011,I0083,1,1.0,2026-04-22 09:14:09+00:00
U0011,I0105,1,1.0,2026-04-10 23:18:09+00:00
U0011,I0110,1,1.0,2026-02-19 16:41:09+00:00
U0011,I0113,2,3.0,2026-02-26 04:56:09+00:00
U0012,I0003,1,3.0,2026-02-01 18:09:09+00:00
U0012,I0031,1,1.0,2026-02-19 23:53:09+00:00
U0012,I0038,2,3.0,2026-03-12 03:03:09+00:00
U0012,I0047,1,3.0,2026-03-06 12:01:09+00:00
U0012,I0068,1,5.0,2026-04-10 00:59:09+00:00
U0012,I0077,1,1.0,2026-03-03 17:18:09+00:00
U0012,I0079,1,5.0,2026-02-10 18:07:09+00:00
U0012,I0080,1,5.0,2026-03-24 01:13:09+00:00
U0012,I0096,1,4.0,2026-02-01 22:52:09+00:00
U0012,I0116,1,1.0,2026-02-07 12:03:09+00:00
U0013,I0003,1,3.0,2026-03-29 01:53:09+00:00
U0013,I0005,1,5.0,2026-02-06 06:22:09+00:00
U0013,I0009,2,5.0,2026-04-25 17:25:09+00:00
U0013,I0042,1,3.0,2026-02-02 17:27:09+00:00
U0013,I0044,2,5.0,2026-03-15 08:55:09+00:00
U0013,I0047,1,1.0,2026-03-18 10:23:09+00:00
U0013,I0058,2,5.0,2026-04-24 04:04:09+00:00
U0013,I0062,1,3.0,2026-02-24 08:48:09+00:00
U0013,I0077,1,1.0,2026-03-05 03:54:09+00:00
U0013,I0080,3,5.0,2026-04-22 00:23:09+00:00
U0013,I0085,1,4.0,2026-04-05 09:24:09+00:00
U0013,I0094,1,1.0,2026-03-26 20:11:09+00:00
U0013,I0096,1,5.0,2026-02-17 10:02:09+00:00
U0014,I0024,1,3.0,2026-03-28 03:08:09+00:00
U0014,I0030,2,3.0,2026-04-24 07:01:09+00:00
U0014,I0034,1,1.0,2026-02-18 20:40:09+00:00
U0014,I0044,1,1.0,2026-03-03 11:17:09+00:00
U0014,I0065,1,1.0,2026-04-06 16:41:09+00:00
U0014,I0073,1,1.0,2026-04-12 05:19:09+00:00
U0014,I0076,1,3.0,2026-03-04 01:40:09+00:00
U0014,I0078,1,3.0,2026-04-09 20:47:09+00:00
U0014,I0093,1,2.0,2026-03-31 13:01:09+00:00
U0014,I0099,1,5.0,2026-03-04 14:24:09+00:00
U0014,I0100,1,3.0,2026-02-16 13:11:09+00:00
U0014,I0105,1,1.0,2026-04-12 14:27:09+00:00
U0014,I0111,1,3.0,2026-03-21 20:55:09+00:00
U0014,I0112,1,5.0,2026-03-23 08:00:09+00:00
U0015,I0004,1,5.0,2026-02-12 15:14:09+00:00
U0015,I0017,2,3.0,2026-03-29 22:23:09+00:00
U0015,I0020,1,1.0,2026-04-23 13:21:09+00:00
U0015,I0025,1,3.0,2026-03-03 03:03:09+00:00
U0015,I0031,1,3.0,2026-03-06 13:48:09+00:00
U0015,I0050,2,5.0,2026-04-22 11:33:09+00:00
U0015,I0054,1,3.0,2026-03-24 23:46:09+00:00
U0015,I0062,1,5.0,2026-03-19 12:17:09+00:00
U0015,I0063,2,3.0,2026-03-29 05:38:09+00:00
U0015,I0070,1,5.0,2026-02-22 13:31:09+00:00
U0015,I0088,1,1.0,2026-03-28 15:08:09+00:00
U0015,I0103,2,1.0,2026-03-27 12:46:09+00:00
U0015,I0114,2,5.0,2026-03-25 23:39:09+00:00
U0015,I0115,1,5.0,2026-03-24 22:38:09+00:00
U0016,I0003,1,1.0,2026-03-09 07:33:09+00:00
U0016,I0009,1,1.0,2026-02-03 05:16:09+00:00
U0016,I0013,1,5.0,2026-03-09 17:31:09+00:00
U0016,I0016,1,3.0,2026-04-05 17:53:09+00:00
U0016,I0037,1,1.0,2026-02-24 22:47:09+00:00
U0016,I0038,2,1.0,2026-03-27 20:16:09+00:00
U0016,I0042,1,3.0,2026-02-11 06:18:09+00:00
U0016,I0047,1,1.0,2026-03-07 07:52:09+00:00
U0016,I0058,2,1.0,2026-04-27 11:05:09+00:00
U0016,I0078,1,5.0,2026-04-13 00:54:09+00:00
U0016,I0090,1,1.0,2026-04-07 02:16:09+00:00
U0016,I0106,1,1.0,2026-02-26 04:12:09+00:00
U0016,I0115,1,1.0,2026-04-06 17:56:09+00:00
U0017,I0008,1,1.0,2026-04-08 09:44:09+00:00
U0017,I0012,1,3.0,2026-04-01 11:05:09+00:00
U0017,I0024,2,5.0,2026-04-11 11:14:09+00:00
U0017,I0027,1,4.0,2026-04-19 16:22:09+00:00
U0017,I0036,1,1.0,2026-04-14 23:36:09+00:00
U0017,I0060,1,5.0,2026-04-13 06:21:09+00:00
U0017,I0066,1,1.0,2026-02-05 15:41:09+00:00
U0017,I0094,2,5.0,2026-03-21 20:24:09+00:00
U0017,I0095,2,1.0,2026-03-31 19:02:09+00:00
U0017,I0110,1,1.0,2026-02-21 20:38:09+00:00
U0018,I0001,2,3.0,2026-03-31 05:56:09+00:00
U0018,I0009,1,1.0,2026-04-11 19:45:09+00:00
U0018,I0016,1,1.0,2026-03-08 12:23:09+00:00
U0018,I0022,1,5.0,2026-03-26 14:09:09+00:00
U0018,I0038,1,1.0,2026-02-25 18:46:09+00:00
U0018,I0053,1,1.0,2026-03-18 02:43:09+00:00
U0018,I0059,1,3.0,2026-03-04 14:02:09+00:00
U0018,I0070,1,1.0,2026-03-25 05:22:09+00:00
U0018,I0081,1,3.0,2026-03-27 21:31:09+00:00
U0018,I0082,1,1.0,2026-02-17 15:29:09+00:00
U0018,I0090,1,1.0,2026-03-24 19:01:09+00:00
U0018,I0103,1,1.0,2026-04-07 09:53:09+00:00
U0019,I0006,1,5.0,2026-03-23 00:33:09+00:00
U0019,I0008,1,3.0,2026-04-25 23:35:09+00:00
U0019,I0032,1,3.0,2026-02-21 03:10:09+00:00
U0019,I0043,1,1.0,2026-03-22 09:51:09+00:00
U0019,I0068,1,3.0,2026-03-01 20:29:09+00:00
U0019,I0072,1,1.0,2026-03-01 17:39:09+00:00
U0019,I0073,2,3.0,2026-04-15 06:11:09+00:00
U0019,I0102,1,1.0,2026-02-26 13:55:09+00:00
U0019,I0107,2,5.0,2026-02-13 03:31:09+00:00
U0019,I0117,1,1.0,2026-04-19 08:28:09+00:00
U0019,I0120,1,1.0,2026-03-28 02:16:09+00:00
U0020,I0002,1,1.0,2026-02-01 22:00:09+00:00
U0020,I0025,2,5.0,2026-03-19 13:47:09+00:00
U0020,I0043,1,1.0,2026-03-17 20:03:09+00:00
U0020,I0060,1,1.0,2026-02-20 09:27:09+00:00
U0020,I0063,1,1.0,2026-03-26 14:53:09+00:00
U0020,I0081,1,1.0,2026-02-02 05:29:09+00:00
U0020,I0082,1,4.0,2026-02-04 10:37:09+00:00
U0020,I0091,1,1.0,2026-02-01 20:01:09+00:00
U0020,I0101,1,1.0,2026-02-19 13:32:09+00:00
U0020,I0108,1,5.0,2026-03-31 15:45:09+00:00
U0020,I0119,1,1.0,2026-02-23 02:08:09+00:00
U0020,I0120,1,3.0,2026-02-24 23:34:09+00:00
U0021,I0006,1,1.0,2026-03-30 10:02:09+00:00
U0021,I0010,1,1.0,2026-04-07 04:50:09+00:00
U0021,I0014,1,1.0,2026-02-15 06:16:09+00:00
U0021,I0015,1,1.0,2026-03-29 08:26:09+00:00
U0021,I0032,1,3.0,2026-02-06 23:22:09+00:00
U0021,I0036,1,5.0,2026-04-22 20:50:09+00:00
U0021,I0039,2,5.0,2026-03-15 05:09:09+00:00
U0021,I0043,1,1.0,2026-04-17 16:27:09+00:00
U0021,I0057,1,1.0,2026-04-10 12:14:09+00:00
U0021,I0068,2,3.0,2026-02-13 02:05:09+00:00
U0021,I0071,1,1.0,2026-04-23 12:18:09+00:00
U0021,I0072,1,1.0,2026-03-13 21:53:09+00:00
U0021,I0104,1,3.0,2026-04-21 18:47:09+00:00
U0021,I0105,1,1.0,2026-03-24 03:23:09+00:00
U0021,I0116,1,1.0,2026-03-08 14:48:09+00:00
U0021,I0117,1,5.0,2026-04-06 17:07:09+00:00
U0022,I0005,1,1.0,2026-03-20 20:58:09+00:00
U0022,I0013,1,4.0,2026-04-10 19:07:09+00:00
U0022,I0017,1,1.0,2026-02-15 06:52:09+00:00
U0022,I0025,1,1.0,2026-04-02 10:38:09+00:00
U0022,I0031,1,1.0,2026-03-06 07:09:09+00:00
U0022,I0048,3,3.0,2026-03-09 08:16:09+00:00
U0022,I0055,1,1.0,2026-03-03 06:46:09+00:00
U0022,I0069,2,3.0,2026-03-24 12:24:09+00:00
U0022,I0076,1,1.0,2026-04-30 11:19:09+00:00
U0022,I0084,1,5.0,2026-02-08 21:43:09+00:00
U0022,I0086,1,1.0,2026-04-01 12:29:09+00:00
U0022,I0098,1,2.0,2026-04-28 04:58:09+00:00
U0022,I0105,2,5.0,2026-03-30 17:59:09+00:00
U0022,I0111,1,1.0,2026-03-11 16:52:09+00:00
U0022,I0117,1,1.0,2026-02-11 10:41:09+00:00
U0023,I0010,1,4.0,2026-04-01 01:37:09+00:00
U0023,I0013,1,1.0,2026-03-30 03:10:09+00:00
U0023,I0022,1,1.0,2026-01-31 07:44:09+00:00
U0023,I0023,1,1.0,2026-04-14 18:14:09+00:00
U0023,I0032,1,1.0,2026-03-16 03:54:09+00:00
U0023,I0039,1,1.0,2026-03-14 02:41:09+00:00
U0023,I0044,1,1.0,2026-04-18 09:16:09+00:00
U0023,I0072,1,1.0,2026-01-30 21:56:09+00:00
U0023,I0074,1,1.0,2026-03-07 00:34:09+00:00
U0023,I0087,1,1.0,2026-02-24 11:36:09+00:00
U0023,I0089,1,1.0,2026-02-23 23:16:09+00:00
U0023,I0101,3,1.0,2026-03-31 23:24:09+00:00
U0024,I0010,1,5.0,2026-04-24 12:07:09+00:00
U0024,I0014,1,1.0,2026-04-25 23:25:09+00:00
U0024,I0031,1,3.0,2026-03-08 11:56:09+00:00
U0024,I0063,1,1.0,2026-03-15 01:10:09+00:00
U0024,I0071,1,5.0,2026-04-27 01:11:09+00:00
U0024,I0073,1,1.0,2026-03-18 03:59:09+00:00
U0024,I0084,1,1.0,2026-03-18 10:02:09+00:00
U0024,I0104,1,1.0,2026-04-23 16:18:09+00:00
U0024,I0107,2,5.0,2026-04-07 06:06:09+00:00
U0024,I0112,1,1.0,2026-03-06 06:14:09+00:00
U0024,I0120,1,3.0,2026-01-31 05:01:09+00:00
U0025,I0021,1,1.0,2026-04-16 15:40:09+00:00
U0025,I0023,1,5.0,2026-04-20 17:37:09+00:00
U0025,I0041,1,1.0,2026-03-05 10:03:09+00:00
U0025,I0056,1,3.0,2026-02-27 18:40:09+00:00
U0025,I0060,1,1.0,2026-04-04 13:54:09+00:00
U0025,I0063,1,3.0,2026-03-02 20:33:09+00:00
U0025,I0065,1,1.0,2026-04-27 11:54:09+00:00
U0025,I0099,1,1.0,2026-03-07 02:08:09+00:00
U0025,I0106,1,1.0,2026-02-20 12:46:09+00:00
U0026,I0005,2,3.0,2026-04-09 12:39:09+00:00
U0026,I0009,3,5.0,2026-04-19 03:02:09+00:00
U0026,I0016,3,3.0,2026-04-18 18:36:09+00:00
U0026,I0022,1,1.0,2026-04-18 11:30:09+00:00
U0026,I0026,1,3.0,2026-02-07 20:37:09+00:00
U0026,I0038,2,3.0,2026-03-15 10:16:09+00:00
U0026,I0039,1,1.0,2026-02-24 06:58:09+00:00
U0026,I0044,1,5.0,2026-04-18 06:03:09+00:00
U0026,I0047,1,1.0,2026-02-09 10:32:09+00:00
U0026,I0079,2,3.0,2026-03-04 08:56:09+00:00
U0026,I0081,1,5.0,2026-02-05 14:56:09+00:00
U0026,I0090,2,2.0,2026-04-15 03:22:09+00:00
U0027,I0001,1,3.0,2026-02-23 05:33:09+00:00
U0027,I0005,2,5.0,2026-03-27 22:15:09+00:00
U0027,I0029,2,3.0,2026-04-03 11:26:09+00:00
U0027,I0031,1,1.0,2026-04-27 21:59:09+00:00
U0027,I0032,1,1.0,2026-04-22 03:15:09+00:00
U0027,I0038,1,4.0,2026-04-21 06:42:09+00:00
U0027,I0047,1,4.0,2026-02-10 09:45:09+00:00
U0027,I0058,1,1.0,2026-01-31 04:23:09+00:00
U0027,I0066,2,1.0,2026-03-31 07:13:09+00:00
U0027,I0080,3,5.0,2026-04-13 07:22:09+00:00
U0027,I0081,1,3.0,2026-03-09 10:10:09+00:00
U0027,I0087,1,1.0,2026-02-08 21:52:09+00:00
U0027,I0102,1,1.0,2026-03-07 01:05:09+00:00
U0028,I0001,1,3.0,2026-03-25 13:33:09+00:00
U0028,I0009,1,5.0,2026-03-28 02:56:09+00:00
U0028,I0015,1,1.0,2026-04-20 15:47:09+00:00
U0028,I0017,1,1.0,2026-03-11 12:23:09+00:00
U0028,I0023,3,4.0,2026-04-25 15:34:09+00:00
U0028,I0041,2,5.0,2026-02-24 06:39:09+00:00
U0028,I0051,1,1.0,2026-03-01 13:04:09+00:00
U0028,I0052,1,1.0,2026-03-24 06:22:09+00:00
U0028,I0080,2,3.0,2026-04-18 19:54:09+00:00
U0028,I0097,1,1.0,2026-04-26 15:02:09+00:00
U0028,I0099,1,5.0,2026-04-06 22:21:09+00:00
U0028,I0102,1,1.0,2026-02-15 06:11:09+00:00
U0028,I0112,3,1.0,2026-03-28 07:49:09+00:00
U0028,I0114,2,5.0,2026-04-09 04:39:09+00:00
U0029,I0005,1,1.0,2026-02-25 04:43:09+00:00
U0029,I0009,1,1.0,2026-02-10 05:50:09+00:00
U0029,I0010,1,1.0,2026-03-03 02:03:09+00:00
U0029,I0014,1,3.0,2026-03-05 16:05:09+00:00
U0029,I0017,1,5.0,2026-04-06 16:22:09+00:00
U0029,I0029,1,1.0,2026-03-23 10:06:09+00:00
U0029,I0038,1,1.0,2026-03-01 23:42:09+00:00
U0029,I0057,1,1.0,2026-04-29 11:57:09+00:00
U0029,I0078,1,5.0,2026-02-04 21:02:09+00:00
U0029,I0080,1,1.0,2026-04-13 16:32:09+00:00
U0029,I0082,1,1.0,2026-03-19 20:54:09+00:00
U0029,I0096,1,1.0,2026-03-14 10:49:09+00:00
U0030,I0005,1,3.0,2026-03-05 04:13:09+00:00
U0030,I0006,1,1.0,2026-03-05 04:42:09+00:00
U0030,I0010,1,1.0,2026-04-05 06:36:09+00:00
U0030,I0012,1,3.0,2026-04-14 20:14:09+00:00
U0030,I0018,2,1.0,2026-03-28 11:37:09+00:00
U0030,I0033,1,1.0,2026-02-17 20:00:09+00:00
U0030,I0035,1,3.0,2026-02-03 12:51:09+00:00
U0030,I0037,1,3.0,2026-03-13 03:33:09+00:00
U0030,I0068,1,1.0,2026-04-08 22:54:09+00:00
U0030,I0072,1,5.0,2026-04-07 09:12:09+00:00
U0030,I0087,1,5.0,2026-03-31 14:53:09+00:00
U0030,I0098,1,3.0,2026-04-02 13:53:09+00:00
U0030,I0101,1,1.0,2026-03-18 07:33:09+00:00
U0030,I0104,2,3.0,2026-03-25 12:52:09+00:00
U0030,I0116,1,1.0,2026-03-22 07:06:09+00:00
U0030,I0117,1,3.0,2026-04-18 10:52:09+00:00
U0031,I0003,1,1.0,2026-02-27 03:57:09+00:00
U0031,I0016,1,3.0,2026-02-05 07:46:09+00:00
U0031,I0018,1,2.0,2026-04-09 10:53:09+00:00
U0031,I0030,1,5.0,2026-02-06 21:17:09+00:00
U0031,I0032,1,1.0,2026-04-08 01:39:09+00:00
U0031,I0042,3,5.0,2026-04-05 14:21:09+00:00
U0031,I0044,1,5.0,2026-03-17 12:21:09+00:00
U0031,I0048,1,1.0,2026-02-10 23:31:09+00:00
U0031,I0058,1,1.0,2026-04-14 12:28:09+00:00
U0031,I0077,1,3.0,2026-04-24 00:04:09+00:00
U0031,I0079,1,1.0,2026-03-11 11:27:09+00:00
U0031,I0090,2,1.0,2026-04-21 21:22:09+00:00
U0031,I0091,1,1.0,2026-02-22 21:51:09+00:00
U0031,I0096,1,3.0,2026-02-05 02:08:09+00:00
U0031,I0101,1,3.0,2026-02-24 23:34:09+00:00
U0031,I0107,1,1.0,2026-04-20 01:53:09+00:00
U0031,I0109,1,5.0,2026-03-17 11:58:09+00:00
U0032,I0001,3,1.0,2026-04-09 08:07:09+00:00
U0032,I0017,1,5.0,2026-02-07 15:17:09+00:00
U0032,I0018,1,1.0,2026-03-18 04:49:09+00:00
U0032,I0038,1,1.0,2026-04-24 09:33:09+00:00
U0032,I0042,2,5.0,2026-02-05 01:08:09+00:00
U0032,I0044,1,4.0,2026-04-09 08:13:09+00:00
U0032,I0047,1,1.0,2026-02-02 10:47:09+00:00
U0032,I0051,1,1.0,2026-03-04 23:04:09+00:00
U0032,I0077,1,5.0,2026-02-03 12:56:09+00:00
U0032,I0079,1,1.0,2026-03-30 10:57:09+00:00
U0032,I0081,1,3.0,2026-04-27 00:53:09+00:00
U0032,I0084,1,3.0,2026-04-19 18:21:09+00:00
U0033,I0006,1,1.0,2026-04-03 18:50:09+00:00
U0033,I0008,1,3.0,2026-03-17 09:53:09+00:00
U0033,I0014,1,1.0,2026-04-14 19:53:09+00:00
U0033,I0027,2,1.0,2026-03-21 16:16:09+00:00
U0033,I0040,1,1.0,2026-03-21 14:46:09+00:00
U0033,I0075,1,1.0,2026-03-18 11:03:09+00:00
U0033,I0089,2,5.0,2026-03-28 16:53:09+00:00
U0033,I0093,1,1.0,2026-01-31 03:14:09+00:00
U0033,I0094,1,1.0,2026-03-05 03:37:09+00:00
U0033,I0095,1,1.0,2026-03-05 15:36:09+00:00
U0033,I0104,1,5.0,2026-03-24 10:04:09+00:00
U0034,I0006,1,1.0,2026-02-02 08:46:09+00:00
U0034,I0007,1,1.0,2026-02-06 02:59:09+00:00
U0034,I0014,3,5.0,2026-04-18 07:08:09+00:00
U0034,I0068,1,3.0,2026-04-06 16:11:09+00:00
U0034,I0078,1,5.0,2026-01-30 22:34:09+00:00
U0034,I0101,1,1.0,2026-03-11 04:08:09+00:00
U0034,I0102,2,3.0,2026-04-20 19:45:09+00:00
U0034,I0104,1,1.0,2026-04-18 02:54:09+00:00
U0034,I0107,2,1.0,2026-04-25 19:15:09+00:00
U0034,I0120,1,5.0,2026-04-12 02:17:09+00:00
U0035,I0001,1,1.0,2026-03-25 08:00:09+00:00
U0035,I0006,1,1.0,2026-02-18 09:48:09+00:00
U0035,I0013,1,5.0,2026-04-05 08:57:09+00:00
U0035,I0017,1,1.0,2026-02-12 07:14:09+00:00
U0035,I0039,1,1.0,2026-02-11 00:09:09+00:00
U0035,I0074,1,1.0,2026-04-25 13:06:09+00:00
U0035,I0085,1,1.0,2026-03-23 14:32:09+00:00
U0035,I0087,1,1.0,2026-02-17 13:11:09+00:00
U0035,I0093,1,3.0,2026-03-10 12:08:09+00:00
U0035,I0102,1,3.0,2026-02-26 11:14:09+00:00
U0035,I0105,1,3.0,2026-04-28 22:56:09+00:00
U0035,I0116,1,5.0,2026-04-22 08:35:09+00:00
U0036,I0018,1,1.0,2026-03-28 15:38:09+00:00
U0036,I0022,1,3.0,2026-02-16 04:06:09+00:00
U0036,I0030,1,5.0,2026-04-26 14:53:09+00:00
U0036,I0046,1,4.0,2026-04-15 16:31:09+00:00
U0036,I0065,1,1.0,2026-03-16 19:07:09+00:00
U0036,I0067,1,1.0,2026-04-18 14:09:09+00:00
U0036,I0093,2,3.0,2026-02-21 12:16:09+00:00
U0037,I0001,1,3.0,2026-04-06 13:36:09+00:00
U0037,I0011,1,4.0,2026-04-15 01:08:09+00:00
U0037,I0012,1,1.0,2026-04-23 09:56:09+00:00
U0037,I0027,3,5.0,2026-02-26 02:43:09+00:00
U0037,I0028,1,3.0,2026-02-14 02:31:09+00:00
U0037,I0030,1,3.0,2026-03-10 05:38:09+00:00
U0037,I0031,1,4.0,2026-03-29 14:41:09+00:00
U0037,I0037,2,3.0,2026-04-26 06:05:09+00:00
U0037,I0083,1,3.0,2026-03-20 14:38:09+00:00
U0037,I0095,2,5.0,2026-04-02 17:47:09+00:00
U0037,I0110,1,1.0,2026-02-14 12:23:09+00:00
U0038,I0014,1,5.0,2026-04-05 00:04:09+00:00
U0038,I0028,1,1.0,2026-02-24 18:08:09+00:00
U0038,I0064,1,1.0,2026-04-18 18:43:09+00:00
U0038,I0066,1,5.0,2026-04-26 21:55:09+00:00
U0038,I0077,1,1.0,2026-03-17 16:44:09+00:00
U0038,I0083,2,3.0,2026-04-23 17:43:09+00:00
U0038,I0089,1,1.0,2026-03-16 08:03:09+00:00
U0038,I0100,1,3.0,2026-04-05 17:34:09+00:00
U0038,I0106,1,1.0,2026-03-05 08:57:09+00:00
U0038,I0110,1,5.0,2026-03-26 11:23:09+00:00
U0038,I0113,1,1.0,2026-02-20 14:02:09+00:00
U0039,I0012,1,3.0,2026-03-16 23:44:09+00:00
U0039,I0025,1,1.0,2026-02-18 01:55:09+00:00
U0039,I0037,1,4.0,2026-04-11 09:55:09+00:00
U0039,I0054,3,3.0,2026-04-26 19:58:09+00:00
U0039,I0062,1,3.0,2026-03-30 03:50:09+00:00
U0039,I0063,1,5.0,2026-03-18 05:52:09+00:00
U0039,I0090,1,1.0,2026-03-28 05:01:09+00:00
U0039,I0091,2,1.0,2026-04-04 01:48:09+00:00
U0039,I0092,1,1.0,2026-03-12 13:01:09+00:00
U0039,I0108,2,5.0,2026-02-25 04:42:09+00:00
U0039,I0118,1,1.0,2026-03-08 00:01:09+00:00
U0040,I0008,1,4.0,2026-02-21 15:18:09+00:00
U0040,I0012,1,5.0,2026-03-13 17:19:09+00:00
U0040,I0013,1,5.0,2026-03-31 11:15:09+00:00
U0040,I0028,1,1.0,2026-02-10 21:13:09+00:00
U0040,I0031,1,1.0,2026-04-28 20:45:09+00:00
U0040,I0045,1,1.0,2026-04-25 03:42:09+00:00
U0040,I0047,1,1.0,2026-02-08 09:49:09+00:00
U0040,I0064,2,4.0,2026-04-24 14:00:09+00:00
U0040,I0100,2,5.0,2026-03-18 20:19:09+00:00
U0040,I0106,1,1.0,2026-03-24 10:51:09+00:00
U0040,I0110,1,1.0,2026-02-02 16:15:09+00:00
U0041,I0015,2,3.0,2026-03-26 19:26:09+00:00
U0041,I0016,1,1.0,2026-03-06 11:46:09+00:00
U0041,I0031,1,3.0,2026-04-06 04:54:09+00:00
U0041,I0032,2,3.0,2026-04-18 21:33:09+00:00
U0041,I0036,1,5.0,2026-02-01 21:56:09+00:00
U0041,I0039,1,1.0,2026-02-19 18:47:09+00:00
U0041,I0059,1,5.0,2026-02-28 17:09:09+00:00
U0041,I0074,1,3.0,2026-04-26 19:40:09+00:00
U0041,I0085,2,3.0,2026-04-18 03:36:09+00:00
U0041,I0101,1,5.0,2026-04-05 18:05:09+00:00
U0041,I0108,1,5.0,2026-02-19 23:35:09+00:00
U0041,I0116,1,3.0,2026-02-26 17:09:09+00:00
U0042,I0006,1,1.0,2026-04-09 01:30:09+00:00
U0042,I0008,1,1.0,2026-02-15 16:50:09+00:00
U0042,I0022,1,1.0,2026-02-07 01:13:09+00:00
U0042,I0023,2,1.0,2026-03-12 08:18:09+00:00
U0042,I0030,4,4.0,2026-04-09 03:59:09+00:00
U0042,I0034,1,3.0,2026-03-07 20:01:09+00:00
U0042,I0036,1,1.0,2026-02-24 11:14:09+00:00
U0042,I0058,1,1.0,2026-03-31 21:19:09+00:00
U0042,I0060,2,5.0,2026-02-21 18:52:09+00:00
U0042,I0065,1,3.0,2026-03-20 23:06:09+00:00
U0042,I0073,1,1.0,2026-02-07 10:59:09+00:00
U0042,I0097,1,1.0,2026-02-24 14:43:09+00:00
U0042,I0099,2,3.0,2026-03-10 13:16:09+00:00
U0043,I0001,1,1.0,2026-03-27 06:12:09+00:00
U0043,I0004,1,5.0,2026-03-04 04:01:09+00:00
U0043,I0005,1,5.0,2026-04-12 20:20:09+00:00
U0043,I0019,1,5.0,2026-04-18 09:32:09+00:00
U0043,I0021,1,3.0,2026-04-07 15:50:09+00:00
U0043,I0029,1,1.0,2026-02-06 14:29:09+00:00
U0043,I0038,1,4.0,2026-04-07 05:43:09+00:00
U0043,I0057,1,1.0,2026-02-21 10:40:09+00:00
U0043,I0058,1,4.0,2026-03-16 16:20:09+00:00
U0043,I0068,1,5.0,2026-04-03 05:37:09+00:00
U0043,I0077,1,4.0,2026-03-10 04:24:09+00:00
U0043,I0081,1,4.0,2026-02-17 07:02:09+00:00
U0043,I0082,1,1.0,2026-03-20 00:36:09+00:00
U0044,I0018,2,1.0,2026-04-07 22:19:09+00:00
U0044,I0046,1,3.0,2026-02-20 07:09:09+00:00
U0044,I0053,1,1.0,2026-03-04 02:43:09+00:00
U0044,I0054,1,4.0,2026-03-01 15:13:09+00:00
U0044,I0061,1,4.0,2026-04-29 06:57:09+00:00
U0044,I0071,1,3.0,2026-02-24 11:47:09+00:00
U0044,I0098,1,1.0,2026-02-14 17:39:09+00:00
U0044,I0100,1,3.0,2026-04-10 11:47:09+00:00
U0044,I0118,1,3.0,2026-03-11 10:52:09+00:00
U0045,I0004,1,5.0,2026-03-20 18:40:09+00:00
U0045,I0009,1,1.0,2026-04-24 20:10:09+00:00
U0045,I0014,1,1.0,2026-04-26 08:56:09+00:00
U0045,I0017,2,5.0,2026-03-22 01:50:09+00:00
U0045,I0020,1,4.0,2026-04-17 06:57:09+00:00
U0045,I0025,1,1.0,2026-03-10 20:00:09+00:00
U0045,I0032,1,5.0,2026-02-23 22:46:09+00:00
U0045,I0050,2,2.0,2026-04-07 15:04:09+00:00
U0045,I0052,1,1.0,2026-02-05 03:14:09+00:00
U0045,I0068,1,1.0,2026-04-09 03:21:09+00:00
U0045,I0088,1,5.0,2026-02-12 09:05:09+00:00
U0045,I0091,1,1.0,2026-03-17 06:15:09+00:00
U0045,I0092,1,5.0,2026-03-20 04:32:09+00:00
U0045,I0108,1,3.0,2026-04-03 09:09:09+00:00
U0045,I0114,1,1.0,2026-02-12 20:08:09+00:00
U0045,I0117,1,3.0,2026-04-29 03:31:09+00:00
U0046,I0001,1,1.0,2026-03-31 00:36:09+00:00
U0046,I0012,1,1.0,2026-04-02 16:56:09+00:00
U0046,I0016,1,1.0,2026-02-25 13:53:09+00:00
U0046,I0027,1,3.0,2026-02-09 05:28:09+00:00
U0046,I0037,1,1.0,2026-03-12 17:36:09+00:00
U0046,I0038,2,5.0,2026-02-06 12:51:09+00:00
U0046,I0043,1,3.0,2026-02-02 21:27:09+00:00
U0046,I0082,1,1.0,2026-04-22 18:53:09+00:00
U0046,I0088,1,1.0,2026-03-21 02:24:09+00:00
U0046,I0095,1,5.0,2026-03-09 01:07:09+00:00
U0046,I0100,1,1.0,2026-02-17 13:35:09+00:00
U0046,I0110,1,1.0,2026-02-03 10:17:09+00:00
U0046,I0113,1,1.0,2026-04-22 00:33:09+00:00
U0046,I0119,1,3.0,2026-03-02 12:20:09+00:00
U0047,I0022,2,5.0,2026-04-13 13:16:09+00:00
U0047,I0026,1,4.0,2026-02-01 04:56:09+00:00
U0047,I0036,1,2.0,2026-04-03 05:22:09+00:00
U0047,I0041,2,3.0,2026-03-14 21:41:09+00:00
U0047,I0048,1,2.0,2026-04-08 08:06:09+00:00
U0047,I0051,1,1.0,2026-02-21 00:57:09+00:00
U0047,I0060,1,1.0,2026-02-13 15:58:09+00:00
U0047,I0067,1,5.0,2026-04-14 09:34:09+00:00
U0047,I0074,1,1.0,2026-03-09 21:25:09+00:00
U0047,I0090,1,4.0,2026-02-09 23:17:09+00:00
U0047,I0099,1,5.0,2026-02-20 21:49:09+00:00
U0047,I0112,1,1.0,2026-04-15 21:09:09+00:00
U0048,I0013,1,5.0,2026-03-28 07:38:09+00:00
U0048,I0014,2,5.0,2026-04-29 22:40:09+00:00
U0048,I0032,2,3.0,2026-04-13 14:35:09+00:00
U0048,I0039,2,3.0,2026-04-17 04:50:09+00:00
U0048,I0049,1,1.0,2026-04-12 08:49:09+00:00
U0048,I0056,1,2.0,2026-03-20 06:16:09+00:00
U0048,I0057,1,3.0,2026-02-28 20:31:09+00:00
U0048,I0070,1,1.0,2026-04-12 12:31:09+00:00
U0048,I0077,1,3.0,2026-01-31 21:34:09+00:00
U0048,I0087,1,1.0,2026-04-11 06:32:09+00:00
U0048,I0101,1,1.0,2026-02-15 00:25:09+00:00
U0048,I0104,1,4.0,2026-02-01 17:18:09+00:00
U0048,I0116,1,4.0,2026-04-05 15:10:09+00:00
U0048,I0117,1,3.0,2026-02-01 15:17:09+00:00
U0049,I0043,1,1.0,2026-02-06 14:30:09+00:00
U0049,I0044,1,1.0,2026-02-13 14:42:09+00:00
U0049,I0058,1,1.0,2026-04-03 20:09:09+00:00
U0049,I0065,1,1.0,2026-02-14 11:11:09+00:00
U0049,I0073,1,1.0,2026-03-18 17:56:09+00:00
U0049,I0074,1,1.0,2026-03-25 07:02:09+00:00
U0049,I0100,1,5.0,2026-04-26 04:16:09+00:00
U0049,I0101,1,1.0,2026-04-04 01:34:09+00:00
U0049,I0102,1,1.0,2026-03-24 02:08:09+00:00
U0049,I0120,1,1.0,2026-04-07 11:16:09+00:00
U0050,I0007,1,1.0,2026-02-26 00:26:09+00:00
U0050,I0040,1,1.0,2026-03-20 05:13:09+00:00
U0050,I0046,1,4.0,2026-03-15 02:56:09+00:00
U0050,I0055,1,1.0,2026-04-04 15:36:09+00:00
U0050,I0056,1,3.0,2026-02-26 14:50:09+00:00
U0050,I0068,1,1.0,2026-04-23 23:55:09+00:00
U0050,I0069,1,4.0,2026-04-22 10:10:09+00:00
U0050,I0084,2,5.0,2026-04-28 15:04:09+00:00
U0050,I0086,1,3.0,2026-04-21 02:20:09+00:00
U0050,I0098,1,3.0,2026-03-05 17:19:09+00:00
U0050,I0101,1,3.0,2026-02-20 14:23:09+00:00
U0051,I0013,1,3.0,2026-04-03 06:56:09+00:00
U0051,I0014,1,3.0,2026-03-04 14:40:09+00:00
U0051,I0018,1,1.0,2026-04-27 04:56:09+00:00
U0051,I0032,1,1.0,2026-04-19 19:06:09+00:00
U0051,I0043,3,5.0,2026-04-16 21:20:09+00:00
U0051,I0052,1,1.0,2026-04-10 00:46:09+00:00
U0051,I0063,1,3.0,2026-02-06 05:19:09+00:00
U0051,I0072,1,1.0,2026-02-22 14:14:09+00:00
U0051,I0073,1,1.0,2026-02-13 01:43:09+00:00
U0051,I0081,1,3.0,2026-04-03 01:09:09+00:00
U0051,I0085,1,1.0,2026-02-06 11:05:09+00:00
U0051,I0087,1,1.0,2026-03-30 04:13:09+00:00
U0051,I0120,1,4.0,2026-04-14 15:08:09+00:00
U0052,I0001,1,1.0,2026-03-18 15:55:09+00:00
U0052,I0005,2,3.0,2026-03-15 22:16:09+00:00
U0052,I0009,1,5.0,2026-03-21 01:11:09+00:00
U0052,I0026,2,5.0,2026-04-13 21:47:09+00:00
U0052,I0031,1,1.0,2026-03-25 16:56:09+00:00
U0052,I0042,1,1.0,2026-03-02 03:58:09+00:00
U0052,I0044,2,5.0,2026-04-18 14:33:09+00:00
U0052,I0047,2,3.0,2026-03-31 06:09:09+00:00
U0052,I0058,1,5.0,2026-03-16 00:29:09+00:00
U0052,I0070,1,5.0,2026-02-01 02:32:09+00:00
U0052,I0076,1,5.0,2026-02-20 05:02:09+00:00
U0052,I0077,1,3.0,2026-03-22 09:46:09+00:00
U0052,I0078,1,5.0,2026-02-23 16:40:09+00:00
U0052,I0079,2,3.0,2026-04-28 10:32:09+00:00
U0052,I0081,2,3.0,2026-02-26 04:11:09+00:00
U0052,I0082,1,3.0,2026-03-11 06:02:09+00:00
U0052,I0096,2,5.0,2026-04-24 12:46:09+00:00
U0052,I0110,1,1.0,2026-03-28 00:16:09+00:00
U0053,I0006,1,1.0,2026-02-26 18:45:09+00:00
U0053,I0010,1,1.0,2026-04-12 01:42:09+00:00
U0053,I0013,1,5.0,2026-03-31 04:54:09+00:00
U0053,I0022,1,1.0,2026-04-09 20:12:09+00:00
U0053,I0043,1,3.0,2026-02-04 03:02:09+00:00
U0053,I0069,1,1.0,2026-03-29 08:26:09+00:00
U0053,I0073,2,3.0,2026-04-16 21:30:09+00:00
U0053,I0084,1,5.0,2026-03-15 05:16:09+00:00
U0053,I0085,1,1.0,2026-04-09 14:49:09+00:00
U0053,I0101,1,1.0,2026-04-22 05:02:09+00:00
U0053,I0102,2,4.0,2026-04-17 19:18:09+00:00
U0053,I0104,1,4.0,2026-04-01 10:10:09+00:00
U0053,I0116,2,3.0,2026-04-28 13:00:09+00:00
U0054,I0003,1,3.0,2026-03-22 07:55:09+00:00
U0054,I0005,1,1.0,2026-02-21 10:05:09+00:00
U0054,I0016,1,1.0,2026-04-08 20:33:09+00:00
U0054,I0024,1,1.0,2026-03-14 17:27:09+00:00
U0054,I0025,1,1.0,2026-04-15 03:14:09+00:00
U0054,I0026,1,3.0,2026-03-02 10:53:09+00:00
U0054,I0029,1,5.0,2026-04-22 14:23:09+00:00
U0054,I0058,1,1.0,2026-04-19 05:37:09+00:00
U0054,I0070,1,3.0,2026-04-20 05:12:09+00:00
U0054,I0079,1,5.0,2026-04-09 13:30:09+00:00
U0054,I0082,1,4.0,2026-03-21 16:34:09+00:00
U0054,I0094,1,5.0,2026-03-08 00:52:09+00:00
U0054,I0096,1,1.0,2026-04-24 22:40:09+00:00
U0054,I0109,1,1.0,2026-03-25 19:34:09+00:00
U0054,I0112,1,5.0,2026-02-21 08:32:09+00:00
U0055,I0002,1,1.0,2026-03-27 06:36:09+00:00
U0055,I0017,1,5.0,2026-02-22 00:28:09+00:00
U0055,I0019,2,5.0,2026-04-07 23:13:09+00:00
U0055,I0021,1,4.0,2026-04-29 20:59:09+00:00
U0055,I0025,1,1.0,2026-03-01 08:07:09+00:00
U0055,I0028,1,1.0,2026-03-23 13:04:09+00:00
U0055,I0039,1,1.0,2026-02-07 08:33:09+00:00
U0055,I0045,1,1.0,2026-02-03 08:52:09+00:00
U0055,I0057,2,1.0,2026-03-26 21:46:09+00:00
U0055,I0062,1,3.0,2026-02-28 22:56:09+00:00
U0055,I0088,1,5.0,2026-04-03 22:25:09+00:00
U0055,I0091,2,1.0,2026-03-22 05:33:09+00:00
U0055,I0103,1,5.0,2026-04-11 04:07:09+00:00
U0055,I0115,1,1.0,2026-02-20 01:43:09+00:00
U0056,I0011,3,5.0,2026-03-28 16:06:09+00:00
U0056,I0012,1,3.0,2026-04-15 23:17:09+00:00
U0056,I0075,1,1.0,2026-04-15 21:19:09+00:00
U0056,I0090,1,5.0,2026-03-10 16:29:09+00:00
U0056,I0094,1,1.0,2026-02-01 11:48:09+00:00
U0056,I0095,1,1.0,2026-03-14 20:03:09+00:00
U0056,I0106,1,5.0,2026-04-07 11:28:09+00:00
U0056,I0116,1,1.0,2026-02-22 22:18:09+00:00
U0056,I0120,1,4.0,2026-04-09 23:34:09+00:00
U0057,I0001,1,1.0,2026-04-24 12:47:09+00:00
U0057,I0008,1,1.0,2026-02-16 17:00:09+00:00
U0057,I0011,1,3.0,2026-03-30 13:42:09+00:00
U0057,I0012,2,5.0,2026-04-25 04:41:09+00:00
U0057,I0024,3,1.0,2026-04-22 10:24:09+00:00
U0057,I0028,1,1.0,2026-04-30 04:43:09+00:00
U0057,I0029,1,5.0,2026-02-21 23:20:09+00:00
U0057,I0037,1,1.0,2026-02-28 06:59:09+00:00
U0057,I0064,4,5.0,2026-03-25 21:02:09+00:00
U0057,I0065,1,5.0,2026-02-10 12:20:09+00:00
U0057,I0071,1,1.0,2026-02-08 15:18:09+00:00
U0057,I0079,1,3.0,2026-03-07 22:19:09+00:00
U0057,I0086,1,1.0,2026-03-04 03:04:09+00:00
U0057,I0089,1,1.0,2026-03-07 10:39:09+00:00
U0057,I0090,1,1.0,2026-03-05 16:17:09+00:00
U0057,I0092,1,1.0,2026-03-17 03:57:09+00:00
U0057,I0100,1,1.0,2026-02-10 05:21:09+00:00
U0057,I0106,2,3.0,2026-03-27 15:59:09+00:00
U0057,I0110,1,5.0,2026-02-11 03:26:09+00:00
U0058,I0008,2,3.0,2026-04-06 01:05:09+00:00
U0058,I0012,1,5.0,2026-04-20 21:57:09+00:00
U0058,I0020,1,1.0,2026-02-20 11:58:09+00:00
U0058,I0021,1,3.0,2026-03-20 20:21:09+00:00
U0058,I0027,2,5.0,2026-04-16 15:02:09+00:00
U0058,I0031,1,5.0,2026-03-14 11:23:09+00:00
U0058,I0037,2,1.0,2026-03-30 17:47:09+00:00
U0058,I0059,1,1.0,2026-04-06 04:28:09+00:00
U0058,I0064,1,1.0,2026-02-20 17:07:09+00:00
U0058,I0066,1,5.0,2026-04-02 10:22:09+00:00
U0058,I0082,2,1.0,2026-04-02 17:19:09+00:00
U0058,I0083,1,1.0,2026-02-14 11:17:09+00:00
U0058,I0088,1,1.0,2026-04-26 18:48:09+00:00
U0058,I0089,1,5.0,2026-03-17 17:34:09+00:00
U0058,I0106,1,1.0,2026-04-10 02:38:09+00:00
U0058,I0110,2,5.0,2026-04-27 01:02:09+00:00
U0059,I0002,2,1.0,2026-03-14 20:34:09+00:00
U0059,I0017,1,1.0,2026-02-04 06:47:09+00:00
U0059,I0021,1,1.0,2026-02-12 09:57:09+00:00
U0059,I0057,2,5.0,2026-04-10 15:23:09+00:00
U0059,I0062,1,1.0,2026-04-04 07:49:09+00:00
U0059,I0068,1,1.0,2026-03-29 16:29:09+00:00
U0059,I0071,1,1.0,2026-02-22 11:10:09+00:00
U0059,I0092,1,5.0,2026-03-22 17:32:09+00:00
U0059,I0098,1,1.0,2026-04-08 03:33:09+00:00
U0059,I0103,1,1.0,2026-03-04 03:48:09+00:00
U0059,I0115,1,4.0,2026-02-03 07:49:09+00:00
U0060,I0002,1,3.0,2026-02-26 12:16:09+00:00
U0060,I0005,1,1.0,2026-02-11 04:28:09+00:00
U0060,I0008,1,3.0,2026-04-11 05:40:09+00:00
U0060,I0031,1,5.0,2026-02-19 06:27:09+00:00
U0060,I0050,1,1.0,2026-03-18 21:20:09+00:00
U0060,I0052,1,1.0,2026-04-30 09:45:09+00:00
U0060,I0056,1,1.0,2026-04-12 06:47:09+00:00
U0060,I0058,1,3.0,2026-03-21 16:17:09+00:00
U0060,I0077,1,4.0,2026-03-05 09:41:09+00:00
U0060,I0091,4,5.0,2026-04-13 15:09:09+00:00
U0060,I0092,1,1.0,2026-02-20 23:30:09+00:00
U0060,I0096,1,3.0,2026-03-15 21:24:09+00:00
U0060,I0103,1,1.0,2026-04-19 23:06:09+00:00
U0060,I0119,2,5.0,2026-04-23 19:31:09+00:00
U0061,I0001,2,4.0,2026-02-19 04:47:09+00:00
U0061,I0005,1,1.0,2026-04-08 08:46:09+00:00
U0061,I0014,1,5.0,2026-02-20 18:51:09+00:00
U0061,I0020,1,1.0,2026-04-21 12:22:09+00:00
U0061,I0044,1,1.0,2026-03-20 22:25:09+00:00
U0061,I0058,1,5.0,2026-04-20 21:55:09+00:00
U0061,I0081,2,5.0,2026-04-15 06:49:09+00:00
U0061,I0082,1,1.0,2026-03-01 06:53:09+00:00
U0061,I0090,1,1.0,2026-03-18 18:36:09+00:00
U0061,I0105,1,4.0,2026-04-09 14:51:09+00:00
U0062,I0006,1,5.0,2026-02-07 01:16:09+00:00
U0062,I0013,1,5.0,2026-03-06 07:32:09+00:00
U0062,I0014,1,1.0,2026-03-13 11:05:09+00:00
U0062,I0015,1,1.0,2026-04-02 01:13:09+00:00
U0062,I0016,1,5.0,2026-03-15 15:58:09+00:00
U0062,I0025,1,3.0,2026-02-22 00:07:09+00:00
U0062,I0037,1,5.0,2026-04-09 05:32:09+00:00
U0062,I0072,1,3.0,2026-02-23 13:54:09+00:00
U0062,I0074,1,5.0,2026-02-27 10:02:09+00:00
U0062,I0078,1,1.0,2026-04-18 18:15:09+00:00
U0062,I0104,2,3.0,2026-04-08 15:58:09+00:00
U0062,I0116,1,1.0,2026-04-16 11:59:09+00:00
U0063,I0001,1,5.0,2026-03-24 02:03:09+00:00
U0063,I0003,2,5.0,2026-02-06 00:13:09+00:00
U0063,I0005,1,1.0,2026-02-27 00:50:09+00:00
U0063,I0009,1,5.0,2026-04-12 07:16:09+00:00
U0063,I0016,1,5.0,2026-03-10 20:48:09+00:00
U0063,I0019,1,5.0,2026-02-14 21:13:09+00:00
U0063,I0042,1,1.0,2026-04-08 16:15:09+00:00
U0063,I0047,1,1.0,2026-04-17 03:37:09+00:00
U0063,I0058,1,1.0,2026-02-19 06:39:09+00:00
U0063,I0077,1,5.0,2026-02-20 16:06:09+00:00
U0063,I0118,1,1.0,2026-03-03 22:05:09+00:00
U0064,I0004,1,1.0,2026-02-08 03:24:09+00:00
U0064,I0016,1,1.0,2026-04-12 18:06:09+00:00
U0064,I0018,1,1.0,2026-02-21 09:57:09+00:00
U0064,I0019,1,1.0,2026-02-20 00:07:09+00:00
U0064,I0021,1,1.0,2026-03-05 06:44:09+00:00
U0064,I0045,1,5.0,2026-04-15 16:04:09+00:00
U0064,I0050,1,1.0,2026-03-04 07:53:09+00:00
U0064,I0088,1,1.0,2026-03-27 17:57:09+00:00
U0065,I0020,1,1.0,2026-03-12 00:03:09+00:00
U0065,I0034,1,1.0,2026-02-01 00:41:09+00:00
U0065,I0041,1,1.0,2026-04-13 08:07:09+00:00
U0065,I0060,1,1.0,2026-03-12 19:37:09+00:00
U0065,I0097,1,1.0,2026-03-24 15:17:09+00:00
U0065,I0114,2,1.0,2026-03-02 15:10:09+00:00
U0066,I0023,1,5.0,2026-04-09 12:25:09+00:00
U0066,I0024,1,5.0,2026-03-16 18:43:09+00:00
U0066,I0034,2,5.0,2026-04-03 01:30:09+00:00
U0066,I0041,3,3.0,2026-04-18 16:45:09+00:00
U0066,I0042,1,1.0,2026-03-23 18:55:09+00:00
U0066,I0051,1,3.0,2026-03-10 17:12:09+00:00
U0066,I0062,1,5.0,2026-04-10 21:29:09+00:00
U0066,I0065,2,5.0,2026-03-29 06:39:09+00:00
U0066,I0067,2,1.0,2026-04-24 15:36:09+00:00
U0066,I0087,1,1.0,2026-03-14 20:14:09+00:00
U0066,I0090,1,1.0,2026-03-27 16:32:09+00:00
U0066,I0093,2,5.0,2026-04-05 12:16:09+00:00
U0066,I0097,1,3.0,2026-04-04 07:45:09+00:00
U0067,I0005,4,5.0,2026-03-06 00:19:09+00:00
U0067,I0009,1,5.0,2026-04-24 06:59:09+00:00
U0067,I0027,1,3.0,2026-02-25 01:16:09+00:00
U0067,I0044,1,1.0,2026-02-21 15:25:09+00:00
U0067,I0047,1,1.0,2026-04-17 21:58:09+00:00
U0067,I0067,1,1.0,2026-04-08 16:02:09+00:00
U0067,I0071,1,1.0,2026-04-15 05:15:09+00:00
U0067,I0077,2,1.0,2026-04-04 11:03:09+00:00
U0067,I0079,1,1.0,2026-03-13 18:35:09+00:00
U0067,I0080,1,1.0,2026-03-03 09:57:09+00:00
U0067,I0102,1,3.0,2026-04-26 18:22:09+00:00
U0067,I0109,2,3.0,2026-04-23 15:42:09+00:00
U0068,I0017,1,1.0,2026-03-27 15:35:09+00:00
U0068,I0021,2,3.0,2026-03-10 12:14:09+00:00
U0068,I0036,1,3.0,2026-03-04 01:36:09+00:00
U0068,I0050,1,1.0,2026-04-08 19:57:09+00:00
U0068,I0053,1,1.0,2026-03-06 20:36:09+00:00
U0068,I0054,1,5.0,2026-04-19 06:12:09+00:00
U0068,I0063,1,4.0,2026-03-31 14:55:09+00:00
U0068,I0066,1,1.0,2026-01-31 23:38:09+00:00
U0068,I0075,1,3.0,2026-04-29 07:12:09+00:00
U0068,I0082,1,1.0,2026-04-08 10:31:09+00:00
U0068,I0088,2,5.0,2026-04-12 02:25:09+00:00
U0068,I0091,2,1.0,2026-04-17 19:33:09+00:00
U0068,I0094,1,1.0,2026-03-25 20:23:09+00:00
U0068,I0103,1,5.0,2026-03-01 08:49:09+00:00
U0068,I0108,3,5.0,2026-04-22 13:15:09+00:00
U0068,I0115,1,1.0,2026-03-01 07:53:09+00:00
U0068,I0117,1,1.0,2026-02-23 09:09:09+00:00
U0068,I0119,1,5.0,2026-04-10 23:23:09+00:00
U0069,I0022,1,1.0,2026-04-11 17:39:09+00:00
U0069,I0034,1,1.0,2026-02-08 02:51:09+00:00
U0069,I0044,1,1.0,2026-03-28 00:39:09+00:00
U0069,I0050,1,3.0,2026-02-16 11:11:09+00:00
U0069,I0051,1,5.0,2026-03-29 02:51:09+00:00
U0069,I0065,2,5.0,2026-04-04 21:23:09+00:00
U0069,I0067,1,1.0,2026-03-12 13:26:09+00:00
U0069,I0077,1,4.0,2026-04-26 21:07:09+00:00
U0069,I0093,1,1.0,2026-04-20 08:54:09+00:00
U0069,I0097,1,3.0,2026-02-24 21:29:09+00:00
U0069,I0114,1,3.0,2026-02-22 10:03:09+00:00
U0069,I0115,1,3.0,2026-02-19 01:49:09+00:00
U0070,I0004,1,1.0,2026-02-28 16:20:09+00:00
U0070,I0017,1,1.0,2026-04-07 12:53:09+00:00
U0070,I0019,1,5.0,2026-04-07 09:40:09+00:00
U0070,I0020,1,4.0,2026-03-24 03:22:09+00:00
U0070,I0044,1,1.0,2026-02-07 20:57:09+00:00
U0070,I0050,1,1.0,2026-02-07 13:41:09+00:00
U0070,I0052,1,1.0,2026-04-18 15:07:09+00:00
U0070,I0054,2,5.0,2026-04-19 16:00:09+00:00
U0070,I0088,3,1.0,2026-03-04 11:51:09+00:00
U0070,I0095,1,1.0,2026-03-27 02:25:09+00:00
U0070,I0100,1,5.0,2026-04-07 06:21:09+00:00
U0070,I0115,1,5.0,2026-03-25 01:30:09+00:00
U0070,I0119,2,5.0,2026-03-02 14:10:09+00:00
U0071,I0023,1,1.0,2026-02-21 20:03:09+00:00
U0071,I0030,1,1.0,2026-04-02 15:59:09+00:00
U0071,I0034,1,2.0,2026-03-17 01:52:09+00:00
U0071,I0041,2,5.0,2026-04-24 16:21:09+00:00
U0071,I0051,1,1.0,2026-03-28 13:00:09+00:00
U0071,I0058,1,3.0,2026-03-15 15:32:09+00:00
U0071,I0060,1,3.0,2026-04-14 12:56:09+00:00
U0071,I0065,1,1.0,2026-04-08 14:36:09+00:00
U0071,I0067,2,3.0,2026-04-15 09:41:09+00:00
U0071,I0071,1,3.0,2026-02-06 11:16:09+00:00
U0071,I0080,1,1.0,2026-02-11 03:01:09+00:00
U0071,I0093,1,1.0,2026-03-19 05:24:09+00:00
U0071,I0099,2,1.0,2026-04-14 02:28:09+00:00
U0072,I0005,1,5.0,2026-03-16 09:17:09+00:00
U0072,I0012,1,1.0,2026-03-01 08:39:09+00:00
U0072,I0026,1,1.0,2026-03-14 13:07:09+00:00
U0072,I0033,1,1.0,2026-02-14 03:02:09+00:00
U0072,I0040,1,1.0,2026-02-07 22:31:09+00:00
U0072,I0053,1,1.0,2026-04-16 07:17:09+00:00
U0072,I0056,1,1.0,2026-04-08 10:28:09+00:00
U0072,I0059,1,1.0,2026-02-19 02:23:09+00:00
U0072,I0076,1,1.0,2026-03-26 08:09:09+00:00
U0072,I0077,1,1.0,2026-04-29 21:30:09+00:00
U0072,I0084,1,1.0,2026-04-20 00:25:09+00:00
U0072,I0105,1,3.0,2026-03-15 23:54:09+00:00
U0072,I0115,1,5.0,2026-03-15 11:58:09+00:00
U0072,I0118,1,2.0,2026-04-02 02:19:09+00:00
U0073,I0008,2,3.0,2026-04-15 02:55:09+00:00
U0073,I0011,1,1.0,2026-03-17 01:19:09+00:00
U0073,I0017,1,3.0,2026-03-05 07:19:09+00:00
U0073,I0024,2,5.0,2026-04-08 14:37:09+00:00
U0073,I0027,1,3.0,2026-02-06 06:02:09+00:00
U0073,I0028,1,5.0,2026-04-12 16:33:09+00:00
U0073,I0037,1,1.0,2026-04-20 02:59:09+00:00
U0073,I0083,1,5.0,2026-04-20 00:47:09+00:00
U0073,I0088,1,5.0,2026-02-10 13:01:09+00:00
U0073,I0106,1,1.0,2026-04-02 21:23:09+00:00
U0073,I0110,1,1.0,2026-04-04 00:13:09+00:00
U0073,I0115,1,1.0,2026-04-14 00:10:09+00:00
U0074,I0022,1,1.0,2026-02-14 23:05:09+00:00
U0074,I0023,1,1.0,2026-02-27 17:39:09+00:00
U0074,I0026,1,3.0,2026-03-13 20:27:09+00:00
U0074,I0030,1,5.0,2026-03-18 19:30:09+00:00
U0074,I0060,1,1.0,2026-04-28 08:15:09+00:00
U0074,I0065,1,1.0,2026-03-30 03:35:09+00:00
U0074,I0073,1,5.0,2026-02-22 07:24:09+00:00
U0074,I0092,1,3.0,2026-04-16 04:31:09+00:00
U0074,I0112,2,1.0,2026-03-21 12:26:09+00:00
U0074,I0120,1,3.0,2026-04-15 17:33:09+00:00
U0075,I0004,1,1.0,2026-02-05 07:37:09+00:00
U0075,I0007,1,1.0,2026-03-24 16:15:09+00:00
U0075,I0020,1,1.0,2026-04-04 13:19:09+00:00
U0075,I0025,2,5.0,2026-03-16 16:39:09+00:00
U0075,I0033,1,1.0,2026-03-21 02:16:09+00:00
U0075,I0047,1,3.0,2026-02-15 04:37:09+00:00
U0075,I0050,1,1.0,2026-03-20 10:47:09+00:00
U0075,I0052,1,3.0,2026-02-17 10:52:09+00:00
U0075,I0054,1,1.0,2026-03-05 18:09:09+00:00
U0075,I0057,1,1.0,2026-04-21 16:02:09+00:00
U0075,I0058,1,3.0,2026-02-08 22:23:09+00:00
U0075,I0068,1,1.0,2026-04-26 12:22:09+00:00
U0075,I0078,1,1.0,2026-04-20 19:32:09+00:00
U0075,I0108,1,1.0,2026-04-01 15:37:09+00:00
U0076,I0019,1,5.0,2026-04-05 15:23:09+00:00
U0076,I0025,1,1.0,2026-04-30 00:00:09+00:00
U0076,I0045,2,5.0,2026-04-03 20:24:09+00:00
U0076,I0047,1,1.0,2026-03-05 05:22:09+00:00
U0076,I0057,1,4.0,2026-04-15 10:22:09+00:00
U0076,I0062,1,3.0,2026-03-07 14:44:09+00:00
U0076,I0063,1,5.0,2026-04-01 10:59:09+00:00
U0076,I0082,1,3.0,2026-04-29 12:42:09+00:00
U0076,I0088,1,1.0,2026-04-18 01:38:09+00:00
U0076,I0092,4,5.0,2026-04-22 06:14:09+00:00
U0076,I0098,1,3.0,2026-04-15 12:01:09+00:00
U0076,I0106,2,3.0,2026-03-22 09:03:09+00:00
U0076,I0108,2,4.0,2026-02-07 11:38:09+00:00
U0076,I0109,1,2.0,2026-04-26 18:38:09+00:00
U0077,I0001,2,3.0,2026-03-23 21:17:09+00:00
U0077,I0003,1,1.0,2026-04-25 22:55:09+00:00
U0077,I0018,1,4.0,2026-04-11 05:08:09+00:00
U0077,I0026,1,1.0,2026-04-19 03:40:09+00:00
U0077,I0029,1,1.0,2026-03-16 07:38:09+00:00
U0077,I0039,1,1.0,2026-04-08 22:24:09+00:00
U0077,I0042,1,1.0,2026-03-30 19:04:09+00:00
U0077,I0051,1,1.0,2026-02-06 01:58:09+00:00
U0077,I0063,1,3.0,2026-04-22 11:54:09+00:00
U0077,I0077,1,1.0,2026-04-18 08:54:09+00:00
U0077,I0082,1,1.0,2026-02-14 22:28:09+00:00
U0077,I0093,1,4.0,2026-02-01 10:23:09+00:00
U0077,I0111,1,1.0,2026-04-24 22:54:09+00:00
U0077,I0112,1,5.0,2026-03-08 06:09:09+00:00
U0078,I0001,1,1.0,2026-04-24 02:21:09+00:00
U0078,I0003,1,5.0,2026-04-14 18:41:09+00:00
U0078,I0009,1,3.0,2026-03-26 09:55:09+00:00
U0078,I0038,1,3.0,2026-02-10 03:36:09+00:00
U0078,I0044,1,4.0,2026-02-05 14:38:09+00:00
U0078,I0047,1,3.0,2026-04-19 14:01:09+00:00
U0078,I0048,1,1.0,2026-03-28 02:15:09+00:00
U0078,I0050,1,1.0,2026-02-14 18:28:09+00:00
U0078,I0054,1,5.0,2026-04-03 17:00:09+00:00
U0078,I0070,1,5.0,2026-04-21 04:17:09+00:00
U0078,I0080,1,4.0,2026-02-28 03:11:09+00:00
U0078,I0081,1,1.0,2026-02-08 16:16:09+00:00
U0078,I0086,1,5.0,2026-02-02 19:58:09+00:00
U0078,I0096,1,1.0,2026-04-27 02:56:09+00:00
U0078,I0101,1,1.0,2026-04-24 13:27:09+00:00
U0078,I0109,1,3.0,2026-04-27 13:11:09+00:00
U0079,I0016,1,3.0,2026-04-25 01:18:09+00:00
U0079,I0018,1,1.0,2026-02-23 19:55:09+00:00
U0079,I0031,3,4.0,2026-04-15 08:14:09+00:00
U0079,I0040,1,1.0,2026-03-10 16:28:09+00:00
U0079,I0046,1,1.0,2026-04-30 04:43:09+00:00
U0079,I0049,2,5.0,2026-03-19 16:20:09+00:00
U0079,I0053,1,1.0,2026-04-17 02:27:09+00:00
U0079,I0054,1,1.0,2026-02-01 15:26:09+00:00
U0079,I0065,1,3.0,2026-03-01 00:58:09+00:00
U0079,I0069,2,5.0,2026-04-22 21:07:09+00:00
U0079,I0078,1,1.0,2026-04-11 22:54:09+00:00
U0079,I0086,1,1.0,2026-02-25 05:41:09+00:00
U0079,I0098,1,1.0,2026-04-16 02:09:09+00:00
U0080,I0017,1,1.0,2026-02-04 20:44:09+00:00
U0080,I0023,1,3.0,2026-02-23 08:51:09+00:00
U0080,I0034,1,1.0,2026-03-05 12:40:09+00:00
U0080,I0045,1,1.0,2026-03-06 16:28:09+00:00
U0080,I0051,1,1.0,2026-02-03 01:26:09+00:00
U0080,I0055,1,1.0,2026-03-17 22:14:09+00:00
U0080,I0058,1,1.0,2026-03-12 15:42:09+00:00
U0080,I0060,1,3.0,2026-04-28 06:02:09+00:00
U0080,I0065,2,5.0,2026-04-03 20:33:09+00:00
U0080,I0078,1,1.0,2026-04-11 20:46:09+00:00
U0080,I0088,1,1.0,2026-04-28 18:19:09+00:00
U0080,I0093,1,5.0,2026-04-02 02:18:09+00:00
U0080,I0099,1,5.0,2026-04-20 14:31:09+00:00
U0080,I0119,1,1.0,2026-02-12 17:50:09+00:00
U0081,I0002,1,1.0,2026-04-24 09:03:09+00:00
U0081,I0006,2,3.0,2026-03-11 10:22:09+00:00
U0081,I0012,1,3.0,2026-03-25 23:40:09+00:00
U0081,I0039,1,1.0,2026-03-02 03:47:09+00:00
U0081,I0046,1,5.0,2026-03-14 02:40:09+00:00
U0081,I0069,1,1.0,2026-04-19 05:24:09+00:00
U0081,I0072,1,5.0,2026-04-07 11:47:09+00:00
U0081,I0073,1,1.0,2026-04-05 12:07:09+00:00
U0081,I0085,1,5.0,2026-04-03 05:50:09+00:00
U0081,I0098,1,1.0,2026-04-12 01:52:09+00:00
U0081,I0104,1,5.0,2026-03-25 19:57:09+00:00
U0081,I0107,1,2.0,2026-02-28 14:59:09+00:00
U0081,I0112,2,1.0,2026-04-18 01:04:09+00:00
U0081,I0117,1,5.0,2026-03-13 09:39:09+00:00
U0081,I0120,1,1.0,2026-02-04 16:50:09+00:00
U0082,I0009,1,1.0,2026-03-16 20:46:09+00:00
U0082,I0018,1,1.0,2026-03-12 08:47:09+00:00
U0082,I0031,1,1.0,2026-03-07 12:04:09+00:00
U0082,I0033,1,5.0,2026-03-13 05:29:09+00:00
U0082,I0046,1,4.0,2026-03-02 18:16:09+00:00
U0082,I0049,1,5.0,2026-02-22 03:06:09+00:00
U0082,I0054,1,4.0,2026-02-14 13:28:09+00:00
U0082,I0065,1,1.0,2026-04-08 10:32:09+00:00
U0082,I0066,2,3.0,2026-04-28 00:17:09+00:00
U0082,I0086,1,3.0,2026-02-15 04:03:09+00:00
U0082,I0088,1,3.0,2026-02-04 20:07:09+00:00
U0082,I0096,1,1.0,2026-02-06 15:17:09+00:00
U0082,I0110,1,4.0,2026-04-07 00:42:09+00:00
U0082,I0111,1,1.0,2026-02-17 12:07:09+00:00
U0082,I0117,1,4.0,2026-04-06 15:35:09+00:00
U0083,I0009,1,1.0,2026-03-20 10:29:09+00:00
U0083,I0016,1,3.0,2026-01-30 23:06:09+00:00
U0083,I0029,1,1.0,2026-02-07 20:58:09+00:00
U0083,I0044,1,1.0,2026-02-19 04:21:09+00:00
U0083,I0070,1,3.0,2026-04-04 09:39:09+00:00
U0083,I0077,1,1.0,2026-03-27 04:47:09+00:00
U0083,I0081,1,3.0,2026-03-26 13:47:09+00:00
U0083,I0096,1,3.0,2026-03-14 05:42:09+00:00
U0083,I0107,1,3.0,2026-02-26 02:12:09+00:00
U0083,I0109,1,1.0,2026-04-08 06:22:09+00:00
U0084,I0015,1,1.0,2026-04-29 20:43:09+00:00
U0084,I0047,1,5.0,2026-03-05 09:19:09+00:00
U0084,I0074,1,3.0,2026-04-01 21:15:09+00:00
U0084,I0101,1,1.0,2026-04-21 21:09:09+00:00
U0084,I0102,2,1.0,2026-04-28 11:21:09+00:00
U0084,I0104,1,5.0,2026-02-18 09:50:09+00:00
U0084,I0111,1,5.0,2026-03-13 09:06:09+00:00
U0084,I0116,2,5.0,2026-02-19 07:00:09+00:00
U0085,I0004,1,1.0,2026-03-25 02:52:09+00:00
U0085,I0017,2,2.0,2026-03-24 06:32:09+00:00
U0085,I0019,1,4.0,2026-03-03 22:10:09+00:00
U0085,I0021,2,5.0,2026-03-25 02:37:09+00:00
U0085,I0026,1,1.0,2026-03-12 03:28:09+00:00
U0085,I0054,1,3.0,2026-04-15 03:54:09+00:00
U0085,I0057,2,5.0,2026-03-21 08:57:09+00:00
U0085,I0078,1,4.0,2026-03-26 21:01:09+00:00
U0085,I0083,1,5.0,2026-02-14 01:03:09+00:00
U0085,I0084,1,5.0,2026-04-18 18:05:09+00:00
U0085,I0088,1,5.0,2026-04-14 19:16:09+00:00
U0086,I0010,1,4.0,2026-04-15 01:36:09+00:00
U0086,I0013,1,1.0,2026-04-13 06:48:09+00:00
U0086,I0080,1,1.0,2026-03-24 23:56:09+00:00
U0086,I0081,1,5.0,2026-03-18 12:18:09+00:00
U0086,I0082,1,3.0,2026-04-20 10:15:09+00:00
U0087,I0007,1,5.0,2026-04-14 22:05:09+00:00
U0087,I0031,1,3.0,2026-02-25 00:55:09+00:00
U0087,I0035,1,1.0,2026-03-06 14:38:09+00:00
U0087,I0037,1,1.0,2026-04-21 15:04:09+00:00
U0087,I0046,1,3.0,2026-02-19 09:26:09+00:00
U0087,I0048,1,1.0,2026-02-08 10:24:09+00:00
U0087,I0049,1,1.0,2026-03-20 10:22:09+00:00
U0087,I0056,1,1.0,2026-02-07 08:22:09+00:00
U0087,I0059,1,1.0,2026-04-10 10:38:09+00:00
U0087,I0074,1,5.0,2026-02-26 23:37:09+00:00
U0087,I0086,1,1.0,2026-04-08 09:49:09+00:00
U0087,I0105,1,1.0,2026-04-18 18:51:09+00:00
U0087,I0110,1,5.0,2026-04-04 21:53:09+00:00
U0088,I0017,1,1.0,2026-03-21 21:02:09+00:00
U0088,I0019,1,1.0,2026-04-21 18:29:09+00:00
U0088,I0021,1,1.0,2026-03-27 18:16:09+00:00
U0088,I0057,1,3.0,2026-04-02 04:11:09+00:00
U0088,I0063,1,1.0,2026-03-25 03:27:09+00:00
U0088,I0086,1,1.0,2026-04-29 20:18:09+00:00
U0088,I0103,1,1.0,2026-03-24 15:03:09+00:00
U0088,I0104,1,1.0,2026-04-29 14:36:09+00:00
U0088,I0108,1,1.0,2026-04-02 14:47:09+00:00
U0089,I0022,2,5.0,2026-04-03 16:10:09+00:00
U0089,I0030,1,3.0,2026-02-09 17:59:09+00:00
U0089,I0036,1,1.0,2026-04-06 00:47:09+00:00
U0089,I0041,1,1.0,2026-03-18 06:49:09+00:00
U0089,I0054,1,1.0,2026-02-10 19:06:09+00:00
U0089,I0067,2,2.0,2026-03-16 05:33:09+00:00
U0089,I0079,1,1.0,2026-04-25 01:02:09+00:00
U0089,I0085,1,1.0,2026-03-11 03:32:09+00:00
U0089,I0087,1,1.0,2026-02-06 14:17:09+00:00
U0089,I0088,1,3.0,2026-03-06 14:50:09+00:00
U0089,I0090,1,1.0,2026-04-23 12:04:09+00:00
U0089,I0093,2,1.0,2026-03-23 21:56:09+00:00
U0089,I0097,3,3.0,2026-04-04 00:54:09+00:00
U0089,I0099,1,5.0,2026-04-07 16:53:09+00:00
U0089,I0112,1,1.0,2026-03-17 03:48:09+00:00
U0090,I0001,1,1.0,2026-04-12 12:54:09+00:00
U0090,I0003,2,5.0,2026-03-31 19:50:09+00:00
U0090,I0009,1,3.0,2026-04-20 13:53:09+00:00
U0090,I0010,1,5.0,2026-02-25 23:28:09+00:00
U0090,I0016,1,1.0,2026-04-03 23:15:09+00:00
U0090,I0029,1,3.0,2026-03-01 19:47:09+00:00
U0090,I0038,3,5.0,2026-04-21 07:53:09+00:00
U0090,I0041,1,3.0,2026-02-01 17:41:09+00:00
U0090,I0042,2,1.0,2026-03-23 18:56:09+00:00
U0090,I0044,1,1.0,2026-04-08 10:38:09+00:00
U0090,I0047,1,3.0,2026-03-23 00:44:09+00:00
U0090,I0058,1,1.0,2026-03-15 11:41:09+00:00
U0090,I0060,1,1.0,2026-04-26 06:20:09+00:00
U0090,I0067,1,1.0,2026-04-24 23:58:09+00:00
U0090,I0081,1,4.0,2026-04-26 23:41:09+00:00
U0090,I0082,2,5.0,2026-03-15 10:06:09+00:00
U0090,I0090,1,1.0,2026-04-27 02:00:09+00:00
U0090,I0109,1,1.0,2026-02-04 16:48:09+00:00
U0091,I0003,1,3.0,2026-03-04 19:01:09+00:00
U0091,I0006,1,1.0,2026-02-24 08:38:09+00:00
U0091,I0009,1,3.0,2026-02-05 10:18:09+00:00
U0091,I0017,1,3.0,2026-04-11 04:58:09+00:00
U0091,I0029,1,5.0,2026-04-23 09:27:09+00:00
U0091,I0038,1,1.0,2026-03-07 21:29:09+00:00
U0091,I0050,1,5.0,2026-01-31 19:12:09+00:00
U0091,I0055,1,1.0,2026-04-15 17:27:09+00:00
U0091,I0066,1,4.0,2026-04-04 01:30:09+00:00
U0091,I0070,2,1.0,2026-04-18 19:16:09+00:00
U0091,I0071,1,5.0,2026-03-27 10:06:09+00:00
U0091,I0096,1,1.0,2026-04-24 12:38:09+00:00
U0091,I0104,1,3.0,2026-02-24 04:41:09+00:00
U0092,I0003,1,5.0,2026-04-19 21:49:09+00:00
U0092,I0006,1,1.0,2026-02-04 03:31:09+00:00
U0092,I0022,1,1.0,2026-02-24 05:39:09+00:00
U0092,I0027,1,3.0,2026-04-30 01:18:09+00:00
U0092,I0042,1,1.0,2026-02-20 07:59:09+00:00
U0092,I0047,1,5.0,2026-02-13 20:25:09+00:00
U0092,I0070,1,1.0,2026-02-26 13:36:09+00:00
U0092,I0079,1,1.0,2026-03-06 02:08:09+00:00
U0092,I0090,1,1.0,2026-03-04 20:51:09+00:00
U0092,I0096,1,1.0,2026-02-04 10:02:09+00:00
U0093,I0010,1,1.0,2026-04-07 21:55:09+00:00
U0093,I0026,2,5.0,2026-03-09 14:41:09+00:00
U0093,I0029,1,5.0,2026-02-24 06:14:09+00:00
U0093,I0044,2,5.0,2026-02-15 00:33:09+00:00
U0093,I0052,1,4.0,2026-03-27 22:52:09+00:00
U0093,I0070,1,3.0,2026-02-19 18:33:09+00:00
U0093,I0081,1,1.0,2026-03-02 06:42:09+00:00
U0093,I0082,2,3.0,2026-03-07 07:50:09+00:00
U0093,I0090,2,5.0,2026-03-31 00:32:09+00:00
U0093,I0097,1,2.0,2026-03-31 14:49:09+00:00
U0093,I0109,1,5.0,2026-03-31 17:14:09+00:00
U0093,I0110,1,4.0,2026-02-18 14:38:09+00:00
U0094,I0005,1,1.0,2026-02-18 17:48:09+00:00
U0094,I0029,1,1.0,2026-04-01 20:31:09+00:00
U0094,I0042,2,5.0,2026-03-08 08:13:09+00:00
U0094,I0047,1,1.0,2026-03-17 03:02:09+00:00
U0094,I0058,1,5.0,2026-04-02 10:18:09+00:00
U0094,I0066,1,3.0,2026-02-13 00:10:09+00:00
U0094,I0077,1,1.0,2026-04-18 03:52:09+00:00
U0094,I0100,1,1.0,2026-04-20 04:52:09+00:00
U0094,I0112,1,1.0,2026-03-23 04:40:09+00:00
U0095,I0006,1,1.0,2026-01-31 15:31:09+00:00
U0095,I0013,1,1.0,2026-04-30 01:51:09+00:00
U0095,I0065,1,1.0,2026-04-02 22:21:09+00:00
U0095,I0071,1,1.0,2026-03-06 01:11:09+00:00
U0095,I0072,1,1.0,2026-03-18 00:31:09+00:00
U0095,I0073,1,4.0,2026-03-18 18:03:09+00:00
U0095,I0074,1,1.0,2026-03-08 12:51:09+00:00
U0095,I0086,1,4.0,2026-03-02 17:58:09+00:00
U0095,I0095,1,1.0,2026-03-15 15:42:09+00:00
U0095,I0098,1,1.0,2026-04-11 17:18:09+00:00
U0095,I0101,1,3.0,2026-04-22 05:16:09+00:00
U0095,I0116,1,1.0,2026-04-09 00:21:09+00:00
U0095,I0117,2,3.0,2026-04-30 04:20:09+00:00
U0096,I0017,1,5.0,2026-04-24 01:03:09+00:00
U0096,I0036,1,3.0,2026-03-27 08:42:09+00:00
U0096,I0052,2,5.0,2026-04-15 05:37:09+00:00
U0096,I0075,1,2.0,2026-03-28 17:49:09+00:00
U0096,I0103,1,5.0,2026-01-31 18:50:09+00:00
U0096,I0107,1,1.0,2026-03-17 21:34:09+00:00
U0096,I0109,1,3.0,2026-02-16 21:24:09+00:00
U0096,I0110,1,1.0,2026-03-28 02:54:09+00:00
U0096,I0115,1,3.0,2026-04-21 21:46:09+00:00
U0096,I0119,1,1.0,2026-03-29 18:03:09+00:00
U0097,I0019,1,1.0,2026-04-03 06:52:09+00:00
U0097,I0020,1,5.0,2026-02-18 04:16:09+00:00
U0097,I0021,1,1.0,2026-04-21 06:42:09+00:00
U0097,I0022,1,3.0,2026-02-27 13:48:09+00:00
U0097,I0045,2,4.0,2026-04-02 13:39:09+00:00
U0097,I0063,1,1.0,2026-02-28 02:27:09+00:00
U0097,I0071,1,1.0,2026-02-04 21:37:09+00:00
U0097,I0078,1,1.0,2026-02-12 11:26:09+00:00
U0097,I0088,1,1.0,2026-02-28 09:32:09+00:00
U0097,I0119,1,3.0,2026-02-22 13:37:09+00:00
U0098,I0029,1,5.0,2026-02-26 05:34:09+00:00
U0098,I0037,1,4.0,2026-01-31 07:28:09+00:00
U0098,I0041,1,4.0,2026-04-29 07:43:09+00:00
U0098,I0043,1,5.0,2026-02-21 13:37:09+00:00
U0098,I0066,2,1.0,2026-03-25 11:47:09+00:00
U0098,I0083,1,3.0,2026-04-12 11:48:09+00:00
U0098,I0084,1,1.0,2026-04-29 10:04:09+00:00
U0098,I0088,1,1.0,2026-02-20 09:01:09+00:00
U0098,I0106,2,1.0,2026-04-05 20:00:09+00:00
U0098,I0110,1,1.0,2026-03-11 00:22:09+00:00
U0098,I0113,2,4.0,2026-04-02 21:47:09+00:00
U0099,I0001,1,5.0,2026-02-11 23:04:09+00:00
U0099,I0022,1,1.0,2026-04-01 15:03:09+00:00
U0099,I0023,2,3.0,2026-03-14 08:12:09+00:00
U0099,I0036,1,1.0,2026-02-23 09:54:09+00:00
U0099,I0041,1,1.0,2026-02-08 10:25:09+00:00
U0099,I0051,3,5.0,2026-04-09 09:05:09+00:00
U0099,I0084,1,5.0,2026-04-13 06:57:09+00:00
U0099,I0093,1,1.0,2026-03-31 17:13:09+00:00
U0099,I0097,1,1.0,2026-04-22 13:41:09+00:00
U0099,I0099,1,1.0,2026-02-25 01:30:09+00:00
U0099,I0100,1,4.0,2026-03-30 05:06:09+00:00
U0099,I0112,1,1.0,2026-04-07 23:07:09+00:00
U0100,I0015,1,1.0,2026-04-07 21:51:09+00:00
U0100,I0022,1,5.0,2026-04-26 05:56:09+00:00
U0100,I0025,1,1.0,2026-03-15 09:09:09+00:00
U0100,I0030,1,5.0,2026-04-01 03:06:09+00:00
U0100,I0034,2,3.0,2026-04-14 13:16:09+00:00
U0100,I0036,1,1.0,2026-03-29 07:19:09+00:00
U0100,I0043,1,1.0,2026-02-07 23:59:09+00:00
U0100,I0048,1,1.0,2026-03-04 07:56:09+00:00
U0100,I0049,1,1.0,2026-04-07 18:20:09+00:00
U0100,I0051,1,5.0,2026-04-26 10:36:09+00:00
U0100,I0055,1,1.0,2026-04-22 01:16:09+00:00
U0100,I0060,1,1.0,2026-04-08 14:10:09+00:00
U0100,I0065,3,3.0,2026-04-13 13:30:09+00:00
U0100,I0068,1,1.0,2026-03-20 15:19:09+00:00
U0100,I0074,2,3.0,2026-04-26 16:51:09+00:00
U0100,I0093,1,1.0,2026-02-06 00:05:09+00:00
U0101,I0002,1,1.0,2026-03-30 05:00:09+00:00
U0101,I0004,1,3.0,2026-04-14 19:29:09+00:00
U0101,I0005,1,5.0,2026-04-06 20:08:09+00:00
U0101,I0014,1,5.0,2026-02-18 01:22:09+00:00
U0101,I0017,1,1.0,2026-03-19 03:20:09+00:00
U0101,I0030,1,1.0,2026-03-07 23:13:09+00:00
U0101,I0041,1,5.0,2026-03-02 17:48:09+00:00
U0101,I0045,1,5.0,2026-02-19 12:00:09+00:00
U0101,I0054,3,5.0,2026-04-30 00:36:09+00:00
U0101,I0063,1,1.0,2026-03-24 05:44:09+00:00
U0101,I0092,3,5.0,2026-03-23 01:27:09+00:00
U0101,I0108,2,1.0,2026-04-30 16:02:09+00:00
U0102,I0016,1,1.0,2026-02-23 10:10:09+00:00
U0102,I0019,1,1.0,2026-02-02 12:35:09+00:00
U0102,I0022,3,1.0,2026-04-18 10:00:09+00:00
U0102,I0023,1,3.0,2026-04-11 21:08:09+00:00
U0102,I0024,1,4.0,2026-04-29 13:12:09+00:00
U0102,I0034,1,2.0,2026-03-04 05:38:09+00:00
U0102,I0036,2,5.0,2026-03-31 01:38:09+00:00
U0102,I0053,1,1.0,2026-03-01 17:16:09+00:00
U0102,I0065,2,1.0,2026-03-20 12:50:09+00:00
U0102,I0083,1,1.0,2026-04-22 15:42:09+00:00
U0102,I0097,3,5.0,2026-03-31 18:43:09+00:00
U0102,I0112,2,1.0,2026-04-12 12:24:09+00:00
U0102,I0114,3,5.0,2026-04-19 04:40:09+00:00
U0103,I0002,1,1.0,2026-03-19 15:47:09+00:00
U0103,I0004,1,3.0,2026-04-18 03:05:09+00:00
U0103,I0017,1,3.0,2026-01-31 17:48:09+00:00
U0103,I0018,1,1.0,2026-04-09 09:16:09+00:00
U0103,I0019,1,1.0,2026-04-14 19:42:09+00:00
U0103,I0020,1,1.0,2026-04-02 12:46:09+00:00
U0103,I0021,1,1.0,2026-03-02 08:07:09+00:00
U0103,I0025,1,1.0,2026-04-16 07:55:09+00:00
U0103,I0037,1,1.0,2026-04-19 07:52:09+00:00
U0103,I0052,2,5.0,2026-02-20 22:01:09+00:00
U0103,I0062,2,3.0,2026-03-20 19:37:09+00:00
U0103,I0063,1,3.0,2026-03-03 10:57:09+00:00
U0103,I0084,1,3.0,2026-03-13 19:01:09+00:00
U0103,I0088,1,1.0,2026-02-07 16:20:09+00:00
U0103,I0091,1,1.0,2026-04-27 19:10:09+00:00
U0103,I0092,1,1.0,2026-01-30 23:37:09+00:00
U0103,I0102,1,1.0,2026-03-03 14:52:09+00:00
U0103,I0110,1,5.0,2026-03-12 22:42:09+00:00
U0103,I0118,1,1.0,2026-04-06 17:04:09+00:00
U0104,I0008,1,1.0,2026-02-28 01:20:09+00:00
U0104,I0018,1,5.0,2026-03-06 15:54:09+00:00
U0104,I0028,1,3.0,2026-02-06 02:18:09+00:00
U0104,I0035,1,3.0,2026-02-12 09:55:09+00:00
U0104,I0043,1,1.0,2026-02-02 22:57:09+00:00
U0104,I0049,2,5.0,2026-04-24 08:17:09+00:00
U0104,I0059,1,1.0,2026-04-08 20:40:09+00:00
U0104,I0061,1,1.0,2026-03-13 21:03:09+00:00
U0104,I0064,2,3.0,2026-04-02 13:54:09+00:00
U0104,I0079,1,1.0,2026-02-15 19:29:09+00:00
U0104,I0086,1,3.0,2026-04-17 13:21:09+00:00
U0104,I0087,1,4.0,2026-04-01 02:44:09+00:00
U0104,I0095,1,3.0,2026-03-23 05:35:09+00:00
U0104,I0106,1,5.0,2026-02-12 22:29:09+00:00
U0104,I0110,1,1.0,2026-02-02 01:53:09+00:00
U0105,I0014,1,1.0,2026-04-24 13:45:09+00:00
U0105,I0018,1,1.0,2026-03-09 23:49:09+00:00
U0105,I0023,1,1.0,2026-03-31 03:14:09+00:00
U0105,I0031,1,1.0,2026-04-10 06:08:09+00:00
U0105,I0035,1,3.0,2026-03-02 14:05:09+00:00
U0105,I0047,1,1.0,2026-04-08 17:56:09+00:00
U0105,I0048,3,5.0,2026-04-15 09:19:09+00:00
U0105,I0055,1,5.0,2026-02-18 09:27:09+00:00
U0105,I0056,2,1.0,2026-02-24 17:36:09+00:00
U0105,I0059,1,1.0,2026-04-02 11:09:09+00:00
U0105,I0084,1,1.0,2026-04-30 02:24:09+00:00
U0105,I0105,1,3.0,2026-04-22 15:15:09+00:00
U0105,I0111,1,3.0,2026-04-21 20:07:09+00:00
U0105,I0118,3,5.0,2026-04-14 20:31:09+00:00
U0106,I0015,2,5.0,2026-04-09 05:54:09+00:00
U0106,I0019,1,1.0,2026-02-17 10:15:09+00:00
U0106,I0035,1,1.0,2026-02-16 09:31:09+00:00
U0106,I0039,1,1.0,2026-02-12 13:19:09+00:00
U0106,I0046,2,1.0,2026-02-16 07:05:09+00:00
U0106,I0072,1,3.0,2026-02-15 07:20:09+00:00
U0106,I0073,1,1.0,2026-03-02 13:37:09+00:00
U0106,I0076,1,3.0,2026-03-10 17:24:09+00:00
U0106,I0080,1,3.0,2026-04-15 02:34:09+00:00
U0106,I0085,2,5.0,2026-02-28 17:00:09+00:00
U0106,I0101,1,3.0,2026-04-16 02:22:09+00:00
U0106,I0102,1,1.0,2026-02-08 22:46:09+00:00
U0106,I0104,1,1.0,2026-02-17 03:04:09+00:00
U0106,I0114,1,1.0,2026-02-14 01:37:09+00:00
U0106,I0116,1,4.0,2026-04-01 18:54:09+00:00
U0107,I0002,1,1.0,2026-03-06 05:00:09+00:00
U0107,I0004,2,3.0,2026-04-02 23:35:09+00:00
U0107,I0006,1,3.0,2026-03-17 23:12:09+00:00
U0107,I0021,2,5.0,2026-04-14 00:59:09+00:00
U0107,I0024,1,1.0,2026-04-06 03:21:09+00:00
U0107,I0025,1,5.0,2026-03-25 20:52:09+00:00
U0107,I0045,1,4.0,2026-02-24 07:58:09+00:00
U0107,I0062,1,4.0,2026-02-26 04:07:09+00:00
U0107,I0078,2,1.0,2026-04-20 09:35:09+00:00
U0107,I0079,1,5.0,2026-04-01 03:07:09+00:00
U0107,I0081,1,5.0,2026-04-11 15:49:09+00:00
U0107,I0091,1,1.0,2026-02-24 21:18:09+00:00
U0107,I0100,1,4.0,2026-02-11 02:03:09+00:00
U0107,I0103,2,3.0,2026-04-29 07:57:09+00:00
U0107,I0108,2,1.0,2026-02-10 14:56:09+00:00
U0107,I0115,1,5.0,2026-03-02 05:35:09+00:00
U0107,I0119,1,3.0,2026-02-22 06:38:09+00:00
U0108,I0007,1,1.0,2026-03-19 00:26:09+00:00
U0108,I0031,1,3.0,2026-02-20 14:26:09+00:00
U0108,I0035,1,4.0,2026-04-24 01:21:09+00:00
U0108,I0039,1,1.0,2026-03-23 18:12:09+00:00
U0108,I0040,1,5.0,2026-02-21 08:06:09+00:00
U0108,I0046,2,5.0,2026-03-22 00:25:09+00:00
U0108,I0055,1,5.0,2026-02-23 08:19:09+00:00
U0108,I0059,1,3.0,2026-02-03 21:55:09+00:00
U0108,I0060,1,3.0,2026-03-08 03:46:09+00:00
U0108,I0062,1,1.0,2026-04-12 20:32:09+00:00
U0108,I0069,1,1.0,2026-02-11 02:56:09+00:00
U0108,I0106,1,1.0,2026-04-13 21:40:09+00:00
U0108,I0111,1,5.0,2026-02-05 20:57:09+00:00
U0109,I0005,1,1.0,2026-02-14 19:19:09+00:00
U0109,I0026,1,1.0,2026-03-13 19:43:09+00:00
U0109,I0042,1,5.0,2026-03-24 15:17:09+00:00
U0109,I0044,1,1.0,2026-02-03 08:29:09+00:00
U0109,I0070,1,1.0,2026-04-10 18:24:09+00:00
U0109,I0076,1,1.0,2026-03-25 07:50:09+00:00
U0109,I0077,1,1.0,2026-02-24 07:12:09+00:00
U0109,I0078,1,1.0,2026-04-14 22:34:09+00:00
U0109,I0080,1,5.0,2026-03-24 19:47:09+00:00
U0109,I0081,1,5.0,2026-04-21 15:32:09+00:00
U0109,I0091,1,3.0,2026-04-21 10:35:09+00:00
U0110,I0010,1,3.0,2026-03-30 11:37:09+00:00
U0110,I0012,1,3.0,2026-03-09 14:33:09+00:00
U0110,I0020,1,1.0,2026-03-20 17:02:09+00:00
U0110,I0024,1,1.0,2026-02-26 11:17:09+00:00
U0110,I0037,2,5.0,2026-04-02 21:47:09+00:00
U0110,I0042,1,1.0,2026-04-17 07:58:09+00:00
U0110,I0048,1,1.0,2026-03-13 05:07:09+00:00
U0110,I0064,1,1.0,2026-02-24 12:56:09+00:00
U0110,I0066,3,5.0,2026-04-29 03:25:09+00:00
U0110,I0094,1,3.0,2026-03-03 20:17:09+00:00
U0110,I0096,1,5.0,2026-02-04 13:38:09+00:00
U0110,I0101,1,4.0,2026-03-12 13:53:09+00:00
U0110,I0106,2,4.0,2026-04-23 20:06:09+00:00
U0111,I0001,1,1.0,2026-02-19 02:15:09+00:00
U0111,I0003,1,1.0,2026-03-16 16:50:09+00:00
U0111,I0005,1,3.0,2026-02-18 06:38:09+00:00
U0111,I0007,1,3.0,2026-02-25 15:44:09+00:00
U0111,I0009,1,1.0,2026-02-12 09:35:09+00:00
U0111,I0011,1,1.0,2026-02-04 06:26:09+00:00
U0111,I0027,1,5.0,2026-04-19 18:12:09+00:00
U0111,I0029,1,1.0,2026-04-01 05:17:09+00:00
U0111,I0047,1,1.0,2026-03-13 10:45:09+00:00
U0111,I0051,1,1.0,2026-04-18 02:00:09+00:00
U0111,I0058,1,1.0,2026-04-15 14:51:09+00:00
U0111,I0064,1,1.0,2026-04-26 08:57:09+00:00
U0111,I0079,1,5.0,2026-02-10 17:46:09+00:00
U0111,I0080,1,1.0,2026-03-05 19:13:09+00:00
U0111,I0082,1,5.0,2026-02-24 19:39:09+00:00
U0111,I0090,1,1.0,2026-02-18 17:22:09+00:00
U0111,I0093,1,1.0,2026-02-06 00:12:09+00:00
U0111,I0096,1,1.0,2026-02-19 01:35:09+00:00
U0111,I0104,1,5.0,2026-02-15 12:21:09+00:00
U0111,I0119,1,1.0,2026-03-31 02:00:09+00:00
U0112,I0003,1,1.0,2026-03-08 02:42:09+00:00
U0112,I0005,1,4.0,2026-04-03 16:44:09+00:00
U0112,I0016,1,5.0,2026-02-25 20:34:09+00:00
U0112,I0025,1,1.0,2026-02-18 05:45:09+00:00
U0112,I0027,1,5.0,2026-03-10 10:34:09+00:00
U0112,I0047,1,1.0,2026-04-01 18:31:09+00:00
U0112,I0061,1,1.0,2026-04-16 12:48:09+00:00
U0112,I0078,1,1.0,2026-03-30 10:01:09+00:00
U0112,I0079,1,3.0,2026-03-29 15:20:09+00:00
U0112,I0082,1,1.0,2026-04-29 04:00:09+00:00
U0112,I0090,2,5.0,2026-04-16 18:47:09+00:00
U0112,I0097,1,3.0,2026-04-03 00:26:09+00:00
U0112,I0109,1,3.0,2026-03-02 13:33:09+00:00
U0113,I0001,1,1.0,2026-02-09 02:43:09+00:00
U0113,I0026,1,1.0,2026-02-24 12:09:09+00:00
U0113,I0034,1,1.0,2026-04-10 12:43:09+00:00
U0113,I0044,1,3.0,2026-02-24 13:07:09+00:00
U0113,I0047,2,1.0,2026-02-17 09:33:09+00:00
U0113,I0058,2,5.0,2026-04-18 19:19:09+00:00
U0113,I0079,1,1.0,2026-04-12 11:38:09+00:00
U0113,I0082,1,1.0,2026-04-25 04:05:09+00:00
U0113,I0090,1,1.0,2026-03-01 19:13:09+00:00
U0113,I0096,1,2.0,2026-04-07 22:51:09+00:00
U0113,I0097,1,4.0,2026-02-08 14:52:09+00:00
U0113,I0109,3,5.0,2026-03-09 11:35:09+00:00
U0114,I0011,1,5.0,2026-02-26 10:08:09+00:00
U0114,I0015,1,1.0,2026-03-06 07:10:09+00:00
U0114,I0047,1,1.0,2026-03-25 07:05:09+00:00
U0114,I0066,1,1.0,2026-02-16 15:42:09+00:00
U0114,I0074,1,1.0,2026-04-09 18:57:09+00:00
U0114,I0089,1,3.0,2026-04-02 12:03:09+00:00
U0114,I0099,1,5.0,2026-03-03 03:47:09+00:00
U0114,I0100,2,3.0,2026-04-10 13:56:09+00:00
U0114,I0113,2,3.0,2026-03-07 07:24:09+00:00
U0114,I0115,1,1.0,2026-03-14 09:38:09+00:00
U0115,I0001,1,1.0,2026-04-07 05:25:09+00:00
U0115,I0016,1,4.0,2026-03-29 15:47:09+00:00
U0115,I0029,1,1.0,2026-04-05 09:02:09+00:00
U0115,I0036,1,3.0,2026-04-08 05:51:09+00:00
U0115,I0038,1,1.0,2026-03-23 07:09:09+00:00
U0115,I0042,2,1.0,2026-04-25 07:43:09+00:00
U0115,I0044,1,4.0,2026-04-11 15:58:09+00:00
U0115,I0047,2,5.0,2026-03-13 09:28:09+00:00
U0115,I0070,2,3.0,2026-03-28 03:48:09+00:00
U0115,I0081,1,1.0,2026-03-12 12:54:09+00:00
U0115,I0090,3,5.0,2026-04-23 07:32:09+00:00
U0115,I0109,1,1.0,2026-02-01 00:25:09+00:00
U0116,I0007,1,1.0,2026-04-02 04:55:09+00:00
U0116,I0019,1,1.0,2026-04-09 09:20:09+00:00
U0116,I0028,1,1.0,2026-02-04 19:30:09+00:00
U0116,I0050,1,1.0,2026-04-11 14:09:09+00:00
U0116,I0052,1,1.0,2026-03-05 17:11:09+00:00
U0116,I0062,1,1.0,2026-04-01 13:17:09+00:00
U0116,I0063,2,3.0,2026-03-06 17:22:09+00:00
U0116,I0065,1,1.0,2026-02-14 16:42:09+00:00
U0116,I0066,1,3.0,2026-02-24 23:44:09+00:00
U0116,I0074,1,1.0,2026-03-06 15:41:09+00:00
U0116,I0075,1,1.0,2026-04-24 01:25:09+00:00
U0116,I0081,1,1.0,2026-04-15 05:30:09+00:00
U0116,I0090,1,3.0,2026-02-06 02:54:09+00:00
U0116,I0091,1,3.0,2026-04-10 19:22:09+00:00
U0117,I0003,1,5.0,2026-02-13 04:20:09+00:00
U0117,I0005,1,1.0,2026-03-06 03:51:09+00:00
U0117,I0019,1,5.0,2026-02-22 19:13:09+00:00
U0117,I0020,1,5.0,2026-04-08 00:21:09+00:00
U0117,I0026,1,1.0,2026-02-09 00:45:09+00:00
U0117,I0041,1,3.0,2026-02-02 12:59:09+00:00
U0117,I0070,1,1.0,2026-04-17 17:54:09+00:00
U0117,I0080,2,3.0,2026-04-25 22:49:09+00:00
U0117,I0090,1,3.0,2026-04-15 12:37:09+00:00
U0117,I0108,1,5.0,2026-02-27 17:33:09+00:00
U0117,I0109,3,3.0,2026-04-29 19:54:09+00:00
U0117,I0115,1,1.0,2026-03-24 18:22:09+00:00
U0118,I0019,1,1.0,2026-04-10 09:55:09+00:00
U0118,I0021,2,1.0,2026-04-26 09:27:09+00:00
U0118,I0026,1,3.0,2026-03-02 06:38:09+00:00
U0118,I0031,1,1.0,2026-02-16 06:58:09+00:00
U0118,I0047,1,1.0,2026-04-23 11:08:09+00:00
U0118,I0050,1,4.0,2026-04-17 02:24:09+00:00
U0118,I0062,1,1.0,2026-04-02 17:00:09+00:00
U0118,I0063,2,1.0,2026-04-30 05:50:09+00:00
U0118,I0078,1,1.0,2026-03-05 09:39:09+00:00
U0118,I0088,1,1.0,2026-04-02 11:50:09+00:00
U0118,I0091,1,1.0,2026-04-01 03:50:09+00:00
U0118,I0092,2,3.0,2026-04-23 12:35:09+00:00
U0118,I0103,1,1.0,2026-04-05 08:12:09+00:00
U0118,I0111,1,1.0,2026-03-24 11:10:09+00:00
U0118,I0115,1,3.0,2026-02-07 10:31:09+00:00
U0118,I0119,2,5.0,2026-04-07 07:15:09+00:00
U0119,I0001,1,4.0,2026-04-19 05:21:09+00:00
U0119,I0005,3,5.0,2026-04-21 21:09:09+00:00
U0119,I0016,1,1.0,2026-02-13 04:52:09+00:00
U0119,I0025,1,3.0,2026-02-05 11:04:09+00:00
U0119,I0038,1,1.0,2026-03-31 15:36:09+00:00
U0119,I0066,1,1.0,2026-02-02 04:28:09+00:00
U0119,I0074,1,1.0,2026-04-12 07:54:09+00:00
U0119,I0079,1,1.0,2026-03-27 16:28:09+00:00
U0119,I0080,1,4.0,2026-03-09 00:24:09+00:00
U0119,I0082,1,1.0,2026-04-03 05:24:09+00:00
U0119,I0093,1,1.0,2026-04-07 18:13:09+00:00
U0119,I0109,1,1.0,2026-04-08 03:24:09+00:00
U0119,I0117,1,5.0,2026-03-29 04:19:09+00:00
U0120,I0007,1,1.0,2026-04-03 21:22:09+00:00
U0120,I0014,1,1.0,2026-02-22 11:30:09+00:00
U0120,I0018,2,1.0,2026-02-16 10:41:09+00:00
U0120,I0027,2,5.0,2026-04-23 15:33:09+00:00
U0120,I0031,1,5.0,2026-04-08 06:34:09+00:00
U0120,I0059,1,3.0,2026-04-22 21:00:09+00:00
U0120,I0065,1,3.0,2026-02-26 04:57:09+00:00
U0120,I0067,1,3.0,2026-02-15 15:29:09+00:00
U0120,I0092,1,3.0,2026-02-08 17:13:09+00:00
U0120,I0093,1,5.0,2026-03-24 15:51:09+00:00
U0121,I0002,1,3.0,2026-03-29 19:41:09+00:00
U0121,I0016,1,5.0,2026-03-25 19:49:09+00:00
U0121,I0029,2,1.0,2026-04-22 04:46:09+00:00
U0121,I0033,1,1.0,2026-02-15 09:21:09+00:00
U0121,I0042,2,5.0,2026-04-07 14:59:09+00:00
U0121,I0056,1,4.0,2026-04-12 11:02:09+00:00
U0121,I0067,1,4.0,2026-03-20 16:37:09+00:00
U0121,I0069,1,1.0,2026-03-19 08:16:09+00:00
U0121,I0070,1,1.0,2026-03-29 17:40:09+00:00
U0121,I0079,1,1.0,2026-03-19 17:59:09+00:00
U0121,I0080,2,5.0,2026-03-26 22:47:09+00:00
U0121,I0081,1,1.0,2026-03-31 13:12:09+00:00
U0121,I0090,2,5.0,2026-04-11 08:31:09+00:00
U0122,I0008,1,2.0,2026-04-27 15:17:09+00:00
U0122,I0024,2,1.0,2026-04-06 13:29:09+00:00
U0122,I0053,1,1.0,2026-02-24 18:27:09+00:00
U0122,I0068,1,3.0,2026-02-14 11:46:09+00:00
U0122,I0075,1,1.0,2026-01-30 23:44:09+00:00
U0122,I0083,1,1.0,2026-02-05 12:10:09+00:00
U0123,I0016,1,1.0,2026-03-06 04:49:09+00:00
U0123,I0028,1,1.0,2026-03-28 19:54:09+00:00
U0123,I0037,1,5.0,2026-04-02 01:56:09+00:00
U0123,I0063,1,1.0,2026-04-16 04:47:09+00:00
U0123,I0064,1,1.0,2026-03-12 20:29:09+00:00
U0123,I0066,1,3.0,2026-04-18 10:41:09+00:00
U0123,I0089,2,1.0,2026-04-01 04:40:09+00:00
U0123,I0094,1,5.0,2026-02-08 01:20:09+00:00
U0123,I0110,1,1.0,2026-04-13 04:44:09+00:00
U0124,I0003,1,1.0,2026-02-05 18:29:09+00:00
U0124,I0008,1,3.0,2026-02-11 22:16:09+00:00
U0124,I0009,1,5.0,2026-02-07 23:05:09+00:00
U0124,I0038,1,1.0,2026-03-19 03:20:09+00:00
U0124,I0044,1,5.0,2026-02-15 21:28:09+00:00
U0124,I0051,1,5.0,2026-03-23 19:01:09+00:00
U0124,I0058,1,5.0,2026-02-21 23:30:09+00:00
U0124,I0068,1,1.0,2026-02-23 20:52:09+00:00
U0124,I0070,1,3.0,2026-04-13 08:31:09+00:00
U0124,I0079,1,5.0,2026-03-16 20:15:09+00:00
U0124,I0080,1,1.0,2026-03-25 01:41:09+00:00
U0124,I0090,1,3.0,2026-02-22 00:38:09+00:00
U0124,I0096,1,5.0,2026-03-12 02:41:09+00:00
U0125,I0013,1,3.0,2026-03-07 13:05:09+00:00
U0125,I0014,2,1.0,2026-04-08 07:49:09+00:00
U0125,I0016,1,5.0,2026-04-05 16:45:09+00:00
U0125,I0035,1,5.0,2026-04-21 14:42:09+00:00
U0125,I0052,1,1.0,2026-03-28 02:53:09+00:00
U0125,I0053,1,1.0,2026-04-14 22:48:09+00:00
U0125,I0054,1,5.0,2026-04-15 15:29:09+00:00
U0125,I0057,1,3.0,2026-02-22 08:29:09+00:00
U0125,I0068,1,3.0,2026-04-24 15:03:09+00:00
U0125,I0071,1,5.0,2026-04-02 23:48:09+00:00
U0125,I0072,2,5.0,2026-04-25 10:16:09+00:00
U0125,I0087,1,1.0,2026-03-02 10:07:09+00:00
U0125,I0093,1,3.0,2026-03-10 11:00:09+00:00
U0125,I0098,1,1.0,2026-02-04 20:04:09+00:00
U0125,I0102,1,1.0,2026-03-25 07:40:09+00:00
U0126,I0012,1,1.0,2026-04-09 17:47:09+00:00
U0126,I0023,1,5.0,2026-02-14 17:21:09+00:00
U0126,I0038,1,1.0,2026-04-01 06:08:09+00:00
U0126,I0041,1,5.0,2026-04-26 18:57:09+00:00
U0126,I0060,1,1.0,2026-04-25 16:25:09+00:00
U0126,I0065,2,3.0,2026-03-17 08:33:09+00:00
U0126,I0067,1,1.0,2026-04-08 19:32:09+00:00
U0126,I0072,1,4.0,2026-03-30 21:57:09+00:00
U0126,I0082,1,1.0,2026-02-06 19:00:09+00:00
U0126,I0089,1,3.0,2026-02-09 04:20:09+00:00
U0126,I0099,1,1.0,2026-02-22 05:14:09+00:00
U0127,I0023,1,5.0,2026-04-14 16:13:09+00:00
U0127,I0051,2,5.0,2026-03-17 15:34:09+00:00
U0127,I0060,1,1.0,2026-03-24 09:37:09+00:00
U0127,I0072,1,1.0,2026-03-23 16:57:09+00:00
U0127,I0079,1,1.0,2026-03-08 08:36:09+00:00
U0127,I0082,1,5.0,2026-03-14 08:48:09+00:00
U0127,I0097,1,1.0,2026-03-22 03:40:09+00:00
U0127,I0106,1,1.0,2026-02-15 20:53:09+00:00
U0127,I0114,1,1.0,2026-04-26 23:54:09+00:00
U0127,I0116,1,1.0,2026-03-31 14:03:09+00:00
U0128,I0026,1,1.0,2026-04-11 13:56:09+00:00
U0128,I0029,1,1.0,2026-04-30 04:58:09+00:00
U0128,I0038,1,3.0,2026-03-18 18:19:09+00:00
U0128,I0047,1,5.0,2026-04-29 19:52:09+00:00
U0128,I0054,1,1.0,2026-03-06 09:56:09+00:00
U0128,I0056,1,3.0,2026-02-05 06:36:09+00:00
U0128,I0058,1,4.0,2026-04-12 04:56:09+00:00
U0128,I0080,3,5.0,2026-04-30 12:33:09+00:00
U0128,I0081,1,1.0,2026-02-23 23:41:09+00:00
U0128,I0082,1,3.0,2026-04-06 02:29:09+00:00
U0128,I0090,1,3.0,2026-03-06 08:56:09+00:00
U0128,I0097,1,3.0,2026-03-14 05:41:09+00:00
U0128,I0100,1,3.0,2026-02-18 21:01:09+00:00
U0128,I0105,1,5.0,2026-02-02 02:48:09+00:00
U0128,I0109,1,1.0,2026-03-19 02:04:09+00:00
U0128,I0119,1,1.0,2026-03-03 04:47:09+00:00
U0129,I0003,2,5.0,2026-02-16 07:26:09+00:00
U0129,I0005,1,5.0,2026-04-03 12:37:09+00:00
U0129,I0009,1,1.0,2026-03-14 21:40:09+00:00
U0129,I0029,1,1.0,2026-04-06 22:14:09+00:00
U0129,I0041,1,1.0,2026-02-06 13:01:09+00:00
U0129,I0058,1,1.0,2026-02-11 13:47:09+00:00
U0129,I0070,1,3.0,2026-04-30 15:15:09+00:00
U0129,I0085,1,1.0,2026-04-20 18:49:09+00:00
U0129,I0091,1,3.0,2026-04-23 06:27:09+00:00
U0129,I0092,1,1.0,2026-04-27 08:23:09+00:00
U0129,I0100,1,3.0,2026-02-13 08:30:09+00:00
U0130,I0004,1,5.0,2026-03-12 20:15:09+00:00
U0130,I0011,1,3.0,2026-02-06 20:52:09+00:00
U0130,I0034,2,5.0,2026-02-28 14:01:09+00:00
U0130,I0041,1,1.0,2026-03-09 21:04:09+00:00
U0130,I0046,1,1.0,2026-03-02 17:59:09+00:00
U0130,I0051,1,3.0,2026-01-31 09:09:09+00:00
U0130,I0059,1,1.0,2026-03-29 01:49:09+00:00
U0130,I0060,1,1.0,2026-03-21 21:39:09+00:00
U0130,I0070,1,1.0,2026-03-23 19:56:09+00:00
U0130,I0083,1,5.0,2026-03-05 00:02:09+00:00
U0130,I0091,1,1.0,2026-02-06 18:02:09+00:00
U0130,I0097,1,1.0,2026-03-13 11:35:09+00:00
U0130,I0108,1,3.0,2026-04-09 15:10:09+00:00
U0130,I0112,4,5.0,2026-04-12 00:56:09+00:00
U0131,I0001,1,1.0,2026-02-14 09:21:09+00:00
U0131,I0005,2,1.0,2026-04-17 16:40:09+00:00
U0131,I0038,1,5.0,2026-03-19 04:04:09+00:00
U0131,I0042,1,1.0,2026-04-10 19:50:09+00:00
U0131,I0044,1,3.0,2026-02-04 20:50:09+00:00
U0131,I0052,1,5.0,2026-04-10 04:18:09+00:00
U0131,I0057,1,4.0,2026-04-03 12:42:09+00:00
U0131,I0076,1,3.0,2026-04-24 10:43:09+00:00
U0131,I0079,1,1.0,2026-02-26 07:46:09+00:00
U0131,I0081,1,1.0,2026-03-29 17:25:09+00:00
U0131,I0091,1,5.0,2026-04-02 02:02:09+00:00
U0131,I0096,1,1.0,2026-02-11 11:48:09+00:00
U0132,I0002,1,1.0,2026-04-10 16:07:09+00:00
U0132,I0017,1,5.0,2026-04-28 17:45:09+00:00
U0132,I0021,2,5.0,2026-02-15 13:44:09+00:00
U0132,I0023,1,1.0,2026-02-11 06:30:09+00:00
U0132,I0063,1,1.0,2026-02-14 19:27:09+00:00
U0132,I0097,1,1.0,2026-04-02 08:05:09+00:00
U0133,I0004,1,1.0,2026-03-17 15:26:09+00:00
U0133,I0013,1,1.0,2026-01-30 19:25:09+00:00
U0133,I0014,1,3.0,2026-03-21 03:09:09+00:00
U0133,I0032,1,1.0,2026-01-30 17:14:09+00:00
U0133,I0035,1,5.0,2026-03-05 17:56:09+00:00
U0133,I0072,1,3.0,2026-02-08 17:02:09+00:00
U0133,I0073,1,1.0,2026-02-19 10:26:09+00:00
U0133,I0074,2,3.0,2026-04-10 22:27:09+00:00
U0133,I0088,1,3.0,2026-02-19 16:11:09+00:00
U0133,I0102,1,4.0,2026-04-13 03:44:09+00:00
U0133,I0109,1,5.0,2026-02-17 07:24:09+00:00
U0133,I0116,1,1.0,2026-04-01 22:35:09+00:00
U0133,I0117,2,5.0,2026-04-30 15:54:09+00:00
U0134,I0015,1,1.0,2026-04-04 21:56:09+00:00
U0134,I0017,1,1.0,2026-02-11 18:11:09+00:00
U0134,I0030,1,1.0,2026-01-31 10:26:09+00:00
U0134,I0034,1,5.0,2026-04-28 14:55:09+00:00
U0134,I0039,1,5.0,2026-03-22 03:08:09+00:00
U0134,I0050,1,3.0,2026-04-11 19:56:09+00:00
U0134,I0052,1,1.0,2026-03-25 23:40:09+00:00
U0134,I0065,2,5.0,2026-04-23 09:17:09+00:00
U0134,I0067,1,1.0,2026-03-29 04:34:09+00:00
U0134,I0068,1,3.0,2026-03-11 12:10:09+00:00
U0134,I0093,1,1.0,2026-02-11 05:10:09+00:00
U0134,I0097,1,1.0,2026-02-09 17:58:09+00:00
U0135,I0001,1,1.0,2026-02-19 09:47:09+00:00
U0135,I0023,1,1.0,2026-03-19 17:14:09+00:00
U0135,I0036,1,1.0,2026-03-21 13:55:09+00:00
U0135,I0040,1,1.0,2026-04-16 15:41:09+00:00
U0135,I0049,1,1.0,2026-04-16 01:43:09+00:00
U0135,I0051,1,1.0,2026-04-25 10:14:09+00:00
U0135,I0054,1,4.0,2026-03-02 22:52:09+00:00
U0135,I0061,1,1.0,2026-04-15 20:52:09+00:00
U0135,I0072,1,4.0,2026-03-24 08:54:09+00:00
U0135,I0075,1,1.0,2026-04-18 04:15:09+00:00
U0135,I0112,1,1.0,2026-03-13 00:05:09+00:00
U0135,I0114,2,1.0,2026-03-21 23:19:09+00:00
U0136,I0007,1,1.0,2026-02-26 23:50:09+00:00
U0136,I0032,1,3.0,2026-02-22 02:16:09+00:00
U0136,I0035,1,1.0,2026-03-12 19:14:09+00:00
U0136,I0036,1,1.0,2026-02-10 18:50:09+00:00
U0136,I0055,4,5.0,2026-04-10 09:39:09+00:00
U0136,I0059,1,3.0,2026-03-21 16:50:09+00:00
U0136,I0075,1,1.0,2026-03-30 08:32:09+00:00
U0136,I0076,1,3.0,2026-03-05 21:14:09+00:00
U0136,I0080,1,1.0,2026-02-13 22:14:09+00:00
U0136,I0081,1,1.0,2026-03-18 01:57:09+00:00
U0136,I0084,1,1.0,2026-02-04 14:02:09+00:00
U0136,I0098,3,5.0,2026-03-13 18:00:09+00:00
U0136,I0099,1,1.0,2026-04-24 02:42:09+00:00
U0137,I0016,1,1.0,2026-02-04 17:17:09+00:00
U0137,I0042,1,1.0,2026-02-26 02:48:09+00:00
U0137,I0044,1,1.0,2026-03-29 17:31:09+00:00
U0137,I0054,1,3.0,2026-03-30 03:03:09+00:00
U0137,I0058,1,1.0,2026-03-31 09:38:09+00:00
U0137,I0070,2,4.0,2026-04-24 23:04:09+00:00
U0137,I0080,2,5.0,2026-04-17 21:50:09+00:00
U0137,I0081,2,5.0,2026-04-03 05:28:09+00:00
U0137,I0092,1,3.0,2026-03-30 20:57:09+00:00
U0137,I0096,1,3.0,2026-02-04 17:12:09+00:00
U0137,I0102,1,1.0,2026-04-25 10:21:09+00:00
U0138,I0010,1,1.0,2026-03-07 14:59:09+00:00
U0138,I0013,1,1.0,2026-02-11 23:08:09+00:00
U0138,I0014,2,5.0,2026-03-16 12:28:09+00:00
U0138,I0019,1,1.0,2026-03-01 18:43:09+00:00
U0138,I0027,1,3.0,2026-04-15 02:40:09+00:00
U0138,I0032,1,1.0,2026-03-20 08:00:09+00:00
U0138,I0043,2,5.0,2026-02-23 18:35:09+00:00
U0138,I0068,2,5.0,2026-04-18 15:42:09+00:00
U0138,I0074,2,3.0,2026-04-25 05:56:09+00:00
U0138,I0102,3,1.0,2026-04-14 15:48:09+00:00
U0138,I0106,1,1.0,2026-03-06 23:35:09+00:00
U0138,I0107,1,1.0,2026-04-22 22:49:09+00:00
U0139,I0002,1,1.0,2026-02-03 07:47:09+00:00
U0139,I0020,1,5.0,2026-03-11 22:03:09+00:00
U0139,I0021,1,1.0,2026-04-06 21:38:09+00:00
U0139,I0028,1,1.0,2026-04-22 14:53:09+00:00
U0139,I0052,2,1.0,2026-04-17 23:06:09+00:00
U0139,I0054,1,1.0,2026-03-05 00:06:09+00:00
U0139,I0058,1,1.0,2026-04-19 16:18:09+00:00
U0139,I0059,1,3.0,2026-03-11 18:36:09+00:00
U0139,I0062,1,1.0,2026-03-22 20:21:09+00:00
U0139,I0063,1,5.0,2026-02-09 19:06:09+00:00
U0139,I0078,1,1.0,2026-04-19 08:46:09+00:00
U0139,I0090,1,5.0,2026-04-28 17:16:09+00:00
U0140,I0021,1,1.0,2026-02-03 08:07:09+00:00
U0140,I0040,1,3.0,2026-02-20 10:30:09+00:00
U0140,I0046,1,5.0,2026-04-16 05:32:09+00:00
U0140,I0048,1,1.0,2026-04-18 09:26:09+00:00
U0140,I0053,2,1.0,2026-03-28 16:28:09+00:00
U0140,I0055,1,5.0,2026-03-13 03:38:09+00:00
U0140,I0061,1,1.0,2026-03-08 05:37:09+00:00
U0140,I0063,1,1.0,2026-02-18 03:33:09+00:00
U0140,I0076,2,1.0,2026-04-15 14:07:09+00:00
U0140,I0078,2,5.0,2026-02-12 05:51:09+00:00
U0140,I0105,2,5.0,2026-02-23 01:22:09+00:00
U0140,I0111,1,3.0,2026-03-13 16:23:09+00:00
U0141,I0008,1,1.0,2026-04-08 01:29:09+00:00
U0141,I0009,1,5.0,2026-02-01 09:37:09+00:00
U0141,I0015,1,1.0,2026-04-23 17:24:09+00:00
U0141,I0024,2,5.0,2026-03-17 20:24:09+00:00
U0141,I0043,1,1.0,2026-02-14 23:24:09+00:00
U0141,I0056,1,5.0,2026-03-31 11:40:09+00:00
U0141,I0095,1,1.0,2026-03-08 11:58:09+00:00
U0141,I0110,2,1.0,2026-04-19 03:38:09+00:00
U0141,I0116,1,1.0,2026-04-24 12:43:09+00:00
U0142,I0018,1,1.0,2026-02-20 20:41:09+00:00
U0142,I0025,1,5.0,2026-02-18 02:56:09+00:00
U0142,I0035,1,1.0,2026-02-19 07:24:09+00:00
U0142,I0049,1,1.0,2026-03-01 04:38:09+00:00
U0142,I0084,2,5.0,2026-04-12 04:21:09+00:00
U0142,I0086,1,5.0,2026-04-12 13:03:09+00:00
U0142,I0097,1,1.0,2026-03-05 11:01:09+00:00
U0142,I0098,1,1.0,2026-04-06 07:52:09+00:00
U0142,I0118,1,3.0,2026-04-28 10:35:09+00:00
U0143,I0036,2,1.0,2026-04-06 17:44:09+00:00
U0143,I0045,1,1.0,2026-04-26 14:42:09+00:00
U0143,I0060,3,4.0,2026-03-23 08:24:09+00:00
U0143,I0063,1,4.0,2026-02-25 17:36:09+00:00
U0143,I0069,1,5.0,2026-04-14 06:02:09+00:00
U0143,I0072,1,1.0,2026-03-23 12:21:09+00:00
U0143,I0097,1,5.0,2026-04-29 19:42:09+00:00
U0143,I0114,1,1.0,2026-03-14 08:04:09+00:00
U0144,I0008,1,1.0,2026-04-02 17:50:09+00:00
U0144,I0014,1,3.0,2026-03-16 17:34:09+00:00
U0144,I0046,1,1.0,2026-03-17 06:20:09+00:00
U0144,I0063,1,1.0,2026-03-22 08:11:09+00:00
U0144,I0066,1,1.0,2026-03-15 16:42:09+00:00
U0144,I0077,1,1.0,2026-04-27 03:43:09+00:00
U0144,I0087,1,3.0,2026-02-19 14:27:09+00:00
U0144,I0094,1,3.0,2026-03-13 06:51:09+00:00
U0144,I0096,1,2.0,2026-02-06 12:49:09+00:00
U0144,I0106,1,1.0,2026-04-25 05:51:09+00:00
U0144,I0110,1,1.0,2026-04-15 13:08:09+00:00
U0144,I0113,1,1.0,2026-02-25 21:40:09+00:00
U0145,I0008,1,4.0,2026-03-18 22:21:09+00:00
U0145,I0013,1,5.0,2026-02-23 05:22:09+00:00
U0145,I0015,1,1.0,2026-03-12 13:47:09+00:00
U0145,I0028,1,1.0,2026-04-08 01:10:09+00:00
U0145,I0037,2,5.0,2026-04-26 17:07:09+00:00
U0145,I0050,1,5.0,2026-02-27 04:49:09+00:00
U0145,I0054,1,3.0,2026-03-25 22:18:09+00:00
U0145,I0070,1,1.0,2026-04-20 18:25:09+00:00
U0145,I0083,1,1.0,2026-03-22 21:06:09+00:00
U0145,I0085,1,3.0,2026-02-28 14:02:09+00:00
U0145,I0089,1,3.0,2026-02-20 02:06:09+00:00
U0145,I0094,1,1.0,2026-02-09 21:08:09+00:00
U0145,I0097,1,1.0,2026-03-08 13:33:09+00:00
U0145,I0106,1,3.0,2026-03-20 13:39:09+00:00
U0145,I0113,1,1.0,2026-04-07 01:16:09+00:00
U0146,I0006,1,1.0,2026-04-04 21:29:09+00:00
U0146,I0008,1,1.0,2026-02-15 17:55:09+00:00
U0146,I0010,1,1.0,2026-03-15 16:05:09+00:00
U0146,I0014,1,1.0,2026-02-17 09:26:09+00:00
U0146,I0015,2,5.0,2026-02-18 18:27:09+00:00
U0146,I0039,1,1.0,2026-03-24 22:57:09+00:00
U0146,I0043,1,1.0,2026-02-05 19:54:09+00:00
U0146,I0049,1,1.0,2026-04-10 02:02:09+00:00
U0146,I0053,2,3.0,2026-04-23 19:12:09+00:00
U0146,I0063,1,3.0,2026-02-05 12:54:09+00:00
U0146,I0071,2,1.0,2026-04-28 13:22:09+00:00
U0146,I0073,1,1.0,2026-02-18 21:54:09+00:00
U0146,I0074,1,3.0,2026-03-21 04:46:09+00:00
U0146,I0077,1,1.0,2026-03-17 23:50:09+00:00
U0146,I0087,1,4.0,2026-04-19 02:35:09+00:00
U0146,I0091,1,1.0,2026-03-07 11:11:09+00:00
U0146,I0101,1,5.0,2026-02-01 02:21:09+00:00
U0146,I0102,1,3.0,2026-03-30 10:34:09+00:00
U0146,I0104,1,4.0,2026-04-24 08:30:09+00:00
U0146,I0107,1,5.0,2026-04-21 13:22:09+00:00
U0146,I0117,3,5.0,2026-04-10 14:52:09+00:00
U0146,I0120,1,1.0,2026-03-04 17:31:09+00:00
U0147,I0001,1,1.0,2026-03-06 21:27:09+00:00
U0147,I0003,2,5.0,2026-03-21 16:49:09+00:00
U0147,I0005,1,1.0,2026-04-12 20:34:09+00:00
U0147,I0007,1,5.0,2026-02-26 10:10:09+00:00
U0147,I0014,1,1.0,2026-02-09 12:00:09+00:00
U0147,I0015,1,1.0,2026-03-07 08:01:09+00:00
U0147,I0022,1,1.0,2026-04-20 06:53:09+00:00
U0147,I0029,1,1.0,2026-04-12 20:00:09+00:00
U0147,I0047,1,4.0,2026-01-31 23:09:09+00:00
U0147,I0080,1,5.0,2026-03-14 08:54:09+00:00
U0147,I0081,2,1.0,2026-04-08 07:23:09+00:00
U0147,I0083,1,3.0,2026-03-22 14:23:09+00:00
U0147,I0087,1,1.0,2026-02-23 03:03:09+00:00
U0147,I0109,1,3.0,2026-04-18 16:50:09+00:00
U0148,I0023,1,5.0,2026-02-17 02:03:09+00:00
U0148,I0030,2,5.0,2026-03-13 02:15:09+00:00
U0148,I0034,1,1.0,2026-03-26 21:59:09+00:00
U0148,I0060,1,3.0,2026-03-02 20:55:09+00:00
U0148,I0065,3,5.0,2026-04-14 05:46:09+00:00
U0148,I0099,1,4.0,2026-03-26 05:58:09+00:00
U0148,I0103,1,3.0,2026-04-19 10:09:09+00:00
U0148,I0114,1,2.0,2026-03-10 20:35:09+00:00
U0149,I0001,1,4.0,2026-03-01 13:49:09+00:00
U0149,I0005,2,1.0,2026-04-27 06:17:09+00:00
U0149,I0009,1,1.0,2026-02-25 11:33:09+00:00
U0149,I0012,1,5.0,2026-02-23 08:34:09+00:00
U0149,I0016,2,1.0,2026-04-03 01:12:09+00:00
U0149,I0024,1,1.0,2026-04-13 19:56:09+00:00
U0149,I0027,1,5.0,2026-02-16 18:07:09+00:00
U0149,I0028,1,1.0,2026-02-26 21:48:09+00:00
U0149,I0047,1,1.0,2026-02-23 03:57:09+00:00
U0149,I0058,1,5.0,2026-04-23 10:25:09+00:00
U0149,I0069,1,1.0,2026-04-27 03:02:09+00:00
U0149,I0070,1,1.0,2026-04-07 10:46:09+00:00
U0149,I0081,1,3.0,2026-04-24 22:48:09+00:00
U0149,I0086,1,1.0,2026-03-11 15:32:09+00:00
U0149,I0090,2,3.0,2026-04-03 13:43:09+00:00
U0149,I0096,1,5.0,2026-04-27 23:25:09+00:00
U0149,I0109,1,1.0,2026-03-25 13:42:09+00:00
U0149,I0118,1,1.0,2026-04-16 15:23:09+00:00
U0150,I0012,1,1.0,2026-02-06 13:25:09+00:00
U0150,I0029,1,1.0,2026-02-03 04:18:09+00:00
U0150,I0039,2,4.0,2026-03-21 03:35:09+00:00
U0150,I0073,1,1.0,2026-04-08 10:49:09+00:00
U0150,I0074,1,1.0,2026-03-07 03:34:09+00:00
U0150,I0087,1,1.0,2026-04-09 14:17:09+00:00
U0150,I0101,1,5.0,2026-02-01 16:44:09+00:00
U0150,I0102,1,3.0,2026-03-09 05:07:09+00:00
U0150,I0116,1,1.0,2026-04-23 21:50:09+00:00
U0150,I0117,1,1.0,2026-04-19 15:32:09+00:00
U0151,I0010,1,5.0,2026-04-12 14:54:09+00:00
U0151,I0011,1,3.0,2026-03-04 08:00:09+00:00
U0151,I0024,1,4.0,2026-04-14 12:47:09+00:00
U0151,I0027,2,1.0,2026-04-22 14:42:09+00:00
U0151,I0037,1,1.0,2026-03-01 23:02:09+00:00
U0151,I0066,1,1.0,2026-04-17 07:09:09+00:00
U0151,I0087,1,1.0,2026-03-16 12:18:09+00:00
U0151,I0089,2,3.0,2026-03-11 09:51:09+00:00
U0151,I0094,1,3.0,2026-02-03 20:11:09+00:00
U0151,I0106,2,1.0,2026-03-24 18:33:09+00:00
U0151,I0110,1,1.0,2026-01-31 06:32:09+00:00
U0152,I0002,1,1.0,2026-04-04 01:05:09+00:00
U0152,I0007,1,1.0,2026-02-18 21:09:09+00:00
U0152,I0018,3,3.0,2026-04-25 19:21:09+00:00
U0152,I0023,1,5.0,2026-02-01 21:00:09+00:00
U0152,I0035,1,1.0,2026-02-05 04:50:09+00:00
U0152,I0046,1,3.0,2026-04-22 07:10:09+00:00
U0152,I0050,1,1.0,2026-03-21 07:43:09+00:00
U0152,I0055,1,1.0,2026-03-20 04:28:09+00:00
U0152,I0059,1,3.0,2026-02-24 18:59:09+00:00
U0152,I0069,1,1.0,2026-03-20 21:02:09+00:00
U0152,I0074,1,1.0,2026-04-02 17:46:09+00:00
U0152,I0084,1,4.0,2026-04-26 14:16:09+00:00
U0152,I0086,1,5.0,2026-03-23 02:52:09+00:00
U0152,I0096,2,5.0,2026-04-06 00:28:09+00:00
U0152,I0097,1,3.0,2026-02-13 15:35:09+00:00
U0152,I0098,1,1.0,2026-04-10 09:21:09+00:00
U0152,I0109,1,1.0,2026-04-13 10:10:09+00:00
U0152,I0111,1,4.0,2026-03-02 04:05:09+00:00
U0153,I0001,1,1.0,2026-03-28 07:57:09+00:00
U0153,I0003,1,1.0,2026-03-09 15:18:09+00:00
U0153,I0016,1,1.0,2026-03-10 08:05:09+00:00
U0153,I0023,1,3.0,2026-03-27 14:39:09+00:00
U0153,I0026,1,1.0,2026-04-23 00:36:09+00:00
U0153,I0029,2,4.0,2026-03-08 14:20:09+00:00
U0153,I0042,2,1.0,2026-04-13 03:31:09+00:00
U0153,I0076,1,5.0,2026-04-21 21:28:09+00:00
U0153,I0096,1,1.0,2026-04-01 01:13:09+00:00
U0154,I0002,1,5.0,2026-02-18 19:00:09+00:00
U0154,I0035,1,5.0,2026-04-12 23:57:09+00:00
U0154,I0048,1,1.0,2026-02-12 08:23:09+00:00
U0154,I0053,1,5.0,2026-03-05 19:00:09+00:00
U0154,I0066,1,3.0,2026-04-26 17:53:09+00:00
U0154,I0067,1,1.0,2026-04-15 00:38:09+00:00
U0154,I0069,2,4.0,2026-03-30 23:11:09+00:00
U0154,I0076,2,5.0,2026-04-24 10:48:09+00:00
U0154,I0084,1,1.0,2026-02-12 06:17:09+00:00
U0154,I0095,1,1.0,2026-03-02 13:46:09+00:00
U0154,I0098,1,5.0,2026-04-10 20:10:09+00:00
U0154,I0105,2,5.0,2026-04-25 09:00:09+00:00
U0154,I0118,2,5.0,2026-03-11 22:01:09+00:00
U0155,I0004,1,4.0,2026-04-29 06:51:09+00:00
U0155,I0025,1,5.0,2026-03-05 05:28:09+00:00
U0155,I0049,1,1.0,2026-03-12 02:31:09+00:00
U0155,I0057,2,5.0,2026-04-14 12:00:09+00:00
U0155,I0063,3,4.0,2026-04-27 19:41:09+00:00
U0155,I0073,1,3.0,2026-04-17 23:01:09+00:00
U0155,I0088,1,3.0,2026-03-19 11:54:09+00:00
U0155,I0093,1,4.0,2026-03-01 02:08:09+00:00
U0155,I0094,1,3.0,2026-02-24 12:51:09+00:00
U0155,I0109,1,1.0,2026-03-26 20:18:09+00:00
U0156,I0007,2,1.0,2026-04-22 14:31:09+00:00
U0156,I0025,1,5.0,2026-03-24 19:15:09+00:00
U0156,I0033,1,1.0,2026-04-07 21:34:09+00:00
U0156,I0043,1,3.0,2026-02-06 22:13:09+00:00
U0156,I0048,1,3.0,2026-01-30 17:03:09+00:00
U0156,I0049,1,1.0,2026-02-18 05:45:09+00:00
U0156,I0056,1,1.0,2026-03-15 10:51:09+00:00
U0156,I0069,1,1.0,2026-04-20 09:30:09+00:00
U0156,I0111,1,3.0,2026-03-26 22:34:09+00:00
U0157,I0007,1,1.0,2026-03-14 14:34:09+00:00
U0157,I0020,1,1.0,2026-04-18 03:38:09+00:00
U0157,I0031,1,1.0,2026-04-18 02:23:09+00:00
U0157,I0056,1,1.0,2026-03-20 03:11:09+00:00
U0157,I0059,1,5.0,2026-03-02 18:32:09+00:00
U0157,I0084,1,5.0,2026-02-17 15:51:09+00:00
U0157,I0092,1,1.0,2026-04-06 03:56:09+00:00
U0157,I0098,1,1.0,2026-02-01 00:37:09+00:00
U0158,I0013,1,4.0,2026-02-09 23:38:09+00:00
U0158,I0022,1,1.0,2026-04-20 20:04:09+00:00
U0158,I0023,1,1.0,2026-04-06 04:32:09+00:00
U0158,I0030,1,4.0,2026-02-22 02:09:09+00:00
U0158,I0034,1,1.0,2026-03-04 05:47:09+00:00
U0158,I0036,1,1.0,2026-02-22 13:30:09+00:00
U0158,I0045,1,1.0,2026-02-11 23:42:09+00:00
U0158,I0051,2,4.0,2026-04-19 13:40:09+00:00
U0158,I0055,1,1.0,2026-04-26 18:57:09+00:00
U0158,I0060,1,5.0,2026-03-18 07:04:09+00:00
U0158,I0067,1,1.0,2026-02-04 22:25:09+00:00
U0158,I0074,1,3.0,2026-03-19 02:16:09+00:00
U0158,I0097,1,1.0,2026-02-26 19:39:09+00:00
U0158,I0112,1,1.0,2026-03-13 21:07:09+00:00
U0159,I0003,1,3.0,2026-03-06 16:11:09+00:00
U0159,I0026,1,1.0,2026-04-19 20:47:09+00:00
U0159,I0029,1,1.0,2026-02-03 21:27:09+00:00
U0159,I0038,1,1.0,2026-04-19 09:38:09+00:00
U0159,I0048,1,1.0,2026-04-08 16:06:09+00:00
U0159,I0058,2,3.0,2026-03-03 17:53:09+00:00
U0159,I0062,1,5.0,2026-03-24 16:19:09+00:00
U0159,I0070,1,1.0,2026-03-29 10:04:09+00:00
U0159,I0077,1,4.0,2026-03-12 20:15:09+00:00
U0159,I0096,1,1.0,2026-04-22 16:27:09+00:00
U0160,I0040,1,4.0,2026-02-27 06:02:09+00:00
U0160,I0053,1,1.0,2026-03-13 04:45:09+00:00
U0160,I0078,1,1.0,2026-04-18 21:39:09+00:00
U0160,I0081,1,5.0,2026-04-26 06:49:09+00:00
U0160,I0096,1,1.0,2026-04-17 04:57:09+00:00
U0160,I0102,1,5.0,2026-04-02 23:56:09+00:00
U0160,I0104,2,5.0,2026-04-24 10:17:09+00:00
U0160,I0107,1,3.0,2026-04-20 15:33:09+00:00
U0161,I0006,2,3.0,2026-04-22 03:06:09+00:00
U0161,I0014,2,5.0,2026-04-18 14:10:09+00:00
U0161,I0018,2,5.0,2026-04-08 00:23:09+00:00
U0161,I0019,1,1.0,2026-04-08 16:47:09+00:00
U0161,I0032,2,3.0,2026-04-25 20:46:09+00:00
U0161,I0068,1,1.0,2026-04-16 07:25:09+00:00
U0161,I0072,1,5.0,2026-02-09 09:36:09+00:00
U0161,I0079,1,3.0,2026-04-26 19:51:09+00:00
U0161,I0085,1,3.0,2026-02-11 14:42:09+00:00
U0161,I0087,2,1.0,2026-02-18 04:17:09+00:00
U0161,I0104,1,3.0,2026-03-10 02:28:09+00:00
U0161,I0107,1,1.0,2026-03-23 06:46:09+00:00
U0161,I0116,1,3.0,2026-02-28 10:48:09+00:00
U0162,I0001,2,5.0,2026-04-22 07:42:09+00:00
U0162,I0003,1,1.0,2026-03-10 20:29:09+00:00
U0162,I0009,1,1.0,2026-03-12 20:11:09+00:00
U0162,I0026,1,5.0,2026-02-18 09:47:09+00:00
U0162,I0038,1,1.0,2026-03-18 19:45:09+00:00
U0162,I0042,1,5.0,2026-02-23 20:47:09+00:00
U0162,I0080,1,1.0,2026-02-10 04:08:09+00:00
U0162,I0082,1,1.0,2026-03-11 22:18:09+00:00
U0162,I0083,1,1.0,2026-04-03 23:00:09+00:00
U0162,I0103,1,5.0,2026-04-22 22:51:09+00:00
U0162,I0110,1,1.0,2026-04-24 00:36:09+00:00
U0163,I0011,1,1.0,2026-02-18 15:41:09+00:00
U0163,I0012,1,1.0,2026-02-16 03:11:09+00:00
U0163,I0022,1,1.0,2026-02-01 22:20:09+00:00
U0163,I0024,1,5.0,2026-04-01 23:19:09+00:00
U0163,I0037,2,1.0,2026-04-24 15:37:09+00:00
U0163,I0064,1,1.0,2026-04-02 05:23:09+00:00
U0163,I0066,1,1.0,2026-04-07 07:03:09+00:00
U0163,I0100,4,4.0,2026-04-17 22:43:09+00:00
U0163,I0108,1,3.0,2026-03-29 17:21:09+00:00
U0164,I0011,1,5.0,2026-03-12 19:00:09+00:00
U0164,I0028,3,5.0,2026-04-09 21:21:09+00:00
U0164,I0066,2,1.0,2026-04-16 16:15:09+00:00
U0164,I0083,2,5.0,2026-04-02 10:15:09+00:00
U0164,I0094,1,1.0,2026-04-05 22:21:09+00:00
U0164,I0100,1,1.0,2026-02-28 23:42:09+00:00
U0164,I0104,1,5.0,2026-03-16 01:06:09+00:00
U0164,I0106,1,1.0,2026-04-13 00:03:09+00:00
U0165,I0007,2,5.0,2026-03-26 23:31:09+00:00
U0165,I0018,1,1.0,2026-03-31 07:42:09+00:00
U0165,I0033,1,1.0,2026-02-02 00:05:09+00:00
U0165,I0036,1,1.0,2026-02-11 16:57:09+00:00
U0165,I0040,1,3.0,2026-02-24 09:29:09+00:00
U0165,I0048,1,1.0,2026-03-22 05:39:09+00:00
U0165,I0056,1,3.0,2026-03-10 21:17:09+00:00
U0165,I0064,1,1.0,2026-03-21 23:30:09+00:00
U0165,I0069,1,4.0,2026-03-13 20:43:09+00:00
U0166,I0006,1,5.0,2026-03-28 05:35:09+00:00
U0166,I0014,1,1.0,2026-03-16 03:55:09+00:00
U0166,I0032,2,1.0,2026-04-18 07:51:09+00:00
U0166,I0039,1,1.0,2026-04-16 16:11:09+00:00
U0166,I0046,1,1.0,2026-04-02 05:53:09+00:00
U0166,I0053,1,4.0,2026-04-29 09:24:09+00:00
U0166,I0058,1,3.0,2026-04-05 00:59:09+00:00
U0166,I0071,1,3.0,2026-04-07 06:13:09+00:00
U0166,I0074,1,1.0,2026-03-10 16:21:09+00:00
U0166,I0077,1,5.0,2026-04-03 22:11:09+00:00
U0166,I0081,1,1.0,2026-03-11 19:33:09+00:00
U0166,I0085,1,5.0,2026-03-27 17:59:09+00:00
U0166,I0087,2,3.0,2026-04-13 21:49:09+00:00
U0166,I0104,1,5.0,2026-02-21 22:06:09+00:00
U0166,I0107,1,5.0,2026-03-03 10:23:09+00:00
U0166,I0120,2,5.0,2026-04-25 05:40:09+00:00
U0167,I0013,2,5.0,2026-03-03 03:07:09+00:00
U0167,I0014,2,1.0,2026-03-18 13:08:09+00:00
U0167,I0015,2,4.0,2026-03-03 03:28:09+00:00
U0167,I0020,1,3.0,2026-03-27 13:19:09+00:00
U0167,I0033,1,1.0,2026-03-04 08:55:09+00:00
U0167,I0039,1,1.0,2026-02-02 09:14:09+00:00
U0167,I0043,1,4.0,2026-02-07 01:06:09+00:00
U0167,I0055,1,5.0,2026-03-18 17:49:09+00:00
U0167,I0071,1,5.0,2026-03-30 00:55:09+00:00
U0167,I0074,1,3.0,2026-03-05 02:03:09+00:00
U0167,I0085,1,1.0,2026-03-04 23:49:09+00:00
U0167,I0100,1,1.0,2026-02-23 10:08:09+00:00
U0167,I0107,1,1.0,2026-04-12 10:23:09+00:00
U0167,I0116,1,1.0,2026-04-14 09:48:09+00:00
U0167,I0120,2,4.0,2026-04-06 17:08:09+00:00
U0168,I0023,1,1.0,2026-04-09 10:48:09+00:00
U0168,I0030,1,1.0,2026-02-09 03:52:09+00:00
U0168,I0036,1,1.0,2026-03-17 00:55:09+00:00
U0168,I0051,2,1.0,2026-03-19 21:09:09+00:00
U0168,I0058,1,4.0,2026-02-12 12:29:09+00:00
U0168,I0060,2,1.0,2026-03-21 16:12:09+00:00
U0168,I0065,1,1.0,2026-03-08 02:25:09+00:00
U0168,I0073,1,1.0,2026-03-19 07:37:09+00:00
U0168,I0090,1,1.0,2026-03-15 13:34:09+00:00
U0168,I0097,2,1.0,2026-04-04 05:07:09+00:00
U0168,I0099,1,3.0,2026-02-28 20:16:09+00:00
U0168,I0114,2,4.0,2026-04-13 13:23:09+00:00
U0168,I0116,1,1.0,2026-03-27 14:18:09+00:00
U0169,I0012,1,1.0,2026-04-19 01:10:09+00:00
U0169,I0018,1,5.0,2026-02-11 00:21:09+00:00
U0169,I0037,2,4.0,2026-03-01 23:18:09+00:00
U0169,I0047,1,3.0,2026-04-19 19:14:09+00:00
U0169,I0064,2,3.0,2026-04-02 17:33:09+00:00
U0169,I0075,1,1.0,2026-03-29 03:54:09+00:00
U0169,I0106,1,1.0,2026-02-14 07:48:09+00:00
U0170,I0004,1,4.0,2026-02-09 13:10:09+00:00
U0170,I0010,1,5.0,2026-03-18 09:15:09+00:00
U0170,I0030,1,3.0,2026-03-18 16:21:09+00:00
U0170,I0059,1,1.0,2026-03-31 18:03:09+00:00
U0170,I0063,1,1.0,2026-03-31 11:57:09+00:00
U0170,I0065,1,3.0,2026-04-12 01:14:09+00:00
U0170,I0097,1,5.0,2026-02-11 15:22:09+00:00
U0170,I0114,1,1.0,2026-02-11 18:38:09+00:00
U0170,I0115,1,1.0,2026-04-22 15:29:09+00:00
U0171,I0004,2,4.0,2026-04-15 05:54:09+00:00
U0171,I0015,1,1.0,2026-03-19 19:21:09+00:00
U0171,I0019,1,5.0,2026-04-18 04:34:09+00:00
U0171,I0020,1,3.0,2026-04-13 00:11:09+00:00
U0171,I0023,1,1.0,2026-03-02 11:03:09+00:00
U0171,I0025,1,3.0,2026-02-11 23:12:09+00:00
U0171,I0052,1,5.0,2026-03-02 09:37:09+00:00
U0171,I0063,1,3.0,2026-04-05 22:37:09+00:00
U0171,I0068,1,1.0,2026-02-19 04:24:09+00:00
U0171,I0091,1,1.0,2026-03-27 23:06:09+00:00
U0171,I0093,1,4.0,2026-02-15 10:15:09+00:00
U0171,I0103,1,1.0,2026-04-02 22:16:09+00:00
U0172,I0013,1,1.0,2026-03-05 14:46:09+00:00
U0172,I0015,2,5.0,2026-04-03 19:25:09+00:00
U0172,I0036,1,3.0,2026-03-16 23:48:09+00:00
U0172,I0065,1,5.0,2026-02-26 20:54:09+00:00
U0172,I0071,1,1.0,2026-04-05 04:38:09+00:00
U0172,I0072,1,3.0,2026-04-13 00:12:09+00:00
U0172,I0073,2,5.0,2026-04-27 02:00:09+00:00
U0172,I0074,2,1.0,2026-04-19 21:59:09+00:00
U0172,I0081,1,1.0,2026-04-12 05:02:09+00:00
U0172,I0108,1,1.0,2026-02-02 10:13:09+00:00
U0172,I0116,2,5.0,2026-03-05 12:09:09+00:00
U0173,I0004,1,3.0,2026-02-16 09:38:09+00:00
U0173,I0013,1,1.0,2026-04-18 06:18:09+00:00
U0173,I0021,1,3.0,2026-04-20 04:01:09+00:00
U0173,I0043,1,1.0,2026-02-26 20:30:09+00:00
U0173,I0053,1,3.0,2026-03-26 22:21:09+00:00
U0173,I0054,1,1.0,2026-04-23 06:32:09+00:00
U0173,I0057,1,1.0,2026-03-26 07:58:09+00:00
U0173,I0063,1,5.0,2026-03-08 23:24:09+00:00
U0173,I0075,1,1.0,2026-02-18 15:21:09+00:00
U0173,I0078,1,3.0,2026-04-20 11:19:09+00:00
U0173,I0091,1,1.0,2026-02-03 15:32:09+00:00
U0173,I0103,1,5.0,2026-04-12 07:50:09+00:00
U0173,I0107,1,1.0,2026-04-08 06:39:09+00:00
U0173,I0108,2,1.0,2026-04-11 08:47:09+00:00
U0173,I0113,1,1.0,2026-04-06 02:13:09+00:00
U0173,I0115,1,1.0,2026-02-11 11:02:09+00:00
U0173,I0120,1,1.0,2026-02-21 06:32:09+00:00
U0174,I0004,1,3.0,2026-04-24 06:25:09+00:00
U0174,I0007,1,5.0,2026-03-26 10:44:09+00:00
U0174,I0029,1,3.0,2026-04-18 21:43:09+00:00
U0174,I0033,1,5.0,2026-03-17 16:17:09+00:00
U0174,I0040,2,5.0,2026-04-17 07:14:09+00:00
U0174,I0046,2,3.0,2026-04-18 08:23:09+00:00
U0174,I0048,1,5.0,2026-03-10 09:06:09+00:00
U0174,I0056,1,1.0,2026-04-21 18:03:09+00:00
U0174,I0061,1,1.0,2026-02-11 14:29:09+00:00
U0174,I0072,1,1.0,2026-02-08 15:53:09+00:00
U0174,I0086,1,3.0,2026-04-07 11:33:09+00:00
U0174,I0091,1,1.0,2026-04-09 06:14:09+00:00
U0174,I0092,1,3.0,2026-03-24 19:02:09+00:00
U0174,I0098,1,1.0,2026-04-15 13:20:09+00:00
U0174,I0116,1,1.0,2026-04-10 19:59:09+00:00
U0174,I0118,1,3.0,2026-03-05 01:50:09+00:00
U0175,I0022,1,1.0,2026-03-23 22:22:09+00:00
U0175,I0023,1,3.0,2026-02-12 01:30:09+00:00
U0175,I0030,1,5.0,2026-04-27 20:39:09+00:00
U0175,I0034,1,1.0,2026-04-05 16:11:09+00:00
U0175,I0044,1,1.0,2026-04-19 06:18:09+00:00
U0175,I0051,1,3.0,2026-02-28 04:45:09+00:00
U0175,I0057,1,1.0,2026-03-22 00:55:09+00:00
U0175,I0060,1,4.0,2026-03-13 14:11:09+00:00
U0175,I0065,1,5.0,2026-03-03 23:26:09+00:00
U0175,I0092,1,3.0,2026-04-28 20:01:09+00:00
U0175,I0093,1,1.0,2026-04-04 20:44:09+00:00
U0175,I0097,2,4.0,2026-04-03 09:33:09+00:00
U0175,I0111,1,1.0,2026-04-28 05:39:09+00:00
U0176,I0015,1,1.0,2026-02-10 00:12:09+00:00
U0176,I0031,1,1.0,2026-02-20 15:21:09+00:00
U0176,I0035,1,3.0,2026-02-06 01:14:09+00:00
U0176,I0040,1,1.0,2026-02-04 09:46:09+00:00
U0176,I0044,1,1.0,2026-03-19 00:42:09+00:00
U0176,I0056,1,1.0,2026-02-21 10:03:09+00:00
U0176,I0059,1,1.0,2026-02-07 12:24:09+00:00
U0176,I0061,1,4.0,2026-04-03 04:49:09+00:00
U0176,I0076,1,3.0,2026-04-27 08:59:09+00:00
U0176,I0086,1,4.0,2026-04-04 06:06:09+00:00
U0176,I0100,1,5.0,2026-04-17 15:54:09+00:00
U0176,I0118,4,5.0,2026-03-15 04:34:09+00:00
U0177,I0017,1,1.0,2026-04-06 12:11:09+00:00
U0177,I0019,1,5.0,2026-03-06 18:47:09+00:00
U0177,I0020,1,2.0,2026-03-22 21:52:09+00:00
U0177,I0027,1,1.0,2026-02-10 14:57:09+00:00
U0177,I0062,1,1.0,2026-02-24 23:07:09+00:00
U0177,I0063,1,3.0,2026-02-26 14:44:09+00:00
U0177,I0088,1,5.0,2026-04-16 19:28:09+00:00
U0177,I0091,1,3.0,2026-04-17 10:24:09+00:00
U0177,I0100,1,3.0,2026-03-10 08:55:09+00:00
U0177,I0103,1,3.0,2026-04-14 00:51:09+00:00
U0177,I0108,1,1.0,2026-02-11 06:02:09+00:00
U0177,I0115,1,5.0,2026-01-31 08:49:09+00:00
U0178,I0003,1,1.0,2026-02-12 08:09:09+00:00
U0178,I0011,1,1.0,2026-04-11 11:45:09+00:00
U0178,I0028,1,3.0,2026-03-08 19:18:09+00:00
U0178,I0037,1,1.0,2026-03-09 02:28:09+00:00
U0178,I0040,1,3.0,2026-03-02 02:01:09+00:00
U0178,I0047,1,3.0,2026-04-03 08:11:09+00:00
U0178,I0064,1,5.0,2026-03-25 02:39:09+00:00
U0178,I0089,1,5.0,2026-02-25 07:21:09+00:00
U0178,I0100,1,1.0,2026-03-19 18:09:09+00:00
U0178,I0104,1,2.0,2026-02-20 01:59:09+00:00
U0178,I0110,2,2.0,2026-03-19 04:59:09+00:00
U0178,I0113,1,4.0,2026-04-18 22:58:09+00:00
U0178,I0118,1,1.0,2026-02-08 01:39:09+00:00
U0178,I0120,1,5.0,2026-02-19 21:24:09+00:00
U0179,I0013,1,1.0,2026-03-16 06:35:09+00:00
U0179,I0023,1,1.0,2026-04-20 21:55:09+00:00
U0179,I0036,1,5.0,2026-03-05 17:45:09+00:00
U0179,I0041,1,3.0,2026-03-08 16:33:09+00:00
U0179,I0051,3,5.0,2026-04-06 21:49:09+00:00
U0179,I0060,2,1.0,2026-04-02 19:26:09+00:00
U0179,I0065,1,1.0,2026-04-28 14:50:09+00:00
U0179,I0078,1,5.0,2026-02-03 14:32:09+00:00
U0179,I0081,1,4.0,2026-02-05 06:21:09+00:00
U0179,I0097,2,5.0,2026-04-09 10:40:09+00:00
U0179,I0099,2,3.0,2026-03-24 17:04:09+00:00
U0179,I0112,1,1.0,2026-04-25 20:57:09+00:00
U0179,I0114,1,3.0,2026-02-25 22:27:09+00:00
U0180,I0023,3,1.0,2026-04-20 05:03:09+00:00
U0180,I0030,1,1.0,2026-04-22 16:05:09+00:00
U0180,I0034,1,1.0,2026-04-09 01:52:09+00:00
U0180,I0036,1,1.0,2026-02-02 18:44:09+00:00
U0180,I0038,1,1.0,2026-04-19 23:40:09+00:00
U0180,I0041,1,1.0,2026-04-16 05:01:09+00:00
U0180,I0049,1,5.0,2026-04-09 01:07:09+00:00
U0180,I0051,1,1.0,2026-02-22 08:21:09+00:00
U0180,I0060,1,1.0,2026-04-17 05:07:09+00:00
U0180,I0065,1,3.0,2026-04-28 18:36:09+00:00
U0180,I0093,1,1.0,2026-04-20 22:34:09+00:00
U0180,I0097,2,3.0,2026-02-22 09:06:09+00:00
U0180,I0099,1,5.0,2026-04-28 09:14:09+00:00
U0180,I0112,1,3.0,2026-03-07 11:47:09+00:00
U0180,I0115,1,1.0,2026-02-02 10:52:09+00:00
U0181,I0001,1,5.0,2026-04-03 05:04:09+00:00
U0181,I0002,1,3.0,2026-03-05 15:36:09+00:00
U0181,I0018,1,1.0,2026-04-06 07:04:09+00:00
U0181,I0026,1,1.0,2026-04-07 02:16:09+00:00
U0181,I0027,1,1.0,2026-02-07 05:43:09+00:00
U0181,I0038,2,3.0,2026-03-21 20:16:09+00:00
U0181,I0042,2,5.0,2026-04-28 13:34:09+00:00
U0181,I0056,1,1.0,2026-01-30 21:31:09+00:00
U0181,I0057,1,3.0,2026-04-03 18:08:09+00:00
U0181,I0080,1,1.0,2026-03-12 21:39:09+00:00
U0181,I0109,2,5.0,2026-03-13 05:07:09+00:00
U0182,I0006,1,5.0,2026-02-20 04:30:09+00:00
U0182,I0010,1,2.0,2026-04-05 02:41:09+00:00
U0182,I0013,1,1.0,2026-03-24 15:58:09+00:00
U0182,I0017,1,1.0,2026-03-10 17:38:09+00:00
U0182,I0028,1,1.0,2026-03-12 17:09:09+00:00
U0182,I0040,1,3.0,2026-03-01 23:18:09+00:00
U0182,I0068,1,1.0,2026-02-09 02:18:09+00:00
U0182,I0074,3,1.0,2026-04-01 15:50:09+00:00
U0182,I0083,1,1.0,2026-04-16 18:02:09+00:00
U0182,I0101,1,4.0,2026-03-03 08:01:09+00:00
U0182,I0107,2,5.0,2026-04-04 04:47:09+00:00
U0182,I0117,1,1.0,2026-03-18 17:10:09+00:00
U0183,I0013,1,3.0,2026-02-08 15:14:09+00:00
U0183,I0018,2,5.0,2026-03-21 21:59:09+00:00
U0183,I0035,1,1.0,2026-02-27 02:06:09+00:00
U0183,I0048,2,3.0,2026-04-30 03:59:09+00:00
U0183,I0069,1,1.0,2026-02-27 08:29:09+00:00
U0183,I0082,1,5.0,2026-03-10 12:35:09+00:00
U0183,I0085,1,1.0,2026-02-19 15:53:09+00:00
U0183,I0098,1,1.0,2026-04-02 13:04:09+00:00
U0183,I0118,1,3.0,2026-03-14 03:39:09+00:00
U0184,I0010,1,3.0,2026-03-25 22:33:09+00:00
U0184,I0013,1,1.0,2026-04-06 08:19:09+00:00
U0184,I0014,1,1.0,2026-02-05 19:51:09+00:00
U0184,I0020,1,5.0,2026-03-27 21:57:09+00:00
U0184,I0039,2,1.0,2026-02-15 00:20:09+00:00
U0184,I0056,1,3.0,2026-02-27 10:40:09+00:00
U0184,I0068,1,3.0,2026-02-15 23:34:09+00:00
U0184,I0071,1,1.0,2026-03-24 12:52:09+00:00
U0184,I0101,1,3.0,2026-03-06 18:30:09+00:00
U0184,I0102,1,1.0,2026-04-17 12:29:09+00:00
U0184,I0110,1,1.0,2026-02-01 21:21:09+00:00
U0184,I0112,1,1.0,2026-04-28 09:56:09+00:00
U0184,I0116,1,1.0,2026-04-20 23:01:09+00:00
U0185,I0017,1,1.0,2026-03-26 10:09:09+00:00
U0185,I0019,2,3.0,2026-04-12 22:56:09+00:00
U0185,I0020,1,1.0,2026-04-17 21:10:09+00:00
U0185,I0025,1,4.0,2026-02-02 23:44:09+00:00
U0185,I0045,1,1.0,2026-03-23 12:39:09+00:00
U0185,I0050,1,1.0,2026-02-10 21:18:09+00:00
U0185,I0091,2,1.0,2026-02-20 17:21:09+00:00
U0186,I0024,1,1.0,2026-02-23 08:51:09+00:00
U0186,I0027,1,1.0,2026-03-01 19:54:09+00:00
U0186,I0028,1,1.0,2026-02-17 06:18:09+00:00
U0186,I0035,1,3.0,2026-03-26 14:55:09+00:00
U0186,I0064,1,5.0,2026-04-24 09:51:09+00:00
U0186,I0075,1,1.0,2026-04-03 19:05:09+00:00
U0186,I0089,2,1.0,2026-04-26 01:56:09+00:00
U0186,I0092,1,1.0,2026-04-06 19:07:09+00:00
U0186,I0094,1,3.0,2026-02-19 04:20:09+00:00
U0186,I0100,1,3.0,2026-02-13 02:26:09+00:00
U0186,I0106,3,2.0,2026-04-12 05:39:09+00:00
U0186,I0110,1,3.0,2026-02-03 17:54:09+00:00
U0186,I0111,1,3.0,2026-03-02 11:25:09+00:00
U0187,I0007,2,3.0,2026-04-22 01:39:09+00:00
U0187,I0018,2,5.0,2026-04-14 09:05:09+00:00
U0187,I0041,1,1.0,2026-03-05 23:50:09+00:00
U0187,I0046,1,1.0,2026-03-04 15:08:09+00:00
U0187,I0048,1,1.0,2026-02-05 03:09:09+00:00
U0187,I0049,2,5.0,2026-04-19 18:15:09+00:00
U0187,I0053,1,1.0,2026-02-25 09:35:09+00:00
U0187,I0055,3,3.0,2026-04-27 07:32:09+00:00
U0187,I0056,1,1.0,2026-02-04 06:50:09+00:00
U0187,I0061,1,1.0,2026-04-15 02:22:09+00:00
U0187,I0062,1,5.0,2026-03-18 14:45:09+00:00
U0187,I0079,1,1.0,2026-03-09 07:17:09+00:00
U0187,I0084,1,1.0,2026-01-31 14:33:09+00:00
U0187,I0086,1,1.0,2026-02-21 08:19:09+00:00
U0187,I0093,1,1.0,2026-02-20 17:03:09+00:00
U0187,I0115,1,3.0,2026-02-08 14:06:09+00:00
U0187,I0118,1,3.0,2026-02-15 03:54:09+00:00
U0187,I0120,1,1.0,2026-03-16 16:03:09+00:00
U0188,I0007,1,5.0,2026-03-07 08:52:09+00:00
U0188,I0016,1,1.0,2026-04-20 04:03:09+00:00
U0188,I0029,1,5.0,2026-04-06 22:18:09+00:00
U0188,I0031,1,5.0,2026-03-12 18:51:09+00:00
U0188,I0033,1,4.0,2026-03-21 07:51:09+00:00
U0188,I0035,1,3.0,2026-02-07 21:31:09+00:00
U0188,I0040,1,3.0,2026-03-08 15:55:09+00:00
U0188,I0046,1,1.0,2026-03-24 09:13:09+00:00
U0188,I0049,1,1.0,2026-03-10 11:33:09+00:00
U0188,I0053,1,4.0,2026-02-09 12:07:09+00:00
U0188,I0055,1,5.0,2026-02-28 22:12:09+00:00
U0188,I0061,2,4.0,2026-03-20 14:38:09+00:00
U0188,I0084,1,5.0,2026-02-23 07:18:09+00:00
U0188,I0085,1,3.0,2026-04-26 13:52:09+00:00
U0188,I0096,1,1.0,2026-04-09 18:25:09+00:00
U0188,I0105,1,4.0,2026-04-03 10:18:09+00:00
U0188,I0111,1,1.0,2026-02-03 13:17:09+00:00
U0188,I0120,1,5.0,2026-04-04 08:22:09+00:00
U0189,I0008,1,4.0,2026-04-03 03:04:09+00:00
U0189,I0026,1,1.0,2026-03-06 02:23:09+00:00
U0189,I0028,2,4.0,2026-04-14 14:13:09+00:00
U0189,I0029,1,1.0,2026-04-07 09:57:09+00:00
U0189,I0035,1,5.0,2026-04-11 04:20:09+00:00
U0189,I0053,1,1.0,2026-03-30 23:36:09+00:00
U0189,I0066,1,1.0,2026-02-21 12:14:09+00:00
U0189,I0083,1,1.0,2026-03-09 13:12:09+00:00
U0189,I0093,2,1.0,2026-03-06 06:37:09+00:00
U0189,I0094,1,1.0,2026-03-08 04:40:09+00:00
U0189,I0097,1,1.0,2026-03-31 17:55:09+00:00
U0189,I0104,1,3.0,2026-03-10 15:53:09+00:00
U0189,I0110,1,1.0,2026-02-28 12:22:09+00:00
U0190,I0003,2,1.0,2026-04-07 19:20:09+00:00
U0190,I0009,1,1.0,2026-04-28 16:12:09+00:00
U0190,I0012,1,5.0,2026-02-09 17:03:09+00:00
U0190,I0016,1,1.0,2026-02-09 19:45:09+00:00
U0190,I0026,1,3.0,2026-02-08 05:07:09+00:00
U0190,I0035,1,2.0,2026-03-13 02:05:09+00:00
U0190,I0051,1,1.0,2026-02-12 08:02:09+00:00
U0190,I0058,1,1.0,2026-03-28 02:56:09+00:00
U0190,I0059,1,3.0,2026-04-26 03:33:09+00:00
U0190,I0077,1,1.0,2026-02-02 20:58:09+00:00
U0190,I0080,1,1.0,2026-04-26 09:57:09+00:00
U0190,I0081,1,3.0,2026-04-19 19:54:09+00:00
U0190,I0096,1,4.0,2026-03-09 18:33:09+00:00
U0190,I0099,1,1.0,2026-02-04 06:03:09+00:00
U0190,I0103,1,3.0,2026-03-06 14:05:09+00:00
U0190,I0105,1,1.0,2026-04-01 11:24:09+00:00
U0190,I0109,1,1.0,2026-02-17 13:54:09+00:00
U0191,I0004,1,1.0,2026-02-08 18:22:09+00:00
U0191,I0013,1,3.0,2026-04-15 01:53:09+00:00
U0191,I0016,1,4.0,2026-02-17 10:09:09+00:00
U0191,I0033,1,4.0,2026-04-25 10:46:09+00:00
U0191,I0035,1,1.0,2026-02-08 23:08:09+00:00
U0191,I0048,1,1.0,2026-04-09 19:07:09+00:00
U0191,I0049,3,1.0,2026-03-29 01:58:09+00:00
U0191,I0055,1,3.0,2026-02-27 11:48:09+00:00
U0191,I0061,2,4.0,2026-03-16 04:32:09+00:00
U0191,I0087,1,1.0,2026-04-06 07:09:09+00:00
U0191,I0111,1,1.0,2026-04-02 20:16:09+00:00
U0192,I0016,1,1.0,2026-02-04 01:14:09+00:00
U0192,I0019,1,3.0,2026-02-02 21:38:09+00:00
U0192,I0035,1,1.0,2026-03-03 00:14:09+00:00
U0192,I0052,1,5.0,2026-03-18 13:38:09+00:00
U0192,I0062,1,1.0,2026-04-30 16:09:09+00:00
U0192,I0085,1,1.0,2026-04-24 08:31:09+00:00
U0192,I0092,1,1.0,2026-03-31 04:19:09+00:00
U0193,I0007,1,1.0,2026-02-15 23:17:09+00:00
U0193,I0008,1,5.0,2026-04-08 12:34:09+00:00
U0193,I0015,1,1.0,2026-04-02 08:07:09+00:00
U0193,I0024,3,3.0,2026-04-04 01:56:09+00:00
U0193,I0026,1,1.0,2026-02-15 03:30:09+00:00
U0193,I0037,1,3.0,2026-02-19 11:51:09+00:00
U0193,I0059,1,1.0,2026-02-23 19:17:09+00:00
U0193,I0064,2,3.0,2026-02-24 05:16:09+00:00
U0193,I0066,1,1.0,2026-04-14 19:01:09+00:00
U0193,I0089,1,3.0,2026-03-29 08:35:09+00:00
U0193,I0100,1,1.0,2026-03-16 19:24:09+00:00
U0193,I0113,1,5.0,2026-02-05 15:23:09+00:00
U0194,I0006,1,1.0,2026-03-10 10:35:09+00:00
U0194,I0019,1,3.0,2026-04-25 23:01:09+00:00
U0194,I0031,1,5.0,2026-02-18 23:59:09+00:00
U0194,I0040,1,1.0,2026-04-26 06:51:09+00:00
U0194,I0046,2,5.0,2026-04-18 20:22:09+00:00
U0194,I0055,1,5.0,2026-04-09 08:22:09+00:00
U0194,I0056,1,1.0,2026-03-17 15:51:09+00:00
U0194,I0059,1,3.0,2026-02-18 12:31:09+00:00
U0194,I0069,1,1.0,2026-03-19 19:37:09+00:00
U0194,I0076,2,3.0,2026-02-06 14:49:09+00:00
U0194,I0084,1,1.0,2026-02-17 08:57:09+00:00
U0194,I0086,1,1.0,2026-04-17 00:15:09+00:00
U0194,I0091,1,3.0,2026-02-01 22:36:09+00:00
U0194,I0118,1,3.0,2026-03-29 08:25:09+00:00
U0194,I0119,1,5.0,2026-03-17 11:38:09+00:00
U0195,I0011,1,1.0,2026-04-06 10:28:09+00:00
U0195,I0037,2,1.0,2026-04-12 02:23:09+00:00
U0195,I0054,1,5.0,2026-04-20 14:44:09+00:00
U0195,I0060,1,1.0,2026-02-19 06:47:09+00:00
U0195,I0066,1,1.0,2026-02-09 03:38:09+00:00
U0195,I0075,1,5.0,2026-04-03 03:01:09+00:00
U0195,I0078,1,1.0,2026-03-16 01:25:09+00:00
U0195,I0100,1,1.0,2026-04-03 02:31:09+00:00
U0196,I0030,2,1.0,2026-04-27 08:46:09+00:00
U0196,I0036,1,4.0,2026-04-23 18:28:09+00:00
U0196,I0041,1,5.0,2026-02-25 17:24:09+00:00
U0196,I0051,1,1.0,2026-02-08 20:59:09+00:00
U0196,I0065,1,5.0,2026-04-20 15:03:09+00:00
U0196,I0066,1,1.0,2026-04-17 07:46:09+00:00
U0196,I0067,1,5.0,2026-02-09 14:38:09+00:00
U0196,I0076,1,1.0,2026-03-05 06:07:09+00:00
U0196,I0083,1,3.0,2026-02-25 22:00:09+00:00
U0196,I0112,2,5.0,2026-04-08 23:12:09+00:00
U0196,I0114,1,1.0,2026-02-07 08:06:09+00:00
U0197,I0009,1,1.0,2026-02-02 16:28:09+00:00
U0197,I0016,1,5.0,2026-04-30 10:29:09+00:00
U0197,I0029,1,1.0,2026-04-13 17:12:09+00:00
U0197,I0030,1,1.0,2026-03-31 18:03:09+00:00
U0197,I0044,2,1.0,2026-03-25 07:59:09+00:00
U0197,I0072,1,5.0,2026-03-16 11:08:09+00:00
U0197,I0079,1,1.0,2026-02-15 06:16:09+00:00
U0197,I0080,1,5.0,2026-03-19 14:30:09+00:00
U0197,I0082,1,5.0,2026-02-05 01:09:09+00:00
U0197,I0096,1,1.0,2026-03-24 16:26:09+00:00
U0198,I0006,1,1.0,2026-03-20 22:51:09+00:00
U0198,I0007,1,1.0,2026-02-09 13:08:09+00:00
U0198,I0014,1,1.0,2026-02-19 22:11:09+00:00
U0198,I0021,1,5.0,2026-03-21 08:37:09+00:00
U0198,I0024,1,1.0,2026-03-15 23:10:09+00:00
U0198,I0031,1,4.0,2026-03-21 13:22:09+00:00
U0198,I0056,2,3.0,2026-03-31 18:08:09+00:00
U0198,I0069,1,1.0,2026-04-05 02:33:09+00:00
U0198,I0073,1,5.0,2026-02-20 18:17:09+00:00
U0198,I0076,1,1.0,2026-02-15 20:01:09+00:00
U0198,I0098,2,5.0,2026-04-19 11:05:09+00:00
U0198,I0103,1,1.0,2026-04-15 11:05:09+00:00
U0199,I0014,1,1.0,2026-03-08 05:28:09+00:00
U0199,I0074,1,1.0,2026-03-19 07:03:09+00:00
U0199,I0087,2,1.0,2026-02-12 09:53:09+00:00
U0199,I0101,1,1.0,2026-02-19 03:33:09+00:00
U0199,I0112,1,1.0,2026-02-23 23:18:09+00:00
U0199,I0116,1,1.0,2026-04-09 15:17:09+00:00
U0199,I0120,2,3.0,2026-03-15 19:42:09+00:00
U0200,I0018,1,4.0,2026-02-02 18:29:09+00:00
U0200,I0029,1,3.0,2026-04-14 13:56:09+00:00
U0200,I0048,1,1.0,2026-03-26 03:30:09+00:00
U0200,I0055,1,3.0,2026-04-29 23:25:09+00:00
U0200,I0069,1,5.0,2026-03-23 22:04:09+00:00
U0200,I0081,1,5.0,2026-04-22 15:14:09+00:00
U0200,I0098,1,1.0,2026-04-26 13:59:09+00:00
U0200,I0111,1,1.0,2026-02-16 09:05:09+00:00
U0201,I0015,1,1.0,2026-03-10 01:33:09+00:00
U0201,I0020,1,5.0,2026-03-05 11:00:09+00:00
U0201,I0025,2,3.0,2026-02-24 14:04:09+00:00
U0201,I0057,1,1.0,2026-04-13 18:53:09+00:00
U0201,I0062,1,1.0,2026-04-02 01:24:09+00:00
U0201,I0063,1,5.0,2026-02-28 16:30:09+00:00
U0201,I0074,1,4.0,2026-02-10 22:57:09+00:00
U0201,I0103,1,1.0,2026-02-02 14:47:09+00:00
U0201,I0108,1,1.0,2026-03-21 17:32:09+00:00
U0202,I0008,1,1.0,2026-04-12 23:29:09+00:00
U0202,I0010,1,5.0,2026-03-08 00:47:09+00:00
U0202,I0014,2,4.0,2026-04-29 15:05:09+00:00
U0202,I0032,2,1.0,2026-04-27 20:51:09+00:00
U0202,I0039,1,5.0,2026-04-11 21:34:09+00:00
U0202,I0043,1,1.0,2026-02-09 22:56:09+00:00
U0202,I0051,1,3.0,2026-03-01 08:09:09+00:00
U0202,I0052,1,1.0,2026-04-28 08:41:09+00:00
U0202,I0053,1,1.0,2026-03-24 06:41:09+00:00
U0202,I0068,1,1.0,2026-04-25 04:25:09+00:00
U0202,I0071,1,5.0,2026-03-08 03:45:09+00:00
U0202,I0074,4,3.0,2026-03-24 16:28:09+00:00
U0202,I0085,1,5.0,2026-02-04 04:47:09+00:00
U0202,I0087,1,1.0,2026-02-27 09:30:09+00:00
U0202,I0098,1,1.0,2026-02-25 03:57:09+00:00
U0202,I0104,1,1.0,2026-04-14 22:41:09+00:00
U0202,I0114,1,5.0,2026-03-15 11:36:09+00:00
U0202,I0117,1,5.0,2026-03-21 17:20:09+00:00
U0202,I0120,2,5.0,2026-04-11 12:15:09+00:00
U0203,I0003,1,3.0,2026-03-29 09:18:09+00:00
U0203,I0005,2,4.0,2026-04-21 23:13:09+00:00
U0203,I0016,1,3.0,2026-03-12 06:12:09+00:00
U0203,I0026,1,1.0,2026-03-07 04:45:09+00:00
U0203,I0029,1,5.0,2026-02-03 21:57:09+00:00
U0203,I0038,1,3.0,2026-04-09 01:40:09+00:00
U0203,I0044,1,1.0,2026-02-10 00:27:09+00:00
U0203,I0061,1,5.0,2026-03-07 22:21:09+00:00
U0203,I0075,1,1.0,2026-03-11 07:03:09+00:00
U0203,I0077,1,3.0,2026-03-03 05:56:09+00:00
U0203,I0080,1,3.0,2026-04-25 17:50:09+00:00
U0203,I0081,1,5.0,2026-01-31 05:17:09+00:00
U0203,I0096,2,3.0,2026-04-17 06:06:09+00:00
U0203,I0106,1,1.0,2026-02-28 08:34:09+00:00
U0204,I0002,1,5.0,2026-04-22 10:35:09+00:00
U0204,I0011,1,4.0,2026-04-05 11:30:09+00:00
U0204,I0044,1,1.0,2026-02-04 01:42:09+00:00
U0204,I0059,1,3.0,2026-02-24 09:03:09+00:00
U0204,I0066,1,1.0,2026-02-08 14:58:09+00:00
U0204,I0075,1,1.0,2026-03-23 02:28:09+00:00
U0204,I0078,1,1.0,2026-02-15 02:48:09+00:00
U0204,I0094,2,3.0,2026-04-09 01:30:09+00:00
U0204,I0095,1,1.0,2026-02-22 23:47:09+00:00
U0204,I0110,1,1.0,2026-03-04 22:35:09+00:00
U0205,I0006,2,4.0,2026-02-23 17:17:09+00:00
U0205,I0010,1,3.0,2026-04-20 01:05:09+00:00
U0205,I0032,1,1.0,2026-04-24 07:45:09+00:00
U0205,I0043,1,3.0,2026-03-11 19:26:09+00:00
U0205,I0060,1,1.0,2026-02-19 06:17:09+00:00
U0205,I0068,1,1.0,2026-02-08 14:33:09+00:00
U0205,I0072,2,4.0,2026-04-23 07:34:09+00:00
U0205,I0074,1,1.0,2026-04-23 21:39:09+00:00
U0205,I0107,1,1.0,2026-04-02 12:48:09+00:00
U0206,I0006,1,3.0,2026-04-01 02:45:09+00:00
U0206,I0025,1,1.0,2026-03-29 08:42:09+00:00
U0206,I0036,2,5.0,2026-03-30 10:14:09+00:00
U0206,I0041,1,3.0,2026-04-17 21:08:09+00:00
U0206,I0049,1,5.0,2026-04-07 16:19:09+00:00
U0206,I0051,1,3.0,2026-02-27 02:17:09+00:00
U0206,I0060,1,5.0,2026-02-23 03:39:09+00:00
U0206,I0065,1,1.0,2026-04-03 13:42:09+00:00
U0206,I0077,1,1.0,2026-04-25 00:32:09+00:00
U0206,I0093,1,4.0,2026-04-28 12:36:09+00:00
U0206,I0097,1,1.0,2026-04-15 22:24:09+00:00
U0206,I0099,1,4.0,2026-04-25 01:00:09+00:00
U0206,I0112,1,3.0,2026-03-12 03:32:09+00:00
U0206,I0114,1,1.0,2026-03-06 07:51:09+00:00
U0207,I0002,1,5.0,2026-02-10 01:50:09+00:00
U0207,I0004,1,1.0,2026-04-22 11:55:09+00:00
U0207,I0013,1,1.0,2026-04-22 04:20:09+00:00
U0207,I0015,1,5.0,2026-04-18 23:40:09+00:00
U0207,I0017,1,1.0,2026-04-07 08:22:09+00:00
U0207,I0021,1,5.0,2026-03-10 12:45:09+00:00
U0207,I0022,2,3.0,2026-02-23 18:35:09+00:00
U0207,I0057,1,1.0,2026-04-16 00:41:09+00:00
U0207,I0078,1,3.0,2026-04-26 20:43:09+00:00
U0207,I0091,1,1.0,2026-02-22 16:02:09+00:00
U0207,I0103,1,3.0,2026-03-23 04:07:09+00:00
U0207,I0112,1,4.0,2026-02-19 08:04:09+00:00
U0208,I0007,1,1.0,2026-02-09 05:30:09+00:00
U0208,I0011,1,3.0,2026-02-01 07:37:09+00:00
U0208,I0024,1,1.0,2026-03-14 13:21:09+00:00
U0208,I0037,1,3.0,2026-04-28 08:49:09+00:00
U0208,I0046,1,5.0,2026-02-02 08:20:09+00:00
U0208,I0053,1,4.0,2026-03-25 16:28:09+00:00
U0208,I0064,1,5.0,2026-02-26 15:16:09+00:00
U0208,I0066,2,1.0,2026-04-29 13:33:09+00:00
U0208,I0080,1,3.0,2026-04-26 04:11:09+00:00
U0208,I0092,1,3.0,2026-02-05 12:18:09+00:00
U0208,I0093,1,3.0,2026-03-07 01:46:09+00:00
U0208,I0095,1,1.0,2026-02-12 06:18:09+00:00
U0208,I0100,1,1.0,2026-04-27 10:34:09+00:00
U0208,I0106,1,5.0,2026-02-23 05:29:09+00:00
U0208,I0111,1,3.0,2026-03-13 01:03:09+00:00
U0208,I0120,1,1.0,2026-02-17 20:26:09+00:00
U0209,I0009,2,3.0,2026-04-21 11:19:09+00:00
U0209,I0014,1,1.0,2026-04-10 20:21:09+00:00
U0209,I0018,1,1.0,2026-03-20 15:23:09+00:00
U0209,I0071,1,4.0,2026-04-29 00:29:09+00:00
U0209,I0073,1,1.0,2026-04-04 10:51:09+00:00
U0209,I0087,1,3.0,2026-02-26 22:39:09+00:00
U0209,I0092,1,1.0,2026-04-12 04:35:09+00:00
U0209,I0098,1,4.0,2026-03-26 12:07:09+00:00
U0209,I0101,1,1.0,2026-04-21 00:49:09+00:00
U0209,I0102,1,1.0,2026-03-30 05:29:09+00:00
U0209,I0104,1,1.0,2026-02-05 00:59:09+00:00
U0209,I0116,2,1.0,2026-03-20 23:16:09+00:00
U0210,I0025,1,3.0,2026-03-02 02:10:09+00:00
U0210,I0035,3,1.0,2026-04-19 11:28:09+00:00
U0210,I0049,2,5.0,2026-04-21 04:01:09+00:00
U0210,I0052,1,1.0,2026-02-05 02:19:09+00:00
U0210,I0053,1,5.0,2026-02-02 06:53:09+00:00
U0210,I0055,1,1.0,2026-04-14 19:01:09+00:00
U0210,I0061,1,1.0,2026-03-18 10:10:09+00:00
U0210,I0069,3,5.0,2026-04-29 23:58:09+00:00
U0210,I0073,1,3.0,2026-04-20 13:21:09+00:00
U0210,I0076,1,5.0,2026-03-16 20:17:09+00:00
U0210,I0084,1,1.0,2026-03-16 16:37:09+00:00
U0210,I0086,2,5.0,2026-04-22 18:54:09+00:00
U0210,I0118,1,5.0,2026-02-25 10:53:09+00:00
U0210,I0119,1,5.0,2026-04-24 03:53:09+00:00
U0211,I0012,2,1.0,2026-03-28 21:25:09+00:00
U0211,I0024,1,1.0,2026-04-11 22:51:09+00:00
U0211,I0027,1,4.0,2026-03-15 02:30:09+00:00
U0211,I0028,1,1.0,2026-03-21 05:23:09+00:00
U0211,I0037,1,1.0,2026-02-15 02:24:09+00:00
U0211,I0062,1,1.0,2026-02-18 17:04:09+00:00
U0211,I0066,1,1.0,2026-04-07 07:46:09+00:00
U0211,I0106,1,5.0,2026-03-13 15:47:09+00:00
U0212,I0014,2,1.0,2026-04-06 00:47:09+00:00
U0212,I0015,1,5.0,2026-03-10 22:48:09+00:00
U0212,I0027,1,1.0,2026-04-07 04:06:09+00:00
U0212,I0043,1,1.0,2026-04-17 16:53:09+00:00
U0212,I0055,1,5.0,2026-03-03 15:42:09+00:00
U0212,I0069,1,1.0,2026-02-17 11:12:09+00:00
U0212,I0073,1,1.0,2026-03-30 12:02:09+00:00
U0212,I0082,1,3.0,2026-04-02 00:01:09+00:00
U0212,I0102,1,1.0,2026-04-13 22:23:09+00:00
U0213,I0016,1,5.0,2026-04-17 01:59:09+00:00
U0213,I0018,1,4.0,2026-02-27 04:24:09+00:00
U0213,I0022,2,1.0,2026-03-15 03:03:09+00:00
U0213,I0030,1,3.0,2026-03-16 11:38:09+00:00
U0213,I0036,1,3.0,2026-02-15 17:44:09+00:00
U0213,I0041,2,1.0,2026-03-10 10:49:09+00:00
U0213,I0051,1,4.0,2026-04-17 22:02:09+00:00
U0213,I0059,1,3.0,2026-02-10 00:16:09+00:00
U0213,I0065,1,4.0,2026-02-10 22:56:09+00:00
U0213,I0070,1,3.0,2026-04-01 05:38:09+00:00
U0213,I0090,1,5.0,2026-02-10 06:10:09+00:00
U0213,I0092,1,1.0,2026-02-25 12:48:09+00:00
U0213,I0101,1,3.0,2026-02-05 20:45:09+00:00
U0213,I0103,1,3.0,2026-04-24 20:56:09+00:00
U0213,I0114,1,5.0,2026-02-24 16:09:09+00:00
U0214,I0008,3,5.0,2026-04-01 00:47:09+00:00
U0214,I0009,1,4.0,2026-04-18 08:12:09+00:00
U0214,I0011,1,1.0,2026-03-04 12:58:09+00:00
U0214,I0018,1,3.0,2026-03-17 13:39:09+00:00
U0214,I0023,1,5.0,2026-02-24 12:16:09+00:00
U0214,I0027,2,3.0,2026-04-24 13:30:09+00:00
U0214,I0037,1,1.0,2026-03-10 23:00:09+00:00
U0214,I0051,2,3.0,2026-04-21 23:44:09+00:00
U0214,I0064,1,3.0,2026-02-10 04:58:09+00:00
U0214,I0066,1,1.0,2026-03-24 10:50:09+00:00
U0214,I0074,1,3.0,2026-04-30 01:05:09+00:00
U0214,I0075,1,1.0,2026-04-22 11:32:09+00:00
U0214,I0083,1,1.0,2026-03-22 18:16:09+00:00
U0214,I0094,1,1.0,2026-03-11 22:17:09+00:00
U0214,I0095,2,4.0,2026-04-06 03:43:09+00:00
U0214,I0109,1,5.0,2026-03-24 14:45:09+00:00
U0214,I0110,2,1.0,2026-04-22 04:35:09+00:00
U0215,I0001,2,5.0,2026-04-29 20:03:09+00:00
U0215,I0003,3,1.0,2026-04-10 15:16:09+00:00
U0215,I0031,1,5.0,2026-04-26 20:55:09+00:00
U0215,I0038,1,3.0,2026-02-28 19:47:09+00:00
U0215,I0042,2,1.0,2026-04-21 05:02:09+00:00
U0215,I0044,1,1.0,2026-03-11 02:28:09+00:00
U0215,I0072,1,1.0,2026-03-15 02:39:09+00:00
U0215,I0080,1,4.0,2026-03-25 20:55:09+00:00
U0215,I0093,1,3.0,2026-03-13 17:23:09+00:00
U0215,I0094,1,3.0,2026-02-09 09:43:09+00:00
U0215,I0096,4,1.0,2026-04-09 16:00:09+00:00
U0215,I0109,1,3.0,2026-03-28 06:51:09+00:00
U0216,I0008,2,1.0,2026-03-26 22:15:09+00:00
U0216,I0016,1,3.0,2026-02-01 13:30:09+00:00
U0216,I0024,1,1.0,2026-04-26 15:59:09+00:00
U0216,I0027,1,1.0,2026-04-23 01:53:09+00:00
U0216,I0037,2,5.0,2026-03-28 02:55:09+00:00
U0216,I0069,1,1.0,2026-03-25 04:58:09+00:00
U0216,I0075,1,1.0,2026-03-05 17:54:09+00:00
U0216,I0089,1,1.0,2026-02-03 13:30:09+00:00
U0216,I0094,1,3.0,2026-03-29 05:01:09+00:00
U0216,I0104,1,5.0,2026-02-03 15:59:09+00:00
U0216,I0106,1,1.0,2026-03-21 01:53:09+00:00
U0216,I0110,1,1.0,2026-02-15 21:42:09+00:00
U0216,I0114,1,1.0,2026-03-03 21:41:09+00:00
U0217,I0006,1,1.0,2026-02-13 08:46:09+00:00
U0217,I0032,1,3.0,2026-04-09 06:47:09+00:00
U0217,I0062,1,1.0,2026-01-31 14:04:09+00:00
U0217,I0063,1,3.0,2026-02-19 17:30:09+00:00
U0217,I0071,1,1.0,2026-03-24 18:19:09+00:00
U0217,I0074,2,3.0,2026-04-12 13:04:09+00:00
U0217,I0116,1,1.0,2026-02-04 06:26:09+00:00
U0217,I0119,1,1.0,2026-04-09 11:02:09+00:00
U0218,I0003,1,5.0,2026-03-16 21:31:09+00:00
U0218,I0006,1,1.0,2026-04-27 00:08:09+00:00
U0218,I0013,1,1.0,2026-03-19 16:26:09+00:00
U0218,I0031,1,1.0,2026-03-31 03:54:09+00:00
U0218,I0034,1,5.0,2026-04-03 15:13:09+00:00
U0218,I0039,1,5.0,2026-04-22 20:56:09+00:00
U0218,I0040,1,5.0,2026-04-04 10:40:09+00:00
U0218,I0043,1,1.0,2026-04-11 21:14:09+00:00
U0218,I0085,2,1.0,2026-03-20 13:39:09+00:00
U0218,I0095,1,3.0,2026-01-31 11:27:09+00:00
U0218,I0101,1,3.0,2026-02-08 04:04:09+00:00
U0218,I0109,1,3.0,2026-03-18 19:15:09+00:00
U0218,I0116,1,3.0,2026-02-12 15:01:09+00:00
U0218,I0119,1,1.0,2026-01-31 05:55:09+00:00
U0219,I0008,3,1.0,2026-04-18 19:07:09+00:00
U0219,I0011,1,3.0,2026-02-20 15:40:09+00:00
U0219,I0012,1,1.0,2026-04-27 22:10:09+00:00
U0219,I0024,1,5.0,2026-03-22 23:16:09+00:00
U0219,I0037,1,3.0,2026-04-29 02:43:09+00:00
U0219,I0048,1,3.0,2026-04-03 20:41:09+00:00
U0219,I0051,1,1.0,2026-03-12 08:37:09+00:00
U0219,I0064,1,5.0,2026-01-31 05:14:09+00:00
U0219,I0077,1,1.0,2026-03-10 21:40:09+00:00
U0219,I0079,1,1.0,2026-04-09 18:37:09+00:00
U0219,I0095,1,1.0,2026-03-06 15:14:09+00:00
U0219,I0100,1,1.0,2026-03-03 21:16:09+00:00
U0219,I0106,1,5.0,2026-02-23 05:32:09+00:00
U0219,I0119,1,4.0,2026-03-22 02:09:09+00:00
U0220,I0024,2,3.0,2026-03-19 20:58:09+00:00
U0220,I0028,1,1.0,2026-02-24 20:41:09+00:00
U0220,I0031,1,3.0,2026-02-25 10:32:09+00:00
U0220,I0034,1,4.0,2026-04-05 07:11:09+00:00
U0220,I0068,1,1.0,2026-03-16 22:26:09+00:00
U0220,I0075,2,5.0,2026-04-25 22:32:09+00:00
U0220,I0076,1,5.0,2026-03-16 07:41:09+00:00
U0220,I0079,1,1.0,2026-02-23 02:14:09+00:00
U0220,I0094,2,5.0,2026-04-25 18:54:09+00:00
U0220,I0104,1,1.0,2026-03-03 11:18:09+00:00
U0220,I0108,1,1.0,2026-03-21 10:29:09+00:00
U0220,I0110,1,1.0,2026-03-04 23:34:09+00:00
U0220,I0120,1,1.0,2026-02-06 07:30:09+00:00
U0221,I0011,2,3.0,2026-02-18 08:54:09+00:00
U0221,I0024,1,5.0,2026-04-29 18:16:09+00:00
U0221,I0027,1,1.0,2026-03-07 13:44:09+00:00
U0221,I0028,1,4.0,2026-03-01 14:51:09+00:00
U0221,I0038,1,1.0,2026-03-07 15:43:09+00:00
U0221,I0071,1,1.0,2026-04-29 17:29:09+00:00
U0221,I0074,1,3.0,2026-02-22 02:51:09+00:00
U0221,I0083,1,1.0,2026-02-15 09:52:09+00:00
U0221,I0100,1,1.0,2026-02-22 00:38:09+00:00
U0221,I0110,1,3.0,2026-02-22 17:29:09+00:00
U0222,I0008,1,1.0,2026-04-05 13:35:09+00:00
U0222,I0013,1,1.0,2026-03-22 06:52:09+00:00
U0222,I0017,2,5.0,2026-04-25 09:55:09+00:00
U0222,I0019,1,3.0,2026-02-23 23:13:09+00:00
U0222,I0025,1,5.0,2026-03-25 04:31:09+00:00
U0222,I0042,1,1.0,2026-02-24 05:27:09+00:00
U0222,I0043,1,1.0,2026-03-27 07:21:09+00:00
U0222,I0044,1,5.0,2026-03-08 11:10:09+00:00
U0222,I0049,1,1.0,2026-04-14 01:23:09+00:00
U0222,I0063,1,5.0,2026-04-23 13:08:09+00:00
U0222,I0087,1,3.0,2026-02-02 18:32:09+00:00
U0222,I0095,1,5.0,2026-04-09 13:44:09+00:00
U0222,I0111,1,1.0,2026-03-11 02:23:09+00:00
U0223,I0003,1,1.0,2026-02-17 03:07:09+00:00
U0223,I0011,1,4.0,2026-03-26 04:30:09+00:00
U0223,I0024,1,3.0,2026-03-10 01:41:09+00:00
U0223,I0027,2,4.0,2026-04-09 11:42:09+00:00
U0223,I0037,2,3.0,2026-04-07 12:45:09+00:00
U0223,I0038,1,5.0,2026-02-10 16:27:09+00:00
U0223,I0066,1,1.0,2026-03-01 13:03:09+00:00
U0223,I0075,1,1.0,2026-02-28 07:02:09+00:00
U0223,I0076,1,5.0,2026-04-15 10:27:09+00:00
U0223,I0100,1,5.0,2026-04-13 13:07:09+00:00
U0223,I0106,1,1.0,2026-03-23 08:34:09+00:00
U0223,I0113,2,3.0,2026-04-17 09:58:09+00:00
U0223,I0119,1,1.0,2026-03-16 23:02:09+00:00
U0224,I0001,1,5.0,2026-03-14 05:17:09+00:00
U0224,I0020,1,1.0,2026-02-01 12:28:09+00:00
U0224,I0031,1,1.0,2026-04-19 19:44:09+00:00
U0224,I0047,2,5.0,2026-04-17 06:33:09+00:00
U0224,I0058,1,1.0,2026-04-19 00:18:09+00:00
U0224,I0065,1,3.0,2026-02-02 00:08:09+00:00
U0224,I0067,1,3.0,2026-02-19 08:19:09+00:00
U0224,I0070,1,3.0,2026-04-03 08:06:09+00:00
U0224,I0077,2,1.0,2026-04-12 11:33:09+00:00
U0224,I0079,1,5.0,2026-03-14 11:06:09+00:00
U0224,I0081,2,4.0,2026-04-24 00:55:09+00:00
U0224,I0090,2,1.0,2026-03-21 22:38:09+00:00
U0224,I0098,1,1.0,2026-02-28 17:50:09+00:00
U0224,I0099,1,3.0,2026-02-18 14:03:09+00:00
U0224,I0109,1,1.0,2026-03-18 11:02:09+00:00
U0224,I0112,1,5.0,2026-04-18 13:10:09+00:00
U0225,I0001,1,1.0,2026-03-23 13:20:09+00:00
U0225,I0009,1,1.0,2026-03-06 05:08:09+00:00
U0225,I0016,1,4.0,2026-02-16 15:12:09+00:00
U0225,I0026,1,1.0,2026-03-27 20:22:09+00:00
U0225,I0038,1,1.0,2026-03-23 04:53:09+00:00
U0225,I0044,2,1.0,2026-04-12 11:58:09+00:00
U0225,I0047,1,1.0,2026-04-30 01:21:09+00:00
U0225,I0068,1,1.0,2026-04-17 12:45:09+00:00
U0225,I0070,1,1.0,2026-02-25 08:40:09+00:00
U0225,I0077,1,1.0,2026-04-11 14:37:09+00:00
U0225,I0079,1,3.0,2026-04-21 00:19:09+00:00
U0225,I0080,1,3.0,2026-02-11 17:55:09+00:00
U0225,I0090,1,1.0,2026-03-05 02:54:09+00:00
U0225,I0099,1,3.0,2026-04-06 13:12:09+00:00
U0225,I0103,1,3.0,2026-02-14 11:29:09+00:00
U0225,I0109,2,3.0,2026-04-03 00:35:09+00:00
U0225,I0120,1,4.0,2026-03-11 11:12:09+00:00
U0226,I0033,1,3.0,2026-02-25 19:13:09+00:00
U0226,I0034,1,1.0,2026-02-12 13:59:09+00:00
U0226,I0035,1,1.0,2026-04-12 15:20:09+00:00
U0226,I0040,1,5.0,2026-02-09 15:29:09+00:00
U0226,I0048,2,3.0,2026-04-13 01:32:09+00:00
U0226,I0055,1,1.0,2026-03-21 18:01:09+00:00
U0226,I0056,1,1.0,2026-03-05 13:41:09+00:00
U0226,I0061,1,1.0,2026-04-04 11:53:09+00:00
U0226,I0069,1,1.0,2026-03-06 22:32:09+00:00
U0226,I0096,1,3.0,2026-03-17 10:43:09+00:00
U0226,I0111,1,1.0,2026-03-09 15:03:09+00:00
U0226,I0112,1,3.0,2026-03-13 20:09:09+00:00
U0226,I0118,1,1.0,2026-02-08 21:01:09+00:00
U0227,I0023,1,1.0,2026-02-13 19:34:09+00:00
U0227,I0028,1,1.0,2026-04-24 23:58:09+00:00
U0227,I0035,1,1.0,2026-02-02 09:20:09+00:00
U0227,I0060,1,3.0,2026-02-08 17:48:09+00:00
U0227,I0067,1,3.0,2026-02-13 09:57:09+00:00
U0227,I0078,1,5.0,2026-04-12 05:42:09+00:00
U0227,I0088,1,3.0,2026-03-04 14:04:09+00:00
U0227,I0095,1,3.0,2026-04-20 17:14:09+00:00
U0227,I0112,1,3.0,2026-04-24 11:27:09+00:00
U0227,I0114,3,3.0,2026-03-01 07:08:09+00:00
U0227,I0119,1,1.0,2026-03-02 15:20:09+00:00
U0228,I0016,1,1.0,2026-04-06 05:26:09+00:00
U0228,I0017,1,1.0,2026-02-27 20:10:09+00:00
U0228,I0032,1,5.0,2026-03-05 09:03:09+00:00
U0228,I0034,1,5.0,2026-02-18 00:48:09+00:00
U0228,I0051,1,1.0,2026-03-03 16:19:09+00:00
U0228,I0052,1,3.0,2026-02-09 20:17:09+00:00
U0228,I0053,1,5.0,2026-02-02 21:12:09+00:00
U0228,I0062,1,1.0,2026-04-24 07:23:09+00:00
U0228,I0065,2,1.0,2026-03-11 13:44:09+00:00
U0228,I0073,1,1.0,2026-04-02 09:16:09+00:00
U0228,I0099,1,5.0,2026-02-26 20:49:09+00:00
U0228,I0114,2,1.0,2026-03-31 20:46:09+00:00
U0229,I0025,1,5.0,2026-04-01 08:36:09+00:00
U0229,I0036,1,1.0,2026-02-06 23:09:09+00:00
U0229,I0046,1,1.0,2026-04-19 07:04:09+00:00
U0229,I0053,1,1.0,2026-03-30 22:10:09+00:00
U0229,I0102,1,5.0,2026-03-16 13:00:09+00:00
U0229,I0111,1,3.0,2026-04-08 07:06:09+00:00
U0230,I0028,3,5.0,2026-04-27 06:55:09+00:00
U0230,I0051,1,1.0,2026-02-24 06:08:09+00:00
U0230,I0057,1,1.0,2026-04-21 12:04:09+00:00
U0230,I0066,2,5.0,2026-03-12 21:18:09+00:00
U0230,I0068,1,1.0,2026-02-12 11:46:09+00:00
U0230,I0087,1,1.0,2026-04-22 13:19:09+00:00
U0230,I0089,2,1.0,2026-03-22 13:28:09+00:00
U0230,I0094,1,1.0,2026-02-14 15:06:09+00:00
U0230,I0095,1,3.0,2026-04-16 08:22:09+00:00
U0230,I0107,1,3.0,2026-02-05 05:28:09+00:00
U0230,I0110,1,1.0,2026-04-24 08:11:09+00:00
U0230,I0113,2,1.0,2026-03-23 04:36:09+00:00
U0230,I0120,1,1.0,2026-04-22 15:43:09+00:00
U0231,I0021,1,1.0,2026-04-02 00:19:09+00:00
U0231,I0052,1,1.0,2026-03-06 01:13:09+00:00
U0231,I0055,1,1.0,2026-02-20 18:14:09+00:00
U0231,I0057,1,3.0,2026-03-25 11:09:09+00:00
U0231,I0059,1,1.0,2026-03-01 17:23:09+00:00
U0231,I0062,1,1.0,2026-03-03 02:00:09+00:00
U0231,I0063,2,5.0,2026-03-03 14:06:09+00:00
U0231,I0088,1,1.0,2026-03-22 08:26:09+00:00
U0232,I0002,1,4.0,2026-03-25 17:27:09+00:00
U0232,I0015,1,5.0,2026-04-15 15:57:09+00:00
U0232,I0017,1,1.0,2026-04-06 15:58:09+00:00
U0232,I0019,1,5.0,2026-02-07 10:33:09+00:00
U0232,I0020,1,3.0,2026-02-13 23:02:09+00:00
U0232,I0021,1,1.0,2026-03-20 12:26:09+00:00
U0232,I0023,1,4.0,2026-02-14 10:22:09+00:00
U0232,I0025,1,1.0,2026-02-17 06:50:09+00:00
U0232,I0052,1,5.0,2026-02-15 22:23:09+00:00
U0232,I0054,2,1.0,2026-03-16 18:51:09+00:00
U0232,I0057,1,1.0,2026-02-12 11:40:09+00:00
U0232,I0071,1,3.0,2026-03-12 05:39:09+00:00
U0232,I0108,1,5.0,2026-04-16 21:29:09+00:00
U0232,I0119,1,1.0,2026-02-05 06:45:09+00:00
U0233,I0011,1,4.0,2026-03-02 15:45:09+00:00
U0233,I0027,1,3.0,2026-02-18 17:42:09+00:00
U0233,I0031,1,3.0,2026-02-20 12:36:09+00:00
U0233,I0033,1,1.0,2026-03-16 22:17:09+00:00
U0233,I0041,1,1.0,2026-02-04 14:00:09+00:00
U0233,I0048,1,5.0,2026-02-20 23:43:09+00:00
U0233,I0059,2,1.0,2026-04-25 20:11:09+00:00
U0233,I0069,2,1.0,2026-04-10 19:46:09+00:00
U0233,I0077,1,3.0,2026-03-28 01:44:09+00:00
U0233,I0084,1,1.0,2026-02-12 01:13:09+00:00
U0233,I0086,1,5.0,2026-03-15 08:35:09+00:00
U0233,I0098,1,3.0,2026-02-21 16:15:09+00:00
U0233,I0099,1,3.0,2026-03-29 14:39:09+00:00
U0233,I0102,1,1.0,2026-04-29 17:30:09+00:00
U0233,I0105,1,1.0,2026-02-16 07:49:09+00:00
U0234,I0001,2,4.0,2026-03-19 18:14:09+00:00
U0234,I0019,1,1.0,2026-03-18 21:53:09+00:00
U0234,I0023,1,1.0,2026-03-17 11:08:09+00:00
U0234,I0036,1,5.0,2026-03-03 18:48:09+00:00
U0234,I0042,1,1.0,2026-03-02 03:33:09+00:00
U0234,I0044,1,5.0,2026-02-01 09:47:09+00:00
U0234,I0045,1,1.0,2026-04-25 19:18:09+00:00
U0234,I0058,3,5.0,2026-03-20 15:14:09+00:00
U0234,I0070,1,1.0,2026-03-12 00:04:09+00:00
U0234,I0077,2,1.0,2026-02-10 15:19:09+00:00
U0234,I0079,1,1.0,2026-02-10 15:32:09+00:00
U0234,I0081,1,1.0,2026-02-27 08:54:09+00:00
U0234,I0082,1,5.0,2026-04-04 23:11:09+00:00
U0234,I0088,1,5.0,2026-03-01 03:55:09+00:00
U0234,I0089,1,5.0,2026-03-28 15:18:09+00:00
U0234,I0090,2,5.0,2026-04-28 00:20:09+00:00
U0234,I0109,1,5.0,2026-03-01 23:35:09+00:00
U0234,I0112,1,1.0,2026-04-15 20:58:09+00:00
U0234,I0115,1,3.0,2026-03-10 03:58:09+00:00
U0235,I0013,3,3.0,2026-04-26 06:15:09+00:00
U0235,I0025,1,5.0,2026-03-06 03:52:09+00:00
U0235,I0029,1,1.0,2026-04-23 18:37:09+00:00
U0235,I0052,1,1.0,2026-03-17 05:14:09+00:00
U0235,I0064,1,1.0,2026-04-26 08:03:09+00:00
U0235,I0074,1,3.0,2026-03-09 08:37:09+00:00
U0235,I0077,1,4.0,2026-04-18 06:53:09+00:00
U0235,I0087,1,3.0,2026-02-03 14:03:09+00:00
U0235,I0101,1,1.0,2026-02-18 05:44:09+00:00
U0235,I0120,1,3.0,2026-02-10 16:44:09+00:00
U0236,I0026,1,1.0,2026-04-07 14:48:09+00:00
U0236,I0034,1,1.0,2026-02-17 14:09:09+00:00
U0236,I0051,1,4.0,2026-02-21 15:41:09+00:00
U0236,I0055,1,1.0,2026-02-03 13:43:09+00:00
U0236,I0057,1,1.0,2026-04-27 04:09:09+00:00
U0236,I0060,1,1.0,2026-02-11 23:10:09+00:00
U0236,I0067,1,3.0,2026-04-26 01:03:09+00:00
U0236,I0090,1,5.0,2026-04-14 16:41:09+00:00
U0237,I0018,2,3.0,2026-04-05 07:56:09+00:00
U0237,I0053,1,5.0,2026-02-28 15:50:09+00:00
U0237,I0054,1,1.0,2026-04-16 00:21:09+00:00
U0237,I0061,4,5.0,2026-04-23 14:28:09+00:00
U0237,I0069,1,5.0,2026-03-31 09:54:09+00:00
U0237,I0076,1,1.0,2026-03-16 01:46:09+00:00
U0237,I0084,2,1.0,2026-03-31 12:28:09+00:00
U0237,I0086,1,5.0,2026-03-12 17:13:09+00:00
U0237,I0098,1,1.0,2026-04-23 03:48:09+00:00
U0237,I0105,2,1.0,2026-02-24 19:14:09+00:00
U0237,I0116,1,1.0,2026-03-06 07:08:09+00:00
U0237,I0118,3,5.0,2026-04-25 10:30:09+00:00
U0238,I0002,1,2.0,2026-03-30 07:20:09+00:00
U0238,I0021,1,1.0,2026-03-24 21:48:09+00:00
U0238,I0052,1,1.0,2026-04-05 13:13:09+00:00
U0238,I0063,1,1.0,2026-03-19 01:49:09+00:00
U0238,I0088,1,1.0,2026-03-18 06:24:09+00:00
U0238,I0092,1,3.0,2026-03-13 23:51:09+00:00
U0238,I0099,1,1.0,2026-04-07 07:24:09+00:00
U0238,I0108,1,3.0,2026-02-14 14:28:09+00:00
U0239,I0017,2,3.0,2026-03-26 12:53:09+00:00
U0239,I0021,1,3.0,2026-04-27 16:41:09+00:00
U0239,I0025,1,1.0,2026-02-09 08:18:09+00:00
U0239,I0045,2,5.0,2026-03-28 23:10:09+00:00
U0239,I0063,1,1.0,2026-03-24 12:24:09+00:00
U0239,I0069,1,1.0,2026-03-14 04:54:09+00:00
U0239,I0100,1,3.0,2026-04-08 22:36:09+00:00
U0239,I0108,1,1.0,2026-04-17 15:16:09+00:00
U0239,I0113,1,1.0,2026-03-23 06:59:09+00:00
U0240,I0005,1,1.0,2026-02-09 06:14:09+00:00
U0240,I0009,2,3.0,2026-03-14 09:46:09+00:00
U0240,I0026,1,1.0,2026-02-24 02:10:09+00:00
U0240,I0038,1,5.0,2026-04-10 03:45:09+00:00
U0240,I0044,1,3.0,2026-02-16 11:00:09+00:00
U0240,I0059,1,3.0,2026-03-01 00:52:09+00:00
U0240,I0064,1,1.0,2026-03-12 18:46:09+00:00
U0240,I0070,1,3.0,2026-04-10 15:14:09+00:00
U0240,I0074,1,1.0,2026-04-01 11:17:09+00:00
U0240,I0083,1,1.0,2026-03-01 10:37:09+00:00
