user_id,item_id,event_type,rating,quantity,price,event_ts,channel
U0029,I0009,view,,1,26.36,2026-02-11T06:09:22Z,mobile
U0065,I0097,view,,1,42.6,2026-03-25T15:36:22Z,mobile
U0092,I0027,cart,,1,58.32,2026-05-01T01:37:22Z,web
U0175,I0034,view,,1,32.38,bad_timestamp,mobile
U0224,I0001,purchase,,1,31.44,2026-03-15T05:36:22Z,mobile
U0012,I0047,cart,,1,36.67,2026-03-07T12:20:22Z,web
U0228,I0073,view,,1,25.28,2026-04-03T09:35:22Z,web
U0215,I0072,view,,1,21.99,2026-03-16T02:58:22Z,mobile
U0104,I0066,rating,4.0,1,-5.0,2026-03-09T02:44:22Z,web
U0124,I0009,rating,5.0,1,26.36,2026-02-08T23:24:22Z,mobile
U0096,I0075,rating,2.0,1,25.5,2026-03-29T18:08:22Z,web
U0059,I0071,view,,1,31.77,2026-02-23T11:29:22Z,web
U0138,I0107,view,,1,14.01,2026-04-23T23:08:22Z,mobile
U0104,I0095,cart,,1,11.84,2026-03-24T05:54:22Z,web
U0049,I0102,view,,1,45.37,2026-03-25T02:27:22Z,web
U0047,I0112,view,,1,53.68,2026-04-16T21:28:22Z,mobile
U0005,I0050,view,,1,15.33,2026-04-25T07:09:22Z,web
U0178,I0011,view,,1,15.55,2026-04-12T12:04:22Z,mobile
U0021,I0006,view,,1,21.38,2026-03-31T10:21:22Z,mobile
U0210,I0061,view,,1,17.75,2026-03-19T10:29:22Z,web
U0222,I0008,view,,1,36.94,2026-04-06T13:54:22Z,mobile
U0161,I0072,purchase,,2,21.99,2026-02-10T09:55:22Z,mobile
U0070,I0019,rating,5.0,1,35.63,2026-04-08T09:59:22Z,web
U0090,I0058,view,,1,18.03,2026-03-16T12:00:22Z,mobile
U0019,I0032,cart,,1,68.88,2026-02-22T03:29:22Z,mobile
U0004,I0029,rating,5.0,1,83.41,2026-04-07T13:22:22Z,web
U0080,I0119,view,,1,34.0,2026-02-13T18:09:22Z,mobile
U0222,I0111,view,,1,114.52,2026-03-12T02:42:22Z,web
U0081,I0104,purchase,,1,41.88,2026-03-26T20:16:22Z,web
U0074,I0092,rating,3.0,1,16.23,2026-04-17T04:50:22Z,web
U0216,I0104,purchase,,1,41.88,2026-02-04T16:18:22Z,mobile
U0101,I0017,rating,1.0,1,25.29,2026-03-20T03:39:22Z,web
U0182,I0010,rating,2.0,1,50.12,2026-04-06T03:00:22Z,web
U0067,I0109,view,,1,70.56,2026-04-15T08:58:22Z,web
U0103,I0063,cart,,1,17.91,2026-03-04T11:16:22Z,mobile
U0093,I0082,cart,,1,27.22,2026-03-08T08:09:22Z,web
U0058,I0020,view,,1,27.33,2026-02-21T12:17:22Z,web
U0203,I0005,view,,1,20.52,2026-04-02T10:16:22Z,mobile
U0098,I0041,rating,4.0,1,35.48,2026-04-30T08:02:22Z,mobile
U0179,I0097,purchase,,1,42.6,2026-04-10T10:59:22Z,web
U0047,I0026,rating,4.0,1,13.5,2026-02-02T05:15:22Z,web
U0106,I0114,view,,1,33.44,2026-02-15T01:56:22Z,mobile
U0041,I0101,purchase,,1,48.0,2026-04-06T18:24:22Z,web
U0068,I0017,view,,1,25.29,2026-03-28T15:54:22Z,web
U0024,I0063,view,,1,17.91,2026-03-16T01:29:22Z,web
U0024,I0014,view,,1,30.5,2026-04-26T23:44:22Z,web
U0215,I0096,view,,1,36.87,2026-02-12T11:40:22Z,web
U0181,I0057,cart,,1,46.42,2026-04-04T18:27:22Z,mobile
U0070,I0052,view,,1,30.37,2026-04-19T15:26:22Z,mobile
U0085,I0017,rating,2.0,1,25.29,2026-03-25T06:51:22Z,mobile
U0076,I0019,purchase,,2,35.63,2026-04-06T15:42:22Z,mobile
U0050,I0101,cart,,1,48.0,2026-02-21T14:42:22Z,web
U0206,I0093,rating,4.0,1,35.82,2026-04-29T12:55:22Z,mobile
U0022,I0111,view,,1,114.52,2026-03-12T17:11:22Z,web
U0031,I0032,view,,1,68.88,2026-04-09T01:58:22Z,mobile
U0009,I0052,view,,1,30.37,2026-03-20T04:24:22Z,mobile
U0048,I0117,cart,,1,42.8,2026-02-02T15:36:22Z,web
U0191,I0033,rating,4.0,1,24.72,2026-04-26T11:05:22Z,mobile
U0015,I0070,rating,5.0,1,26.73,2026-02-23T13:50:22Z,web
U0126,I0023,purchase,,1,51.99,2026-02-15T17:40:22Z,mobile
U0006,I0117,purchase,,1,42.8,2026-02-18T12:51:22Z,mobile
U0175,I0022,view,,1,23.73,2026-03-24T22:41:22Z,web
U0100,I0068,view,,1,16.18,2026-03-21T15:38:22Z,web
U0116,I0063,cart,,1,17.91,2026-03-07T17:41:22Z,mobile
U0189,I0028,view,,1,23.83,2026-04-15T14:32:22Z,mobile
U0083,I0016,cart,,1,41.84,2026-01-31T23:25:22Z,mobile
U0013,I0062,cart,,1,23.59,2026-02-25T09:07:22Z,mobile
U0123,I0089,view,,1,40.79,2026-02-12T09:31:22Z,mobile
U0151,I0027,view,,1,58.32,2026-04-23T15:01:22Z,mobile
U0119,I0080,rating,4.0,1,16.0,2026-03-10T00:43:22Z,mobile
U0072,I0084,view,,1,27.83,2026-04-21T00:44:22Z,web
U0133,I0102,rating,4.0,1,45.37,2026-04-14T04:03:22Z,mobile
U0069,I0093,view,,1,35.82,2026-04-21T09:13:22Z,mobile
U0233,I0069,view,,1,41.22,2026-03-26T17:25:22Z,web
U0167,I0013,purchase,,1,28.54,2026-03-04T03:26:22Z,mobile
U0215,I0096,view,,1,36.87,2026-03-11T08:09:22Z,web
U0202,I0008,view,,1,36.94,2026-04-13T23:48:22Z,mobile
U0017,I0027,rating,4.0,1,58.32,2026-04-20T16:41:22Z,mobile
U0212,I0102,view,,1,45.37,2026-04-14T22:42:22Z,web
U0010,I0017,view,,1,25.29,2026-03-22T05:07:22Z,mobile
U0074,I0026,cart,,1,13.5,2026-03-14T20:46:22Z,web
U0157,I0020,view,,1,27.33,2026-04-19T03:57:22Z,mobile
U0108,I0031,cart,,1,6.52,2026-02-21T14:45:22Z,web
U0034,I0006,view,,1,21.38,2026-02-03T09:05:22Z,web
U0225,I0070,view,,1,26.73,2026-02-26T08:59:22Z,web
U0002,I0065,view,,1,45.15,2026-03-28T03:28:22Z,mobile
U0053,I0022,rating,1.0,1,23.73,2026-04-10T20:31:22Z,mobile
U0100,I0025,view,,1,15.52,2026-03-16T09:28:22Z,web
U0045,I0091,view,,1,42.99,2026-03-18T06:34:22Z,web
U0138,I0074,cart,,1,19.52,2026-04-26T06:15:22Z,mobile
U0006,I0017,view,,1,25.29,2026-04-22T14:42:22Z,mobile
U0178,I0100,view,,1,54.26,2026-03-20T18:28:22Z,web
U0073,I0110,view,,1,26.64,2026-04-05T00:32:22Z,mobile
U0178,I0040,cart,,1,56.71,2026-03-03T02:20:22Z,web
U0111,I0047,view,,1,36.67,2026-03-14T11:04:22Z,web
U0110,I0106,rating,4.0,1,26.93,2026-04-24T20:25:22Z,web
U0062,I0072,cart,,1,21.99,2026-02-24T14:13:22Z,mobile
U0138,I0019,view,,1,35.63,2026-03-02T19:02:22Z,web
U0174,I0040,purchase,,1,56.71,2026-04-18T07:33:22Z,mobile
U0179,I0081,rating,4.0,1,60.65,2026-02-06T06:40:22Z,web
U0113,I0097,rating,4.0,1,42.6,2026-02-09T15:11:22Z,web
U0085,I0054,cart,,1,35.21,2026-04-16T04:13:22Z,mobile
U0168,I0097,view,,1,42.6,2026-04-05T05:26:22Z,mobile
U0018,I0022,purchase,,1,23.73,2026-03-27T14:28:22Z,mobile
U0214,I0083,view,,1,17.83,2026-03-23T18:35:22Z,mobile
U0207,I0017,view,,1,25.29,2026-04-08T08:41:22Z,web
U0129,I0085,view,,1,64.61,2026-04-21T19:08:22Z,web
U0202,I0114,rating,5.0,1,33.44,2026-03-16T11:55:22Z,web
U0035,I0001,view,,1,31.44,2026-03-26T08:19:22Z,web
U0056,I0094,view,,1,20.46,2026-02-02T12:07:22Z,web
U0096,I0110,view,,1,26.64,2026-03-29T03:13:22Z,mobile
U0039,I0091,view,,1,42.99,2026-01-31T19:12:22Z,mobile
U0109,I0042,purchase,,1,34.64,2026-03-25T15:36:22Z,mobile
U0215,I0042,view,,1,34.64,2026-02-01T21:16:22Z,web
U0141,I0116,view,,1,59.11,2026-04-25T13:02:22Z,web
U0145,I0085,cart,,1,64.61,2026-03-01T14:21:22Z,mobile
U0018,I0001,view,,1,31.44,2026-03-21T12:05:22Z,web
U0160,I0078,view,,1,41.4,2026-04-19T21:58:22Z,mobile
U0115,I0042,view,,1,34.64,2026-04-26T08:02:22Z,mobile
U0167,I0120,view,,1,26.42,2026-03-05T11:57:22Z,web
U0126,I0072,rating,4.0,1,21.99,2026-03-31T22:16:22Z,mobile
U0225,I0044,view,,1,16.15,2026-04-13T12:17:22Z,web
U0157,I0098,view,,1,35.06,2026-02-02T00:56:22Z,mobile
U0093,I0070,cart,,1,26.73,2026-02-20T18:52:22Z,mobile
U0061,I0081,view,,1,60.65,2026-03-13T11:08:22Z,mobile
U0049,I0058,view,,1,18.03,2026-04-04T20:28:22Z,web
U0062,I0025,cart,,1,15.52,2026-02-23T00:26:22Z,web
U0029,I0080,view,,1,16.0,2026-04-14T16:51:22Z,web
U0120,I0093,purchase,,2,35.82,2026-03-25T16:10:22Z,mobile
U0179,I0051,view,,1,24.93,2026-02-03T18:50:22Z,web
U0194,I0069,view,,1,41.22,2026-03-20T19:56:22Z,mobile
U0030,I0104,rating,3.0,1,41.88,2026-03-26T13:11:22Z,mobile
U0022,I0069,view,,1,41.22,2026-03-25T12:43:22Z,web
U0220,I0110,view,,1,26.64,2026-03-05T23:53:22Z,web
U0045,I0020,rating,4.0,1,27.33,2026-04-18T07:16:22Z,web
U0083,I0077,view,,1,43.74,2026-03-28T05:06:22Z,web
U0062,I0116,view,,1,59.11,2026-04-17T12:18:22Z,mobile
U0091,I0003,cart,,1,12.56,2026-03-05T19:20:22Z,web
U0092,I0003,purchase,,1,12.56,2026-04-20T22:08:22Z,mobile
U0136,I0035,view,,1,26.96,2026-03-13T19:33:22Z,web
U0224,I0081,view,,1,60.65,2026-04-25T01:14:22Z,mobile
U0044,I0071,cart,,1,31.77,2026-02-25T12:06:22Z,mobile
U0134,I0017,view,,1,25.29,2026-02-12T18:30:22Z,web
U0021,I0036,purchase,,1,74.72,2026-04-23T21:09:22Z,mobile
U0076,I0062,cart,,1,23.59,2026-03-08T15:03:22Z,mobile
U0104,I0064,cart,,1,28.05,2026-02-08T02:01:22Z,mobile
U0222,I0044,purchase,,1,16.15,2026-03-09T11:29:22Z,mobile
U0178,I0113,rating,4.0,1,36.16,2026-04-19T23:17:22Z,mobile
U0239,I0017,cart,,1,25.29,2026-03-27T13:12:22Z,mobile
U0173,I0021,cart,,1,19.0,2026-04-21T04:20:22Z,web
U0100,I0074,cart,,1,19.52,2026-04-27T17:10:22Z,web
U0132,I0021,purchase,,1,19.0,2026-02-16T14:03:22Z,mobile
U0161,I0006,view,,1,21.38,2026-04-23T03:25:22Z,mobile
U0125,I0035,purchase,,1,26.96,2026-04-22T15:01:22Z,mobile
U0176,I0061,rating,4.0,1,17.75,2026-04-04T05:08:22Z,web
U0104,I0018,purchase,,1,34.0,2026-03-07T16:13:22Z,web
U0038,I0089,view,,1,40.79,2026-03-17T08:22:22Z,web
U0224,I0067,rating,3.0,1,77.25,2026-02-20T08:38:22Z,mobile
U0013,I0096,rating,5.0,1,36.87,2026-02-18T10:21:22Z,web
U0158,I0036,view,,1,74.72,2026-02-23T13:49:22Z,web
U0206,I0049,purchase,,1,10.95,2026-04-08T16:38:22Z,mobile
U0235,I0013,cart,,1,28.54,2026-04-09T20:28:22Z,web
U0138,I0014,rating,5.0,1,30.5,2026-02-08T06:58:22Z,mobile
U0074,I0065,view,,1,45.15,2026-03-31T03:54:22Z,web
U0152,I0018,view,,1,34.0,2026-04-26T19:40:22Z,web
U0059,I0115,rating,4.0,1,29.97,2026-02-04T08:08:22Z,mobile
U0212,I0014,view,,1,30.5,2026-04-07T01:06:22Z,web
U0146,I0120,view,,1,26.42,2026-03-05T17:50:22Z,web
U0021,I0068,cart,,1,16.18,2026-02-14T02:24:22Z,web
U0182,I0107,purchase,,2,14.01,2026-02-27T20:40:22Z,web
U0104,I0086,cart,,1,33.96,2026-04-18T13:40:22Z,mobile
U0142,I0086,purchase,,1,33.96,2026-04-13T13:22:22Z,web
U0012,I0096,rating,4.0,1,36.87,2026-02-02T23:11:22Z,mobile
U0094,I0066,cart,,1,22.7,2026-02-14T00:29:22Z,mobile
U0036,I0093,cart,,1,35.82,2026-02-16T06:55:22Z,web
U0150,I0029,view,,1,83.41,2026-02-04T04:37:22Z,web
U0128,I0080,cart,,1,16.0,2026-02-16T03:46:22Z,web
U0208,I0111,cart,,1,114.52,2026-03-14T01:22:22Z,web
U0215,I0042,rating,1.0,1,34.64,2026-04-22T05:21:22Z,web
U0239,I0045,rating,5.0,1,27.1,2026-02-22T07:01:22Z,mobile
U0124,I0058,purchase,,2,18.03,2026-02-22T23:49:22Z,web
U0147,I0003,view,,1,12.56,2026-02-25T03:15:22Z,mobile
U0034,I0104,view,,1,41.88,2026-04-19T03:13:22Z,mobile
U0052,I0096,rating,5.0,1,36.87,2026-03-28T00:31:22Z,mobile
U0040,I0064,view,,1,28.05,2026-04-21T11:35:22Z,mobile
U0093,I0044,view,,1,16.15,2026-02-11T09:44:22Z,mobile
U0125,I0014,view,,1,30.5,2026-02-08T14:05:22Z,mobile
U0223,I0038,purchase,,1,23.01,2026-02-11T16:46:22Z,mobile
U0130,I0011,cart,,1,15.55,2026-02-07T21:11:22Z,mobile
U0197,I0044,view,,1,16.15,2026-02-16T12:21:22Z,mobile
U0099,I0097,view,,1,42.6,2026-04-23T14:00:22Z,web
U0223,I0075,view,,1,25.5,2026-03-01T07:21:22Z,web
U0022,I0048,view,,1,22.53,2026-03-10T08:35:22Z,mobile
U0145,I0015,view,,1,19.27,2026-03-13T14:06:22Z,web
U0013,I0009,rating,1.0,1,26.36,2026-04-14T22:04:22Z,mobile
U0077,I0063,cart,,1,17.91,2026-04-23T12:13:22Z,web
U0188,I0031,purchase,,1,6.52,2026-03-13T19:10:22Z,mobile
U0187,I0062,rating,5.0,1,23.59,2026-03-19T15:04:22Z,web
U0134,I0065,view,,1,45.15,2026-02-23T15:33:22Z,web
U0054,I0029,rating,5.0,1,83.41,2026-04-23T14:42:22Z,mobile
U0191,I0111,view,,1,114.52,2026-04-03T20:35:22Z,web
U0237,I0076,view,,1,36.2,2026-03-17T02:05:22Z,mobile
U0072,I0040,view,,1,56.71,2026-02-08T22:50:22Z,mobile
U0131,I0076,cart,,1,36.2,2026-04-25T11:02:22Z,web
U0069,I0065,view,,1,45.15,2026-04-05T21:42:22Z,mobile
U0213,I0103,cart,,1,51.23,2026-04-25T21:15:22Z,web
U0045,I0114,view,,1,33.44,2026-02-13T20:27:22Z,web
U0081,I0006,cart,,1,21.38,2026-03-08T05:24:22Z,web
U0152,I0086,rating,5.0,1,33.96,2026-03-24T03:11:22Z,mobile
U0059,I0062,view,,1,23.59,2026-04-05T08:08:22Z,mobile
U0217,I0119,view,,1,34.0,2026-04-10T11:21:22Z,web
U0145,I0013,purchase,,1,28.54,2026-02-24T05:41:22Z,mobile
U0013,I0094,view,,1,20.46,2026-03-27T20:30:22Z,web
U0168,I0114,rating,4.0,1,33.44,2026-04-14T13:42:22Z,web
U0215,I0001,purchase,,2,31.44,2026-04-30T20:22:22Z,web
U0044,I0018,view,,1,34.0,2026-02-26T03:35:22Z,web
U0140,I0078,rating,3.0,1,41.4,2026-02-13T06:10:22Z,mobile
U0012,I0038,view,,1,23.01,2026-03-13T03:22:22Z,web
U0103,I0091,view,,1,42.99,2026-04-28T19:29:22Z,web
U0213,I0051,rating,4.0,1,24.93,2026-04-18T22:21:22Z,web
U0237,I0054,view,,1,35.21,2026-04-17T00:40:22Z,web
U0115,I0081,view,,1,60.65,2026-03-13T13:13:22Z,web
U0104,I0028,cart,,1,23.83,2026-02-07T02:37:22Z,web
U0184,I0010,cart,,1,50.12,2026-03-26T22:52:22Z,web
U0068,I0091,view,,1,42.99,2026-03-08T07:13:22Z,web
U0052,I0081,cart,,1,60.65,2026-02-27T04:30:22Z,mobile
U0238,I0099,view,,1,19.36,2026-04-08T07:43:22Z,web
U0028,I0023,rating,4.0,1,51.99,2026-03-11T10:11:22Z,mobile
U0216,I0024,view,,1,24.65,2026-04-27T16:18:22Z,web
U0111,I0058,view,,1,18.03,2026-04-16T15:10:22Z,mobile
U0237,I0018,view,,1,34.0,2026-04-06T08:15:22Z,mobile
U0118,I0026,cart,,1,13.5,2026-03-03T06:57:22Z,web
U0067,I0005,purchase,,1,20.52,2026-03-07T00:38:22Z,web
U0204,I0044,view,,1,16.15,2026-02-05T02:01:22Z,web
U0095,I0073,rating,4.0,1,25.28,2026-03-19T18:22:22Z,mobile
U0129,I0003,view,,1,12.56,2026-02-17T07:45:22Z,web
U0217,I0116,view,,1,59.11,2026-02-05T06:45:22Z,web
U0225,I0079,rating,3.0,1,55.92,2026-04-22T00:38:22Z,mobile
U0025,I0065,view,,1,45.15,2026-04-28T12:13:22Z,web
U0107,I0078,view,,1,41.4,2026-04-21T09:54:22Z,mobile
U0149,I0086,view,,1,33.96,2026-03-12T15:51:22Z,web
U0040,I0110,view,,1,26.64,2026-02-03T16:34:22Z,web
U0192,I0062,view,,1,23.59,2026-05-01T16:28:22Z,mobile
U0187,I0093,view,,1,35.82,2026-02-21T17:22:22Z,mobile
U0002,I0060,cart,,1,48.07,2026-02-04T19:14:22Z,mobile
U0108,I0059,cart,,1,24.91,2026-02-04T22:14:22Z,mobile
U0189,I0066,view,,1,22.7,2026-02-22T12:33:22Z,web
U0184,I0116,view,,1,59.11,2026-04-21T23:20:22Z,web
U0022,I0069,cart,,1,41.22,2026-02-21T03:28:22Z,web
U0234,I0109,purchase,,1,70.56,2026-03-02T23:54:22Z,web
U0208,I0100,view,,1,54.26,2026-04-28T10:53:22Z,mobile
U0141,I0110,view,,1,26.64,2026-04-01T17:40:22Z,mobile
U0163,I0100,view,,1,54.26,2026-04-18T23:02:22Z,mobile
U0027,I0031,view,,1,6.52,2026-04-28T22:18:22Z,mobile
U0006,I0058,cart,,1,18.03,2026-03-23T08:16:22Z,mobile
U0026,I0090,view,,1,12.85,2026-04-16T03:41:22Z,web
U0192,I0019,cart,,1,35.63,2026-02-03T21:57:22Z,mobile
U0013,I0058,view,,1,18.03,2026-02-09T06:02:22Z,web
U0235,I0013,view,,1,28.54,2026-04-05T15:06:22Z,mobile
U0100,I0048,view,,1,22.53,2026-03-05T08:15:22Z,web
U0125,I0072,rating,4.0,1,21.99,2026-04-26T10:35:22Z,web
U0198,I0014,view,,1,30.5,2026-02-20T22:30:22Z,web
U0068,I0088,purchase,,1,30.05,2026-04-13T02:44:22Z,mobile
U0028,I0023,cart,,1,51.99,2026-04-21T21:01:22Z,mobile
U0024,I0031,rating,3.0,1,6.52,2026-03-09T12:15:22Z,web
U0108,I0106,view,,1,26.93,2026-04-14T21:59:22Z,web
U0030,I0018,view,,1,34.0,2026-03-29T11:56:22Z,web
U0167,I0043,rating,4.0,1,34.18,2026-02-08T01:25:22Z,mobile
U0184,I0110,view,,1,26.64,2026-02-02T21:40:22Z,web
U0006,I0082,view,,1,27.22,2026-03-22T09:21:22Z,mobile
U0201,I0108,view,,1,101.53,2026-03-22T17:51:22Z,web
U0191,I0055,cart,,1,14.43,2026-02-28T12:07:22Z,mobile
U0191,I0049,view,,1,10.95,2026-03-14T05:43:22Z,mobile
U0198,I0007,view,,1,50.51,2026-02-10T13:27:22Z,web
U0011,I0075,view,,1,25.5,2026-03-12T00:51:22Z,mobile
U0087,I0086,view,,1,33.96,2026-04-09T10:08:22Z,web
U0023,I0087,view,,1,58.68,2026-02-25T11:55:22Z,mobile
U0215,I0003,view,,1,12.56,2026-04-11T15:35:22Z,web
U0025,I0106,view,,1,26.93,2026-02-21T13:05:22Z,mobile
U0119,I0025,cart,,1,15.52,2026-02-06T11:23:22Z,mobile
U0226,I0055,view,,1,14.43,2026-03-22T18:20:22Z,mobile
U0173,I0091,view,,1,42.99,2026-02-04T15:51:22Z,mobile
U0076,I0092,view,,1,16.23,2026-04-13T18:10:22Z,mobile
U0018,I0059,cart,,1,24.91,2026-03-05T14:21:22Z,web
U0108,I0069,view,,1,41.22,2026-02-12T03:15:22Z,mobile
U0077,I0003,view,,1,12.56,2026-04-26T23:14:22Z,web
U0079,I0046,view,,1,32.06,2026-05-01T05:02:22Z,mobile
U0063,I0058,view,,1,18.03,2026-02-20T06:58:22Z,web
U0063,I0009,purchase,,2,26.36,2026-04-13T07:35:22Z,mobile
U0028,I0114,purchase,,1,33.44,2026-02-16T15:03:22Z,mobile
U0202,I0052,view,,1,30.37,2026-04-29T09:00:22Z,web
U0195,I0100,view,,1,54.26,2026-04-04T02:50:22Z,web
U0106,I0015,purchase,,1,19.27,2026-03-27T22:03:22Z,web
U0070,I0004,view,,1,24.4,2026-03-01T16:39:22Z,mobile
U0197,I0030,view,,1,19.11,2026-04-01T18:22:22Z,mobile
U0141,I0024,rating,5.0,1,24.65,2026-03-18T20:43:22Z,web
U0231,I0021,view,,1,19.0,2026-04-03T00:38:22Z,web
U0185,I0019,view,,1,35.63,2026-02-20T06:20:22Z,mobile
U0087,I0037,view,,1,17.51,2026-04-22T15:23:22Z,web
U0044,I0053,view,,1,18.65,2026-03-05T03:02:22Z,web
U0068,I0094,view,,1,20.46,2026-03-26T20:42:22Z,web
U0085,I0083,rating,5.0,1,17.83,2026-02-15T01:22:22Z,mobile
U0138,I0102,view,,1,45.37,2026-04-15T16:07:22Z,mobile
U0167,I0107,view,,1,14.01,2026-04-13T10:42:22Z,web
U0085,I0026,view,,1,13.5,2026-03-13T03:47:22Z,web
U0209,I0092,view,,1,16.23,2026-04-13T04:54:22Z,mobile
U0181,I0002,cart,,1,22.56,2026-03-06T15:55:22Z,mobile
U0019,I0043,view,,1,34.18,2026-03-23T10:10:22Z,web
U0195,I0075,rating,5.0,1,25.5,2026-04-04T03:20:22Z,mobile
U0130,I0112,view,,1,53.68,2026-04-12T15:47:22Z,web
U0096,I0052,view,,1,30.37,2026-04-16T05:56:22Z,mobile
U0105,I0047,view,,1,36.67,2026-04-09T18:15:22Z,web
U0022,I0086,view,,1,33.96,2026-04-02T12:48:22Z,mobile
U0162,I0003,view,,1,12.56,2026-03-11T20:48:22Z,mobile
U0090,I0003,purchase,,1,12.56,2026-04-01T20:09:22Z,web
U0179,I0060,view,,1,48.07,2026-03-30T13:45:22Z,web
U0057,I0029,purchase,,1,83.41,2026-02-22T23:39:22Z,web
U0103,I0052,view,,1,30.37,2026-02-21T22:20:22Z,mobile
U0216,I0089,view,,1,40.79,2026-02-04T13:49:22Z,mobile
U0173,I0063,purchase,,3,17.91,2026-03-09T23:43:22Z,web
U0096,I0036,cart,,1,74.72,2026-03-28T09:01:22Z,web
U0151,I0106,view,,1,26.93,2026-03-25T18:52:22Z,mobile
U0206,I0112,cart,,1,53.68,2026-03-13T03:51:22Z,web
U0237,I0061,view,,1,17.75,2026-04-14T01:59:22Z,web
U0044,I0054,rating,4.0,1,35.21,2026-03-02T15:32:22Z,web
U0116,I0063,view,,1,17.91,2026-02-01T07:20:22Z,web
U0031,I0090,view,,1,12.85,2026-04-22T21:41:22Z,web
U0032,I0084,cart,,1,27.83,2026-04-20T18:40:22Z,web
U0070,I0095,view,,1,11.84,2026-03-28T02:44:22Z,web
U0219,I0008,view,,1,36.94,2026-04-19T19:26:22Z,mobile
U0075,I0054,view,,1,35.21,2026-03-06T18:28:22Z,mobile
U0218,I0116,cart,,1,59.11,2026-02-13T15:20:22Z,web
U0058,I0008,view,,1,36.94,2026-04-07T01:24:22Z,mobile
U0070,I0088,view,,1,30.05,2026-03-05T12:10:22Z,mobile
U0163,I0108,cart,,1,101.53,2026-03-30T17:40:22Z,mobile
U0073,I0115,view,,1,29.97,2026-04-15T00:29:22Z,web
U0173,I0013,view,,1,28.54,2026-04-19T06:37:22Z,mobile
U0052,I0070,purchase,,1,26.73,2026-02-02T02:51:22Z,mobile
U0042,I0030,view,,1,19.11,2026-04-10T04:18:22Z,web
U0156,I0056,view,,1,21.96,2026-03-16T11:10:22Z,web
U0012,I0077,view,,1,43.74,2026-03-04T17:37:22Z,web
U0011,I0083,view,,1,17.83,2026-04-23T09:33:22Z,mobile
U0116,I0052,view,,1,30.37,2026-03-06T17:30:22Z,mobile
U0072,I0118,rating,2.0,1,24.81,2026-04-03T02:38:22Z,web
U0068,I0021,cart,,1,19.0,2026-03-01T02:10:22Z,web
U0117,I0109,view,,1,70.56,2026-04-22T16:16:22Z,web
U0089,I0054,view,,1,35.21,2026-02-11T19:25:22Z,mobile
U0075,I0007,view,,1,50.51,2026-03-25T16:34:22Z,mobile
U0182,I0074,view,,1,19.52,2026-02-28T19:31:22Z,web
U0111,I0090,view,,1,12.85,2026-02-19T17:41:22Z,mobile
U0035,I0017,view,,1,25.29,2026-02-13T07:33:22Z,mobile
U0093,I0110,rating,4.0,1,26.64,2026-02-19T14:57:22Z,web
U0047,I0041,cart,,1,35.48,2026-03-15T15:57:22Z,mobile
U0087,I0046,cart,,1,32.06,2026-02-20T09:45:22Z,web
U0169,I0037,view,,1,17.51,2026-02-08T17:45:22Z,mobile
U0219,I0008,view,,1,36.94,2026-04-10T19:31:22Z,mobile
U0004,I0043,cart,,1,34.18,2026-03-07T17:31:22Z,web
U0071,I0065,view,,1,45.15,2026-04-09T14:55:22Z,web
U0152,I0050,view,,1,15.33,2026-03-22T08:02:22Z,web
U0032,I0018,view,,1,34.0,2026-03-19T05:08:22Z,mobile
U0099,I0093,view,,1,35.82,2026-04-01T17:32:22Z,web
U0039,I0090,view,,1,12.85,2026-03-29T05:20:22Z,mobile
U0030,I0072,purchase,,2,21.99,2026-04-08T09:31:22Z,mobile
U0090,I0029,cart,,1,83.41,2026-03-02T20:06:22Z,mobile
U0090,I0109,view,,1,70.56,2026-02-05T17:07:22Z,mobile
U0152,I0035,view,,1,26.96,2026-02-06T05:09:22Z,web
U0030,I0033,view,,1,24.72,2026-02-18T20:19:22Z,mobile
U0094,I0042,purchase,,1,34.64,2026-02-18T20:36:22Z,web
U0235,I0087,cart,,1,58.68,2026-02-04T14:22:22Z,web
U0172,I0013,view,,1,28.54,2026-03-06T15:05:22Z,mobile
U0166,I0006,purchase,,1,21.38,2026-03-29T05:54:22Z,mobile
U0123,I0110,view,,1,26.64,2026-04-14T05:03:22Z,mobile
U0194,I0006,view,,1,21.38,2026-03-11T10:54:22Z,web
U0085,I0088,purchase,,1,30.05,2026-04-15T19:35:22Z,mobile
U0179,I0065,view,,1,45.15,2026-04-29T15:09:22Z,mobile
U0197,I0044,view,,1,16.15,2026-03-26T08:18:22Z,mobile
U0039,I0025,view,,1,15.52,2026-02-19T02:14:22Z,web
U0083,I0029,view,,1,83.41,2026-02-08T21:17:22Z,mobile
U0111,I0093,view,,1,35.82,2026-02-07T00:31:22Z,mobile
U0122,I0024,view,,1,24.65,2026-04-07T10:34:22Z,web
U0136,I0059,rating,3.0,1,24.91,2026-03-22T17:09:22Z,web
U0071,I0041,purchase,,2,35.48,2026-04-25T16:40:22Z,web
U0172,I0072,cart,,1,21.99,2026-04-14T00:31:22Z,mobile
U0113,I0058,rating,5.0,1,18.03,2026-03-13T13:57:22Z,mobile
U0078,I0047,cart,,1,36.67,2026-04-20T14:20:22Z,web
U0025,I0099,view,,1,19.36,2026-03-08T02:27:22Z,mobile
U0059,I0103,view,,1,51.23,2026-03-05T04:07:22Z,web
U0137,I0096,cart,,1,36.87,2026-02-05T17:31:22Z,mobile
U0226,I0048,view,,1,22.53,2026-04-14T01:51:22Z,mobile
U0231,I0062,view,,1,23.59,2026-03-04T02:19:22Z,mobile
U0082,I0066,cart,,1,22.7,2026-04-29T00:36:22Z,mobile
U0175,I0111,view,,1,114.52,2026-04-29T05:58:22Z,web
U0183,I0035,view,,1,26.96,2026-02-28T02:25:22Z,mobile
U0014,I0044,view,,1,16.15,2026-03-04T11:36:22Z,web
U0171,I0023,view,,1,51.99,2026-03-03T11:22:22Z,mobile
U0076,I0092,purchase,,1,16.23,2026-02-10T07:47:22Z,web
U0180,I0049,rating,5.0,1,10.95,2026-04-10T01:26:22Z,web
U0168,I0099,cart,,1,19.36,2026-03-01T20:35:22Z,mobile
U0150,I0101,purchase,,3,48.0,2026-02-02T17:03:22Z,mobile
U0183,I0085,view,,1,64.61,2026-02-20T16:12:22Z,web
U0233,I0098,cart,,1,35.06,2026-02-22T16:34:22Z,web
U0151,I0094,cart,,1,20.46,2026-02-04T20:30:22Z,web
U0225,I0103,cart,,1,51.23,2026-02-15T11:48:22Z,mobile
U0210,I0069,view,,1,41.22,2026-02-12T13:21:22Z,web
U0050,I0040,view,,1,56.71,2026-03-21T05:32:22Z,web
U0057,I0090,view,,1,12.85,2026-03-06T16:36:22Z,web
U0177,I0020,rating,2.0,1,27.33,2026-03-23T22:11:22Z,web
U0194,I0086,view,,1,33.96,2026-04-18T00:34:22Z,web
U0038,I0083,cart,,1,17.83,2026-02-21T10:39:22Z,web
U0117,I0090,cart,,1,12.85,2026-04-16T12:56:22Z,mobile
U0125,I0013,rating,3.0,1,28.54,2026-03-08T13:24:22Z,web
U0126,I0065,view,,1,45.15,2026-03-18T08:52:22Z,web
U0151,I0106,view,,1,26.93,2026-02-19T18:40:22Z,web
U0042,I0023,view,,1,51.99,2026-03-06T00:31:22Z,web
U0146,I0074,cart,,1,19.52,2026-03-22T05:05:22Z,mobile
U0096,I0107,view,,1,14.01,2026-03-18T21:53:22Z,mobile
U0030,I0018,view,,1,34.0,2026-03-13T18:19:22Z,web
U0073,I0024,cart,,1,24.65,2026-04-09T14:56:22Z,web
U0137,I0081,view,,1,60.65,2026-02-17T11:38:22Z,web
U0052,I0005,cart,,1,20.52,2026-02-07T13:29:22Z,web
U0002,I0004,rating,5.0,1,24.4,2026-04-02T05:10:22Z,web
U0008,I0063,view,,1,17.91,2026-04-19T04:37:22Z,web
U0011,I0075,purchase,,1,25.5,2026-04-23T16:03:22Z,web
U0074,I0073,purchase,,1,25.28,2026-02-23T07:43:22Z,mobile
U0023,I0039,view,,1,14.55,2026-03-15T03:00:22Z,mobile
U0218,I0119,view,,1,34.0,2026-02-01T06:14:22Z,mobile
U0020,I0091,view,,1,42.99,2026-02-02T20:20:22Z,mobile
U0103,I0021,view,,1,19.0,2026-03-03T08:26:22Z,mobile
U0075,I0020,view,,1,27.33,2026-04-05T13:38:22Z,mobile
U0211,I0106,purchase,,2,26.93,2026-03-14T16:06:22Z,web
U0236,I0055,view,,1,14.43,2026-02-04T14:02:22Z,mobile
U0100,I0030,purchase,,2,19.11,2026-04-02T03:25:22Z,mobile
U0179,I0097,cart,,1,42.6,2026-04-03T06:34:22Z,mobile
U0017,I0094,purchase,,2,20.46,2026-03-22T20:43:22Z,web
U0006,I0087,purchase,,1,58.68,2026-02-01T17:18:22Z,web
U0174,I0098,view,,1,35.06,2026-04-16T13:39:22Z,web
U0075,I0078,view,,1,41.4,2026-04-21T19:51:22Z,web
U0054,I0094,rating,5.0,1,20.46,2026-03-09T01:11:22Z,mobile
U0214,I0009,rating,4.0,1,26.36,2026-04-19T08:31:22Z,mobile
U0196,I0030,view,,1,19.11,2026-03-18T15:27:22Z,web
U0027,I0080,purchase,,1,16.0,2026-02-14T14:24:22Z,web
U0075,I0033,view,,1,24.72,2026-03-22T02:35:22Z,web
U0233,I0084,view,,1,27.83,2026-02-13T01:32:22Z,mobile
U0224,I0047,view,,1,36.67,2026-03-23T23:39:22Z,mobile
U0191,I0061,view,,1,17.75,2026-02-21T20:56:22Z,mobile
U0024,I0104,view,,1,41.88,2026-04-24T16:37:22Z,mobile
U0079,I0069,purchase,,1,41.22,2026-04-23T21:26:22Z,web
U0190,I0105,view,,1,20.28,2026-04-02T11:43:22Z,mobile
U0189,I0110,view,,1,26.64,2026-03-01T12:41:22Z,mobile
U0079,I0018,view,,1,34.0,2026-02-24T20:14:22Z,web
U0159,I0026,view,,1,13.5,2026-04-20T21:06:22Z,mobile
U0130,I0112,purchase,,1,53.68,2026-04-13T01:15:22Z,web
U0189,I0035,rating,5.0,1,26.96,2026-04-12T04:39:22Z,web
U0171,I0004,rating,4.0,1,24.4,2026-04-16T06:13:22Z,mobile
U0081,I0069,view,,1,41.22,2026-04-20T05:43:22Z,mobile
U0051,I0043,view,,1,34.18,2026-03-19T05:21:22Z,web
U0066,I0034,view,,1,32.38,2026-04-04T01:49:22Z,mobile
U0162,I0026,purchase,,2,13.5,2026-02-19T10:06:22Z,web
U0127,I0060,view,,1,48.07,2026-03-25T09:56:22Z,mobile
U0027,I0001,cart,,1,31.44,2026-02-24T05:52:22Z,web
U0228,I0062,view,,1,23.59,2026-04-25T07:42:22Z,mobile
U0106,I0102,view,,1,45.37,2026-02-09T23:05:22Z,mobile
U0205,I0043,cart,,1,34.18,2026-03-12T19:45:22Z,web
U0079,I0054,view,,1,35.21,2026-02-02T15:45:22Z,mobile
U0058,I0037,view,,1,17.51,2026-03-27T21:21:22Z,web
U0040,I0008,rating,4.0,1,36.94,2026-02-22T15:37:22Z,web
U0029,I0078,purchase,,1,41.4,2026-02-05T21:21:22Z,web
U0184,I0020,purchase,,1,27.33,2026-03-28T22:16:22Z,mobile
U0113,I0079,view,,1,55.92,2026-04-13T11:57:22Z,web
U0185,I0017,view,,1,25.29,2026-03-27T10:28:22Z,mobile
U0203,I0029,purchase,,1,83.41,2026-02-04T22:16:22Z,web
U0158,I0051,rating,4.0,1,24.93,2026-02-19T12:30:22Z,web
U0207,I0022,cart,,1,23.73,2026-02-24T18:54:22Z,web
U0057,I0012,purchase,,1,67.3,2026-04-26T05:00:22Z,web
U0198,I0098,view,,1,35.06,2026-04-20T11:24:22Z,web
U0016,I0038,view,,1,23.01,2026-03-28T20:35:22Z,web
U0100,I0043,view,,1,34.18,2026-02-09T00:18:22Z,web
U0135,I0051,view,,1,24.93,2026-04-26T10:33:22Z,mobile
U0237,I0061,view,,1,17.75,2026-04-24T14:47:22Z,web
U0002,I0081,view,,1,60.65,2026-04-11T06:21:22Z,mobile
U0032,I0001,view,,1,31.44,2026-03-25T16:12:22Z,mobile
U0198,I0006,view,,1,21.38,2026-03-21T23:10:22Z,web
U0154,I0069,rating,4.0,1,41.22,2026-02-28T09:42:22Z,mobile
U0109,I0091,rating,3.0,1,42.99,2026-04-22T10:54:22Z,mobile
U0097,I0021,view,,1,19.0,2026-04-22T07:01:22Z,web
U0154,I0067,view,,1,77.25,2026-04-16T00:57:22Z,web
U0169,I0037,rating,4.0,1,17.51,2026-03-02T23:37:22Z,web
U0135,I0061,view,,1,17.75,2026-04-16T21:11:22Z,mobile
U0103,I0004,cart,,1,24.4,2026-04-19T03:24:22Z,mobile
U0188,I0053,rating,4.0,1,18.65,2026-02-10T12:26:22Z,mobile
U0204,I0066,view,,1,22.7,2026-02-09T15:17:22Z,web
U0028,I0112,view,,1,53.68,2026-03-07T20:33:22Z,mobile
U0127,I0051,view,,1,24.93,2026-02-14T15:12:22Z,web
U0188,I0007,purchase,,1,50.51,2026-03-08T09:11:22Z,web
U0117,I0070,view,,1,26.73,2026-04-18T18:13:22Z,mobile
U0097,I0020,purchase,,1,27.33,2026-02-19T04:35:22Z,mobile
U0216,I0110,view,,1,26.64,2026-02-16T22:01:22Z,mobile
U0094,I0047,view,,1,36.67,2026-03-18T03:21:22Z,web
U0157,I0059,purchase,,1,24.91,2026-03-03T18:51:22Z,web
U0045,I0050,rating,2.0,1,15.33,2026-04-08T15:23:22Z,mobile
U0148,I0114,rating,2.0,1,33.44,2026-03-11T20:54:22Z,web
U0015,I0103,view,,1,51.23,2026-03-28T13:05:22Z,web
U0154,I0084,view,,1,27.83,2026-02-13T06:36:22Z,web
U0194,I0019,cart,,1,35.63,2026-04-26T23:20:22Z,mobile
U0177,I0017,view,,1,25.29,2026-04-07T12:30:22Z,mobile
U0099,I0100,rating,4.0,1,54.26,2026-03-31T05:25:22Z,mobile
U0144,I0008,view,,1,36.94,2026-04-03T18:09:22Z,mobile
U0208,I0064,purchase,,1,28.05,2026-02-27T15:35:22Z,mobile
U0080,I0078,view,,1,41.4,2026-04-12T21:05:22Z,mobile
U0199,I0074,view,,1,19.52,2026-03-20T07:22:22Z,mobile
U0068,I0075,cart,,1,25.5,2026-04-30T07:31:22Z,mobile
U0049,I0044,view,,1,16.15,2026-02-14T15:01:22Z,mobile
U0126,I0067,view,,1,77.25,2026-04-09T19:51:22Z,mobile
U0168,I0065,view,,1,45.15,2026-03-09T02:44:22Z,web
U0081,I0002,view,,1,22.56,2026-04-25T09:22:22Z,mobile
U0131,I0038,purchase,,3,23.01,2026-03-20T04:23:22Z,web
U0162,I0110,view,,1,26.64,2026-04-25T00:55:22Z,mobile
U0022,I0105,purchase,,1,20.28,2026-03-31T18:18:22Z,mobile
U0071,I0030,view,,1,19.11,2026-04-03T16:18:22Z,web
U0107,I0025,purchase,,1,15.52,2026-03-26T21:11:22Z,web
U0122,I0053,view,,1,18.65,2026-02-25T18:46:22Z,web
U0093,I0109,purchase,,2,70.56,2026-04-01T17:33:22Z,mobile
U0106,I0035,view,,1,26.96,2026-02-17T09:50:22Z,mobile
U0010,I0108,view,,1,101.53,2026-04-21T17:29:22Z,web
U0010,I0017,purchase,,2,25.29,2026-02-14T18:00:22Z,mobile
U0103,I0062,cart,,1,23.59,2026-03-21T19:56:22Z,mobile
U0121,I0069,view,,1,41.22,2026-03-20T08:35:22Z,web
U0074,I0060,view,,1,48.07,2026-04-29T08:34:22Z,web
U0185,I0050,view,,1,15.33,2026-02-11T21:37:22Z,web
U0124,I0044,purchase,,1,16.15,2026-02-16T21:47:22Z,web
U0106,I0085,purchase,,1,64.61,2026-02-06T23:41:22Z,web
U0236,I0051,rating,4.0,1,24.93,2026-02-22T16:00:22Z,web
U0154,I0118,purchase,,1,24.81,2026-02-27T14:25:22Z,web
U0190,I0081,cart,,1,60.65,2026-04-20T20:13:22Z,mobile
U0051,I0043,view,,1,34.18,2026-02-12T03:09:22Z,web
U0057,I0008,view,,1,36.94,2026-02-17T17:19:22Z,mobile
U0057,I0089,view,,1,40.79,2026-03-08T10:58:22Z,mobile
U0110,I0042,view,,1,34.64,2026-04-18T08:17:22Z,web
U0075,I0057,view,,1,46.42,2026-04-22T16:21:22Z,web
U0221,I0071,view,,1,31.77,2026-04-30T17:48:22Z,mobile
U0018,I0016,view,,1,41.84,2026-03-09T12:42:22Z,web
U0114,I0113,view,,1,36.16,2026-03-08T07:43:22Z,mobile
U0125,I0053,view,,1,18.65,2026-04-15T23:07:22Z,web
U0139,I0090,purchase,,1,12.85,2026-04-29T17:35:22Z,web
U0068,I0082,view,,1,27.22,2026-04-09T10:50:22Z,mobile
U0023,I0101,view,,1,48.0,2026-04-01T23:43:22Z,mobile
U0053,I0104,rating,4.0,1,41.88,2026-04-02T10:29:22Z,mobile
U0013,I0005,purchase,,1,20.52,2026-02-07T06:41:22Z,web
U0076,I0108,rating,4.0,1,101.53,2026-02-08T11:57:22Z,mobile
U0002,I0029,rating,4.0,1,83.41,2026-03-22T11:51:22Z,web
U0168,I0073,view,,1,25.28,2026-03-20T07:56:22Z,web
U0005,I0108,cart,,1,101.53,2026-02-04T17:48:22Z,mobile
U0178,I0120,rating,5.0,1,26.42,2026-02-20T21:43:22Z,web
U0143,I0036,view,,1,74.72,2026-04-07T18:03:22Z,web
U0108,I0035,rating,4.0,1,26.96,2026-04-25T01:40:22Z,web
U0219,I0077,view,,1,43.74,2026-03-11T21:59:22Z,mobile
U0189,I0104,cart,,1,41.88,2026-03-11T16:12:22Z,mobile
U0153,I0016,view,,1,41.84,2026-03-11T08:24:22Z,mobile
U0009,I0119,cart,,1,34.0,2026-02-03T17:55:22Z,mobile
U0099,I0112,view,,1,53.68,2026-04-08T23:26:22Z,mobile
U0109,I0078,view,,1,41.4,2026-04-15T22:53:22Z,mobile
U0181,I0042,purchase,,2,34.64,2026-04-29T13:53:22Z,web
U0121,I0079,view,,1,55.92,2026-03-20T18:18:22Z,mobile
U0051,I0120,rating,4.0,1,26.42,2026-04-15T15:27:22Z,mobile
U0025,I0023,purchase,,1,51.99,2026-04-21T17:56:22Z,web
U0146,I0063,cart,,1,17.91,2026-02-06T13:13:22Z,web
U0206,I0065,view,,1,45.15,2026-04-04T14:01:22Z,web
U0028,I0097,view,,1,42.6,2026-04-27T15:21:22Z,mobile
U0001,I0102,view,,1,45.37,2026-03-28T18:26:22Z,mobile
U0163,I0037,view,,1,17.51,2026-03-22T01:57:22Z,mobile
U0151,I0110,view,,1,26.64,2026-02-01T06:51:22Z,web
U0215,I0038,cart,,1,23.01,2026-03-01T20:06:22Z,web
U0159,I0048,view,,1,22.53,2026-04-09T16:25:22Z,web
U0216,I0106,view,,1,26.93,2026-03-22T02:12:22Z,web
U0027,I0058,view,,1,18.03,2026-02-01T04:42:22Z,mobile
U0113,I0082,view,,1,27.22,2026-04-26T04:24:22Z,mobile
U0055,I0019,purchase,,1,35.63,2026-03-26T15:10:22Z,mobile
U0181,I0080,view,,1,16.0,2026-03-13T21:58:22Z,web
U0037,I0030,cart,,1,19.11,2026-03-11T05:57:22Z,mobile
U0164,I0094,view,,1,20.46,2026-04-06T22:40:22Z,mobile
U0117,I0003,purchase,,1,12.56,2026-02-14T04:39:22Z,mobile
U0041,I0015,view,,1,19.27,2026-03-27T19:45:22Z,mobile
U0219,I0051,view,,1,24.93,2026-03-13T08:56:22Z,mobile
U0113,I0109,purchase,,1,70.56,2026-02-01T12:24:22Z,web
U0058,I0064,view,,1,28.05,2026-02-21T17:26:22Z,web
U0228,I0099,purchase,,2,19.36,2026-02-27T21:08:22Z,web
U0177,I0108,view,,1,101.53,2026-02-12T06:21:22Z,web
U0129,I0091,cart,,1,42.99,2026-04-24T06:46:22Z,mobile
U0056,I0116,view,,1,59.11,2026-02-23T22:37:22Z,web
U0156,I0111,cart,,1,114.52,2026-03-27T22:53:22Z,web
U0093,I0097,rating,2.0,1,42.6,2026-04-01T15:08:22Z,web
U0233,I0059,view,,1,24.91,2026-02-10T16:46:22Z,mobile
U0180,I0023,view,,1,51.99,2026-02-17T17:18:22Z,mobile
U0215,I0109,cart,,1,70.56,2026-03-29T07:10:22Z,web
U0081,I0107,rating,2.0,1,14.01,2026-03-01T15:18:22Z,mobile
U0042,I0073,view,,1,25.28,2026-02-08T11:18:22Z,mobile
U0063,I0019,purchase,,3,35.63,2026-02-15T21:32:22Z,mobile
U0199,I0014,view,,1,30.5,2026-03-09T05:47:22Z,mobile
U0153,I0076,purchase,,1,36.2,2026-04-22T21:47:22Z,web
U0152,I0018,view,,1,34.0,2026-02-12T14:02:22Z,mobile
U0210,I0055,view,,1,14.43,2026-04-15T19:20:22Z,web
U0079,I0049,purchase,,1,10.95,2026-02-24T21:08:22Z,web
U0214,I0109,purchase,,1,70.56,2026-03-25T15:04:22Z,web
U0129,I0029,view,,1,83.41,2026-04-07T22:33:22Z,mobile
U0174,I0086,cart,,1,33.96,2026-04-08T11:52:22Z,web
U0082,I0054,rating,4.0,1,35.21,2026-02-15T13:47:22Z,mobile
U0038,I0066,purchase,,1,22.7,2026-04-27T22:14:22Z,web
U0035,I0085,view,,1,64.61,2026-03-24T14:51:22Z,web
U0212,I0073,view,,1,25.28,2026-03-31T12:21:22Z,mobile
U0159,I0096,view,,1,36.87,2026-04-23T16:46:22Z,mobile
U0207,I0002,purchase,,1,22.56,2026-02-11T02:09:22Z,web
U0108,I0040,purchase,,1,56.71,2026-02-22T08:25:22Z,mobile
U0207,I0091,view,,1,42.99,2026-02-23T16:21:22Z,web
U0223,I0119,view,,1,34.0,2026-03-17T23:21:22Z,mobile
U0230,I0051,view,,1,24.93,2026-02-25T06:27:22Z,web
U0078,I0101,view,,1,48.0,2026-04-25T13:46:22Z,web
U0214,I0051,view,,1,24.93,2026-04-23T00:03:22Z,web
U0176,I0059,view,,1,24.91,2026-02-08T12:43:22Z,mobile
U0231,I0052,view,,1,30.37,2026-03-07T01:32:22Z,mobile
U0202,I0074,view,,1,19.52,2026-03-25T16:47:22Z,mobile
U0004,I0099,purchase,,1,19.36,2026-03-13T08:31:22Z,mobile
U0054,I0058,view,,1,18.03,2026-04-20T05:56:22Z,mobile
U0046,I0027,cart,,1,58.32,2026-02-10T05:47:22Z,mobile
U0099,I0023,view,,1,51.99,2026-02-09T08:43:22Z,mobile
U0052,I0079,view,,1,55.92,2026-04-27T14:50:22Z,web
U0188,I0035,cart,,1,26.96,2026-02-08T21:50:22Z,web
U0041,I0074,cart,,1,19.52,2026-04-27T19:59:22Z,mobile
U0097,I0119,cart,,1,34.0,2026-02-23T13:56:22Z,web
U0003,I0055,cart,,1,14.43,2026-04-11T11:24:22Z,mobile
U0138,I0010,view,,1,50.12,2026-03-08T15:18:22Z,web
U0237,I0018,rating,3.0,1,34.0,2026-03-02T22:35:22Z,web
U0226,I0056,view,,1,21.96,2026-03-06T14:00:22Z,web
U0139,I0063,purchase,,2,17.91,2026-02-10T19:25:22Z,mobile
U0089,I0022,purchase,,1,23.73,2026-03-16T02:51:22Z,web
U0022,I0005,view,,1,20.52,2026-03-21T21:17:22Z,mobile
U0117,I0115,view,,1,29.97,2026-03-25T18:41:22Z,web
U0170,I0097,purchase,,1,42.6,2026-02-12T15:41:22Z,mobile
U0163,I0011,view,,1,15.55,2026-02-19T16:00:22Z,mobile
U0059,I0092,purchase,,2,16.23,2026-03-23T17:51:22Z,web
U0091,I0070,view,,1,26.73,2026-02-07T21:43:22Z,web
U0170,I0059,view,,1,24.91,2026-04-01T18:22:22Z,mobile
U0226,I0096,cart,,1,36.87,2026-03-18T11:02:22Z,web
U0137,I0054,cart,,1,35.21,2026-03-31T03:22:22Z,web
U0004,I0083,view,,1,17.83,2026-02-10T06:09:22Z,web
U0155,I0025,rating,5.0,1,15.52,2026-03-06T05:47:22Z,web
U0111,I0001,view,,1,31.44,2026-02-20T02:34:22Z,web
U0156,I0025,purchase,,1,15.52,2026-03-25T19:34:22Z,web
U0130,I0108,cart,,1,101.53,2026-04-10T15:29:22Z,web
U0009,I0021,rating,4.0,1,19.0,2026-02-22T19:15:22Z,mobile
U0085,I0021,rating,5.0,1,19.0,2026-02-20T04:12:22Z,mobile
U0218,I0109,cart,,1,70.56,2026-03-19T19:34:22Z,mobile
U0026,I0079,cart,,1,55.92,2026-02-07T06:48:22Z,mobile
U0165,I0069,rating,4.0,1,41.22,2026-03-14T21:02:22Z,web
U0149,I0027,purchase,,1,58.32,2026-02-17T18:26:22Z,mobile
U0174,I0072,view,,1,21.99,2026-02-09T16:12:22Z,web
U0064,I0045,rating,5.0,1,27.1,2026-04-16T16:23:22Z,mobile
U0020,I0063,view,,1,17.91,2026-03-27T15:12:22Z,web
U0240,I0044,cart,,1,16.15,2026-02-17T11:19:22Z,mobile
U0084,I0015,view,,1,19.27,2026-04-30T21:02:22Z,web
U0232,I0021,view,,1,19.0,2026-03-21T12:45:22Z,web
U0014,I0073,view,,1,25.28,2026-04-13T05:38:22Z,mobile
U0205,I0107,view,,1,14.01,2026-04-03T13:07:22Z,mobile
U0072,I0005,rating,5.0,1,20.52,2026-03-17T09:36:22Z,web
U0058,I0066,purchase,,3,22.7,2026-04-03T10:41:22Z,mobile
U0180,I0099,purchase,,1,19.36,2026-04-29T09:33:22Z,web
U0066,I0023,purchase,,1,51.99,2026-04-10T12:44:22Z,mobile
U0103,I0084,cart,,1,27.83,2026-03-14T19:20:22Z,web
U0129,I0070,cart,,1,26.73,2026-05-01T15:34:22Z,web
U0046,I0088,view,,1,30.05,2026-03-22T02:43:22Z,web
U0154,I0053,purchase,,1,18.65,2026-03-06T19:19:22Z,mobile
U0016,I0115,view,,1,29.97,2026-04-07T18:15:22Z,web
U0226,I0069,view,,1,41.22,2026-03-07T22:51:22Z,web
U0069,I0067,view,,1,77.25,2026-03-13T13:45:22Z,web
U0041,I0039,view,,1,14.55,2026-02-20T19:06:22Z,mobile
U0007,I0033,view,,1,24.72,2026-02-23T03:50:22Z,mobile
U0233,I0033,view,,1,24.72,2026-03-17T22:36:22Z,mobile
U0032,I0001,view,,1,31.44,2026-04-10T08:26:22Z,mobile
U0030,I0101,view,,1,48.0,2026-03-19T07:52:22Z,web
U0128,I0047,purchase,,2,36.67,2026-04-30T20:11:22Z,mobile
U0068,I0053,view,,1,18.65,2026-03-07T20:55:22Z,web
U0146,I0117,view,,1,42.8,2026-02-17T14:59:22Z,web
U0047,I0041,view,,1,35.48,2026-03-15T22:00:22Z,mobile
U0188,I0049,view,,1,10.95,2026-03-11T11:52:22Z,web
U0002,I0110,view,,1,26.64,2026-03-12T10:00:22Z,web
U0186,I0111,rating,3.0,1,114.52,2026-03-03T11:44:22Z,web
U0123,I0016,view,,1,41.84,2026-03-07T05:08:22Z,web
U0014,I0030,cart,,1,19.11,2026-03-24T06:09:22Z,mobile
U0032,I0081,rating,3.0,1,60.65,2026-04-28T01:12:22Z,web
U0228,I0065,view,,1,45.15,2026-03-01T21:08:22Z,web
U0114,I0015,view,,1,19.27,2026-03-07T07:29:22Z,web
U0079,I0086,view,,1,33.96,2026-02-26T06:00:22Z,mobile
U0231,I0063,rating,5.0,1,17.91,2026-03-04T14:25:22Z,mobile
U0102,I0023,rating,3.0,1,51.99,2026-04-12T21:27:22Z,web
U0057,I0024,view,,1,24.65,2026-04-12T16:56:22Z,mobile
U0052,I0044,purchase,,1,16.15,2026-04-19T14:52:22Z,web
U0045,I0032,purchase,,1,68.88,2026-02-24T23:05:22Z,mobile
U0029,I0057,view,,1,46.42,2026-04-30T12:16:22Z,mobile
U0130,I0046,view,,1,32.06,2026-03-03T18:18:22Z,web
U0231,I0055,view,,1,14.43,2026-02-21T18:33:22Z,web
U0041,I0031,cart,,1,6.52,2026-04-07T05:13:22Z,mobile
U0210,I0035,view,,1,26.96,2026-04-20T11:47:22Z,mobile
U0056,I0011,cart,,1,15.55,2026-03-26T02:06:22Z,web
U0198,I0031,rating,4.0,1,6.52,2026-03-22T13:41:22Z,mobile
U0053,I0102,rating,4.0,1,45.37,2026-04-18T19:37:22Z,web
U0103,I0018,view,,1,34.0,2026-04-10T09:35:22Z,mobile
U0046,I0113,view,,1,36.16,2026-04-23T00:52:22Z,mobile
U0030,I0087,rating,5.0,1,58.68,2026-04-01T15:12:22Z,web
U0005,I0045,cart,,1,27.1,2026-04-30T12:34:22Z,mobile
U0224,I0090,view,,1,12.85,2026-03-22T22:57:22Z,web
U0167,I0033,view,,1,24.72,2026-03-05T09:14:22Z,web
U0111,I0007,cart,,1,50.51,2026-02-26T16:03:22Z,mobile
U0133,I0117,purchase,,1,42.8,2026-05-01T16:13:22Z,web
U0013,I0047,view,,1,36.67,2026-03-19T10:42:22Z,mobile
U0117,I0080,cart,,1,16.0,2026-02-14T03:36:22Z,mobile
U0176,I0040,view,,1,56.71,2026-02-05T10:05:22Z,mobile
U0050,I0086,cart,,1,33.96,2026-04-22T02:39:22Z,mobile
U0074,I0112,view,,1,53.68,2026-03-22T12:45:22Z,mobile
U0150,I0039,rating,4.0,1,14.55,2026-03-22T03:54:22Z,web
U0176,I0086,rating,4.0,1,33.96,2026-04-05T06:25:22Z,web
U0183,I0069,view,,1,41.22,2026-02-28T08:48:22Z,web
U0226,I0034,view,,1,32.38,2026-02-13T14:18:22Z,web
U0234,I0070,view,,1,26.73,2026-03-13T00:23:22Z,web
U0147,I0029,view,,1,83.41,2026-04-13T20:19:22Z,web
U0067,I0009,purchase,,1,26.36,2026-04-25T07:18:22Z,web
U0210,I0049,view,,1,10.95,2026-04-22T04:20:22Z,mobile
U0176,I0118,purchase,,1,24.81,2026-03-16T04:53:22Z,web
U0163,I0100,view,,1,54.26,2026-03-05T19:13:22Z,web
U0043,I0081,rating,4.0,1,60.65,2026-02-18T07:21:22Z,mobile
U0215,I0031,purchase,,1,6.52,2026-04-27T21:14:22Z,mobile
U0078,I0048,view,,1,22.53,2026-03-29T02:34:22Z,mobile
U0090,I0038,purchase,,2,23.01,2026-04-22T08:12:22Z,web
U0106,I0073,view,,1,25.28,2026-03-03T13:56:22Z,web
U0127,I0116,view,,1,59.11,2026-04-01T14:22:22Z,mobile
U0194,I0118,rating,3.0,1,24.81,2026-03-30T08:44:22Z,web
U0069,I0022,view,,1,23.73,2026-04-12T17:58:22Z,web
U0167,I0015,rating,4.0,1,19.27,2026-02-17T10:10:22Z,web
U0121,I0042,view,,1,34.64,2026-03-11T19:37:22Z,web
U0101,I0005,rating,5.0,1,20.52,2026-04-07T20:27:22Z,web
U0061,I0082,view,,1,27.22,2026-03-02T07:12:22Z,mobile
U0026,I0005,cart,,1,20.52,2026-04-10T12:58:22Z,web
U0013,I0080,view,,1,16.0,2026-04-23T00:42:22Z,web
U0076,I0098,cart,,1,35.06,2026-04-16T12:20:22Z,web
U0175,I0097,rating,4.0,1,42.6,2026-02-03T03:59:22Z,mobile
U0161,I0104,cart,,1,41.88,2026-03-11T02:47:22Z,mobile
U0116,I0062,view,,1,23.59,2026-04-02T13:36:22Z,mobile
U0224,I0112,purchase,,1,53.68,2026-04-19T13:29:22Z,web
U0128,I0082,cart,,1,27.22,2026-04-07T02:48:22Z,web
U0069,I0065,purchase,,2,45.15,2026-02-15T00:41:22Z,web
U0004,I0106,view,,1,26.93,2026-02-28T01:21:22Z,mobile
U0029,I0014,cart,,1,30.5,2026-03-06T16:24:22Z,web
U0021,I0057,view,,1,46.42,2026-04-11T12:33:22Z,mobile
U0093,I0090,purchase,,1,12.85,2026-03-19T23:05:22Z,web
U0190,I0103,cart,,1,51.23,2026-03-07T14:24:22Z,web
U0160,I0102,rating,5.0,1,45.37,2026-04-04T00:15:22Z,web
U0034,I0014,rating,5.0,1,30.5,2026-02-11T17:38:22Z,web
U0144,I0110,view,,1,26.64,2026-04-16T13:27:22Z,web
U0016,I0058,view,,1,18.03,2026-04-28T11:24:22Z,mobile
U0171,I0091,view,,1,42.99,2026-03-28T23:25:22Z,mobile
U0027,I0066,view,,1,22.7,2026-02-03T20:28:22Z,web
U0166,I0032,view,,1,68.88,2026-04-03T23:10:22Z,web
U0101,I0004,cart,,1,24.4,2026-04-15T19:48:22Z,mobile
U0121,I0029,view,,1,83.41,2026-04-23T05:05:22Z,web
U0216,I0075,view,,1,25.5,2026-03-06T18:13:22Z,mobile
U0164,I0106,view,,1,26.93,2026-04-14T00:22:22Z,mobile
U0091,I0096,view,,1,36.87,2026-04-25T12:57:22Z,web
U0026,I0005,rating,3.0,1,20.52,2026-02-04T20:49:22Z,mobile
U0211,I0012,view,,1,67.3,2026-02-11T21:54:22Z,web
U0177,I0100,cart,,1,54.26,2026-03-11T09:14:22Z,mobile
U0015,I0020,view,,1,27.33,2026-04-24T13:40:22Z,mobile
U0107,I0004,cart,,1,24.4,2026-03-14T02:51:22Z,mobile
U0214,I0023,purchase,,1,51.99,2026-02-25T12:35:22Z,mobile
U0194,I0055,purchase,,1,14.43,2026-04-10T08:41:22Z,mobile
U0118,I0050,rating,4.0,1,15.33,2026-04-18T02:43:22Z,web
U0181,I0056,view,,1,21.96,2026-01-31T21:50:22Z,web
U0021,I0015,view,,1,19.27,2026-03-30T08:45:22Z,web
U0188,I0096,view,,1,36.87,2026-04-10T18:44:22Z,web
U0004,I0064,view,,1,28.05,2026-04-24T10:50:22Z,web
U0101,I0092,view,,1,16.23,2026-03-24T01:46:22Z,web
U0081,I0098,rating,1.0,1,35.06,2026-04-13T02:11:22Z,mobile
U0012,I0003,cart,,1,12.56,2026-02-02T18:28:22Z,web
U0224,I0077,view,,1,43.74,2026-04-13T11:52:22Z,mobile
U0238,I0021,view,,1,19.0,2026-03-25T22:07:22Z,web
U0120,I0018,rating,1.0,1,34.0,2026-02-02T23:41:22Z,mobile
U0024,I0073,view,,1,25.28,2026-03-19T04:18:22Z,mobile
U0232,I0023,rating,4.0,1,51.99,2026-02-15T10:41:22Z,web
U0116,I0028,view,,1,23.83,2026-02-05T19:49:22Z,mobile
U0220,I0075,rating,5.0,1,25.5,2026-04-26T22:51:22Z,web
U0100,I0049,view,,1,10.95,2026-04-08T18:39:22Z,web
U0063,I0016,purchase,,1,41.84,2026-03-11T21:07:22Z,web
U0190,I0077,view,,1,43.74,2026-02-03T21:17:22Z,mobile
U0234,I0112,view,,1,53.68,2026-04-16T21:17:22Z,mobile
U0197,I0079,view,,1,55.92,2026-02-16T06:35:22Z,web
U0240,I0038,purchase,,2,23.01,2026-04-11T04:04:22Z,web
U0110,I0066,purchase,,1,22.7,2026-02-26T20:55:22Z,web
U0234,I0077,view,,1,43.74,2026-02-11T15:38:22Z,web
U0119,I0038,view,,1,23.01,2026-04-01T15:55:22Z,web
U0147,I0109,cart,,1,70.56,2026-04-19T17:09:22Z,web
U0240,I0005,view,,1,20.52,2026-02-10T06:33:22Z,web
U0176,I0118,purchase,,1,24.81,2026-02-22T00:35:22Z,web
U0123,I0066,cart,,1,22.7,2026-04-19T11:00:22Z,web
U0202,I0043,view,,1,34.18,2026-02-10T23:15:22Z,web
U0111,I0104,purchase,,1,41.88,2026-02-16T12:40:22Z,web
U0033,I0027,view,,1,58.32,2026-02-11T04:47:22Z,web
U0042,I0060,purchase,,3,48.07,2026-02-17T09:10:22Z,web
U0054,I0025,view,,1,15.52,2026-04-16T03:33:22Z,web
U0174,I0046,view,,1,32.06,2026-03-13T17:11:22Z,mobile
U0039,I0091,view,,1,42.99,2026-04-05T02:07:22Z,mobile
U0165,I0048,view,,1,22.53,2026-03-23T05:58:22Z,mobile
U0127,I0114,view,,1,33.44,2026-04-28T00:13:22Z,mobile
U0221,I0110,cart,,1,26.64,2026-02-23T17:48:22Z,mobile
U0085,I0021,cart,,1,19.0,2026-03-26T02:56:22Z,web
U0065,I0114,view,,1,33.44,2026-03-03T15:29:22Z,web
U0113,I0047,view,,1,36.67,2026-02-18T09:52:22Z,web
U0177,I0062,view,,1,23.59,2026-02-25T23:26:22Z,web
U0218,I0043,view,,1,34.18,2026-04-12T21:33:22Z,mobile
U0030,I0035,cart,,1,26.96,2026-02-04T13:10:22Z,mobile
U0235,I0052,view,,1,30.37,2026-03-18T05:33:22Z,web
U0075,I0058,cart,,1,18.03,2026-02-09T22:42:22Z,web
U0140,I0046,rating,5.0,1,32.06,2026-04-17T05:51:22Z,web
U0233,I0077,cart,,1,43.74,2026-03-29T02:03:22Z,web
U0152,I0002,view,,1,22.56,2026-04-05T01:24:22Z,mobile
U0028,I0015,view,,1,19.27,2026-04-21T16:06:22Z,web
U0020,I0101,view,,1,48.0,2026-02-20T13:51:22Z,mobile
U0112,I0025,view,,1,15.52,2026-02-19T06:04:22Z,web
U0031,I0107,view,,1,14.01,2026-04-21T02:12:22Z,mobile
U0043,I0005,rating,5.0,1,20.52,2026-04-13T20:39:22Z,web
U0062,I0037,purchase,,1,17.51,2026-04-10T05:51:22Z,web
U0052,I0110,view,,1,26.64,2026-03-29T00:35:22Z,mobile
U0238,I0088,view,,1,30.05,2026-03-19T06:43:22Z,mobile
U0125,I0093,cart,,1,35.82,2026-03-11T11:19:22Z,web
U0208,I0120,view,,1,26.42,2026-02-18T20:45:22Z,web
U0093,I0090,view,,1,12.85,2026-04-01T00:51:22Z,mobile
U0145,I0037,view,,1,17.51,2026-04-13T02:11:22Z,mobile
U0089,I0079,view,,1,55.92,2026-04-26T01:21:22Z,mobile
U0171,I0004,view,,1,24.4,2026-02-15T01:17:22Z,web
U0062,I0016,purchase,,1,41.84,2026-03-16T16:17:22Z,mobile
U0086,I0010,rating,4.0,1,50.12,2026-04-16T01:55:22Z,mobile
U0148,I0065,rating,5.0,1,45.15,2026-04-15T06:05:22Z,mobile
U0022,I0105,view,,1,20.28,2026-02-03T13:50:22Z,web
U0178,I0118,view,,1,24.81,2026-02-09T01:58:22Z,web
U0054,I0082,rating,4.0,1,27.22,2026-03-22T16:53:22Z,web
U0046,I0012,view,,1,67.3,2026-04-03T17:15:22Z,mobile
U0113,I0058,rating,5.0,1,18.03,2026-04-19T19:38:22Z,mobile
U0146,I0091,view,,1,42.99,2026-03-08T11:30:22Z,web
U0228,I0032,purchase,,1,68.88,2026-03-06T09:22:22Z,web
U0190,I0009,view,,1,26.36,2026-04-29T16:31:22Z,mobile
U0182,I0040,cart,,1,56.71,2026-03-02T23:37:22Z,web
U0064,I0021,view,,1,19.0,2026-03-06T07:03:22Z,mobile
U0180,I0051,view,,1,24.93,2026-02-23T08:40:22Z,mobile
U0237,I0061,view,,1,17.75,2026-02-09T06:32:22Z,mobile
U0021,I0039,view,,1,14.55,2026-03-16T05:28:22Z,web
U0094,I0029,view,,1,83.41,2026-04-02T20:50:22Z,web
U0012,I0068,purchase,,2,16.18,2026-04-11T01:18:22Z,web
U0234,I0088,purchase,,2,30.05,2026-03-02T04:14:22Z,web
U0159,I0062,purchase,,1,23.59,2026-03-25T16:38:22Z,web
U0075,I0068,view,,1,16.18,2026-04-27T12:41:22Z,web
U0016,I0037,rating,1.0,1,17.51,2026-02-25T23:06:22Z,web
U0102,I0036,cart,,1,74.72,2026-04-01T01:57:22Z,web
U0216,I0037,rating,5.0,1,17.51,2026-03-29T03:14:22Z,web
U0107,I0103,cart,,1,51.23,2026-02-13T00:29:22Z,web
U0057,I0092,view,,1,16.23,2026-03-18T04:16:22Z,web
U0225,I0090,view,,1,12.85,2026-03-06T03:13:22Z,mobile
U0139,I0062,view,,1,23.59,2026-03-23T20:40:22Z,mobile
U0195,I0078,view,,1,41.4,2026-03-17T01:44:22Z,web
U0110,I0101,rating,4.0,1,48.0,2026-03-13T14:12:22Z,web
U0002,I0016,view,,1,41.84,2026-04-04T23:57:22Z,mobile
U0149,I0016,view,,1,41.84,2026-03-18T16:17:22Z,web
U0167,I0085,view,,1,64.61,2026-03-06T00:08:22Z,web
U0046,I0016,view,,1,41.84,2026-02-26T14:12:22Z,mobile
U0008,I0103,rating,5.0,1,51.23,2026-03-05T03:31:22Z,mobile
U0210,I0084,view,,1,27.83,2026-03-17T16:56:22Z,web
U0218,I0085,view,,1,64.61,2026-03-21T13:58:22Z,web
U0063,I0005,view,,1,20.52,2026-02-28T01:09:22Z,mobile
U0156,I0043,cart,,1,34.18,2026-02-07T22:32:22Z,web
U0057,I0064,purchase,,1,28.05,2026-03-26T21:21:22Z,mobile
U0107,I0100,rating,4.0,1,54.26,2026-02-12T02:22:22Z,web
U0186,I0027,view,,1,58.32,2026-03-02T20:13:22Z,mobile
U0022,I0025,view,,1,15.52,2026-04-03T10:57:22Z,mobile
U0051,I0032,view,,1,68.88,2026-04-20T19:25:22Z,web
U0106,I0046,view,,1,32.06,2026-02-02T14:59:22Z,mobile
U0011,I0113,cart,,1,36.16,2026-02-27T05:15:22Z,mobile
U0031,I0018,rating,2.0,1,34.0,2026-04-10T11:12:22Z,mobile
U0031,I0042,view,,1,34.64,2026-02-25T03:37:22Z,mobile
U0015,I0031,cart,,1,6.52,2026-03-07T14:07:22Z,web
U0203,I0096,cart,,1,36.87,2026-03-04T23:57:22Z,web
U0057,I0071,view,,1,31.77,2026-02-09T15:37:22Z,mobile
U0105,I0048,cart,,1,22.53,2026-04-16T09:38:22Z,mobile
U0071,I0067,cart,,1,77.25,2026-04-16T10:00:22Z,mobile
U0120,I0018,view,,1,34.0,2026-02-17T11:00:22Z,web
U0149,I0012,purchase,,1,67.3,2026-02-24T08:53:22Z,mobile
U0097,I0019,view,,1,35.63,2026-04-04T07:11:22Z,mobile
U0095,I0101,cart,,1,48.0,2026-04-23T05:35:22Z,mobile
U0026,I0026,cart,,1,13.5,2026-02-08T20:56:22Z,web
U0179,I0099,cart,,1,19.36,2026-03-06T14:41:22Z,mobile
U0039,I0054,view,,1,35.21,2026-04-27T20:17:22Z,web
U0234,I0079,view,,1,55.92,2026-02-11T15:51:22Z,mobile
U0170,I0115,view,,1,29.97,2026-04-23T15:48:22Z,mobile
U0106,I0039,view,,1,14.55,2026-02-13T13:38:22Z,web
U0022,I0084,purchase,,1,27.83,2026-02-09T22:02:22Z,mobile
U0124,I0068,view,,1,16.18,2026-02-24T21:11:22Z,mobile
U0146,I0043,view,,1,34.18,2026-02-06T20:13:22Z,web
U0048,I0039,view,,1,14.55,2026-04-10T12:23:22Z,web
U0115,I0090,purchase,,1,12.85,2026-04-24T07:51:22Z,mobile
U0214,I0008,purchase,,1,36.94,2026-03-22T23:15:22Z,mobile
U0107,I0024,view,,1,24.65,2026-04-07T03:40:22Z,mobile
U0077,I0018,rating,4.0,1,34.0,2026-04-12T05:27:22Z,web
U0058,I0012,purchase,,1,67.3,2026-04-21T22:16:22Z,mobile
U0085,I0078,rating,4.0,1,41.4,2026-03-27T21:20:22Z,mobile
U0150,I0039,view,,1,14.55,2026-02-03T17:07:22Z,web
U0219,I0119,rating,4.0,1,34.0,2026-03-23T02:28:22Z,web
U0225,I0026,view,,1,13.5,2026-03-28T20:41:22Z,web
U0062,I0014,view,,1,30.5,2026-03-14T11:24:22Z,web
U0008,I0088,view,,1,30.05,2026-03-16T13:47:22Z,mobile
U0208,I0106,purchase,,1,26.93,2026-02-24T05:48:22Z,web
U0127,I0106,view,,1,26.93,2026-02-16T21:12:22Z,web
U0021,I0014,view,,1,30.5,2026-02-16T06:35:22Z,mobile
U0087,I0110,purchase,,1,26.64,2026-04-05T22:12:22Z,mobile
U0182,I0074,view,,1,19.52,2026-03-04T09:43:22Z,web
U0028,I0112,view,,1,53.68,2026-03-29T08:08:22Z,web
U0098,I0083,cart,,1,17.83,2026-04-13T12:07:22Z,web
U0061,I0081,purchase,,1,60.65,2026-04-16T07:08:22Z,web
U0059,I0021,view,,1,19.0,2026-02-13T10:16:22Z,web
U0020,I0002,view,,1,22.56,2026-02-02T22:19:22Z,mobile
U0054,I0003,cart,,1,12.56,2026-03-23T08:14:22Z,mobile
U0202,I0074,rating,3.0,1,19.52,2026-02-25T16:25:22Z,mobile
U0194,I0076,cart,,1,36.2,2026-02-07T15:08:22Z,mobile
U0176,I0015,view,,1,19.27,2026-02-11T00:31:22Z,mobile
U0046,I0100,view,,1,54.26,2026-02-18T13:54:22Z,web
U0043,I0021,cart,,1,19.0,2026-04-08T16:09:22Z,mobile
U0098,I0066,view,,1,22.7,2026-03-26T12:06:22Z,mobile
U0068,I0021,view,,1,19.0,2026-03-11T12:33:22Z,web
U0112,I0090,purchase,,1,12.85,2026-03-05T06:46:22Z,web
U0075,I0025,rating,4.0,1,15.52,2026-02-22T12:01:22Z,mobile
U0022,I0031,view,,1,6.52,2026-03-07T07:28:22Z,mobile
U0023,I0089,view,,1,40.79,2026-02-24T23:35:22Z,web
U0156,I0049,view,,1,10.95,2026-02-19T06:04:22Z,mobile
U0182,I0068,view,,1,16.18,2026-02-10T02:37:22Z,mobile
U0182,I0028,view,,1,23.83,2026-03-13T17:28:22Z,web
U0074,I0030,purchase,,1,19.11,2026-03-19T19:49:22Z,mobile
U0140,I0076,view,,1,36.2,2026-04-16T14:26:22Z,web
U0169,I0018,purchase,,1,34.0,2026-02-12T00:40:22Z,mobile
U0031,I0042,purchase,,1,34.64,2026-04-06T14:40:22Z,web
U0019,I0008,cart,,1,36.94,2026-04-26T23:54:22Z,mobile
U0086,I0081,purchase,,1,60.65,2026-03-19T12:37:22Z,web
U0204,I0011,rating,4.0,1,15.55,2026-04-06T11:49:22Z,web
U0180,I0093,view,,1,35.82,2026-04-21T22:53:22Z,web
U0094,I0112,view,,1,53.68,2026-03-24T04:59:22Z,mobile
U0068,I0050,view,,1,15.33,2026-04-09T20:16:22Z,web
U0048,I0032,cart,,1,68.88,2026-04-14T14:54:22Z,mobile
U0058,I0110,view,,1,26.64,2026-04-28T01:21:22Z,mobile
U0066,I0041,view,,1,35.48,2026-04-19T17:04:22Z,web
U0142,I0084,view,,1,27.83,2026-04-13T04:40:22Z,web
U0152,I0059,cart,,1,24.91,2026-02-25T19:18:22Z,mobile
U0144,I0096,rating,2.0,1,36.87,2026-02-07T13:08:22Z,mobile
U0084,I0101,view,,1,48.0,2026-04-22T21:28:22Z,web
U0190,I0051,view,,1,24.93,2026-02-13T08:21:22Z,web
U0076,I0063,rating,5.0,1,17.91,2026-04-02T11:18:22Z,web
U0015,I0063,cart,,1,17.91,2026-03-30T05:57:22Z,mobile
U0172,I0116,purchase,,1,59.11,2026-02-19T22:49:22Z,mobile
U0020,I0025,purchase,,2,15.52,2026-03-20T14:06:22Z,web
U0055,I0045,view,,1,27.1,2026-02-04T09:11:22Z,web
U0116,I0065,view,,1,45.15,2026-02-15T17:01:22Z,mobile
U0014,I0111,cart,,1,114.52,2026-03-22T21:14:22Z,mobile
U0049,I0065,view,,1,45.15,2026-02-15T11:30:22Z,web
U0113,I0090,view,,1,12.85,2026-03-02T19:32:22Z,web
U0227,I0119,view,,1,34.0,2026-03-03T15:39:22Z,web
U0131,I0042,view,,1,34.64,2026-04-11T20:09:22Z,web
U0023,I0101,view,,1,48.0,2026-03-16T00:19:22Z,web
U0051,I0081,cart,,1,60.65,2026-04-04T01:28:22Z,mobile
U0191,I0013,cart,,1,28.54,2026-04-16T02:12:22Z,web
U0171,I0068,view,,1,16.18,2026-02-20T04:43:22Z,web
U0128,I0100,cart,,1,54.26,2026-02-19T21:20:22Z,web
U0108,I0062,view,,1,23.59,2026-04-13T20:51:22Z,mobile
U0229,I0025,purchase,,1,15.52,2026-04-02T08:55:22Z,web
U0126,I0089,cart,,1,40.79,2026-02-10T04:39:22Z,web
U0014,I0065,view,,1,45.15,2026-04-07T17:00:22Z,web
U0105,I0023,view,,1,51.99,2026-04-01T03:33:22Z,mobile
U0144,I0014,cart,,1,30.5,2026-03-17T17:53:22Z,mobile
U0089,I0090,view,,1,12.85,2026-04-24T12:23:22Z,mobile
U0221,I0100,view,,1,54.26,2026-02-23T00:57:22Z,mobile
U0027,I0087,view,,1,58.68,2026-02-09T22:11:22Z,web
U0068,I0117,view,,1,42.8,2026-02-24T09:28:22Z,mobile
U0128,I0097,cart,,1,42.6,2026-03-15T06:00:22Z,web
U0215,I0096,view,,1,36.87,2026-04-10T16:19:22Z,mobile
U0124,I0070,cart,,1,26.73,2026-04-14T08:50:22Z,mobile
U0015,I0050,rating,5.0,1,15.33,2026-04-23T11:52:22Z,web
U0172,I0015,purchase,,1,19.27,2026-02-26T19:42:22Z,web
U0070,I0115,rating,5.0,1,29.97,2026-03-26T01:49:22Z,mobile
U0079,I0049,view,,1,10.95,2026-03-20T16:39:22Z,web
U0039,I0037,rating,4.0,1,17.51,2026-04-12T10:14:22Z,web
U0052,I0076,purchase,,1,36.2,2026-02-21T05:21:22Z,web
U0092,I0070,view,,1,26.73,2026-02-27T13:55:22Z,mobile
U0152,I0007,view,,1,50.51,2026-02-19T21:28:22Z,web
U0062,I0104,view,,1,41.88,2026-04-09T16:17:22Z,mobile
U0070,I0119,purchase,,2,34.0,2026-02-24T17:04:22Z,web
U0071,I0058,rating,3.0,1,18.03,2026-03-16T15:51:22Z,web
U0180,I0065,cart,,1,45.15,2026-04-29T18:55:22Z,mobile
U0006,I0109,cart,,1,70.56,2026-03-17T19:23:22Z,web
U0225,I0109,rating,3.0,1,70.56,2026-02-19T14:29:22Z,web
U0107,I0021,view,,1,19.0,2026-02-16T22:52:22Z,mobile
U0098,I0113,cart,,1,36.16,2026-02-08T12:30:22Z,web
U0073,I0028,purchase,,1,23.83,2026-04-13T16:52:22Z,web
U0043,I0019,purchase,,1,35.63,2026-04-19T09:51:22Z,mobile
U0173,I0120,view,,1,26.42,2026-02-22T06:51:22Z,mobile
U0157,I0056,view,,1,21.96,2026-03-21T03:30:22Z,web
U0196,I0114,view,,1,33.44,2026-02-08T08:25:22Z,web
U0089,I0067,rating,2.0,1,77.25,2026-02-28T12:57:22Z,mobile
U0001,I0039,rating,3.0,1,14.55,2026-03-05T21:16:22Z,web
U0015,I0114,purchase,,1,33.44,2026-03-26T23:58:22Z,mobile
U0102,I0065,view,,1,45.15,2026-02-07T06:52:22Z,web
U0223,I0037,view,,1,17.51,2026-04-08T13:04:22Z,web
U0048,I0032,view,,1,68.88,2026-04-08T10:35:22Z,web
U0203,I0081,rating,5.0,1,60.65,2026-02-01T05:36:22Z,web
U0110,I0094,rating,3.0,1,20.46,2026-03-04T20:36:22Z,web
U0234,I0077,view,,1,43.74,2026-02-07T23:03:22Z,web
U0093,I0010,view,,1,50.12,2026-04-08T22:14:22Z,mobile
U0060,I0119,purchase,,1,34.0,2026-04-24T19:50:22Z,mobile
U0024,I0112,view,,1,53.68,2026-03-07T06:33:22Z,mobile
U0155,I0094,cart,,1,20.46,2026-02-25T13:10:22Z,web
U0026,I0009,purchase,,2,26.36,2026-04-20T03:21:22Z,mobile
U0214,I0110,view,,1,26.64,2026-04-23T04:54:22Z,mobile
U0240,I0009,view,,1,26.36,2026-03-15T10:05:22Z,web
U0118,I0119,purchase,,1,34.0,2026-04-08T07:34:22Z,web
U0114,I0100,rating,3.0,1,54.26,2026-04-11T14:15:22Z,mobile
U0064,I0088,view,,1,30.05,2026-03-28T18:16:22Z,mobile
U0149,I0001,rating,4.0,1,31.44,2026-03-02T14:08:22Z,mobile
U0205,I0006,view,,1,21.38,2026-02-24T17:36:22Z,mobile
U0057,I0064,rating,4.0,1,28.05,2026-03-22T16:03:22Z,web
U0216,I0008,view,,1,36.94,2026-02-23T22:15:22Z,mobile
U0234,I0019,view,,1,35.63,2026-03-19T22:12:22Z,mobile
U0002,I0017,view,,1,25.29,2026-03-21T08:27:22Z,web
U0017,I0060,rating,5.0,1,48.07,2026-04-14T06:40:22Z,mobile
U0196,I0036,rating,4.0,1,74.72,2026-04-24T18:47:22Z,web
U0148,I0099,rating,4.0,1,19.36,2026-03-27T06:17:22Z,web
U0088,I0086,view,,1,33.96,2026-04-30T20:37:22Z,web
U0220,I0094,purchase,,1,20.46,2026-02-02T04:04:22Z,mobile
U0031,I0077,cart,,1,43.74,2026-04-25T00:23:22Z,web
U0237,I0061,rating,5.0,1,17.75,2026-04-04T02:35:22Z,web
U0052,I0031,view,,1,6.52,2026-03-26T17:15:22Z,mobile
U0182,I0017,view,,1,25.29,2026-03-11T17:57:22Z,web
U0105,I0111,cart,,1,114.52,2026-04-22T20:26:22Z,web
U0037,I0012,view,,1,67.3,2026-04-24T10:15:22Z,web
U0154,I0098,rating,5.0,1,35.06,2026-04-11T20:29:22Z,web
U0058,I0008,cart,,1,36.94,2026-03-03T13:54:22Z,web
U0066,I0041,view,,1,35.48,2026-04-08T06:56:22Z,web
U0203,I0080,cart,,1,16.0,2026-04-26T18:09:22Z,mobile
U0072,I0053,view,,1,18.65,2026-04-17T07:36:22Z,web
U0216,I0094,cart,,1,20.46,2026-03-30T05:20:22Z,web
U0237,I0118,rating,4.0,1,24.81,2026-04-26T10:49:22Z,mobile
U0203,I0077,rating,3.0,1,43.74,2026-03-04T06:15:22Z,web
U0128,I0080,purchase,,1,16.0,2026-03-29T05:07:22Z,web
U0107,I0081,rating,5.0,1,60.65,2026-04-12T16:08:22Z,web
U0050,I0056,cart,,1,21.96,2026-02-27T15:09:22Z,mobile
U0197,I0009,view,,1,26.36,2026-02-03T16:47:22Z,web
U0057,I0024,view,,1,24.65,2026-04-23T10:43:22Z,web
U0021,I0116,view,,1,59.11,2026-03-09T15:07:22Z,web
U0113,I0044,cart,,1,16.15,2026-02-25T13:26:22Z,web
U0068,I0115,view,,1,29.97,2026-03-02T08:12:22Z,mobile
U0079,I0031,view,,1,6.52,2026-04-16T08:33:22Z,mobile
U0023,I0013,view,,1,28.54,2026-03-31T03:29:22Z,web
U0059,I0017,view,,1,25.29,2026-02-05T07:06:22Z,web
U0089,I0099,rating,5.0,1,19.36,2026-04-08T17:12:22Z,mobile
U0219,I0048,cart,,1,22.53,2026-04-04T21:00:22Z,web
U0151,I0027,view,,1,58.32,2026-02-09T09:16:22Z,mobile
U0041,I0032,cart,,1,68.88,2026-04-19T21:52:22Z,web
U0239,I0017,view,,1,25.29,2026-03-26T01:56:22Z,mobile
U0147,I0022,view,,1,23.73,2026-04-21T07:12:22Z,web
U0142,I0097,view,,1,42.6,2026-03-06T11:20:22Z,mobile
U0055,I0039,view,,1,14.55,2026-02-08T08:52:22Z,web
U0198,I0076,view,,1,36.2,2026-02-16T20:20:22Z,mobile
U0138,I0068,purchase,,1,16.18,2026-03-02T11:21:22Z,mobile
U0162,I0083,view,,1,17.83,2026-04-04T23:19:22Z,web
U0225,I0120,rating,4.0,1,26.42,2026-03-12T11:31:22Z,web
U0152,I0109,view,,1,70.56,2026-04-14T10:29:22Z,mobile
U0146,I0117,view,,1,42.8,2026-02-19T20:44:22Z,web
U0220,I0079,view,,1,55.92,2026-02-24T02:33:22Z,web
U0161,I0032,cart,,1,68.88,2026-04-26T21:05:22Z,web
U0004,I0008,rating,5.0,1,36.94,2026-02-01T08:12:22Z,web
U0127,I0082,purchase,,1,27.22,2026-03-15T09:07:22Z,web
U0234,I0115,cart,,1,29.97,2026-03-11T04:17:22Z,web
U0016,I0078,purchase,,1,41.4,2026-04-14T01:13:22Z,mobile
U0201,I0025,view,,1,15.52,2026-02-17T01:48:22Z,web
U0089,I0093,view,,1,35.82,2026-03-24T22:15:22Z,mobile
U0085,I0084,purchase,,2,27.83,2026-04-19T18:24:22Z,web
U0225,I0077,view,,1,43.74,2026-04-12T14:56:22Z,mobile
U0221,I0028,rating,4.0,1,23.83,2026-03-02T15:10:22Z,web
U0082,I0033,purchase,,1,24.72,2026-03-14T05:48:22Z,web
U0121,I0070,view,,1,26.73,2026-03-30T17:59:22Z,mobile
U0224,I0099,cart,,1,19.36,2026-02-19T14:22:22Z,web
U0031,I0058,view,,1,18.03,2026-04-15T12:47:22Z,mobile
U0057,I0086,view,,1,33.96,2026-03-05T03:23:22Z,mobile
U0184,I0071,view,,1,31.77,2026-03-25T13:11:22Z,mobile
U0068,I0054,rating,5.0,1,35.21,2026-04-20T06:31:22Z,web
U0149,I0009,view,,1,26.36,2026-02-26T11:52:22Z,mobile
U0045,I0092,purchase,,1,16.23,2026-03-21T04:51:22Z,mobile
U0041,I0059,purchase,,3,24.91,2026-03-01T17:28:22Z,web
U0182,I0013,view,,1,28.54,2026-03-25T16:17:22Z,web
U0183,I0082,purchase,,1,27.22,2026-03-11T12:54:22Z,mobile
U0125,I0016,purchase,,2,41.84,2026-04-06T17:04:22Z,web
U0078,I0080,rating,4.0,1,16.0,2026-03-01T03:30:22Z,mobile
U0052,I0058,purchase,,3,18.03,2026-03-17T00:48:22Z,web
U0072,I0012,view,,1,67.3,2026-03-02T08:58:22Z,web
U0121,I0056,rating,4.0,1,21.96,2026-04-13T11:21:22Z,web
U0039,I0062,cart,,1,23.59,2026-03-31T04:09:22Z,mobile
U0067,I0067,view,,1,77.25,2026-04-09T16:21:22Z,mobile
U0237,I0118,rating,5.0,1,24.81,2026-04-24T13:52:22Z,mobile
U0183,I0118,cart,,1,24.81,2026-03-15T03:58:22Z,mobile
U0100,I0034,cart,,1,32.38,2026-04-15T13:35:22Z,mobile
U0123,I0094,purchase,,2,20.46,2026-02-09T01:39:22Z,mobile
U0117,I0041,cart,,1,35.48,2026-02-03T13:18:22Z,web
U0216,I0069,view,,1,41.22,2026-03-26T05:17:22Z,web
U0147,I0003,purchase,,1,12.56,2026-03-22T17:08:22Z,web
U0032,I0077,rating,5.0,1,43.74,2026-02-04T13:15:22Z,mobile
U0010,I0029,view,,1,83.41,2026-04-10T12:08:22Z,web
U0232,I0071,cart,,1,31.77,2026-03-13T05:58:22Z,mobile
U0195,I0037,view,,1,17.51,2026-04-13T02:42:22Z,web
U0060,I0002,cart,,1,22.56,2026-02-27T12:35:22Z,web
U0223,I0024,cart,,1,24.65,2026-03-11T02:00:22Z,web
U0235,I0101,view,,1,48.0,2026-02-19T06:03:22Z,web
U0161,I0085,cart,,1,64.61,2026-02-12T15:01:22Z,mobile
U0196,I0083,cart,,1,17.83,2026-02-26T22:19:22Z,mobile
U0211,I0066,view,,1,22.7,2026-04-08T08:05:22Z,web
U0060,I0052,view,,1,30.37,2026-05-01T10:04:22Z,web
U0027,I0066,view,,1,22.7,2026-04-01T07:32:22Z,web
U0050,I0007,view,,1,50.51,2026-02-27T00:45:22Z,mobile
U0221,I0038,view,,1,23.01,2026-03-08T16:02:22Z,web
U0183,I0048,view,,1,22.53,2026-05-01T04:18:22Z,mobile
U0137,I0080,purchase,,1,16.0,2026-04-18T22:09:22Z,web
U0147,I0014,view,,1,30.5,2026-02-10T12:19:22Z,web
U0056,I0120,rating,4.0,1,26.42,2026-04-10T23:53:22Z,web
U0116,I0066,rating,3.0,1,22.7,2026-02-26T00:03:22Z,web
U0164,I0028,view,,1,23.83,2026-04-10T21:40:22Z,mobile
U0214,I0018,rating,3.0,1,34.0,2026-03-18T13:58:22Z,mobile
U0200,I0055,cart,,1,14.43,2026-04-30T23:44:22Z,web
U0017,I0094,cart,,1,20.46,2026-03-11T16:21:22Z,mobile
U0029,I0029,view,,1,83.41,2026-03-24T10:25:22Z,web
U0202,I0039,purchase,,1,14.55,2026-04-12T21:53:22Z,mobile
U0198,I0056,view,,1,21.96,2026-03-24T15:27:22Z,web
U0174,I0061,rating,1.0,1,17.75,2026-02-12T14:48:22Z,web
U0147,I0001,view,,1,31.44,2026-03-07T21:46:22Z,web
U0052,I0026,purchase,,1,13.5,2026-04-14T22:06:22Z,mobile
U0225,I0016,rating,4.0,1,41.84,2026-02-17T15:31:22Z,web
U0101,I0092,purchase,,1,16.23,2026-02-15T12:42:22Z,mobile
U0121,I0090,view,,1,12.85,2026-04-01T14:16:22Z,web
U0056,I0011,rating,5.0,1,15.55,2026-02-10T00:34:22Z,web
U0224,I0098,view,,1,35.06,2026-03-01T18:09:22Z,mobile
U0227,I0035,view,,1,26.96,2026-02-03T09:39:22Z,web
U0068,I0108,view,,1,101.53,2026-04-19T03:07:22Z,mobile
U0166,I0087,view,,1,58.68,2026-03-22T23:56:22Z,mobile
U0062,I0078,view,,1,41.4,2026-04-19T18:34:22Z,mobile
U0013,I0003,cart,,1,12.56,2026-03-30T02:12:22Z,mobile
U0051,I0018,view,,1,34.0,2026-04-28T05:15:22Z,web
U0222,I0025,purchase,,1,15.52,2026-03-26T04:50:22Z,web
U0194,I0059,cart,,1,24.91,2026-02-19T12:50:22Z,web
U0122,I0075,view,,1,25.5,2026-02-01T00:03:22Z,web
U0134,I0097,view,,1,42.6,2026-02-10T18:17:22Z,mobile
U0127,I0023,purchase,,1,51.99,2026-04-15T16:32:22Z,mobile
U0003,I0069,view,,1,41.22,2026-02-13T18:15:22Z,mobile
U0150,I0116,view,,1,59.11,2026-04-24T22:09:22Z,web
U0218,I0013,view,,1,28.54,2026-03-20T16:45:22Z,web
U0144,I0113,view,,1,36.16,2026-02-26T21:59:22Z,mobile
U0112,I0027,purchase,,1,58.32,2026-03-11T10:53:22Z,web
U0028,I0102,view,,1,45.37,2026-02-16T06:30:22Z,web
U0052,I0001,view,,1,31.44,2026-03-19T16:14:22Z,web
U0077,I0001,rating,3.0,1,31.44,2026-03-24T21:36:22Z,web
U0215,I0080,rating,4.0,1,16.0,2026-03-26T21:14:22Z,web
U0001,I0049,view,,1,10.95,2026-03-04T06:44:22Z,mobile
U0087,I0105,view,,1,20.28,2026-04-19T19:10:22Z,mobile
U0095,I0116,view,,1,59.11,2026-04-10T00:40:22Z,mobile
U0067,I0027,cart,,1,58.32,2026-02-26T01:35:22Z,web
U0212,I0069,view,,1,41.22,2026-02-18T11:31:22Z,mobile
U0079,I0098,view,,1,35.06,2026-04-17T02:28:22Z,web
U0198,I0024,view,,1,24.65,2026-03-16T23:29:22Z,mobile
U0105,I0084,view,,1,27.83,2026-05-01T02:43:22Z,web
U0158,I0074,rating,3.0,1,19.52,2026-03-20T02:35:22Z,web
U0135,I0114,view,,1,33.44,2026-02-18T05:14:22Z,mobile
U0208,I0092,rating,3.0,1,16.23,2026-02-06T12:37:22Z,web
U0228,I0034,rating,5.0,1,32.38,2026-02-19T01:07:22Z,web
U0055,I0103,rating,5.0,1,51.23,2026-04-12T04:26:22Z,web
U0158,I0067,view,,1,77.25,2026-02-05T22:44:22Z,web
U0121,I0042,purchase,,1,34.64,2026-04-08T15:18:22Z,web
U0221,I0027,view,,1,58.32,2026-03-08T14:03:22Z,mobile
U0138,I0013,view,,1,28.54,2026-02-12T23:27:22Z,web
U0095,I0086,rating,4.0,1,33.96,2026-03-03T18:17:22Z,web
U0194,I0076,view,,1,36.2,2026-02-06T23:42:22Z,web
U0212,I0082,cart,,1,27.22,2026-04-03T00:20:22Z,web
U0154,I0105,purchase,,1,20.28,2026-04-26T09:19:22Z,web
U0155,I0063,view,,1,17.91,2026-02-14T16:04:22Z,mobile
U0163,I0064,view,,1,28.05,2026-04-03T05:42:22Z,mobile
U0138,I0106,view,,1,26.93,2026-03-07T23:54:22Z,mobile
U0148,I0065,view,,1,45.15,2026-03-18T03:49:22Z,mobile
U0101,I0045,purchase,,1,27.1,2026-02-20T12:19:22Z,mobile
U0234,I0089,purchase,,1,40.79,2026-03-29T15:37:22Z,mobile
U0111,I0027,rating,5.0,1,58.32,2026-04-20T18:31:22Z,mobile
U0114,I0115,view,,1,29.97,2026-03-15T09:57:22Z,web
U0047,I0022,purchase,,1,23.73,2026-04-10T12:00:22Z,web
U0025,I0063,cart,,1,17.91,2026-03-03T20:52:22Z,mobile
U0001,I0043,view,,1,34.18,2026-04-21T07:44:22Z,mobile
U0220,I0068,view,,1,16.18,2026-03-17T22:45:22Z,web
U0021,I0105,view,,1,20.28,2026-03-25T03:42:22Z,web
U0016,I0003,view,,1,12.56,2026-03-10T07:52:22Z,mobile
U0066,I0087,view,,1,58.68,2026-03-15T20:33:22Z,mobile
U0124,I0079,rating,5.0,1,55.92,2026-03-17T20:34:22Z,web
U0188,I0033,rating,4.0,1,24.72,2026-03-22T08:10:22Z,web
U0119,I0074,view,,1,19.52,2026-04-13T08:13:22Z,mobile
U0077,I0026,view,,1,13.5,2026-04-20T03:59:22Z,web
U0003,I0007,view,,1,50.51,2026-02-09T22:09:22Z,mobile
U0076,I0045,rating,5.0,1,27.1,2026-04-02T18:41:22Z,web
U0057,I0011,cart,,1,15.55,2026-03-31T14:01:22Z,mobile
U0016,I0042,cart,,1,34.64,2026-02-12T06:37:22Z,mobile
U0019,I0073,view,,1,25.28,2026-03-26T16:07:22Z,mobile
U0153,I0023,cart,,1,51.99,2026-03-28T14:58:22Z,web
U0105,I0059,view,,1,24.91,2026-04-03T11:28:22Z,web
U0100,I0065,cart,,1,45.15,2026-04-14T13:49:22Z,web
U0190,I0016,view,,1,41.84,2026-02-10T20:04:22Z,web
U0093,I0044,purchase,,1,16.15,2026-02-16T00:52:22Z,web
U0010,I0091,cart,,1,42.99,2026-04-24T12:13:22Z,web
U0123,I0063,view,,1,17.91,2026-04-17T05:06:22Z,web
U0178,I0104,rating,2.0,1,41.88,2026-02-21T02:18:22Z,mobile
U0099,I0036,view,,1,74.72,2026-02-24T10:13:22Z,mobile
U0059,I0098,view,,1,35.06,2026-04-09T03:52:22Z,web
U0081,I0039,view,,1,14.55,2026-03-03T04:06:22Z,web
U0062,I0006,purchase,,2,21.38,2026-02-08T01:35:22Z,web
U0055,I0057,view,,1,46.42,2026-03-18T22:23:22Z,web
U0051,I0087,view,,1,58.68,2026-03-31T04:32:22Z,web
U0083,I0044,view,,1,16.15,2026-02-20T04:40:22Z,mobile
U0071,I0099,view,,1,19.36,2026-03-05T10:09:22Z,web
U0060,I0092,view,,1,16.23,2026-02-21T23:49:22Z,mobile
U0118,I0062,view,,1,23.59,2026-04-03T17:19:22Z,mobile
U0011,I0035,rating,2.0,1,26.96,2026-04-30T00:33:22Z,web
U0090,I0001,view,,1,31.44,2026-04-13T13:13:22Z,web
U0010,I0007,purchase,,1,50.51,2026-03-02T00:51:22Z,mobile
U0145,I0106,cart,,1,26.93,2026-03-21T13:58:22Z,mobile
U0149,I0058,purchase,,1,18.03,2026-04-24T10:44:22Z,web
U0015,I0017,cart,,1,25.29,2026-03-23T22:42:22Z,web
U0079,I0040,view,,1,56.71,2026-03-11T16:47:22Z,web
U0071,I0093,view,,1,35.82,2026-03-20T05:43:22Z,mobile
U0053,I0069,view,,1,41.22,2026-03-30T08:45:22Z,mobile
U0227,I0114,cart,,1,33.44,2026-02-18T16:57:22Z,web
U0062,I0015,view,,1,19.27,2026-04-03T01:32:22Z,web
U0131,I0052,purchase,,2,30.37,2026-04-11T04:37:22Z,mobile
U0122,I0008,rating,2.0,1,36.94,2026-04-28T15:36:22Z,mobile
U0135,I0036,view,,1,74.72,2026-03-22T14:14:22Z,web
U0058,I0031,purchase,,1,6.52,2026-03-15T11:42:22Z,mobile
U0148,I0065,cart,,1,45.15,2026-02-21T10:53:22Z,mobile
U0078,I0044,rating,4.0,1,16.15,2026-02-06T14:57:22Z,web
U0184,I0068,cart,,1,16.18,2026-02-16T23:53:22Z,web
U0216,I0016,cart,,1,41.84,2026-02-02T13:49:22Z,mobile
U0139,I0052,view,,1,30.37,2026-03-22T15:50:22Z,web
U0202,I0014,view,,1,30.5,2026-04-30T15:24:22Z,web
U0140,I0040,cart,,1,56.71,2026-02-21T10:49:22Z,web
U0045,I0009,view,,1,26.36,2026-04-25T20:29:22Z,web
U0005,I0057,purchase,,3,46.42,2026-02-06T04:23:22Z,web
U0115,I0044,rating,4.0,1,16.15,2026-04-12T16:17:22Z,mobile
U0067,I0005,purchase,,1,20.52,2026-02-24T12:19:22Z,web
U0091,I0038,view,,1,23.01,2026-03-08T21:48:22Z,mobile
U0117,I0080,cart,,1,16.0,2026-04-26T23:08:22Z,mobile
U0040,I0028,view,,1,23.83,2026-02-11T21:32:22Z,web
U0170,I0004,rating,4.0,1,24.4,2026-02-10T13:29:22Z,web
U0057,I0106,cart,,1,26.93,2026-03-28T16:18:22Z,mobile
U0218,I0031,view,,1,6.52,2026-04-01T04:13:22Z,mobile
U0072,I0056,view,,1,21.96,2026-04-09T10:47:22Z,web
U0116,I0081,view,,1,60.65,2026-04-16T05:49:22Z,web
U0235,I0029,view,,1,83.41,2026-04-24T18:56:22Z,web
U0192,I0016,view,,1,41.84,2026-02-05T01:33:22Z,web
U0213,I0092,view,,1,16.23,2026-02-26T13:07:22Z,web
U0142,I0098,view,,1,35.06,2026-04-07T08:11:22Z,web
U0030,I0104,cart,,1,41.88,2026-03-04T02:29:22Z,mobile
U0042,I0060,cart,,1,48.07,2026-02-22T19:11:22Z,web
U0018,I0090,view,,1,12.85,2026-03-25T19:20:22Z,mobile
U0159,I0058,cart,,1,18.03,2026-03-04T18:12:22Z,web
U0108,I0046,purchase,,3,32.06,2026-02-24T14:02:22Z,mobile
U0115,I0036,cart,,1,74.72,2026-04-09T06:10:22Z,web
U0152,I0069,view,,1,41.22,2026-03-21T21:21:22Z,web
U0045,I0014,view,,1,30.5,2026-04-27T09:15:22Z,mobile
U0135,I0023,view,,1,51.99,2026-03-20T17:33:22Z,web
U0129,I0058,view,,1,18.03,2026-02-12T14:06:22Z,web
U0060,I0008,cart,,1,36.94,2026-04-12T05:59:22Z,web
U0131,I0096,view,,1,36.87,2026-02-12T12:07:22Z,mobile
U0111,I0009,view,,1,26.36,2026-02-13T09:54:22Z,web
U0077,I0001,view,,1,31.44,2026-03-19T14:05:22Z,web
U0181,I0038,view,,1,23.01,2026-03-22T20:35:22Z,mobile
U0237,I0105,view,,1,20.28,2026-02-25T19:33:22Z,web
U0045,I0025,view,,1,15.52,2026-03-11T20:19:22Z,mobile
U0225,I0038,view,,1,23.01,2026-03-24T05:12:22Z,mobile
U0082,I0088,cart,,1,30.05,2026-02-05T20:26:22Z,web
U0141,I0056,purchase,,1,21.96,2026-04-01T11:59:22Z,web
U0144,I0094,rating,3.0,1,20.46,2026-03-14T07:10:22Z,mobile
U0187,I0053,view,,1,18.65,2026-02-26T09:54:22Z,web
U0080,I0055,view,,1,14.43,2026-03-18T22:33:22Z,mobile
U0012,I0038,cart,,1,23.01,2026-03-11T01:57:22Z,mobile
U0022,I0117,view,,1,42.8,2026-02-12T11:00:22Z,mobile
U0045,I0050,view,,1,15.33,2026-02-12T13:15:22Z,web
U0091,I0071,purchase,,1,31.77,2026-03-28T10:25:22Z,mobile
U0164,I0104,rating,5.0,1,41.88,2026-03-17T01:25:22Z,web
U0001,I0068,view,,1,16.18,2026-03-15T20:08:22Z,web
U0193,I0089,cart,,1,40.79,2026-03-30T08:54:22Z,mobile
U0208,I0093,cart,,1,35.82,2026-03-08T02:05:22Z,web
U0017,I0110,view,,1,26.64,2026-02-22T20:57:22Z,web
U0184,I0039,view,,1,14.55,2026-02-16T00:39:22Z,web
U0057,I0012,view,,1,67.3,2026-02-08T01:00:22Z,web
U0179,I0051,view,,1,24.93,2026-03-15T19:41:22Z,web
U0026,I0038,view,,1,23.01,2026-03-16T10:35:22Z,web
U0159,I0029,view,,1,83.41,2026-02-04T21:46:22Z,web
U0043,I0057,view,,1,46.42,2026-02-22T10:59:22Z,web
U0142,I0084,purchase,,1,27.83,2026-02-07T00:43:22Z,web
U0230,I0107,cart,,1,14.01,2026-02-06T05:47:22Z,mobile
U0208,I0046,purchase,,1,32.06,2026-02-03T08:39:22Z,web
U0093,I0081,view,,1,60.65,2026-03-03T07:01:22Z,mobile
U0236,I0067,cart,,1,77.25,2026-04-27T01:22:22Z,web
U0093,I0052,rating,4.0,1,30.37,2026-03-28T23:11:22Z,mobile
U0107,I0115,rating,5.0,1,29.97,2026-03-03T05:54:22Z,web
U0233,I0041,view,,1,35.48,2026-02-05T14:19:22Z,web
U0002,I0082,view,,1,27.22,2026-04-29T09:06:22Z,web
U0082,I0009,view,,1,26.36,2026-03-17T21:05:22Z,mobile
U0083,I0009,view,,1,26.36,2026-03-21T10:48:22Z,web
U0063,I0003,purchase,,1,12.56,2026-02-04T17:42:22Z,web
U0211,I0028,view,,1,23.83,2026-03-22T05:42:22Z,web
U0187,I0055,view,,1,14.43,2026-04-08T04:48:22Z,web
U0118,I0078,view,,1,41.4,2026-03-06T09:58:22Z,mobile
U0023,I0072,view,,1,21.99,2026-01-31T22:15:22Z,mobile
U0143,I0060,cart,,1,48.07,2026-03-24T08:43:22Z,web
U0047,I0036,rating,2.0,1,74.72,2026-04-04T05:41:22Z,mobile
U0072,I0026,view,,1,13.5,2026-03-15T13:26:22Z,mobile
U0129,I0092,view,,1,16.23,2026-04-28T08:42:22Z,mobile
U0052,I0096,view,,1,36.87,2026-04-25T13:05:22Z,web
U0200,I0111,view,,1,114.52,2026-02-17T09:24:22Z,web
U0166,I0085,purchase,,1,64.61,2026-03-28T18:18:22Z,mobile
U0219,I0100,view,,1,54.26,2026-03-04T21:35:22Z,web
U0224,I0070,cart,,1,26.73,2026-04-04T08:25:22Z,mobile
U0037,I0001,cart,,1,31.44,2026-04-07T13:55:22Z,web
U0139,I0058,view,,1,18.03,2026-04-20T16:37:22Z,mobile
U0162,I0009,view,,1,26.36,2026-03-13T20:30:22Z,mobile
U0144,I0066,view,,1,22.7,2026-03-16T17:01:22Z,web
U0187,I0115,cart,,1,29.97,2026-02-09T14:25:22Z,web
U0166,I0104,purchase,,2,41.88,2026-02-22T22:25:22Z,web
U0004,I0012,view,,1,67.3,2026-02-09T04:55:22Z,web
U0074,I0022,view,,1,23.73,2026-02-15T23:24:22Z,web
U0020,I0043,view,,1,34.18,2026-03-18T20:22:22Z,web
U0182,I0083,view,,1,17.83,2026-04-17T18:21:22Z,web
U0101,I0002,view,,1,22.56,2026-03-31T05:19:22Z,web
U0140,I0053,view,,1,18.65,2026-03-06T04:33:22Z,web
U0199,I0116,view,,1,59.11,2026-04-10T15:36:22Z,mobile
U0233,I0102,view,,1,45.37,2026-04-30T17:49:22Z,mobile
U0165,I0064,view,,1,28.05,2026-03-22T23:49:22Z,web
U0168,I0097,view,,1,42.6,2026-02-07T06:41:22Z,mobile
U0117,I0019,purchase,,1,35.63,2026-02-23T19:32:22Z,mobile
U0165,I0036,view,,1,74.72,2026-02-12T17:16:22Z,mobile
U0031,I0030,purchase,,1,19.11,2026-02-07T21:36:22Z,web
U0152,I0055,view,,1,14.43,2026-03-21T04:47:22Z,mobile
U0200,I0048,view,,1,22.53,2026-03-27T03:49:22Z,mobile
U0130,I0060,view,,1,48.07,2026-03-22T21:58:22Z,mobile
U0035,I0087,view,,1,58.68,2026-02-18T13:30:22Z,mobile
U0064,I0019,view,,1,35.63,2026-02-21T00:26:22Z,web
U0175,I0044,view,,1,16.15,2026-04-20T06:37:22Z,web
U0078,I0054,purchase,,1,35.21,2026-04-04T17:19:22Z,web
U0153,I0029,view,,1,83.41,2026-03-07T22:04:22Z,mobile
U0092,I0096,view,,1,36.87,2026-02-05T10:21:22Z,web
U0001,I0117,view,,1,42.8,2026-03-23T19:52:22Z,web
U0213,I0059,cart,,1,24.91,2026-02-11T00:35:22Z,mobile
U0006,I0016,view,,1,41.84,2026-03-21T05:19:22Z,mobile
U0172,I0116,view,,1,59.11,2026-03-06T12:28:22Z,web
U0029,I0038,view,,1,23.01,2026-03-03T00:01:22Z,web
U0223,I0027,rating,4.0,1,58.32,2026-04-10T12:01:22Z,mobile
U0180,I0060,view,,1,48.07,2026-04-18T05:26:22Z,mobile
U0001,I0107,view,,1,14.01,2026-02-14T18:05:22Z,mobile
U0103,I0110,purchase,,1,26.64,2026-03-13T23:01:22Z,web
U0169,I0106,view,,1,26.93,2026-02-15T08:07:22Z,web
U0155,I0057,cart,,1,46.42,2026-04-15T12:19:22Z,mobile
U0111,I0080,view,,1,16.0,2026-03-06T19:32:22Z,mobile
U0214,I0064,cart,,1,28.05,2026-02-11T05:17:22Z,mobile
U0080,I0045,view,,1,27.1,2026-03-07T16:47:22Z,web
U0053,I0073,cart,,1,25.28,2026-04-17T21:49:22Z,mobile
U0018,I0103,view,,1,51.23,2026-04-08T10:12:22Z,web
U0104,I0049,view,,1,10.95,2026-04-25T08:36:22Z,mobile
U0100,I0065,view,,1,45.15,2026-03-02T06:51:22Z,mobile
U0005,I0018,rating,4.0,1,34.0,2026-03-30T20:17:22Z,web
U0177,I0091,cart,,1,42.99,2026-04-18T10:43:22Z,mobile
U0046,I0037,view,,1,17.51,2026-03-13T17:55:22Z,mobile
U0233,I0048,purchase,,2,22.53,2026-02-22T00:02:22Z,mobile
U0085,I0017,view,,1,25.29,2026-03-12T15:16:22Z,web
U0146,I0077,view,,1,43.74,2026-03-19T00:09:22Z,web
U0231,I0059,view,,1,24.91,2026-03-02T17:42:22Z,mobile
U0047,I0099,purchase,,2,19.36,2026-02-21T22:08:22Z,web
U0097,I0088,view,,1,30.05,2026-03-01T09:51:22Z,mobile
U0134,I0015,view,,1,19.27,2026-04-05T22:15:22Z,mobile
U0222,I0095,purchase,,1,11.84,2026-04-10T14:03:22Z,web
U0191,I0061,rating,4.0,1,17.75,2026-03-17T04:51:22Z,web
U0130,I0004,purchase,,1,24.4,2026-03-13T20:34:22Z,mobile
U0030,I0012,cart,,1,67.3,2026-04-15T20:33:22Z,mobile
U0002,I0077,purchase,,1,43.74,2026-02-04T01:57:22Z,web
U0081,I0073,view,,1,25.28,2026-04-06T12:26:22Z,mobile
U0240,I0059,cart,,1,24.91,2026-03-02T01:11:22Z,web
U0166,I0087,cart,,1,58.68,2026-04-14T22:08:22Z,web
U0126,I0012,view,,1,67.3,2026-04-10T18:06:22Z,mobile
U0134,I0050,cart,,1,15.33,2026-04-12T20:15:22Z,mobile
U0189,I0097,view,,1,42.6,2026-04-01T18:14:22Z,mobile
U0188,I0061,rating,4.0,1,17.75,2026-03-13T13:02:22Z,web
U0086,I0013,view,,1,28.54,2026-04-14T07:07:22Z,web
U0208,I0011,cart,,1,15.55,2026-02-02T07:56:22Z,web
U0068,I0119,purchase,,1,34.0,2026-04-11T23:42:22Z,mobile
U0015,I0050,cart,,1,15.33,2026-04-09T22:04:22Z,web
U0089,I0085,view,,1,64.61,2026-03-12T03:51:22Z,mobile
U0150,I0102,cart,,1,45.37,2026-03-10T05:26:22Z,web
U0054,I0096,view,,1,36.87,2026-04-25T22:59:22Z,mobile
U0214,I0008,view,,1,36.94,2026-04-02T01:06:22Z,web
U0217,I0074,cart,,1,19.52,2026-02-20T10:31:22Z,mobile
U0124,I0051,rating,5.0,1,24.93,2026-03-24T19:20:22Z,web
U0129,I0009,view,,1,26.36,2026-03-15T21:59:22Z,web
U0076,I0109,rating,2.0,1,70.56,2026-04-27T18:57:22Z,mobile
U0165,I0056,cart,,1,21.96,2026-03-11T21:36:22Z,web
U0034,I0101,view,,1,48.0,2026-03-12T04:27:22Z,web
U0059,I0002,view,,1,22.56,2026-03-15T20:53:22Z,web
U0057,I0001,view,,1,31.44,2026-04-25T13:06:22Z,mobile
U0187,I0061,view,,1,17.75,2026-04-16T02:41:22Z,web
U0147,I0087,view,,1,58.68,2026-02-24T03:22:22Z,mobile
U0219,I0024,purchase,,1,24.65,2026-03-23T23:35:22Z,web
U0199,I0120,cart,,1,26.42,2026-03-03T12:04:22Z,mobile
U0106,I0080,cart,,1,16.0,2026-04-16T02:53:22Z,web
U0140,I0048,view,,1,22.53,2026-04-19T09:45:22Z,mobile
U0176,I0031,view,,1,6.52,2026-02-21T15:40:22Z,mobile
U0220,I0034,rating,4.0,1,32.38,2026-04-06T07:30:22Z,mobile
U0054,I0079,rating,5.0,1,55.92,2026-04-10T13:49:22Z,web
U0062,I0013,rating,5.0,1,28.54,2026-03-07T07:51:22Z,web
U0220,I0104,view,,1,41.88,2026-03-04T11:37:22Z,mobile
U0141,I0009,purchase,,1,26.36,2026-02-02T09:56:22Z,web
U0171,I0025,cart,,1,15.52,2026-02-12T23:31:22Z,web
U0207,I0013,view,,1,28.54,2026-04-23T04:39:22Z,web
U0114,I0047,view,,1,36.67,2026-03-26T07:24:22Z,web
U0205,I0060,view,,1,48.07,2026-02-20T06:36:22Z,mobile
U0128,I0109,view,,1,70.56,2026-03-20T02:23:22Z,mobile
U0111,I0096,view,,1,36.87,2026-02-20T01:54:22Z,mobile
U0151,I0011,cart,,1,15.55,2026-03-05T08:19:22Z,web
U0099,I0051,view,,1,24.93,2026-02-11T00:25:22Z,mobile
U0145,I0070,view,,1,26.73,2026-04-21T18:44:22Z,mobile
U0178,I0037,view,,1,17.51,2026-03-10T02:47:22Z,web
U0155,I0057,rating,5.0,1,46.42,2026-02-03T06:27:22Z,web
U0002,I0081,rating,5.0,1,60.65,2026-04-20T18:05:22Z,web
U0011,I0110,view,,1,26.64,2026-02-20T17:00:22Z,mobile
U0151,I0010,purchase,,1,50.12,2026-04-13T15:13:22Z,web
U0048,I0104,rating,4.0,1,41.88,2026-02-02T17:37:22Z,web
U0202,I0032,view,,1,68.88,2026-04-28T21:10:22Z,mobile
U0105,I0018,view,,1,34.0,2026-03-11T00:08:22Z,mobile
U0236,I0034,view,,1,32.38,2026-02-18T14:28:22Z,mobile
U0075,I0047,cart,,1,36.67,2026-02-16T04:56:22Z,mobile
U0037,I0028,cart,,1,23.83,2026-02-15T02:50:22Z,mobile
U0040,I0012,purchase,,2,67.3,2026-03-14T17:38:22Z,mobile
U0065,I0034,view,,1,32.38,2026-02-02T01:00:22Z,mobile
U0028,I0017,view,,1,25.29,2026-03-12T12:42:22Z,web
U0218,I0101,cart,,1,48.0,2026-02-09T04:23:22Z,web
U0193,I0066,view,,1,22.7,2026-04-15T19:20:22Z,mobile
U0034,I0107,view,,1,14.01,2026-02-26T05:52:22Z,web
U0001,I0047,view,,1,36.67,2026-02-03T12:06:22Z,mobile
U0010,I0006,view,,1,21.38,2026-02-26T01:07:22Z,mobile
U0180,I0112,cart,,1,53.68,2026-03-08T12:06:22Z,web
U0199,I0101,view,,1,48.0,2026-02-20T03:52:22Z,web
U0110,I0012,cart,,1,67.3,2026-03-10T14:52:22Z,mobile
U0233,I0099,cart,,1,19.36,2026-03-30T14:58:22Z,mobile
U0230,I0028,purchase,,1,23.83,2026-03-10T21:09:22Z,mobile
U0099,I0099,view,,1,19.36,2026-02-26T01:49:22Z,web
U0147,I0047,rating,4.0,1,36.67,2026-02-01T23:28:22Z,web
U0106,I0116,rating,4.0,1,59.11,2026-04-02T19:13:22Z,mobile
U0107,I0108,view,,1,101.53,2026-02-11T15:15:22Z,web
U0021,I0104,cart,,1,41.88,2026-04-22T19:06:22Z,web
U0214,I0095,rating,4.0,1,11.84,2026-02-27T02:13:22Z,web
U0021,I0043,view,,1,34.18,2026-04-18T16:46:22Z,web
U0111,I0079,purchase,,1,55.92,2026-02-11T18:05:22Z,web
U0027,I0102,view,,1,45.37,2026-03-08T01:24:22Z,web
U0187,I0079,view,,1,55.92,2026-03-10T07:36:22Z,mobile
U0211,I0027,rating,4.0,1,58.32,2026-03-16T02:49:22Z,mobile
U0072,I0076,view,,1,36.2,2026-03-27T08:28:22Z,mobile
U0105,I0048,view,,1,22.53,2026-02-13T05:26:22Z,mobile
U0070,I0100,rating,5.0,1,54.26,2026-04-08T06:40:22Z,mobile
U0010,I0029,cart,,1,83.41,2026-03-05T10:43:22Z,mobile
U0042,I0023,view,,1,51.99,2026-03-13T08:37:22Z,web
U0210,I0076,rating,5.0,1,36.2,2026-03-17T20:36:22Z,mobile
U0230,I0089,view,,1,40.79,2026-03-23T13:47:22Z,web
U0159,I0038,view,,1,23.01,2026-04-20T09:57:22Z,mobile
U0128,I0058,rating,4.0,1,18.03,2026-04-13T05:15:22Z,mobile
U0037,I0083,cart,,1,17.83,2026-03-21T14:57:22Z,mobile
U0152,I0084,rating,4.0,1,27.83,2026-04-27T14:35:22Z,mobile
U0091,I0066,rating,4.0,1,22.7,2026-04-05T01:49:22Z,web
U0208,I0007,view,,1,50.51,2026-02-10T05:49:22Z,mobile
U0207,I0112,rating,4.0,1,53.68,2026-02-20T08:23:22Z,web
U0229,I0111,cart,,1,114.52,2026-04-09T07:25:22Z,mobile
U0171,I0093,rating,4.0,1,35.82,2026-02-16T10:34:22Z,mobile
U0176,I0100,purchase,,1,54.26,2026-04-18T16:13:22Z,mobile
U0051,I0043,purchase,,1,34.18,2026-04-17T21:39:22Z,web
U0186,I0089,view,,1,40.79,2026-02-22T13:37:22Z,web
U0042,I0030,view,,1,19.11,2026-02-23T08:12:22Z,mobile
U0024,I0107,purchase,,2,14.01,2026-02-13T21:32:22Z,mobile
U0106,I0101,cart,,1,48.0,2026-04-17T02:41:22Z,web
U0104,I0008,view,,1,36.94,2026-03-01T01:39:22Z,web
U0179,I0023,view,,1,51.99,2026-04-21T22:14:22Z,web
U0115,I0029,view,,1,83.41,2026-04-06T09:21:22Z,web
U0007,I0067,cart,,1,77.25,2026-03-30T19:53:22Z,web
U0213,I0101,cart,,1,48.0,2026-02-06T21:04:22Z,web
U0214,I0110,view,,1,26.64,2026-03-24T00:39:22Z,web
U0170,I0030,cart,,1,19.11,2026-03-19T16:40:22Z,web
U0138,I0102,view,,1,45.37,2026-02-20T02:52:22Z,web
U0230,I0110,view,,1,26.64,2026-04-25T08:30:22Z,web
U0048,I0013,purchase,,1,28.54,2026-03-29T07:57:22Z,web
U0071,I0071,cart,,1,31.77,2026-02-07T11:35:22Z,web
U0013,I0085,rating,4.0,1,64.61,2026-04-06T09:43:22Z,mobile
U0020,I0082,rating,4.0,1,27.22,2026-02-05T10:56:22Z,web
U0054,I0070,cart,,1,26.73,2026-04-21T05:31:22Z,mobile
U0118,I0088,view,,1,30.05,2026-04-03T12:09:22Z,web
U0078,I0096,view,,1,36.87,2026-04-28T03:15:22Z,web
U0160,I0053,view,,1,18.65,2026-03-14T05:04:22Z,mobile
U0008,I0119,view,,1,34.0,2026-03-16T03:59:22Z,mobile
U0060,I0031,purchase,,1,6.52,2026-02-20T06:46:22Z,mobile
U0234,I0036,purchase,,1,74.72,2026-03-04T19:07:22Z,web
U0009,I0045,rating,4.0,1,27.1,2026-02-13T03:58:22Z,mobile
U0022,I0048,rating,3.0,1,22.53,2026-03-04T20:45:22Z,web
U0208,I0037,rating,3.0,1,17.51,2026-04-29T09:08:22Z,mobile
U0175,I0092,cart,,1,16.23,2026-04-29T20:20:22Z,mobile
U0163,I0100,view,,1,54.26,2026-02-21T11:10:22Z,mobile
U0016,I0009,view,,1,26.36,2026-02-04T05:35:22Z,web
U0069,I0097,cart,,1,42.6,2026-02-25T21:48:22Z,web
U0039,I0054,rating,3.0,1,35.21,2026-02-05T15:56:22Z,web
U0082,I0110,rating,4.0,1,26.64,2026-04-08T01:01:22Z,web
U0007,I0022,view,,1,23.73,2026-02-01T07:24:22Z,mobile
U0031,I0048,view,,1,22.53,2026-02-11T23:50:22Z,web
U0209,I0116,view,,1,59.11,2026-03-21T23:35:22Z,mobile
U0209,I0116,view,,1,59.11,2026-03-07T20:19:22Z,web
U0103,I0118,view,,1,24.81,2026-04-07T17:23:22Z,web
U0204,I0002,rating,5.0,1,22.56,2026-04-23T10:54:22Z,mobile
U0180,I0030,view,,1,19.11,2026-04-23T16:24:22Z,web
U0075,I0050,view,,1,15.33,2026-03-21T11:06:22Z,web
U0211,I0037,view,,1,17.51,2026-02-16T02:43:22Z,mobile
U0210,I0035,view,,1,26.96,2026-04-05T01:17:22Z,mobile
U0106,I0019,view,,1,35.63,2026-02-18T10:34:22Z,web
U0146,I0010,view,,1,50.12,2026-03-16T16:24:22Z,mobile
U0212,I0015,purchase,,2,19.27,2026-03-11T23:07:22Z,mobile
U0159,I0058,view,,1,18.03,2026-02-05T06:09:22Z,mobile
U0100,I0093,view,,1,35.82,2026-02-07T00:24:22Z,web
U0055,I0057,view,,1,46.42,2026-03-27T22:05:22Z,mobile
U0146,I0071,view,,1,31.77,2026-04-29T13:41:22Z,web
U0208,I0066,view,,1,22.7,2026-02-17T17:40:22Z,mobile
U0058,I0088,view,,1,30.05,2026-04-27T19:07:22Z,mobile
U0152,I0074,view,,1,19.52,2026-04-03T18:05:22Z,mobile
U0018,I0070,view,,1,26.73,2026-03-26T05:41:22Z,mobile
U0149,I0047,view,,1,36.67,2026-02-24T04:16:22Z,mobile
U0039,I0118,view,,1,24.81,2026-03-09T00:20:22Z,web
U0133,I0004,view,,1,24.4,2026-03-18T15:45:22Z,web
U0008,I0088,view,,1,30.05,2026-03-31T23:42:22Z,web
U0027,I0081,cart,,1,60.65,2026-03-10T10:29:22Z,mobile
U0026,I0039,view,,1,14.55,2026-02-25T07:17:22Z,web
U0115,I0070,view,,1,26.73,2026-03-29T04:07:22Z,web
U0019,I0120,view,,1,26.42,2026-03-29T02:35:22Z,web
U0232,I0020,cart,,1,27.33,2026-02-14T23:21:22Z,web
U0045,I0017,purchase,,2,25.29,2026-02-21T14:57:22Z,web
U0168,I0060,view,,1,48.07,2026-03-22T16:31:22Z,mobile
U0194,I0040,view,,1,56.71,2026-04-27T07:10:22Z,mobile
U0035,I0039,view,,1,14.55,2026-02-12T00:28:22Z,web
U0097,I0063,view,,1,17.91,2026-03-01T02:46:22Z,web
U0024,I0071,rating,5.0,1,31.77,2026-04-28T01:30:22Z,mobile
U0006,I0044,purchase,,1,16.15,2026-02-09T00:47:22Z,mobile
U0206,I0097,view,,1,42.6,2026-04-16T22:43:22Z,mobile
U0093,I0026,cart,,1,13.5,2026-03-10T15:00:22Z,web
U0026,I0009,cart,,1,26.36,2026-04-15T10:14:22Z,mobile
U0158,I0034,view,,1,32.38,2026-03-05T06:06:22Z,web
U0081,I0085,purchase,,1,64.61,2026-04-04T06:09:22Z,mobile
U0210,I0069,view,,1,41.22,2026-05-01T00:17:22Z,mobile
U0035,I0074,view,,1,19.52,2026-04-26T13:25:22Z,web
U0154,I0048,view,,1,22.53,2026-02-13T08:42:22Z,web
U0001,I0033,view,,1,24.72,2026-04-07T13:31:22Z,mobile
U0120,I0014,view,,1,30.5,2026-02-23T11:49:22Z,mobile
U0238,I0063,view,,1,17.91,2026-03-20T02:08:22Z,web
U0230,I0094,view,,1,20.46,2026-02-15T15:25:22Z,web
U0051,I0014,cart,,1,30.5,2026-03-05T14:59:22Z,mobile
U0237,I0086,purchase,,1,33.96,2026-03-13T17:32:22Z,mobile
U0088,I0021,view,,1,19.0,2026-03-28T18:35:22Z,mobile
U0075,I0108,view,,1,101.53,2026-04-02T15:56:22Z,mobile
U0019,I0072,view,,1,21.99,2026-03-02T17:58:22Z,web
U0126,I0038,view,,1,23.01,2026-04-02T06:27:22Z,web
U0217,I0063,cart,,1,17.91,2026-02-20T17:49:22Z,mobile
U0127,I0051,purchase,,1,24.93,2026-03-18T15:53:22Z,web
U0122,I0068,rating,3.0,1,16.18,2026-02-15T12:05:22Z,web
U0017,I0066,view,,1,22.7,2026-02-06T16:00:22Z,mobile
U0119,I0066,view,,1,22.7,2026-02-03T04:47:22Z,web
U0224,I0020,view,,1,27.33,2026-02-02T12:47:22Z,mobile
U0113,I0109,view,,1,70.56,2026-03-10T11:54:22Z,web
U0159,I0077,rating,4.0,1,43.74,2026-03-13T20:34:22Z,mobile
U0209,I0009,cart,,1,26.36,2026-04-03T15:32:22Z,web
U0092,I0042,view,,1,34.64,2026-02-21T08:18:22Z,mobile
U0032,I0042,purchase,,1,34.64,2026-02-06T01:27:22Z,web
U0009,I0021,purchase,,2,19.0,2026-03-24T19:08:22Z,web
U0227,I0078,purchase,,3,41.4,2026-04-13T06:01:22Z,mobile
U0217,I0071,view,,1,31.77,2026-03-25T18:38:22Z,mobile
U0141,I0043,view,,1,34.18,2026-02-15T23:43:22Z,mobile
U0210,I0053,purchase,,1,18.65,2026-02-03T07:12:22Z,web
U0090,I0009,cart,,1,26.36,2026-04-21T14:12:22Z,mobile
U0213,I0016,rating,5.0,1,41.84,2026-04-18T02:18:22Z,mobile
U0186,I0106,view,,1,26.93,2026-02-28T08:25:22Z,mobile
U0079,I0065,cart,,1,45.15,2026-03-02T01:17:22Z,web
U0100,I0022,purchase,,1,23.73,2026-04-27T06:15:22Z,mobile
U0080,I0058,view,,1,18.03,2026-03-13T16:01:22Z,web
U0063,I0001,purchase,,1,31.44,2026-03-25T02:22:22Z,web
U0185,I0025,rating,4.0,1,15.52,2026-02-04T00:03:22Z,web
U0046,I0038,purchase,,1,23.01,2026-02-07T13:10:22Z,web
U0119,I0016,view,,1,41.84,2026-02-14T05:11:22Z,web
U0006,I0103,view,,1,51.23,2026-04-25T08:37:22Z,web
U0008,I0062,view,,1,23.59,2026-03-28T18:27:22Z,mobile
U0018,I0038,view,,1,23.01,2026-02-26T19:05:22Z,mobile
U0205,I0072,cart,,1,21.99,2026-04-24T07:53:22Z,mobile
U0209,I0102,view,,1,45.37,2026-03-31T05:48:22Z,mobile
U0040,I0013,rating,5.0,1,28.54,2026-04-01T11:34:22Z,mobile
U0087,I0056,view,,1,21.96,2026-02-08T08:41:22Z,web
U0028,I0052,view,,1,30.37,2026-03-25T06:41:22Z,web
U0137,I0042,view,,1,34.64,2026-02-27T03:07:22Z,web
U0175,I0097,cart,,1,42.6,2026-04-04T09:52:22Z,mobile
U0230,I0057,view,,1,46.42,2026-04-22T12:23:22Z,mobile
U0084,I0102,view,,1,45.37,2026-04-01T01:03:22Z,web
U0158,I0023,view,,1,51.99,2026-04-07T04:51:22Z,web
U0015,I0062,purchase,,1,23.59,2026-03-20T12:36:22Z,web
U0186,I0106,view,,1,26.93,2026-04-13T05:58:22Z,web
U0041,I0036,purchase,,1,74.72,2026-02-02T22:15:22Z,mobile
U0151,I0087,view,,1,58.68,2026-03-17T12:37:22Z,web
U0045,I0088,purchase,,2,30.05,2026-02-13T09:24:22Z,mobile
U0184,I0013,view,,1,28.54,2026-04-07T08:38:22Z,mobile
U0053,I0010,view,,1,50.12,2026-04-13T02:01:22Z,web
U0111,I0051,view,,1,24.93,2026-04-19T02:19:22Z,mobile
U0092,I0047,purchase,,1,36.67,2026-02-14T20:44:22Z,web
U0052,I0082,cart,,1,27.22,2026-03-12T06:21:22Z,mobile
U0066,I0097,cart,,1,42.6,2026-04-05T08:04:22Z,mobile
U0231,I0063,view,,1,17.91,2026-02-24T22:26:22Z,mobile
U0171,I0015,view,,1,19.27,2026-03-20T19:40:22Z,web
U0148,I0023,purchase,,3,51.99,2026-02-18T02:22:22Z,web
U0196,I0051,view,,1,24.93,2026-02-09T21:18:22Z,web
U0147,I0005,view,,1,20.52,2026-04-13T20:53:22Z,web
U0192,I0035,view,,1,26.96,2026-03-04T00:33:22Z,web
U0029,I0017,purchase,,2,25.29,2026-04-07T16:41:22Z,web
U0229,I0046,view,,1,32.06,2026-04-20T07:23:22Z,mobile
U0037,I0027,view,,1,58.32,2026-02-27T03:02:22Z,mobile
U0073,I0083,purchase,,1,17.83,2026-04-21T01:06:22Z,mobile
U0132,I0063,view,,1,17.91,2026-02-15T19:46:22Z,web
U0139,I0021,view,,1,19.0,2026-04-07T21:57:22Z,mobile
U0138,I0043,rating,4.0,1,34.18,2026-02-24T18:54:22Z,mobile
U0144,I0087,cart,,1,58.68,2026-02-20T14:46:22Z,mobile
U0224,I0081,rating,4.0,1,60.65,2026-04-05T12:39:22Z,web
U0026,I0047,view,,1,36.67,2026-02-10T10:51:22Z,mobile
U0237,I0084,view,,1,27.83,2026-03-10T19:06:22Z,mobile
U0090,I0047,cart,,1,36.67,2026-03-24T01:03:22Z,web
U0163,I0024,rating,5.0,1,24.65,2026-04-02T23:38:22Z,web
U0055,I0019,view,,1,35.63,2026-04-08T23:32:22Z,mobile
U0240,I0083,view,,1,17.83,2026-03-02T10:56:22Z,mobile
U0183,I0048,cart,,1,22.53,2026-02-28T13:24:22Z,web
U0016,I0013,purchase,,2,28.54,2026-03-10T17:50:22Z,web
U0173,I0054,view,,1,35.21,2026-04-24T06:51:22Z,mobile
U0183,I0018,view,,1,34.0,2026-03-22T22:18:22Z,web
U0225,I0080,cart,,1,16.0,2026-02-12T18:14:22Z,mobile
U0015,I0054,cart,,1,35.21,2026-03-26T00:05:22Z,web
U0018,I0081,cart,,1,60.65,2026-03-28T21:50:22Z,mobile
U0032,I0042,rating,5.0,1,34.64,2026-02-04T09:26:22Z,mobile
U0191,I0049,view,,1,10.95,2026-03-30T02:17:22Z,mobile
U0023,I0074,view,,1,19.52,2026-03-08T00:53:22Z,mobile
U0148,I0034,view,,1,32.38,2026-03-27T22:18:22Z,web
U0034,I0102,cart,,1,45.37,2026-02-15T19:01:22Z,web
U0015,I0063,view,,1,17.91,2026-02-25T18:16:22Z,mobile
U0198,I0021,purchase,,1,19.0,2026-03-22T08:56:22Z,mobile
U0039,I0054,view,,1,35.21,2026-04-01T19:16:22Z,mobile
U0184,I0056,cart,,1,21.96,2026-02-28T10:59:22Z,mobile
U0071,I0060,cart,,1,48.07,2026-04-15T13:15:22Z,web
U0228,I0065,view,,1,45.15,2026-03-12T14:03:22Z,mobile
U0184,I0039,view,,1,14.55,2026-02-11T16:13:22Z,mobile
U0183,I0013,cart,,1,28.54,2026-02-09T15:33:22Z,mobile
U0188,I0120,purchase,,1,26.42,2026-04-05T08:41:22Z,web
U0015,I0088,view,,1,30.05,2026-03-29T15:27:22Z,mobile
U0213,I0041,view,,1,35.48,2026-02-07T09:12:22Z,web
U0099,I0051,purchase,,1,24.93,2026-02-28T23:41:22Z,web
U0127,I0079,view,,1,55.92,2026-03-09T08:55:22Z,mobile
U0214,I0066,view,,1,22.7,2026-03-25T11:09:22Z,mobile
U0207,I0015,purchase,,1,19.27,2026-04-19T23:59:22Z,mobile
U0168,I0051,view,,1,24.93,2026-03-20T21:28:22Z,web
U0118,I0019,view,,1,35.63,2026-04-11T10:14:22Z,mobile
U0064,I0050,view,,1,15.33,2026-03-05T08:12:22Z,mobile
U0065,I0060,view,,1,48.07,2026-03-13T19:56:22Z,web
U0181,I0027,view,,1,58.32,2026-02-08T06:02:22Z,mobile
U0179,I0060,view,,1,48.07,2026-04-03T19:45:22Z,mobile
U0197,I0072,purchase,,1,21.99,2026-03-17T11:27:22Z,web
U0213,I0022,view,,1,23.73,2026-02-10T17:03:22Z,web
U0066,I0062,purchase,,1,23.59,2026-04-11T21:48:22Z,mobile
U0161,I0079,cart,,1,55.92,2026-04-27T20:10:22Z,web
U0221,I0011,cart,,1,15.55,2026-02-07T06:42:22Z,mobile
U0237,I0105,view,,1,20.28,2026-02-12T06:52:22Z,mobile
U0027,I0005,purchase,,1,20.52,2026-03-28T22:34:22Z,web
U0146,I0039,view,,1,14.55,2026-03-25T23:16:22Z,web
U0044,I0098,view,,1,35.06,2026-02-15T17:58:22Z,web
U0212,I0027,rating,1.0,1,58.32,2026-04-08T04:25:22Z,web
U0225,I0044,view,,1,16.15,2026-02-20T11:31:22Z,web
U0130,I0112,view,,1,53.68,2026-02-05T11:14:22Z,web
U0235,I0074,cart,,1,19.52,2026-03-10T08:56:22Z,web
U0065,I0020,view,,1,27.33,2026-03-13T00:22:22Z,web
U0105,I0056,view,,1,21.96,2026-02-25T17:55:22Z,web
U0042,I0058,view,,1,18.03,2026-04-01T21:38:22Z,mobile
U0026,I0081,purchase,,1,60.65,2026-02-06T15:15:22Z,mobile
U0058,I0110,purchase,,1,26.64,2026-02-21T23:20:22Z,web
U0072,I0105,cart,,1,20.28,2026-03-17T00:13:22Z,web
U0011,I0011,view,,1,15.55,2026-02-17T14:27:22Z,mobile
U0194,I0119,purchase,,1,34.0,2026-03-18T11:57:22Z,mobile
U0007,I0011,purchase,,1,15.55,2026-04-03T21:17:22Z,mobile
U0066,I0041,rating,3.0,1,35.48,2026-04-16T00:22:22Z,web
U0090,I0082,view,,1,27.22,2026-02-17T13:32:22Z,mobile
U0049,I0043,view,,1,34.18,2026-02-07T14:49:22Z,mobile
U0108,I0007,view,,1,50.51,2026-03-20T00:45:22Z,web
U0049,I0101,view,,1,48.0,2026-04-05T01:53:22Z,mobile
U0103,I0002,view,,1,22.56,2026-03-20T16:06:22Z,mobile
U0149,I0070,view,,1,26.73,2026-04-08T11:05:22Z,web
U0111,I0082,rating,5.0,1,27.22,2026-02-25T19:58:22Z,mobile
U0030,I0068,view,,1,16.18,2026-04-09T23:13:22Z,mobile
U0064,I0016,view,,1,41.84,2026-04-13T18:25:22Z,mobile
U0014,I0034,view,,1,32.38,2026-02-19T20:59:22Z,web
U0206,I0025,view,,1,15.52,2026-03-30T09:01:22Z,mobile
U0026,I0038,cart,,1,23.01,2026-02-13T20:05:22Z,mobile
U0120,I0031,purchase,,1,6.52,2026-04-09T06:53:22Z,mobile
U0185,I0019,cart,,1,35.63,2026-04-13T23:15:22Z,web
U0092,I0006,view,,1,21.38,2026-02-05T03:50:22Z,mobile
U0131,I0005,view,,1,20.52,2026-02-24T06:44:22Z,mobile
U0154,I0002,purchase,,1,22.56,2026-02-19T19:19:22Z,mobile
U0233,I0069,view,,1,41.22,2026-04-11T20:05:22Z,web
U0085,I0057,rating,5.0,1,46.42,2026-03-22T09:16:22Z,mobile
U0149,I0096,purchase,,1,36.87,2026-04-28T23:44:22Z,mobile
U0232,I0002,rating,4.0,1,22.56,2026-03-26T17:46:22Z,web
U0162,I0082,view,,1,27.22,2026-03-12T22:37:22Z,web
U0210,I0049,purchase,,2,10.95,2026-03-11T12:52:22Z,web
U0068,I0036,cart,,1,74.72,2026-03-05T01:55:22Z,mobile
U0023,I0032,view,,1,68.88,2026-03-17T04:13:22Z,web
U0228,I0053,purchase,,2,18.65,2026-02-03T21:31:22Z,web
U0043,I0004,purchase,,1,24.4,2026-03-05T04:20:22Z,mobile
U0153,I0029,rating,4.0,1,83.41,2026-03-09T14:39:22Z,web
U0167,I0014,view,,1,30.5,2026-03-19T13:27:22Z,mobile
U0230,I0028,rating,3.0,1,23.83,2026-04-28T07:14:22Z,web
U0155,I0063,view,,1,17.91,2026-04-28T20:00:22Z,mobile
U0146,I0107,purchase,,2,14.01,2026-04-22T13:41:22Z,mobile
U0226,I0118,view,,1,24.81,2026-02-09T21:20:22Z,web
U0137,I0016,view,,1,41.84,2026-02-05T17:36:22Z,mobile
U0167,I0013,view,,1,28.54,2026-02-18T13:26:22Z,mobile
U0161,I0107,view,,1,14.01,2026-03-24T07:05:22Z,mobile
U0175,I0057,view,,1,46.42,2026-03-23T01:14:22Z,mobile
U0090,I0090,view,,1,12.85,2026-04-28T02:19:22Z,web
U0147,I0007,purchase,,1,50.51,2026-02-27T10:29:22Z,web
U0107,I0045,rating,4.0,1,27.1,2026-02-25T08:17:22Z,mobile
U0042,I0022,view,,1,23.73,2026-02-08T01:32:22Z,web
U0219,I0011,cart,,1,15.55,2026-02-21T15:59:22Z,web
U0059,I0068,view,,1,16.18,2026-03-30T16:48:22Z,web
U0151,I0066,view,,1,22.7,2026-04-18T07:28:22Z,mobile
U0055,I0091,view,,1,42.99,2026-03-23T05:52:22Z,web
U0167,I0015,cart,,1,19.27,2026-03-04T03:47:22Z,mobile
U0156,I0048,cart,,1,22.53,2026-01-31T17:22:22Z,mobile
U0196,I0112,purchase,,1,53.68,2026-04-09T23:31:22Z,web
U0030,I0117,cart,,1,42.8,2026-04-19T11:11:22Z,web
U0146,I0101,purchase,,1,48.0,2026-02-02T02:40:22Z,web
U0146,I0015,purchase,,2,19.27,2026-02-13T03:19:22Z,mobile
U0113,I0001,view,,1,31.44,2026-02-10T03:02:22Z,web
U0149,I0118,view,,1,24.81,2026-04-17T15:42:22Z,web
U0110,I0037,view,,1,17.51,2026-04-03T22:06:22Z,web
U0174,I0092,cart,,1,16.23,2026-03-25T19:21:22Z,mobile
U0168,I0058,rating,4.0,1,18.03,2026-02-13T12:48:22Z,web
U0137,I0070,rating,4.0,1,26.73,2026-02-07T10:01:22Z,mobile
U0142,I0018,view,,1,34.0,2026-02-21T21:00:22Z,mobile
U0046,I0095,purchase,,1,11.84,2026-03-10T01:26:22Z,web
U0172,I0073,view,,1,25.28,2026-03-09T00:11:22Z,web
U0037,I0110,view,,1,26.64,2026-02-15T12:42:22Z,mobile
U0239,I0021,cart,,1,19.0,2026-04-28T17:00:22Z,web
U0186,I0028,view,,1,23.83,2026-02-18T06:37:22Z,mobile
U0030,I0010,view,,1,50.12,2026-04-06T06:55:22Z,web
U0234,I0001,rating,4.0,1,31.44,2026-03-20T18:33:22Z,web
U0125,I0054,purchase,,2,35.21,2026-04-16T15:48:22Z,web
U0063,I0042,view,,1,34.64,2026-04-09T16:34:22Z,mobile
U0052,I0009,rating,5.0,1,26.36,2026-03-22T01:30:22Z,mobile
U0078,I0038,cart,,1,23.01,2026-02-11T03:55:22Z,web
U0007,I0086,view,,1,33.96,2026-03-14T08:23:22Z,mobile
U0210,I0069,purchase,,1,41.22,2026-04-14T00:28:22Z,mobile
U0128,I0105,rating,5.0,1,20.28,2026-02-03T03:07:22Z,web
U0043,I0001,view,,1,31.44,2026-03-28T06:31:22Z,mobile
U0028,I0041,rating,5.0,1,35.48,2026-02-17T12:57:22Z,web
U0069,I0051,purchase,,2,24.93,2026-03-30T03:10:22Z,mobile
U0101,I0108,view,,1,101.53,2026-04-02T21:03:22Z,mobile
U0125,I0071,purchase,,1,31.77,2026-04-04T00:07:22Z,web
U0027,I0080,view,,1,16.0,2026-04-14T07:41:22Z,web
U0086,I0080,view,,1,16.0,2026-03-26T00:15:22Z,web
U0081,I0072,purchase,,1,21.99,2026-04-08T12:06:22Z,mobile
U0044,I0046,cart,,1,32.06,2026-02-21T07:28:22Z,web
U0141,I0110,view,,1,26.64,2026-04-20T03:57:22Z,mobile
U0062,I0074,purchase,,1,19.52,2026-02-28T10:21:22Z,mobile
U0106,I0085,purchase,,2,64.61,2026-03-01T17:19:22Z,mobile
U0224,I0077,view,,1,43.74,2026-03-07T04:01:22Z,mobile
U0178,I0110,rating,2.0,1,26.64,2026-02-27T01:32:22Z,web
U0103,I0017,cart,,1,25.29,2026-02-01T18:07:22Z,mobile
U0175,I0065,rating,5.0,1,45.15,2026-03-04T23:45:22Z,mobile
U0078,I0009,cart,,1,26.36,2026-03-27T10:14:22Z,mobile
U0082,I0065,view,,1,45.15,2026-04-09T10:51:22Z,mobile
U0010,I0034,view,,1,32.38,2026-02-01T08:18:22Z,mobile
U0193,I0024,cart,,1,24.65,2026-04-05T02:15:22Z,web
U0098,I0043,purchase,,2,34.18,2026-02-22T13:56:22Z,mobile
U0152,I0098,view,,1,35.06,2026-04-11T09:40:22Z,mobile
U0219,I0106,purchase,,1,26.93,2026-02-24T05:51:22Z,web
U0198,I0103,view,,1,51.23,2026-04-16T11:24:22Z,web
U0214,I0074,cart,,1,19.52,2026-05-01T01:24:22Z,mobile
U0193,I0026,view,,1,13.5,2026-02-16T03:49:22Z,web
U0053,I0085,view,,1,64.61,2026-04-10T15:08:22Z,web
U0104,I0049,purchase,,1,10.95,2026-02-21T02:32:22Z,web
U0121,I0002,cart,,1,22.56,2026-03-30T20:00:22Z,mobile
U0118,I0031,view,,1,6.52,2026-02-17T07:17:22Z,mobile
U0006,I0061,purchase,,2,17.75,2026-03-14T05:53:22Z,mobile
U0095,I0013,view,,1,28.54,2026-05-01T02:10:22Z,web
U0214,I0095,view,,1,11.84,2026-04-07T04:02:22Z,web
U0202,I0068,view,,1,16.18,2026-04-26T04:44:22Z,mobile
U0203,I0106,view,,1,26.93,2026-03-01T08:53:22Z,mobile
U0103,I0020,view,,1,27.33,2026-04-03T13:05:22Z,web
U0070,I0054,rating,5.0,1,35.21,2026-02-19T02:01:22Z,web
U0012,I0080,purchase,,1,16.0,2026-03-25T01:32:22Z,web
U0025,I0041,view,,1,35.48,2026-03-06T10:22:22Z,web
U0096,I0109,cart,,1,70.56,2026-02-17T21:43:22Z,mobile
U0106,I0104,view,,1,41.88,2026-02-18T03:23:22Z,mobile
U0137,I0102,view,,1,45.37,2026-04-26T10:40:22Z,web
U0045,I0117,rating,3.0,1,42.8,2026-04-30T03:50:22Z,web
U0037,I0095,purchase,,1,11.84,2026-04-03T18:06:22Z,mobile
U0134,I0052,view,,1,30.37,2026-03-26T23:59:22Z,web
U0096,I0115,cart,,1,29.97,2026-04-22T22:05:22Z,mobile
U0080,I0023,cart,,1,51.99,2026-02-24T09:10:22Z,mobile
U0031,I0042,purchase,,1,34.64,2026-03-20T12:44:22Z,mobile
U0157,I0084,purchase,,1,27.83,2026-02-18T16:10:22Z,mobile
U0022,I0017,view,,1,25.29,2026-02-16T07:11:22Z,web
U0202,I0104,view,,1,41.88,2026-04-15T23:00:22Z,mobile
U0078,I0050,view,,1,15.33,2026-02-15T18:47:22Z,web
U0209,I0098,rating,4.0,1,35.06,2026-03-27T12:26:22Z,web
U0044,I0061,rating,4.0,1,17.75,2026-04-30T07:16:22Z,web
U0180,I0034,view,,1,32.38,2026-04-10T02:11:22Z,web
U0019,I0006,purchase,,1,21.38,2026-03-24T00:52:22Z,web
U0158,I0051,view,,1,24.93,2026-04-20T13:59:22Z,mobile
U0033,I0075,view,,1,25.5,2026-03-19T11:22:22Z,web
U0057,I0079,cart,,1,55.92,2026-03-08T22:38:22Z,mobile
U0116,I0019,view,,1,35.63,2026-04-10T09:39:22Z,web
U0104,I0061,view,,1,17.75,2026-03-14T21:22:22Z,web
U0142,I0025,rating,5.0,1,15.52,2026-02-19T03:15:22Z,mobile
U0082,I0086,cart,,1,33.96,2026-02-16T04:22:22Z,mobile
U0002,I0082,view,,1,27.22,2026-02-02T19:51:22Z,web
U0148,I0030,rating,5.0,1,19.11,2026-03-14T02:34:22Z,web
U0100,I0055,view,,1,14.43,2026-04-23T01:35:22Z,web
U0128,I0029,view,,1,83.41,2026-05-01T05:17:22Z,mobile
U0240,I0070,cart,,1,26.73,2026-04-11T15:33:22Z,web
U0203,I0075,view,,1,25.5,2026-03-12T07:22:22Z,web
U0050,I0069,rating,4.0,1,41.22,2026-04-23T10:29:22Z,mobile
U0224,I0047,rating,5.0,1,36.67,2026-04-18T06:52:22Z,mobile
U0042,I0034,cart,,1,32.38,2026-03-08T20:20:22Z,web
U0133,I0072,rating,3.0,1,21.99,2026-02-09T17:21:22Z,mobile
U0166,I0074,view,,1,19.52,2026-03-11T16:40:22Z,mobile
U0171,I0019,purchase,,1,35.63,2026-04-19T04:53:22Z,web
U0052,I0077,cart,,1,43.74,2026-03-23T10:05:22Z,mobile
U0137,I0058,view,,1,18.03,2026-04-01T09:57:22Z,web
U0040,I0031,view,,1,6.52,2026-04-29T21:04:22Z,web
U0069,I0115,cart,,1,29.97,2026-02-20T02:08:22Z,web
U0228,I0051,view,,1,24.93,2026-03-04T16:38:22Z,web
U0015,I0025,cart,,1,15.52,2026-03-04T03:22:22Z,web
U0092,I0090,view,,1,12.85,2026-03-05T21:10:22Z,web
U0079,I0031,cart,,1,6.52,2026-03-13T08:09:22Z,web
U0107,I0119,rating,3.0,1,34.0,2026-02-23T06:57:22Z,web
U0029,I0010,view,,1,50.12,2026-03-04T02:22:22Z,mobile
U0215,I0096,view,,1,36.87,2026-02-17T17:30:22Z,web
U0053,I0006,view,,1,21.38,2026-02-27T19:04:22Z,mobile
U0135,I0114,view,,1,33.44,2026-03-22T23:38:22Z,web
U0026,I0022,view,,1,23.73,2026-04-19T11:49:22Z,mobile
U0030,I0116,view,,1,59.11,2026-03-23T07:25:22Z,web
U0170,I0063,view,,1,17.91,2026-04-01T12:16:22Z,mobile
U0039,I0108,view,,1,101.53,2026-02-26T05:01:22Z,web
U0160,I0104,purchase,,1,41.88,2026-04-25T10:36:22Z,mobile
U0240,I0074,view,,1,19.52,2026-04-02T11:36:22Z,web
U0168,I0060,view,,1,48.07,2026-03-08T15:58:22Z,web
U0092,I0022,view,,1,23.73,2026-02-25T05:58:22Z,mobile
U0153,I0026,view,,1,13.5,2026-04-24T00:55:22Z,web
U0196,I0066,view,,1,22.7,2026-04-18T08:05:22Z,web
U0148,I0030,view,,1,19.11,2026-02-18T22:45:22Z,web
U0219,I0012,view,,1,67.3,2026-04-28T22:29:22Z,mobile
U0009,I0119,view,,1,34.0,2026-04-08T04:15:22Z,web
U0226,I0048,cart,,1,22.53,2026-04-09T04:14:22Z,web
U0204,I0095,view,,1,11.84,2026-02-24T00:06:22Z,web
U0216,I0008,view,,1,36.94,2026-03-27T22:34:22Z,web
U0068,I0108,view,,1,101.53,2026-04-23T13:34:22Z,web
U0031,I0079,view,,1,55.92,2026-03-12T11:46:22Z,web
U0156,I0007,view,,1,50.51,2026-03-14T13:38:22Z,mobile
U0033,I0027,view,,1,58.32,2026-03-22T16:35:22Z,web
U0152,I0096,rating,5.0,1,36.87,2026-04-07T00:47:22Z,mobile
U0149,I0090,cart,,1,12.85,2026-04-04T14:02:22Z,web
U0107,I0006,cart,,1,21.38,2026-03-18T23:31:22Z,mobile
U0078,I0086,purchase,,1,33.96,2026-02-03T20:17:22Z,mobile
U0006,I0096,view,,1,36.87,2026-02-11T04:01:22Z,web
U0090,I0010,purchase,,1,50.12,2026-02-26T23:47:22Z,web
U0030,I0037,cart,,1,17.51,2026-03-14T03:52:22Z,mobile
U0105,I0118,purchase,,2,24.81,2026-02-14T09:43:22Z,mobile
U0043,I0082,view,,1,27.22,2026-03-21T00:55:22Z,web
U0197,I0029,view,,1,83.41,2026-04-14T17:31:22Z,web
U0164,I0100,rating,1.0,1,54.26,2026-03-02T00:01:22Z,mobile
U0102,I0114,view,,1,33.44,2026-03-28T22:02:22Z,mobile
U0207,I0078,cart,,1,41.4,2026-04-27T21:02:22Z,web
U0076,I0106,cart,,1,26.93,2026-02-01T18:28:22Z,web
U0011,I0073,view,,1,25.28,2026-03-24T12:58:22Z,web
U0201,I0025,cart,,1,15.52,2026-02-25T14:23:22Z,mobile
U0136,I0076,cart,,1,36.2,2026-03-06T21:33:22Z,web
U0201,I0062,view,,1,23.59,2026-04-03T01:43:22Z,mobile
U0165,I0040,cart,,1,56.71,2026-02-25T09:48:22Z,web
U0005,I0078,view,,1,41.4,2026-04-13T02:27:22Z,web
U0005,I0119,rating,1.0,1,34.0,2026-04-01T05:17:22Z,web
U0184,I0101,rating,3.0,1,48.0,2026-03-07T18:49:22Z,mobile
U0181,I0109,view,,1,70.56,2026-02-20T10:48:22Z,mobile
U0149,I0005,view,,1,20.52,2026-03-18T10:17:22Z,mobile
U0090,I0038,view,,1,23.01,2026-03-30T14:41:22Z,web
U0200,I0029,cart,,1,83.41,2026-04-15T14:15:22Z,mobile
U0091,I0029,purchase,,1,83.41,2026-04-24T09:46:22Z,web
U0101,I0054,view,,1,35.21,2026-05-01T00:55:22Z,web
U0006,I0016,cart,,1,41.84,2026-02-01T01:27:22Z,web
U0220,I0028,view,,1,23.83,2026-02-25T21:00:22Z,web
U0190,I0026,cart,,1,13.5,2026-02-09T05:26:22Z,web
U0209,I0071,rating,4.0,1,31.77,2026-04-30T00:48:22Z,mobile
U0136,I0098,purchase,,1,35.06,2026-02-26T21:06:22Z,web
U0158,I0055,view,,1,14.43,2026-04-27T19:16:22Z,mobile
U0101,I0030,view,,1,19.11,2026-03-08T23:32:22Z,mobile
U0144,I0106,view,,1,26.93,2026-04-26T06:10:22Z,web
U0119,I0005,purchase,,1,20.52,2026-04-17T20:57:22Z,web
U0046,I0038,cart,,1,23.01,2026-02-03T17:59:22Z,mobile
U0058,I0082,view,,1,27.22,2026-04-03T06:03:22Z,mobile
U0115,I0109,view,,1,70.56,2026-02-02T00:44:22Z,web
U0082,I0049,purchase,,1,10.95,2026-02-23T03:25:22Z,web
U0002,I0009,view,,1,26.36,2026-04-18T03:21:22Z,web
U0192,I0052,rating,5.0,1,30.37,2026-03-19T13:57:22Z,web
U0087,I0035,view,,1,26.96,2026-03-07T14:57:22Z,web
U0104,I0035,cart,,1,26.96,2026-02-13T10:14:22Z,web
U0053,I0043,cart,,1,34.18,2026-02-05T03:21:22Z,web
U0061,I0105,rating,4.0,1,20.28,2026-04-10T15:10:22Z,web
U0003,I0078,view,,1,41.4,2026-02-19T18:02:22Z,web
U0112,I0061,view,,1,17.75,2026-04-17T13:07:22Z,mobile
U0090,I0082,purchase,,1,27.22,2026-03-16T10:25:22Z,mobile
U0104,I0106,purchase,,1,26.93,2026-02-13T22:48:22Z,web
U0195,I0066,view,,1,22.7,2026-02-10T03:57:22Z,web
U0193,I0024,view,,1,24.65,2026-02-10T10:18:22Z,web
U0200,I0069,purchase,,3,41.22,2026-03-24T22:23:22Z,mobile
U0058,I0082,view,,1,27.22,2026-04-03T17:38:22Z,mobile
U0131,I0079,view,,1,55.92,2026-02-27T08:05:22Z,mobile
U0193,I0064,rating,3.0,1,28.05,2026-02-10T20:49:22Z,web
U0154,I0105,view,,1,20.28,2026-03-04T00:37:22Z,web
U0029,I0082,view,,1,27.22,2026-03-20T21:13:22Z,web
U0017,I0008,view,,1,36.94,2026-04-09T10:03:22Z,web
U0228,I0114,view,,1,33.44,2026-02-24T02:18:22Z,web
U0204,I0094,cart,,1,20.46,2026-04-10T01:49:22Z,web
U0215,I0003,view,,1,12.56,2026-02-15T04:36:22Z,web
U0040,I0064,rating,4.0,1,28.05,2026-04-25T14:19:22Z,web
U0037,I0037,cart,,1,17.51,2026-02-06T07:26:22Z,web
U0212,I0014,view,,1,30.5,2026-03-02T15:01:22Z,web
U0193,I0037,cart,,1,17.51,2026-02-20T12:10:22Z,mobile
U0012,I0079,purchase,,1,55.92,2026-02-11T18:26:22Z,mobile
U0006,I0119,cart,,1,34.0,2026-04-04T01:24:22Z,mobile
U0068,I0108,purchase,,1,101.53,2026-02-07T12:56:22Z,web
U0065,I0114,view,,1,33.44,2026-02-11T16:07:22Z,mobile
U0118,I0091,view,,1,42.99,2026-04-02T04:09:22Z,web
U0067,I0005,rating,4.0,1,20.52,2026-02-13T08:58:22Z,web
U0221,I0074,cart,,1,19.52,2026-02-23T03:10:22Z,web
U0101,I0063,view,,1,17.91,2026-03-25T06:03:22Z,mobile
U0014,I0099,purchase,,1,19.36,2026-03-05T14:43:22Z,mobile
U0089,I0097,cart,,1,42.6,2026-03-18T05:28:22Z,web
U0215,I0044,view,,1,16.15,2026-03-12T02:47:22Z,web
U0116,I0050,view,,1,15.33,2026-04-12T14:28:22Z,mobile
U0116,I0091,cart,,1,42.99,2026-04-11T19:41:22Z,web
U0209,I0087,cart,,1,58.68,2026-02-27T22:58:22Z,mobile
U0095,I0098,view,,1,35.06,2026-04-12T17:37:22Z,mobile
U0173,I0053,cart,,1,18.65,2026-03-27T22:40:22Z,mobile
U0021,I0010,view,,1,50.12,2026-04-08T05:09:22Z,web
U0051,I0085,view,,1,64.61,2026-02-07T11:24:22Z,web
U0107,I0078,view,,1,41.4,2026-03-21T08:45:22Z,mobile
U0032,I0001,view,,1,31.44,2026-02-20T10:26:22Z,web
U0023,I0010,rating,4.0,1,50.12,2026-04-02T01:56:22Z,mobile
U0110,I0037,purchase,,2,17.51,2026-02-18T01:32:22Z,web
U0228,I0016,view,,1,41.84,2026-04-07T05:45:22Z,mobile
U0193,I0064,view,,1,28.05,2026-02-25T05:35:22Z,web
U0176,I0044,view,,1,16.15,2026-03-20T01:01:22Z,mobile
U0173,I0103,purchase,,2,51.23,2026-04-13T08:09:22Z,web
U0212,I0055,purchase,,1,14.43,2026-03-04T16:01:22Z,mobile
U0239,I0108,view,,1,101.53,2026-04-18T15:35:22Z,web
U0083,I0081,cart,,1,60.65,2026-03-27T14:06:22Z,web
U0009,I0014,purchase,,1,30.5,2026-02-03T13:48:22Z,mobile
U0127,I0072,view,,1,21.99,2026-03-24T17:16:22Z,web
U0105,I0118,view,,1,24.81,2026-04-15T20:50:22Z,web
U0042,I0097,view,,1,42.6,2026-02-25T15:02:22Z,web
U0174,I0046,cart,,1,32.06,2026-04-19T08:42:22Z,web
U0131,I0057,rating,4.0,1,46.42,2026-04-04T13:01:22Z,mobile
U0163,I0037,view,,1,17.51,2026-04-25T15:56:22Z,web
U0239,I0063,view,,1,17.91,2026-03-25T12:43:22Z,web
U0152,I0111,rating,4.0,1,114.52,2026-03-03T04:24:22Z,web
U0116,I0075,view,,1,25.5,2026-04-25T01:44:22Z,mobile
U0143,I0036,view,,1,74.72,2026-03-23T02:07:22Z,web
U0107,I0062,rating,4.0,1,23.59,2026-02-27T04:26:22Z,mobile
U0031,I0109,purchase,,2,70.56,2026-03-18T12:17:22Z,web
U0190,I0099,view,,1,19.36,2026-02-05T06:22:22Z,mobile
U0118,I0092,cart,,1,16.23,2026-04-04T16:46:22Z,mobile
U0161,I0014,purchase,,1,30.5,2026-04-19T14:29:22Z,web
U0138,I0032,view,,1,68.88,2026-03-21T08:19:22Z,mobile
U0016,I0106,view,,1,26.93,2026-02-27T04:31:22Z,web
U0198,I0056,cart,,1,21.96,2026-04-01T18:27:22Z,web
U0186,I0064,purchase,,1,28.05,2026-04-25T10:10:22Z,mobile
U0216,I0037,view,,1,17.51,2026-03-28T11:07:22Z,web
U0114,I0074,view,,1,19.52,2026-04-10T19:16:22Z,web
U0208,I0024,view,,1,24.65,2026-03-15T13:40:22Z,web
U0081,I0117,purchase,,1,42.8,2026-03-14T09:58:22Z,web
U0060,I0050,view,,1,15.33,2026-03-19T21:39:22Z,mobile
U0102,I0034,rating,2.0,1,32.38,2026-03-05T05:57:22Z,web
U0205,I0006,rating,4.0,1,21.38,2026-02-14T21:45:22Z,mobile
U0187,I0018,view,,1,34.0,2026-04-15T09:24:22Z,mobile
U0162,I0042,purchase,,1,34.64,2026-02-24T21:06:22Z,web
U0102,I0065,view,,1,45.15,2026-03-21T13:09:22Z,mobile
U0154,I0076,view,,1,36.2,2026-04-04T00:47:22Z,mobile
U0020,I0025,view,,1,15.52,2026-03-01T20:58:22Z,mobile
U0215,I0094,cart,,1,20.46,2026-02-10T10:02:22Z,web
U0199,I0087,view,,1,58.68,2026-02-13T10:12:22Z,mobile
U0132,I0023,view,,1,51.99,2026-02-12T06:49:22Z,mobile
U0227,I0112,cart,,1,53.68,2026-04-25T11:46:22Z,web
U0205,I0010,cart,,1,50.12,2026-04-21T01:24:22Z,web
U0196,I0067,purchase,,1,77.25,2026-02-10T14:57:22Z,mobile
U0018,I0053,view,,1,18.65,2026-03-19T03:02:22Z,web
U0106,I0072,cart,,1,21.99,2026-02-16T07:39:22Z,web
U0181,I0018,view,,1,34.0,2026-04-07T07:23:22Z,web
U0210,I0025,cart,,1,15.52,2026-03-03T02:29:22Z,web
U0155,I0049,view,,1,10.95,2026-03-13T02:50:22Z,mobile
U0001,I0117,view,,1,42.8,2026-04-25T15:37:22Z,web
U0048,I0049,view,,1,10.95,2026-04-13T09:08:22Z,mobile
U0132,I0097,view,,1,42.6,2026-04-03T08:24:22Z,mobile
U0146,I0087,rating,4.0,1,58.68,2026-04-20T02:54:22Z,mobile
U0107,I0103,cart,,1,51.23,2026-04-30T08:16:22Z,mobile
U0163,I0100,rating,4.0,1,54.26,2026-02-06T23:35:22Z,web
U0042,I0030,rating,4.0,1,19.11,2026-03-02T05:16:22Z,mobile
U0176,I0118,cart,,1,24.81,2026-02-02T08:21:22Z,web
U0137,I0092,cart,,1,16.23,2026-03-31T21:16:22Z,mobile
U0108,I0060,cart,,1,48.07,2026-03-09T04:05:22Z,mobile
U0073,I0017,cart,,1,25.29,2026-03-06T07:38:22Z,web
U0059,I0057,purchase,,1,46.42,2026-02-12T14:49:22Z,mobile
U0125,I0102,view,,1,45.37,2026-03-26T07:59:22Z,web
U0174,I0004,cart,,1,24.4,2026-04-25T06:44:22Z,web
U0091,I0009,cart,,1,26.36,2026-02-06T10:37:22Z,web
U0023,I0044,view,,1,16.15,2026-04-19T09:35:22Z,web
U0066,I0065,view,,1,45.15,2026-02-02T02:51:22Z,mobile
U0100,I0034,cart,,1,32.38,2026-03-05T02:03:22Z,mobile
U0087,I0059,view,,1,24.91,2026-04-11T10:57:22Z,mobile
U0199,I0120,view,,1,26.42,2026-03-16T20:01:22Z,mobile
U0146,I0104,rating,4.0,1,41.88,2026-04-25T08:49:22Z,web
U0007,I0112,view,,1,53.68,2026-03-30T18:24:22Z,mobile
U0008,I0091,rating,4.0,1,42.99,2026-03-17T06:31:22Z,web
U0040,I0100,purchase,,1,54.26,2026-03-19T20:38:22Z,mobile
U0223,I0100,rating,5.0,1,54.26,2026-04-14T13:26:22Z,mobile
U0013,I0077,view,,1,43.74,2026-03-06T04:13:22Z,mobile
U0120,I0007,view,,1,50.51,2026-04-04T21:41:22Z,mobile
U0141,I0024,purchase,,1,24.65,2026-03-13T03:56:22Z,mobile
U0090,I0067,view,,1,77.25,2026-04-26T00:17:22Z,mobile
U0172,I0108,view,,1,101.53,2026-02-03T10:32:22Z,web
U0128,I0081,view,,1,60.65,2026-02-25T00:00:22Z,mobile
U0004,I0037,view,,1,17.51,2026-04-11T18:08:22Z,web
U0161,I0014,view,,1,30.5,2026-03-14T17:37:22Z,mobile
U0219,I0079,view,,1,55.92,2026-04-10T18:56:22Z,web
U0137,I0070,view,,1,26.73,2026-04-25T23:23:22Z,web
U0220,I0075,view,,1,25.5,2026-03-29T10:09:22Z,web
U0013,I0044,cart,,1,16.15,2026-03-16T09:14:22Z,web
U0076,I0047,view,,1,36.67,2026-03-06T05:41:22Z,mobile
U0204,I0075,view,,1,25.5,2026-03-24T02:47:22Z,mobile
U0058,I0027,rating,3.0,1,58.32,2026-04-17T15:21:22Z,mobile
U0189,I0053,view,,1,18.65,2026-03-31T23:55:22Z,mobile
U0222,I0049,view,,1,10.95,2026-04-15T01:42:22Z,mobile
U0055,I0017,purchase,,2,25.29,2026-02-23T00:47:22Z,web
U0013,I0080,purchase,,1,16.0,2026-03-02T02:44:22Z,web
U0202,I0120,view,,1,26.42,2026-04-12T12:34:22Z,web
U0125,I0052,view,,1,30.37,2026-03-29T03:12:22Z,mobile
U0187,I0056,view,,1,21.96,2026-02-05T07:09:22Z,mobile
U0048,I0101,view,,1,48.0,2026-02-16T00:44:22Z,mobile
U0003,I0005,view,,1,20.52,2026-03-15T07:16:22Z,mobile
U0031,I0091,view,,1,42.99,2026-02-23T22:10:22Z,web
U0033,I0089,purchase,,1,40.79,2026-03-29T17:12:22Z,web
U0074,I0023,view,,1,51.99,2026-02-28T17:58:22Z,web
U0132,I0017,purchase,,1,25.29,2026-04-29T18:04:22Z,mobile
U0157,I0092,view,,1,16.23,2026-04-07T04:15:22Z,web
U0020,I0119,view,,1,34.0,2026-02-24T02:27:22Z,web
U0198,I0073,purchase,,2,25.28,2026-02-21T18:36:22Z,web
U0125,I0098,view,,1,35.06,2026-02-05T20:23:22Z,web
U0104,I0064,view,,1,28.05,2026-04-03T14:13:22Z,mobile
U0153,I0096,view,,1,36.87,2026-04-02T01:32:22Z,web
U0143,I0060,rating,4.0,1,48.07,2026-02-01T18:01:22Z,mobile
U0069,I0077,rating,4.0,1,43.74,2026-04-27T21:26:22Z,mobile
U0018,I0001,cart,,1,31.44,2026-04-01T06:15:22Z,web
U0107,I0002,view,,1,22.56,2026-03-07T05:19:22Z,web
U0082,I0117,rating,4.0,1,42.8,2026-04-07T15:54:22Z,mobile
U0066,I0093,cart,,1,35.82,2026-02-03T23:37:22Z,web
U0161,I0006,rating,3.0,1,21.38,2026-04-14T13:49:22Z,mobile
U0027,I0005,purchase,,1,20.52,2026-03-10T20:14:22Z,mobile
U0032,I0047,view,,1,36.67,2026-02-03T11:06:22Z,mobile
U0160,I0081,rating,5.0,1,60.65,2026-04-27T07:08:22Z,web
U0111,I0005,cart,,1,20.52,2026-02-19T06:57:22Z,mobile
U0201,I0063,purchase,,1,17.91,2026-03-01T16:49:22Z,web
U0166,I0120,purchase,,1,26.42,2026-03-20T18:08:22Z,web
U0051,I0072,view,,1,21.99,2026-02-23T14:33:22Z,mobile
U0230,I0028,view,,1,23.83,2026-02-26T05:10:22Z,mobile
U0115,I0042,view,,1,34.64,2026-04-13T00:03:22Z,mobile
U0088,I0104,view,,1,41.88,2026-04-30T14:55:22Z,mobile
U0234,I0081,view,,1,60.65,2026-02-28T09:13:22Z,mobile
U0002,I0092,cart,,1,16.23,2026-04-12T22:04:22Z,web
U0202,I0074,view,,1,19.52,2026-02-02T15:57:22Z,web
U0234,I0082,purchase,,1,27.22,2026-04-05T23:30:22Z,mobile
U0017,I0095,view,,1,11.84,2026-04-01T19:21:22Z,mobile
U0146,I0008,view,,1,36.94,2026-02-16T18:14:22Z,mobile
U0162,I0001,view,,1,31.44,2026-04-23T08:01:22Z,web
U0224,I0079,rating,5.0,1,55.92,2026-03-15T11:25:22Z,web
U0178,I0064,purchase,,2,28.05,2026-03-26T02:58:22Z,mobile
U0118,I0115,cart,,1,29.97,2026-02-08T10:50:22Z,web
U0088,I0108,view,,1,101.53,2026-04-03T15:06:22Z,web
U0152,I0018,cart,,1,34.0,2026-03-06T23:12:22Z,mobile
U0066,I0093,purchase,,1,35.82,2026-04-06T12:35:22Z,mobile
U0045,I0017,view,,1,25.29,2026-03-23T02:09:22Z,mobile
U0140,I0021,view,,1,19.0,2026-02-04T08:26:22Z,web
U0089,I0022,purchase,,1,23.73,2026-04-04T16:29:22Z,web
U0232,I0025,view,,1,15.52,2026-02-18T07:09:22Z,web
U0008,I0078,view,,1,41.4,2026-02-04T07:02:22Z,mobile
U0086,I0082,cart,,1,27.22,2026-04-21T10:34:22Z,mobile
U0172,I0036,cart,,1,74.72,2026-03-18T00:07:22Z,mobile
U0133,I0032,view,,1,68.88,2026-01-31T17:33:22Z,web
U0056,I0106,purchase,,1,26.93,2026-04-08T11:47:22Z,web
U0218,I0006,view,,1,21.38,2026-04-28T00:27:22Z,web
U0214,I0027,view,,1,58.32,2026-03-03T02:50:22Z,web
U0029,I0096,view,,1,36.87,2026-03-15T11:08:22Z,web
U0185,I0091,view,,1,42.99,2026-02-21T17:40:22Z,mobile
U0004,I0027,view,,1,58.32,2026-03-30T17:59:22Z,web
U0218,I0040,purchase,,1,56.71,2026-04-05T10:59:22Z,web
U0104,I0087,rating,4.0,1,58.68,2026-04-02T03:03:22Z,web
U0116,I0007,view,,1,50.51,2026-04-03T05:14:22Z,web
U0056,I0095,view,,1,11.84,2026-03-15T20:22:22Z,mobile
U0001,I0032,view,,1,68.88,2026-04-22T07:12:22Z,mobile
U0082,I0031,view,,1,6.52,2026-03-08T12:23:22Z,mobile
U0060,I0091,purchase,,1,42.99,2026-02-11T08:20:22Z,web
U0115,I0047,rating,5.0,1,36.67,2026-02-16T13:17:22Z,web
U0017,I0036,view,,1,74.72,2026-04-15T23:55:22Z,mobile
U0014,I0105,view,,1,20.28,2026-04-13T14:46:22Z,mobile
U0006,I0029,view,,1,83.41,2026-03-15T12:47:22Z,web
U0057,I0065,purchase,,1,45.15,2026-02-11T12:39:22Z,web
U0176,I0118,cart,,1,24.81,2026-02-01T13:34:22Z,web
U0172,I0081,view,,1,60.65,2026-04-13T05:21:22Z,web
U0119,I0093,view,,1,35.82,2026-04-08T18:32:22Z,mobile
U0146,I0049,view,,1,10.95,2026-04-11T02:21:22Z,mobile
U0218,I0095,cart,,1,11.84,2026-02-01T11:46:22Z,mobile
U0014,I0024,cart,,1,24.65,2026-03-29T03:27:22Z,web
U0112,I0079,cart,,1,55.92,2026-03-30T15:39:22Z,mobile
U0220,I0024,cart,,1,24.65,2026-03-20T21:17:22Z,web
U0158,I0030,rating,4.0,1,19.11,2026-02-23T02:28:22Z,web
U0096,I0017,rating,5.0,1,25.29,2026-04-25T01:22:22Z,mobile
U0115,I0016,rating,4.0,1,41.84,2026-03-30T16:06:22Z,web
U0123,I0089,view,,1,40.79,2026-04-02T04:59:22Z,mobile
U0041,I0015,cart,,1,19.27,2026-03-01T05:51:22Z,mobile
U0106,I0046,view,,1,32.06,2026-02-17T07:24:22Z,mobile
U0079,I0053,view,,1,18.65,2026-04-18T02:46:22Z,mobile
U0025,I0021,view,,1,19.0,2026-04-17T15:59:22Z,web
U0224,I0090,view,,1,12.85,2026-03-20T18:17:22Z,mobile
U0181,I0001,rating,5.0,1,31.44,2026-04-04T05:23:22Z,web
U0135,I0001,view,,1,31.44,2026-02-20T10:06:22Z,mobile
U0167,I0074,cart,,1,19.52,2026-03-06T02:22:22Z,web
U0193,I0059,view,,1,24.91,2026-02-24T19:36:22Z,mobile
U0187,I0041,view,,1,35.48,2026-03-07T00:09:22Z,web
U0139,I0054,view,,1,35.21,2026-03-06T00:25:22Z,web
U0031,I0090,view,,1,12.85,2026-04-13T14:57:22Z,web
U0136,I0075,view,,1,25.5,2026-03-31T08:51:22Z,mobile
U0127,I0097,view,,1,42.6,2026-03-23T03:59:22Z,web
U0105,I0048,rating,5.0,1,22.53,2026-03-23T20:10:22Z,web
U0196,I0065,purchase,,1,45.15,2026-04-21T15:22:22Z,mobile
U0097,I0078,view,,1,41.4,2026-02-13T11:45:22Z,web
U0124,I0003,view,,1,12.56,2026-02-06T18:48:22Z,mobile
U0129,I0100,rating,3.0,1,54.26,2026-02-14T08:49:22Z,web
U0171,I0052,purchase,,2,30.37,2026-03-03T09:56:22Z,mobile
U0239,I0069,view,,1,41.22,2026-03-15T05:13:22Z,mobile
U0061,I0001,view,,1,31.44,2026-02-06T09:13:22Z,mobile
U0207,I0103,cart,,1,51.23,2026-03-24T04:26:22Z,web
U0039,I0012,cart,,1,67.3,2026-03-18T00:03:22Z,mobile
U0126,I0082,view,,1,27.22,2026-02-07T19:19:22Z,web
U0034,I0102,cart,,1,45.37,2026-04-21T20:04:22Z,web
U0093,I0026,purchase,,1,13.5,2026-02-28T18:32:22Z,web
U0126,I0060,view,,1,48.07,2026-04-26T16:44:22Z,mobile
U0010,I0019,rating,4.0,1,35.63,2026-04-16T21:19:22Z,mobile
U0190,I0003,view,,1,12.56,2026-04-08T19:39:22Z,web
U0013,I0080,view,,1,16.0,2026-03-11T23:15:22Z,web
U0111,I0119,view,,1,34.0,2026-04-01T02:19:22Z,mobile
U0036,I0022,cart,,1,23.73,2026-02-17T04:25:22Z,mobile
U0059,I0002,view,,1,22.56,2026-02-07T06:33:22Z,mobile
U0131,I0091,purchase,,3,42.99,2026-04-03T02:21:22Z,web
U0118,I0119,view,,1,34.0,2026-03-27T23:58:22Z,mobile
U0076,I0092,cart,,1,16.23,2026-04-17T23:09:22Z,mobile
U0193,I0100,view,,1,54.26,2026-03-17T19:43:22Z,web
U0207,I0022,view,,1,23.73,2026-01-31T19:05:22Z,mobile
U0020,I0120,cart,,1,26.42,2026-02-25T23:53:22Z,web
U0026,I0016,view,,1,41.84,2026-04-19T18:55:22Z,mobile
U0190,I0096,rating,4.0,1,36.87,2026-03-10T18:52:22Z,mobile
U0188,I0055,purchase,,1,14.43,2026-03-01T22:31:22Z,web
U0191,I0016,rating,4.0,1,41.84,2026-02-18T10:28:22Z,mobile
U0045,I0052,view,,1,30.37,2026-02-06T03:33:22Z,web
U0123,I0037,rating,5.0,1,17.51,2026-04-03T02:15:22Z,mobile
U0085,I0019,rating,4.0,1,35.63,2026-03-04T22:29:22Z,web
U0133,I0074,cart,,1,19.52,2026-04-11T22:46:22Z,web
U0094,I0042,view,,1,34.64,2026-03-09T08:32:22Z,web
U0074,I0112,view,,1,53.68,2026-02-20T16:12:22Z,web
U0104,I0079,view,,1,55.92,2026-02-16T19:48:22Z,web
U0187,I0118,cart,,1,24.81,2026-02-16T04:13:22Z,mobile
U0026,I0016,cart,,1,41.84,2026-03-24T14:07:22Z,web
U0020,I0060,view,,1,48.07,2026-02-21T09:46:22Z,web
U0189,I0026,view,,1,13.5,2026-03-07T02:42:22Z,web
U0233,I0027,cart,,1,58.32,2026-02-19T18:01:22Z,mobile
U0189,I0008,rating,4.0,1,36.94,2026-04-04T03:23:22Z,mobile
U0186,I0110,cart,,1,26.64,2026-02-04T18:13:22Z,mobile
U0185,I0045,view,,1,27.1,2026-03-24T12:58:22Z,mobile
U0095,I0072,view,,1,21.99,2026-03-19T00:50:22Z,mobile
U0019,I0107,purchase,,2,14.01,2026-02-07T01:55:22Z,mobile
U0180,I0115,view,,1,29.97,2026-02-03T11:11:22Z,mobile
U0120,I0059,cart,,1,24.91,2026-04-23T21:19:22Z,web
U0170,I0114,view,,1,33.44,2026-02-12T18:57:22Z,mobile
U0057,I0028,view,,1,23.83,2026-05-01T05:02:22Z,mobile
U0060,I0103,view,,1,51.23,2026-04-20T23:25:22Z,mobile
U0100,I0065,view,,1,45.15,2026-02-21T01:44:22Z,web
U0097,I0022,rating,3.0,1,23.73,2026-02-28T14:07:22Z,mobile
U0008,I0010,rating,4.0,1,50.12,2026-04-29T11:36:22Z,mobile
U0021,I0068,cart,,1,16.18,2026-02-02T19:57:22Z,mobile
U0009,I0099,view,,1,19.36,2026-03-29T06:19:22Z,mobile
U0073,I0027,cart,,1,58.32,2026-02-07T06:21:22Z,web
U0072,I0059,view,,1,24.91,2026-02-20T02:42:22Z,mobile
U0037,I0037,cart,,1,17.51,2026-04-27T06:24:22Z,mobile
U0042,I0008,view,,1,36.94,2026-02-16T17:09:22Z,web
U0077,I0082,view,,1,27.22,2026-02-15T22:47:22Z,mobile
U0232,I0057,view,,1,46.42,2026-02-13T11:59:22Z,web
U0161,I0018,view,,1,34.0,2026-04-09T00:42:22Z,web
U0237,I0069,purchase,,1,41.22,2026-04-01T10:13:22Z,web
U0136,I0055,view,,1,14.43,2026-04-02T11:23:22Z,mobile
U0189,I0029,view,,1,83.41,2026-04-08T10:16:22Z,web
U0181,I0026,view,,1,13.5,2026-04-08T02:35:22Z,mobile
U0130,I0070,view,,1,26.73,2026-03-24T20:15:22Z,web
U0110,I0048,view,,1,22.53,2026-03-14T05:26:22Z,web
U0134,I0034,purchase,,1,32.38,2026-04-29T15:14:22Z,mobile
U0015,I0103,view,,1,51.23,2026-02-28T10:09:22Z,mobile
U0009,I0073,view,,1,25.28,2026-02-02T16:36:22Z,mobile
U0072,I0115,purchase,,1,29.97,2026-03-16T12:17:22Z,mobile
U0161,I0018,purchase,,1,34.0,2026-02-23T19:38:22Z,mobile
U0219,I0095,view,,1,11.84,2026-03-07T15:33:22Z,web
U0202,I0071,rating,5.0,1,31.77,2026-03-09T04:04:22Z,web
U0236,I0090,purchase,,1,12.85,2026-04-15T17:00:22Z,mobile
U0236,I0057,view,,1,46.42,2026-04-28T04:28:22Z,web
U0090,I0060,view,,1,48.07,2026-04-27T06:39:22Z,web
U0024,I0010,rating,5.0,1,50.12,2026-04-25T12:26:22Z,mobile
U0015,I0017,view,,1,25.29,2026-03-30T22:42:22Z,mobile
U0007,I0099,purchase,,1,19.36,2026-03-08T20:53:22Z,mobile
U0094,I0077,view,,1,43.74,2026-04-19T04:11:22Z,web
U0079,I0069,purchase,,2,41.22,2026-03-08T11:40:22Z,web
U0228,I0052,cart,,1,30.37,2026-02-10T20:36:22Z,mobile
U0226,I0033,cart,,1,24.72,2026-02-26T19:32:22Z,web
U0053,I0116,view,,1,59.11,2026-02-18T03:15:22Z,mobile
U0129,I0003,purchase,,1,12.56,2026-02-07T02:34:22Z,web
U0022,I0055,view,,1,14.43,2026-03-04T07:05:22Z,mobile
U0234,I0023,view,,1,51.99,2026-03-18T11:27:22Z,mobile
U0047,I0051,view,,1,24.93,2026-02-22T01:16:22Z,web
U0143,I0063,rating,4.0,1,17.91,2026-02-26T17:55:22Z,mobile
U0006,I0006,purchase,,3,21.38,2026-03-01T00:56:22Z,web
U0179,I0013,view,,1,28.54,2026-03-17T06:54:22Z,mobile
U0131,I0001,view,,1,31.44,2026-02-15T09:40:22Z,mobile
U0101,I0054,purchase,,1,35.21,2026-04-12T21:17:22Z,web
U0054,I0109,view,,1,70.56,2026-03-26T19:53:22Z,web
U0031,I0016,rating,3.0,1,41.84,2026-02-06T08:05:22Z,web
U0052,I0044,view,,1,16.15,2026-02-18T11:58:22Z,mobile
U0145,I0089,rating,3.0,1,40.79,2026-02-21T02:25:22Z,mobile
U0050,I0068,view,,1,16.18,2026-04-25T00:14:22Z,mobile
U0109,I0070,view,,1,26.73,2026-04-11T18:43:22Z,mobile
U0067,I0077,view,,1,43.74,2026-04-05T11:22:22Z,web
U0060,I0091,cart,,1,42.99,2026-04-14T15:28:22Z,mobile
U0143,I0072,view,,1,21.99,2026-03-24T12:40:22Z,web
U0053,I0073,view,,1,25.28,2026-04-06T11:36:22Z,web
U0239,I0113,view,,1,36.16,2026-03-24T07:18:22Z,mobile
U0223,I0037,cart,,1,17.51,2026-03-24T12:02:22Z,web
U0146,I0117,purchase,,1,42.8,2026-04-11T15:11:22Z,mobile
U0136,I0055,view,,1,14.43,2026-04-11T09:58:22Z,web
U0155,I0073,cart,,1,25.28,2026-04-18T23:20:22Z,mobile
U0220,I0031,cart,,1,6.52,2026-02-26T10:51:22Z,mobile
U0145,I0113,view,,1,36.16,2026-04-08T01:35:22Z,mobile
U0110,I0066,view,,1,22.7,2026-04-26T04:33:22Z,web
U0202,I0010,rating,5.0,1,50.12,2026-03-09T01:06:22Z,web
U0202,I0032,view,,1,68.88,2026-03-05T20:34:22Z,mobile
U0178,I0003,rating,1.0,1,12.56,2026-02-13T08:28:22Z,web
U0087,I0074,purchase,,2,19.52,2026-02-27T23:56:22Z,web
U0056,I0090,purchase,,2,12.85,2026-03-11T16:48:22Z,mobile
U0076,I0088,view,,1,30.05,2026-04-19T01:57:22Z,mobile
U0227,I0095,cart,,1,11.84,2026-04-21T17:33:22Z,mobile
U0143,I0045,view,,1,27.1,2026-04-27T15:01:22Z,web
U0194,I0056,view,,1,21.96,2026-03-18T16:10:22Z,mobile
U0084,I0116,purchase,,1,59.11,2026-02-20T07:19:22Z,web
U0223,I0027,view,,1,58.32,2026-04-07T10:09:22Z,mobile
U0125,I0057,cart,,1,46.42,2026-02-23T08:48:22Z,web
U0102,I0097,view,,1,42.6,2026-03-22T16:44:22Z,mobile
U0124,I0038,view,,1,23.01,2026-03-20T03:39:22Z,mobile
U0230,I0089,view,,1,40.79,2026-03-15T13:06:22Z,web
U0090,I0081,rating,4.0,1,60.65,2026-04-28T00:00:22Z,web
U0112,I0016,purchase,,1,41.84,2026-02-26T20:53:22Z,mobile
U0119,I0005,rating,5.0,1,20.52,2026-04-22T21:28:22Z,web
U0105,I0014,view,,1,30.5,2026-04-25T14:04:22Z,web
U0224,I0065,cart,,1,45.15,2026-02-03T00:27:22Z,web
U0113,I0034,view,,1,32.38,2026-04-11T13:02:22Z,mobile
U0232,I0015,rating,5.0,1,19.27,2026-04-16T16:16:22Z,web
U0079,I0031,rating,4.0,1,6.52,2026-04-11T09:25:22Z,mobile
U0099,I0001,rating,5.0,1,31.44,2026-02-12T23:23:22Z,mobile
U0077,I0042,rating,1.0,1,34.64,2026-03-31T19:23:22Z,mobile
U0202,I0120,rating,5.0,1,26.42,2026-03-25T20:17:22Z,mobile
U0136,I0032,cart,,1,68.88,2026-02-23T02:35:22Z,mobile
U0013,I0042,cart,,1,34.64,2026-02-03T17:46:22Z,web
U0048,I0116,rating,4.0,1,59.11,2026-04-06T15:29:22Z,mobile
U0107,I0108,view,,1,101.53,2026-02-04T16:13:22Z,web
U0044,I0018,view,,1,34.0,2026-04-08T22:38:22Z,mobile
U0117,I0026,view,,1,13.5,2026-02-10T01:04:22Z,web
U0199,I0112,view,,1,53.68,2026-02-24T23:37:22Z,mobile
U0191,I0087,view,,1,58.68,2026-04-07T07:28:22Z,mobile
U0030,I0005,rating,3.0,1,20.52,2026-03-06T04:32:22Z,mobile
U0166,I0046,view,,1,32.06,2026-04-03T06:12:22Z,web
U0232,I0054,view,,1,35.21,2026-02-21T09:14:22Z,mobile
U0108,I0046,view,,1,32.06,2026-03-23T00:44:22Z,web
U0118,I0063,view,,1,17.91,2026-02-11T02:55:22Z,mobile
U0233,I0086,purchase,,1,33.96,2026-03-16T08:54:22Z,mobile
U0136,I0081,view,,1,60.65,2026-03-19T02:16:22Z,mobile
U0186,I0024,view,,1,24.65,2026-02-24T09:10:22Z,mobile
U0002,I0094,view,,1,20.46,2026-03-07T23:58:22Z,mobile
U0147,I0015,view,,1,19.27,2026-03-08T08:20:22Z,web
U0142,I0118,cart,,1,24.81,2026-04-29T10:54:22Z,mobile
U0078,I0070,purchase,,2,26.73,2026-04-22T04:36:22Z,mobile
U0002,I0038,rating,2.0,1,23.01,2026-04-21T05:56:22Z,mobile
U0114,I0100,view,,1,54.26,2026-02-26T04:04:22Z,mobile
U0129,I0005,purchase,,2,20.52,2026-04-04T12:56:22Z,web
U0014,I0030,view,,1,19.11,2026-04-25T07:20:22Z,mobile
U0138,I0068,view,,1,16.18,2026-04-19T16:01:22Z,mobile
U0151,I0037,view,,1,17.51,2026-03-02T23:21:22Z,web
U0073,I0037,view,,1,17.51,2026-04-21T03:18:22Z,mobile
U0152,I0023,purchase,,1,51.99,2026-02-02T21:19:22Z,mobile
U0162,I0001,rating,5.0,1,31.44,2026-02-28T10:12:22Z,web
U0128,I0038,rating,3.0,1,23.01,2026-03-19T18:38:22Z,mobile
U0155,I0004,rating,4.0,1,24.4,2026-04-30T07:10:22Z,mobile
U0088,I0019,view,,1,35.63,2026-04-22T18:48:22Z,web
U0038,I0113,view,,1,36.16,2026-02-21T14:21:22Z,mobile
U0134,I0068,cart,,1,16.18,2026-03-12T12:29:22Z,mobile
U0104,I0110,view,,1,26.64,2026-02-03T02:12:22Z,web
U0154,I0066,cart,,1,22.7,2026-04-27T18:12:22Z,mobile
U0222,I0013,view,,1,28.54,2026-03-23T07:11:22Z,web
U0126,I0041,purchase,,1,35.48,2026-04-27T19:16:22Z,web
U0044,I0118,cart,,1,24.81,2026-03-12T11:11:22Z,mobile
U0237,I0118,view,,1,24.81,2026-03-08T02:02:22Z,mobile
U0038,I0014,purchase,,1,30.5,2026-04-06T00:23:22Z,web
U0172,I0065,purchase,,3,45.15,2026-02-27T21:13:22Z,web
U0131,I0081,view,,1,60.65,2026-03-30T17:44:22Z,mobile
U0166,I0039,view,,1,14.55,2026-04-17T16:30:22Z,web
U0052,I0047,view,,1,36.67,2026-04-01T06:28:22Z,mobile
U0090,I0042,view,,1,34.64,2026-03-24T19:15:22Z,mobile
U0006,I0096,view,,1,36.87,2026-02-06T18:05:22Z,mobile
U0015,I0115,rating,5.0,1,29.97,2026-03-25T22:57:22Z,web
U0156,I0007,view,,1,50.51,2026-04-23T14:50:22Z,mobile
U0140,I0105,view,,1,20.28,2026-02-16T05:45:22Z,mobile
U0194,I0091,cart,,1,42.99,2026-02-02T22:55:22Z,mobile
U0145,I0050,purchase,,2,15.33,2026-02-28T05:08:22Z,web
U0046,I0110,view,,1,26.64,2026-02-04T10:36:22Z,web
U0231,I0088,view,,1,30.05,2026-03-23T08:45:22Z,web
U0135,I0072,rating,4.0,1,21.99,2026-03-25T09:13:22Z,mobile
U0054,I0026,rating,3.0,1,13.5,2026-03-03T11:12:22Z,mobile
U0110,I0064,view,,1,28.05,2026-02-25T13:15:22Z,web
U0102,I0083,view,,1,17.83,2026-04-23T16:01:22Z,mobile
U0046,I0082,view,,1,27.22,2026-04-23T19:12:22Z,web
U0088,I0017,view,,1,25.29,2026-03-22T21:21:22Z,mobile
U0164,I0028,purchase,,1,23.83,2026-02-03T18:57:22Z,mobile
U0133,I0109,rating,5.0,1,70.56,2026-02-18T07:43:22Z,web
U0193,I0113,rating,5.0,1,36.16,2026-02-06T15:42:22Z,mobile
U0206,I0099,rating,4.0,1,19.36,2026-04-26T01:19:22Z,mobile
U0042,I0065,cart,,1,45.15,2026-03-21T23:25:22Z,mobile
U0113,I0047,view,,1,36.67,2026-02-02T02:03:22Z,mobile
U0222,I0043,view,,1,34.18,2026-03-28T07:40:22Z,web
U0124,I0080,view,,1,16.0,2026-03-26T02:00:22Z,mobile
U0090,I0003,view,,1,12.56,2026-03-01T10:56:22Z,web
U0146,I0071,view,,1,31.77,2026-02-01T11:28:22Z,mobile
U0186,I0035,cart,,1,26.96,2026-03-27T15:14:22Z,web
U0099,I0041,view,,1,35.48,2026-02-09T10:44:22Z,web
U0147,I0081,view,,1,60.65,2026-02-18T02:28:22Z,mobile
U0077,I0093,rating,4.0,1,35.82,2026-02-02T10:42:22Z,web
U0230,I0066,cart,,1,22.7,2026-03-13T21:37:22Z,mobile
U0195,I0011,view,,1,15.55,2026-04-07T10:47:22Z,mobile
U0082,I0066,view,,1,22.7,2026-02-01T02:26:22Z,web
U0052,I0079,cart,,1,55.92,2026-04-29T10:51:22Z,web
U0135,I0075,view,,1,25.5,2026-04-19T04:34:22Z,mobile
U0101,I0092,view,,1,16.23,2026-02-26T16:59:22Z,mobile
U0077,I0112,purchase,,2,53.68,2026-03-09T06:28:22Z,web
U0221,I0011,view,,1,15.55,2026-02-19T09:13:22Z,web
U0008,I0050,rating,5.0,1,15.33,2026-04-10T22:12:22Z,web
U0165,I0018,view,,1,34.0,2026-04-01T08:01:22Z,mobile
U0102,I0022,view,,1,23.73,2026-04-19T10:19:22Z,mobile
U0240,I0064,view,,1,28.05,2026-03-13T19:05:22Z,web
U0087,I0007,rating,5.0,1,50.51,2026-04-15T22:24:22Z,mobile
U0145,I0037,purchase,,1,17.51,2026-04-27T17:26:22Z,web
U0028,I0051,view,,1,24.93,2026-03-02T13:23:22Z,web
U0098,I0037,rating,4.0,1,17.51,2026-02-01T07:47:22Z,web
U0026,I0016,cart,,1,41.84,2026-02-16T13:32:22Z,mobile
U0037,I0027,purchase,,1,58.32,2026-02-04T00:38:22Z,web
U0204,I0059,cart,,1,24.91,2026-02-25T09:22:22Z,mobile
U0117,I0108,purchase,,1,101.53,2026-02-28T17:52:22Z,mobile
U0150,I0087,view,,1,58.68,2026-04-10T14:36:22Z,web
U0150,I0074,view,,1,19.52,2026-03-08T03:53:22Z,mobile
U0158,I0045,view,,1,27.1,2026-02-13T00:01:22Z,web
U0027,I0038,rating,4.0,1,23.01,2026-04-22T07:01:22Z,web
U0234,I0044,purchase,,1,16.15,2026-02-02T10:06:22Z,web
U0160,I0104,purchase,,1,41.88,2026-03-28T15:19:22Z,mobile
U0148,I0060,rating,3.0,1,48.07,2026-03-03T21:14:22Z,web
U0078,I0081,view,,1,60.65,2026-02-09T16:35:22Z,mobile
U0004,I0095,view,,1,11.84,2026-02-16T15:18:22Z,mobile
U0153,I0001,view,,1,31.44,2026-03-29T08:16:22Z,mobile
U0164,I0011,purchase,,1,15.55,2026-03-13T19:19:22Z,web
U0070,I0088,view,,1,30.05,2026-02-06T00:21:22Z,web
U0063,I0118,view,,1,24.81,2026-03-04T22:24:22Z,web
U0110,I0066,view,,1,22.7,2026-04-30T03:44:22Z,mobile
U0089,I0041,view,,1,35.48,2026-03-19T07:08:22Z,web
U0128,I0056,cart,,1,21.96,2026-02-06T06:55:22Z,web
U0068,I0063,rating,4.0,1,17.91,2026-04-01T15:14:22Z,mobile
U0118,I0021,view,,1,19.0,2026-04-27T09:46:22Z,web
U0045,I0004,rating,5.0,1,24.4,2026-03-21T18:59:22Z,mobile
U0068,I0103,rating,5.0,1,51.23,2026-03-02T09:08:22Z,web
U0167,I0100,view,,1,54.26,2026-02-24T10:27:22Z,web
U0076,I0025,view,,1,15.52,2026-05-01T00:19:22Z,web
U0042,I0030,view,,1,19.11,2026-02-15T04:57:22Z,web
U0111,I0029,view,,1,83.41,2026-04-02T05:36:22Z,mobile
U0050,I0098,rating,3.0,1,35.06,2026-03-06T17:38:22Z,mobile
U0165,I0007,purchase,,1,50.51,2026-03-10T10:23:22Z,web
U0145,I0097,view,,1,42.6,2026-03-09T13:52:22Z,web
U0055,I0062,cart,,1,23.59,2026-03-01T23:15:22Z,mobile
U0202,I0117,purchase,,1,42.8,2026-03-22T17:39:22Z,web
U0119,I0082,view,,1,27.22,2026-04-04T05:43:22Z,mobile
U0166,I0058,cart,,1,18.03,2026-04-06T01:18:22Z,web
U0051,I0073,view,,1,25.28,2026-02-14T02:02:22Z,mobile
U0102,I0024,rating,4.0,1,24.65,2026-04-30T13:31:22Z,mobile
U0078,I0001,view,,1,31.44,2026-04-25T02:40:22Z,web
U0240,I0026,view,,1,13.5,2026-02-25T02:29:22Z,mobile
U0030,I0006,view,,1,21.38,2026-03-06T05:01:22Z,mobile
U0075,I0052,rating,3.0,1,30.37,2026-02-18T11:11:22Z,mobile
U0102,I0114,purchase,,2,33.44,2026-02-22T05:32:22Z,web
U0126,I0065,rating,3.0,1,45.15,2026-02-16T03:54:22Z,web
U0178,I0089,purchase,,3,40.79,2026-02-26T07:40:22Z,mobile
U0052,I0042,view,,1,34.64,2026-03-03T04:17:22Z,mobile
U0100,I0051,purchase,,1,24.93,2026-04-27T10:55:22Z,mobile
U0040,I0047,view,,1,36.67,2026-02-09T10:08:22Z,web
U0182,I0101,rating,4.0,1,48.0,2026-03-04T08:20:22Z,web
U0016,I0016,cart,,1,41.84,2026-04-06T18:12:22Z,web
U0070,I0054,view,,1,35.21,2026-04-20T16:19:22Z,mobile
U0190,I0080,view,,1,16.0,2026-04-27T10:16:22Z,mobile
U0216,I0027,view,,1,58.32,2026-04-24T02:12:22Z,mobile
U0073,I0106,view,,1,26.93,2026-04-03T21:42:22Z,web
U0007,I0099,view,,1,19.36,2026-02-20T01:37:22Z,mobile
U0202,I0098,view,,1,35.06,2026-02-26T04:16:22Z,web
U0101,I0014,rating,5.0,1,30.5,2026-02-19T01:41:22Z,web
U0172,I0074,view,,1,19.52,2026-03-16T12:26:22Z,mobile
U0130,I0034,purchase,,1,32.38,2026-03-01T14:20:22Z,mobile
U0023,I0101,view,,1,48.0,2026-03-03T09:21:22Z,web
U0057,I0110,purchase,,1,26.64,2026-02-12T03:45:22Z,mobile
U0187,I0084,view,,1,27.83,2026-02-01T14:52:22Z,web
U0143,I0069,purchase,,1,41.22,2026-04-15T06:21:22Z,web
U0040,I0100,view,,1,54.26,2026-02-09T15:28:22Z,web
U0104,I0059,view,,1,24.91,2026-04-09T20:59:22Z,mobile
U0109,I0026,view,,1,13.5,2026-03-14T20:02:22Z,web
U0180,I0023,view,,1,51.99,2026-02-17T12:56:22Z,mobile
U0048,I0014,rating,5.0,1,30.5,2026-03-25T14:46:22Z,web
U0144,I0046,view,,1,32.06,2026-03-18T06:39:22Z,web
U0061,I0005,view,,1,20.52,2026-04-09T09:05:22Z,web
U0118,I0047,view,,1,36.67,2026-04-24T11:27:22Z,mobile
U0171,I0020,cart,,1,27.33,2026-04-14T00:30:22Z,mobile
U0007,I0034,view,,1,32.38,2026-04-04T13:24:22Z,mobile
U0028,I0023,cart,,1,51.99,2026-04-26T15:53:22Z,web
U0230,I0113,view,,1,36.16,2026-02-16T07:05:22Z,mobile
U0188,I0016,view,,1,41.84,2026-04-21T04:22:22Z,web
U0161,I0068,view,,1,16.18,2026-04-17T07:44:22Z,mobile
U0106,I0015,view,,1,19.27,2026-04-10T06:13:22Z,web
U0204,I0094,view,,1,20.46,2026-03-29T17:13:22Z,mobile
U0003,I0027,view,,1,58.32,2026-02-11T20:52:22Z,web
U0200,I0098,view,,1,35.06,2026-04-27T14:18:22Z,web
U0230,I0113,view,,1,36.16,2026-03-24T04:55:22Z,web
U0033,I0089,view,,1,40.79,2026-02-04T04:08:22Z,web
U0059,I0057,rating,5.0,1,46.42,2026-04-11T15:42:22Z,mobile
U0015,I0114,view,,1,33.44,2026-02-28T16:45:22Z,mobile
U0114,I0099,purchase,,1,19.36,2026-03-04T04:06:22Z,web
U0012,I0031,view,,1,6.52,2026-02-21T00:12:22Z,mobile
U0043,I0038,rating,4.0,1,23.01,2026-04-08T06:02:22Z,mobile
U0105,I0118,purchase,,1,24.81,2026-03-28T15:38:22Z,web
U0018,I0009,view,,1,26.36,2026-04-12T20:04:22Z,mobile
U0092,I0079,view,,1,55.92,2026-03-07T02:27:22Z,web
U0110,I0024,view,,1,24.65,2026-02-27T11:36:22Z,web
U0188,I0061,view,,1,17.75,2026-03-21T14:57:22Z,web
U0112,I0090,view,,1,12.85,2026-04-17T19:06:22Z,mobile
U0204,I0110,view,,1,26.64,2026-03-05T22:54:22Z,web
U0071,I0067,view,,1,77.25,2026-04-06T03:19:22Z,mobile
U0179,I0051,purchase,,1,24.93,2026-04-07T22:08:22Z,web
U0055,I0002,view,,1,22.56,2026-03-28T06:55:22Z,web
U0034,I0107,view,,1,14.01,2026-04-26T19:34:22Z,web
U0010,I0119,view,,1,34.0,2026-04-20T19:00:22Z,web
U0058,I0059,view,,1,24.91,2026-04-07T04:47:22Z,web
U0205,I0032,view,,1,68.88,2026-04-25T08:04:22Z,web
U0052,I0047,cart,,1,36.67,2026-03-13T09:17:22Z,web
U0188,I0040,cart,,1,56.71,2026-03-09T16:14:22Z,mobile
U0005,I0112,cart,,1,53.68,2026-03-21T08:29:22Z,web
U0202,I0085,purchase,,2,64.61,2026-02-05T05:06:22Z,web
U0208,I0080,cart,,1,16.0,2026-04-27T04:30:22Z,web
U0112,I0082,view,,1,27.22,2026-04-30T04:19:22Z,web
U0187,I0048,view,,1,22.53,2026-02-06T03:28:22Z,mobile
U0147,I0083,cart,,1,17.83,2026-03-23T14:42:22Z,mobile
U0173,I0108,view,,1,101.53,2026-02-08T12:16:22Z,web
U0166,I0053,rating,4.0,1,18.65,2026-04-30T09:43:22Z,mobile
U0139,I0078,view,,1,41.4,2026-04-20T09:05:22Z,mobile
U0224,I0031,view,,1,6.52,2026-04-20T20:03:22Z,web
U0070,I0088,view,,1,30.05,2026-02-02T08:25:22Z,mobile
U0169,I0064,cart,,1,28.05,2026-03-16T03:28:22Z,mobile
U0144,I0077,view,,1,43.74,2026-04-28T04:02:22Z,mobile
U0139,I0020,purchase,,1,27.33,2026-03-12T22:22:22Z,mobile
U0050,I0084,purchase,,1,27.83,2026-03-09T10:26:22Z,mobile
U0033,I0093,view,,1,35.82,2026-02-01T03:33:22Z,web
U0019,I0117,view,,1,42.8,2026-04-20T08:47:22Z,web
U0203,I0038,cart,,1,23.01,2026-04-10T01:59:22Z,web
U0202,I0051,cart,,1,24.93,2026-03-02T08:28:22Z,web
U0210,I0118,purchase,,2,24.81,2026-02-26T11:12:22Z,web
U0154,I0069,view,,1,41.22,2026-03-31T23:30:22Z,mobile
U0095,I0117,view,,1,42.8,2026-05-01T04:39:22Z,web
U0034,I0007,view,,1,50.51,2026-02-07T03:18:22Z,mobile
U0206,I0077,view,,1,43.74,2026-04-26T00:51:22Z,mobile
U0179,I0036,purchase,,1,74.72,2026-03-06T18:04:22Z,mobile
U0090,I0038,purchase,,1,23.01,2026-02-03T05:38:22Z,web
U0219,I0064,purchase,,2,28.05,2026-02-01T05:33:22Z,web
U0223,I0076,rating,5.0,1,36.2,2026-04-16T10:46:22Z,mobile
U0129,I0041,view,,1,35.48,2026-02-07T13:20:22Z,web
U0078,I0003,purchase,,1,12.56,2026-04-15T19:00:22Z,web
U0166,I0071,cart,,1,31.77,2026-04-08T06:32:22Z,mobile
U0067,I0044,view,,1,16.15,2026-02-22T15:44:22Z,web
U0170,I0065,cart,,1,45.15,2026-04-13T01:33:22Z,web
U0188,I0046,view,,1,32.06,2026-03-25T09:32:22Z,web
U0153,I0042,view,,1,34.64,2026-04-14T03:50:22Z,mobile
U0237,I0084,rating,1.0,1,27.83,2026-04-01T12:47:22Z,web
U0165,I0007,cart,,1,50.51,2026-03-27T23:50:22Z,mobile
U0133,I0117,purchase,,1,42.8,2026-02-16T17:45:22Z,web
U0118,I0103,view,,1,51.23,2026-04-06T08:31:22Z,web
U0187,I0055,view,,1,14.43,2026-04-28T07:51:22Z,web
U0182,I0117,view,,1,42.8,2026-03-19T17:29:22Z,web
U0149,I0081,cart,,1,60.65,2026-04-25T23:07:22Z,web
U0099,I0023,cart,,1,51.99,2026-03-15T08:31:22Z,web
U0024,I0107,view,,1,14.01,2026-04-08T06:25:22Z,mobile
U0230,I0068,view,,1,16.18,2026-02-13T12:05:22Z,web
U0133,I0088,cart,,1,30.05,2026-02-20T16:30:22Z,mobile
U0168,I0051,view,,1,24.93,2026-03-13T12:20:22Z,mobile
U0008,I0092,view,,1,16.23,2026-04-20T13:24:22Z,mobile
U0002,I0080,view,,1,16.0,2026-04-18T11:07:22Z,mobile
U0087,I0031,cart,,1,6.52,2026-02-26T01:14:22Z,mobile
U0149,I0028,view,,1,23.83,2026-02-27T22:07:22Z,mobile
U0166,I0107,purchase,,1,14.01,2026-03-04T10:42:22Z,web
U0038,I0083,view,,1,17.83,2026-04-24T18:02:22Z,web
U0175,I0051,rating,3.0,1,24.93,2026-03-01T05:04:22Z,web
U0015,I0004,purchase,,1,24.4,2026-02-13T15:33:22Z,mobile
U0145,I0094,view,,1,20.46,2026-02-10T21:27:22Z,mobile
U0080,I0060,cart,,1,48.07,2026-04-29T06:21:22Z,mobile
U0210,I0035,view,,1,26.96,2026-02-08T05:22:22Z,mobile
U0208,I0053,rating,4.0,1,18.65,2026-03-26T16:47:22Z,web
U0211,I0024,view,,1,24.65,2026-04-12T23:10:22Z,mobile
U0010,I0083,purchase,,1,17.83,2026-03-03T12:06:22Z,web
U0113,I0109,cart,,1,70.56,2026-02-05T18:48:22Z,mobile
U0081,I0006,view,,1,21.38,2026-03-12T10:41:22Z,web
U0176,I0056,view,,1,21.96,2026-02-22T10:22:22Z,mobile
U0201,I0015,view,,1,19.27,2026-03-11T01:52:22Z,mobile
U0053,I0116,cart,,1,59.11,2026-04-29T13:19:22Z,mobile
U0121,I0029,view,,1,83.41,2026-04-12T09:30:22Z,mobile
U0167,I0020,cart,,1,27.33,2026-03-28T13:38:22Z,web
U0177,I0019,purchase,,1,35.63,2026-03-07T19:06:22Z,mobile
U0033,I0008,cart,,1,36.94,2026-03-18T10:12:22Z,mobile
U0143,I0097,purchase,,2,42.6,2026-04-30T20:01:22Z,mobile
U0140,I0061,view,,1,17.75,2026-03-09T05:56:22Z,web
U0055,I0028,view,,1,23.83,2026-03-24T13:23:22Z,web
U0174,I0040,view,,1,56.71,2026-03-13T17:46:22Z,mobile
U0025,I0056,cart,,1,21.96,2026-02-28T18:59:22Z,web
U0055,I0025,view,,1,15.52,2026-03-02T08:26:22Z,mobile
U0113,I0026,view,,1,13.5,2026-02-25T12:28:22Z,web
U0031,I0003,view,,1,12.56,2026-02-28T04:16:22Z,web
U0170,I0010,purchase,,2,50.12,2026-03-19T09:34:22Z,web
U0004,I0048,rating,3.0,1,22.53,2026-03-10T12:47:22Z,web
U0196,I0030,view,,1,19.11,2026-04-28T09:05:22Z,web
U0172,I0073,purchase,,2,25.28,2026-04-28T02:19:22Z,mobile
U0138,I0074,view,,1,19.52,2026-04-15T06:55:22Z,web
U0240,I0009,cart,,1,26.36,2026-02-24T23:06:22Z,web
U0235,I0077,rating,4.0,1,43.74,2026-04-19T07:12:22Z,mobile
U0150,I0012,view,,1,67.3,2026-02-07T13:44:22Z,mobile
U0119,I0079,view,,1,55.92,2026-03-28T16:47:22Z,mobile
U0041,I0116,cart,,1,59.11,2026-02-27T17:28:22Z,web
U0173,I0004,cart,,1,24.4,2026-02-17T09:57:22Z,web
U0209,I0009,view,,1,26.36,2026-04-22T11:38:22Z,web
U0182,I0006,purchase,,1,21.38,2026-02-21T04:49:22Z,web
U0069,I0050,cart,,1,15.33,2026-02-17T11:30:22Z,web
U0118,I0092,view,,1,16.23,2026-04-24T12:54:22Z,web
U0173,I0043,view,,1,34.18,2026-02-27T20:49:22Z,web
U0225,I0009,view,,1,26.36,2026-03-07T05:27:22Z,mobile
U0222,I0087,cart,,1,58.68,2026-02-03T18:51:22Z,web
U0100,I0074,view,,1,19.52,2026-04-12T13:08:22Z,mobile
U0174,I0029,cart,,1,83.41,2026-04-19T22:02:22Z,mobile
U0126,I0099,view,,1,19.36,2026-02-23T05:33:22Z,web
U0223,I0113,view,,1,36.16,2026-03-01T03:26:22Z,web
U0121,I0067,rating,4.0,1,77.25,2026-03-21T16:56:22Z,mobile
U0102,I0114,view,,1,33.44,2026-04-20T04:59:22Z,web
U0048,I0056,rating,2.0,1,21.96,2026-03-21T06:35:22Z,mobile
U0034,I0014,cart,,1,30.5,2026-03-11T02:49:22Z,web
U0175,I0093,view,,1,35.82,2026-04-05T21:03:22Z,web
U0163,I0012,view,,1,67.3,2026-02-17T03:30:22Z,mobile
U0083,I0107,cart,,1,14.01,2026-02-27T02:31:22Z,mobile
U0234,I0090,rating,5.0,1,12.85,2026-02-26T17:55:22Z,web
U0160,I0096,view,,1,36.87,2026-04-18T05:16:22Z,web
U0166,I0032,view,,1,68.88,2026-04-19T08:10:22Z,web
U0187,I0049,view,,1,10.95,2026-02-19T17:46:22Z,web
U0168,I0114,view,,1,33.44,2026-03-21T21:27:22Z,web
U0135,I0049,view,,1,10.95,2026-04-17T02:02:22Z,mobile
U0040,I0106,view,,1,26.93,2026-03-25T11:10:22Z,mobile
U0089,I0097,rating,1.0,1,42.6,2026-03-19T17:11:22Z,web
U0068,I0091,view,,1,42.99,2026-04-18T19:52:22Z,mobile
U0134,I0093,view,,1,35.82,2026-02-12T05:29:22Z,mobile
U0089,I0112,view,,1,53.68,2026-03-18T04:07:22Z,web
U0140,I0111,cart,,1,114.52,2026-03-14T16:42:22Z,mobile
U0105,I0035,rating,3.0,1,26.96,2026-03-03T14:24:22Z,web
U0238,I0052,view,,1,30.37,2026-04-06T13:32:22Z,web
U0061,I0090,view,,1,12.85,2026-03-19T18:55:22Z,web
U0232,I0054,view,,1,35.21,2026-03-17T19:10:22Z,web
U0206,I0114,view,,1,33.44,2026-03-07T08:10:22Z,web
U0235,I0025,purchase,,2,15.52,2026-03-07T04:11:22Z,web
U0128,I0054,view,,1,35.21,2026-03-07T10:15:22Z,mobile
U0232,I0019,rating,5.0,1,35.63,2026-02-08T10:52:22Z,web
U0198,I0069,view,,1,41.22,2026-04-06T02:52:22Z,mobile
U0066,I0034,purchase,,1,32.38,2026-03-28T20:29:22Z,mobile
U0098,I0113,rating,4.0,1,36.16,2026-04-03T22:06:22Z,web
U0047,I0022,purchase,,1,23.73,2026-04-14T13:35:22Z,mobile
U0060,I0058,cart,,1,18.03,2026-03-22T16:36:22Z,mobile
U0002,I0015,view,,1,19.27,2026-02-04T20:28:22Z,mobile
U0209,I0104,view,,1,41.88,2026-02-06T01:18:22Z,web
U0037,I0027,cart,,1,58.32,2026-02-22T05:36:22Z,mobile
U0037,I0095,view,,1,11.84,2026-03-11T17:01:22Z,mobile
U0098,I0066,view,,1,22.7,2026-02-25T13:36:22Z,mobile
U0147,I0080,purchase,,1,16.0,2026-03-15T09:13:22Z,mobile
U0149,I0005,view,,1,20.52,2026-04-28T06:36:22Z,mobile
U0193,I0007,view,,1,50.51,2026-02-16T23:36:22Z,web
U0111,I0011,view,,1,15.55,2026-02-05T06:45:22Z,mobile
U0180,I0023,view,,1,51.99,2026-04-21T05:22:22Z,web
U0168,I0116,view,,1,59.11,2026-03-28T14:37:22Z,web
U0011,I0066,view,,1,22.7,2026-04-08T19:25:22Z,mobile
U0189,I0083,view,,1,17.83,2026-03-10T13:31:22Z,web
U0135,I0112,view,,1,53.68,2026-03-14T00:24:22Z,web
U0205,I0068,view,,1,16.18,2026-02-09T14:52:22Z,mobile
U0169,I0047,cart,,1,36.67,2026-04-20T19:33:22Z,mobile
U0134,I0030,view,,1,19.11,2026-02-01T10:45:22Z,web
U0070,I0017,view,,1,25.29,2026-04-08T13:12:22Z,mobile
U0109,I0076,view,,1,36.2,2026-03-26T08:09:22Z,mobile
U0118,I0021,view,,1,19.0,2026-02-02T05:35:22Z,web
U0234,I0058,purchase,,1,18.03,2026-03-06T15:21:22Z,mobile
U0140,I0105,purchase,,1,20.28,2026-02-24T01:41:22Z,mobile
U0188,I0029,purchase,,1,83.41,2026-04-07T22:37:22Z,web
U0136,I0007,view,,1,50.51,2026-02-28T00:09:22Z,mobile
U0077,I0077,view,,1,43.74,2026-04-19T09:13:22Z,web
U0214,I0051,rating,3.0,1,24.93,2026-03-13T20:04:22Z,mobile
U0114,I0011,rating,5.0,1,15.55,2026-02-27T10:27:22Z,web
U0099,I0084,rating,5.0,1,27.83,2026-04-14T07:16:22Z,mobile
U0158,I0022,view,,1,23.73,2026-04-21T20:23:22Z,web
U0223,I0106,view,,1,26.93,2026-03-24T08:53:22Z,web
U0007,I0104,view,,1,41.88,2026-04-25T13:54:22Z,mobile
U0012,I0116,view,,1,59.11,2026-02-08T12:22:22Z,web
U0140,I0076,view,,1,36.2,2026-04-11T07:48:22Z,web
U0060,I0077,rating,4.0,1,43.74,2026-03-06T10:00:22Z,mobile
U0190,I0059,cart,,1,24.91,2026-04-27T03:52:22Z,web
U0032,I0079,view,,1,55.92,2026-03-31T11:16:22Z,web
U0182,I0074,view,,1,19.52,2026-04-02T16:09:22Z,mobile
U0107,I0091,view,,1,42.99,2026-02-25T21:37:22Z,web
U0034,I0120,purchase,,1,26.42,2026-04-13T02:36:22Z,web
U0090,I0016,view,,1,41.84,2026-04-04T23:34:22Z,web
U0150,I0073,view,,1,25.28,2026-04-09T11:08:22Z,mobile
U0016,I0058,view,,1,18.03,2026-04-27T20:51:22Z,mobile
U0137,I0044,view,,1,16.15,2026-03-30T17:50:22Z,mobile
U0234,I0001,cart,,1,31.44,2026-03-01T16:29:22Z,web
U0031,I0044,purchase,,1,16.15,2026-03-18T12:40:22Z,web
U0234,I0045,view,,1,27.1,2026-04-26T19:37:22Z,mobile
U0164,I0083,view,,1,17.83,2026-02-25T10:00:22Z,web
U0088,I0063,view,,1,17.91,2026-03-26T03:46:22Z,mobile
U0060,I0056,view,,1,21.96,2026-04-13T07:06:22Z,mobile
U0019,I0073,cart,,1,25.28,2026-04-16T06:30:22Z,web
U0072,I0033,view,,1,24.72,2026-02-15T03:21:22Z,mobile
U0224,I0058,view,,1,18.03,2026-04-20T00:37:22Z,web
U0102,I0022,view,,1,23.73,2026-02-01T11:01:22Z,mobile
U0203,I0005,rating,4.0,1,20.52,2026-04-22T23:32:22Z,web
U0200,I0018,rating,4.0,1,34.0,2026-02-03T18:48:22Z,mobile
U0203,I0016,cart,,1,41.84,2026-03-13T06:31:22Z,mobile
U0226,I0035,view,,1,26.96,2026-04-13T15:39:22Z,mobile
U0153,I0003,view,,1,12.56,2026-03-10T15:37:22Z,web
U0034,I0068,cart,,1,16.18,2026-04-07T16:30:22Z,web
U0110,I0096,rating,5.0,1,36.87,2026-02-05T13:57:22Z,mobile
U0177,I0088,purchase,,1,30.05,2026-04-17T19:47:22Z,web
U0136,I0055,rating,5.0,1,14.43,2026-03-04T12:15:22Z,web
U0137,I0081,purchase,,1,60.65,2026-04-04T05:47:22Z,mobile
U0128,I0080,purchase,,1,16.0,2026-05-01T12:52:22Z,web
U0145,I0054,cart,,1,35.21,2026-03-26T22:37:22Z,web
U0083,I0070,cart,,1,26.73,2026-04-05T09:58:22Z,web
U0194,I0046,view,,1,32.06,2026-04-14T17:36:22Z,mobile
U0063,I0077,rating,5.0,1,43.74,2026-02-21T16:25:22Z,web
U0017,I0024,rating,5.0,1,24.65,2026-02-02T22:52:22Z,web
U0105,I0031,view,,1,6.52,2026-04-11T06:27:22Z,mobile
U0205,I0072,rating,4.0,1,21.99,2026-04-07T08:36:22Z,mobile
U0063,I0047,view,,1,36.67,2026-04-18T03:56:22Z,web
U0201,I0020,purchase,,2,27.33,2026-03-06T11:19:22Z,mobile
U0146,I0006,view,,1,21.38,2026-04-05T21:48:22Z,mobile
U0173,I0108,view,,1,101.53,2026-04-12T09:06:22Z,web
U0087,I0048,view,,1,22.53,2026-02-09T10:43:22Z,mobile
U0168,I0030,view,,1,19.11,2026-02-10T04:11:22Z,mobile
U0121,I0080,purchase,,2,16.0,2026-03-20T09:25:22Z,mobile
U0154,I0118,cart,,1,24.81,2026-03-12T22:20:22Z,web
U0177,I0115,purchase,,1,29.97,2026-02-01T09:08:22Z,mobile
U0222,I0017,view,,1,25.29,2026-04-13T03:51:22Z,web
U0184,I0112,view,,1,53.68,2026-04-29T10:15:22Z,web
U0226,I0061,view,,1,17.75,2026-04-05T12:12:22Z,web
U0187,I0055,cart,,1,14.43,2026-03-13T02:31:22Z,mobile
U0213,I0041,view,,1,35.48,2026-03-11T11:08:22Z,web
U0101,I0041,purchase,,1,35.48,2026-03-03T18:07:22Z,mobile
U0237,I0053,purchase,,1,18.65,2026-03-01T16:09:22Z,web
U0071,I0051,view,,1,24.93,2026-03-29T13:19:22Z,web
U0021,I0039,purchase,,1,14.55,2026-03-09T08:11:22Z,mobile
U0074,I0120,cart,,1,26.42,2026-04-16T17:52:22Z,web
U0004,I0100,view,,1,54.26,2026-02-13T09:10:22Z,mobile
U0220,I0076,rating,5.0,1,36.2,2026-03-17T08:00:22Z,mobile
U0013,I0058,purchase,,1,18.03,2026-04-25T04:23:22Z,mobile
U0202,I0074,view,,1,19.52,2026-03-25T13:49:22Z,mobile
U0060,I0119,view,,1,34.0,2026-03-19T07:30:22Z,web
U0168,I0023,view,,1,51.99,2026-04-10T11:07:22Z,mobile
U0158,I0112,view,,1,53.68,2026-03-14T21:26:22Z,web
U0071,I0023,view,,1,51.99,2026-02-22T20:22:22Z,web
U0053,I0084,purchase,,1,27.83,2026-03-16T05:35:22Z,mobile
U0239,I0025,view,,1,15.52,2026-02-10T08:37:22Z,mobile
U0021,I0071,view,,1,31.77,2026-04-24T12:37:22Z,mobile
U0208,I0095,view,,1,11.84,2026-02-13T06:37:22Z,web
U0195,I0054,purchase,,1,35.21,2026-04-21T15:03:22Z,mobile
U0004,I0100,rating,5.0,1,54.26,2026-02-25T16:39:22Z,mobile
U0020,I0081,view,,1,60.65,2026-02-03T05:48:22Z,mobile
U0167,I0014,view,,1,30.5,2026-03-14T16:59:22Z,web
U0021,I0117,purchase,,1,42.8,2026-04-07T17:26:22Z,web
U0102,I0112,view,,1,53.68,2026-03-12T06:27:22Z,mobile
U0120,I0092,cart,,1,16.23,2026-02-09T17:32:22Z,web
U0006,I0016,cart,,1,41.84,2026-03-15T10:57:22Z,web
U0084,I0111,purchase,,1,114.52,2026-03-14T09:25:22Z,mobile
U0028,I0099,purchase,,1,19.36,2026-04-07T22:40:22Z,web
U0190,I0109,view,,1,70.56,2026-02-18T14:13:22Z,web
U0196,I0076,view,,1,36.2,2026-03-06T06:26:22Z,web
U0152,I0097,cart,,1,42.6,2026-02-14T15:54:22Z,mobile
U0028,I0112,view,,1,53.68,2026-03-06T07:08:22Z,web
U0102,I0097,purchase,,1,42.6,2026-04-01T19:02:22Z,mobile
U0022,I0013,rating,4.0,1,28.54,2026-04-11T19:26:22Z,mobile
U0160,I0107,cart,,1,14.01,2026-04-21T15:52:22Z,web
U0177,I0103,rating,3.0,1,51.23,2026-04-15T01:10:22Z,mobile
U0120,I0027,purchase,,1,58.32,2026-04-24T15:52:22Z,web
U0238,I0002,rating,2.0,1,22.56,2026-03-31T07:39:22Z,mobile
U0193,I0024,view,,1,24.65,2026-02-02T15:30:22Z,web
U0009,I0054,view,,1,35.21,2026-04-30T00:27:22Z,mobile
U0103,I0102,view,,1,45.37,2026-03-04T15:11:22Z,web
U0161,I0019,view,,1,35.63,2026-04-09T17:06:22Z,web
U0017,I0012,cart,,1,67.3,2026-04-02T11:24:22Z,web
U0103,I0025,view,,1,15.52,2026-04-17T08:14:22Z,mobile
U0055,I0115,view,,1,29.97,2026-02-21T02:02:22Z,mobile
U0008,I0107,view,,1,14.01,2026-02-20T01:02:22Z,mobile
U0002,I0001,view,,1,31.44,2026-03-07T11:10:22Z,mobile
U0197,I0082,purchase,,1,27.22,2026-02-06T01:28:22Z,mobile
U0073,I0008,view,,1,36.94,2026-03-28T17:23:22Z,web
U0053,I0101,view,,1,48.0,2026-04-23T05:21:22Z,mobile
U0103,I0092,view,,1,16.23,2026-01-31T23:56:22Z,web
U0025,I0060,view,,1,48.07,2026-04-05T14:13:22Z,mobile
U0146,I0014,view,,1,30.5,2026-02-18T09:45:22Z,web
U0232,I0017,view,,1,25.29,2026-04-07T16:17:22Z,mobile
U0213,I0114,rating,5.0,1,33.44,2026-02-25T16:28:22Z,mobile
U0199,I0087,view,,1,58.68,2026-02-12T18:56:22Z,web
U0026,I0090,rating,2.0,1,12.85,2026-02-22T03:31:22Z,web
U0164,I0083,purchase,,1,17.83,2026-04-03T10:34:22Z,mobile
U0174,I0118,cart,,1,24.81,2026-03-06T02:09:22Z,mobile
U0117,I0109,cart,,1,70.56,2026-04-30T20:13:22Z,web
U0196,I0112,view,,1,53.68,2026-03-14T22:00:22Z,mobile
U0162,I0103,purchase,,1,51.23,2026-04-23T23:10:22Z,web
U0136,I0098,view,,1,35.06,2026-02-22T02:41:22Z,web
U0077,I0111,view,,1,114.52,2026-04-25T23:13:22Z,mobile
U0203,I0061,rating,5.0,1,17.75,2026-03-08T22:40:22Z,mobile
U0091,I0017,cart,,1,25.29,2026-04-12T05:17:22Z,web
U0146,I0015,cart,,1,19.27,2026-02-19T18:46:22Z,mobile
U0090,I0041,cart,,1,35.48,2026-02-02T18:00:22Z,web
U0225,I0109,view,,1,70.56,2026-04-04T00:54:22Z,mobile
U0136,I0080,view,,1,16.0,2026-02-14T22:33:22Z,web
U0173,I0115,view,,1,29.97,2026-02-12T11:21:22Z,web
U0166,I0014,view,,1,30.5,2026-03-17T04:14:22Z,web
U0128,I0119,view,,1,34.0,2026-03-04T05:06:22Z,mobile
U0133,I0014,cart,,1,30.5,2026-03-22T03:28:22Z,web
U0220,I0108,view,,1,101.53,2026-03-22T10:48:22Z,mobile
U0080,I0099,purchase,,1,19.36,2026-04-21T14:50:22Z,web
U0021,I0072,view,,1,21.99,2026-03-14T22:12:22Z,web
U0089,I0088,rating,3.0,1,30.05,2026-03-07T15:09:22Z,mobile
U0192,I0092,view,,1,16.23,2026-04-01T04:38:22Z,web
U0187,I0049,purchase,,1,10.95,2026-04-20T18:34:22Z,web
U0089,I0093,view,,1,35.82,2026-03-11T00:34:22Z,web
U0154,I0076,purchase,,1,36.2,2026-04-25T11:07:22Z,mobile
U0026,I0044,rating,5.0,1,16.15,2026-04-19T06:22:22Z,mobile
U0024,I0084,view,,1,27.83,2026-03-19T10:21:22Z,mobile
U0029,I0005,view,,1,20.52,2026-02-26T05:02:22Z,web
U0020,I0108,rating,5.0,1,101.53,2026-04-01T16:04:22Z,web
U0070,I0020,rating,4.0,1,27.33,2026-03-25T03:41:22Z,web
U0033,I0014,view,,1,30.5,2026-04-15T20:12:22Z,mobile
U0121,I0081,view,,1,60.65,2026-04-01T13:31:22Z,mobile
U0099,I0051,view,,1,24.93,2026-04-10T09:24:22Z,web
U0174,I0091,view,,1,42.99,2026-04-10T06:33:22Z,web
U0026,I0079,view,,1,55.92,2026-03-05T09:15:22Z,mobile
U0133,I0073,view,,1,25.28,2026-02-20T10:45:22Z,mobile
U0171,I0103,view,,1,51.23,2026-04-03T22:35:22Z,web
U0214,I0011,view,,1,15.55,2026-03-05T13:17:22Z,web
U0156,I0033,view,,1,24.72,2026-04-08T21:53:22Z,web
U0058,I0083,view,,1,17.83,2026-02-15T11:36:22Z,mobile
U0046,I0001,view,,1,31.44,2026-04-01T00:55:22Z,web
U0073,I0024,rating,5.0,1,24.65,2026-03-22T05:26:22Z,mobile
U0036,I0046,rating,4.0,1,32.06,2026-04-16T16:50:22Z,web
U0208,I0066,view,,1,22.7,2026-04-30T13:52:22Z,mobile
U0197,I0080,rating,5.0,1,16.0,2026-03-20T14:49:22Z,mobile
U0157,I0031,view,,1,6.52,2026-04-19T02:42:22Z,mobile
U0209,I0014,view,,1,30.5,2026-04-11T20:40:22Z,mobile
U0152,I0046,cart,,1,32.06,2026-04-23T07:29:22Z,web
U0036,I0018,rating,1.0,1,34.0,2026-03-29T15:57:22Z,web
U0140,I0063,view,,1,17.91,2026-02-19T03:52:22Z,web
U0033,I0006,view,,1,21.38,2026-04-04T19:09:22Z,web
U0067,I0079,view,,1,55.92,2026-03-14T18:54:22Z,mobile
U0026,I0009,view,,1,26.36,2026-03-09T01:41:22Z,web
U0175,I0060,rating,4.0,1,48.07,2026-03-14T14:30:22Z,web
U0042,I0099,view,,1,19.36,2026-03-11T13:35:22Z,mobile
U0158,I0097,view,,1,42.6,2026-02-27T19:58:22Z,mobile
U0057,I0024,view,,1,24.65,2026-02-21T12:05:22Z,web
U0200,I0081,purchase,,1,60.65,2026-04-23T15:33:22Z,web
U0233,I0031,cart,,1,6.52,2026-02-21T12:55:22Z,mobile
U0079,I0016,cart,,1,41.84,2026-04-26T01:37:22Z,web
U0229,I0036,view,,1,74.72,2026-02-07T23:28:22Z,web
U0028,I0080,cart,,1,16.0,2026-04-19T20:13:22Z,web
U0049,I0073,view,,1,25.28,2026-03-19T18:15:22Z,web
U0149,I0109,view,,1,70.56,2026-03-26T14:01:22Z,web
U0013,I0044,purchase,,1,16.15,2026-02-03T02:53:22Z,web
U0183,I0018,purchase,,1,34.0,2026-02-02T15:42:22Z,mobile
U0161,I0087,view,,1,58.68,2026-02-18T05:11:22Z,mobile
U0027,I0029,cart,,1,83.41,2026-03-26T01:16:22Z,web
U0158,I0060,purchase,,1,48.07,2026-03-19T07:23:22Z,mobile
U0121,I0080,view,,1,16.0,2026-03-27T23:06:22Z,web
U0050,I0046,rating,4.0,1,32.06,2026-03-16T03:15:22Z,mobile
U0216,I0114,view,,1,33.44,2026-03-04T22:00:22Z,web
U0230,I0066,purchase,,1,22.7,2026-02-23T07:03:22Z,mobile
U0028,I0080,view,,1,16.0,2026-02-02T08:11:22Z,mobile
U0206,I0041,cart,,1,35.48,2026-04-18T21:27:22Z,web
U0169,I0012,view,,1,67.3,2026-04-20T01:29:22Z,web
U0160,I0040,rating,4.0,1,56.71,2026-02-28T06:21:22Z,web
U0239,I0045,view,,1,27.1,2026-03-29T23:29:22Z,web
U0004,I0040,purchase,,1,56.71,2026-02-28T10:54:22Z,web
U0047,I0090,rating,4.0,1,12.85,2026-02-10T23:36:22Z,mobile
U0119,I0117,purchase,,1,42.8,2026-03-30T04:38:22Z,mobile
U0182,I0107,purchase,,1,14.01,2026-04-05T05:06:22Z,web
U0169,I0064,view,,1,28.05,2026-04-03T17:52:22Z,web
U0057,I0064,purchase,,2,28.05,2026-02-04T08:15:22Z,mobile
U0063,I0003,view,,1,12.56,2026-02-07T00:32:22Z,web
U0217,I0062,view,,1,23.59,2026-02-01T14:23:22Z,web
U0095,I0074,view,,1,19.52,2026-03-09T13:10:22Z,web
U0081,I0120,view,,1,26.42,2026-02-05T17:09:22Z,mobile
U0138,I0043,purchase,,1,34.18,2026-02-11T01:25:22Z,web
U0073,I0088,purchase,,2,30.05,2026-02-11T13:20:22Z,mobile
U0139,I0028,view,,1,23.83,2026-04-23T15:12:22Z,web
U0036,I0093,view,,1,35.82,2026-02-22T12:35:22Z,mobile
U0067,I0077,view,,1,43.74,2026-02-22T13:15:22Z,web
U0156,I0069,view,,1,41.22,2026-04-21T09:49:22Z,mobile
U0047,I0048,rating,2.0,1,22.53,2026-04-09T08:25:22Z,mobile
U0214,I0027,cart,,1,58.32,2026-04-25T13:49:22Z,mobile
U0022,I0048,view,,1,22.53,2026-03-04T00:37:22Z,mobile
U0028,I0001,cart,,1,31.44,2026-03-26T13:52:22Z,mobile
U0191,I0048,view,,1,22.53,2026-04-10T19:26:22Z,web
U0225,I0001,view,,1,31.44,2026-03-24T13:39:22Z,mobile
U0043,I0068,purchase,,2,16.18,2026-04-04T05:56:22Z,web
U0188,I0111,view,,1,114.52,2026-02-04T13:36:22Z,mobile
U0220,I0024,view,,1,24.65,2026-03-01T11:26:22Z,web
U0206,I0051,cart,,1,24.93,2026-02-28T02:36:22Z,web
U0227,I0088,cart,,1,30.05,2026-03-05T14:23:22Z,web
U0009,I0092,rating,4.0,1,16.23,2026-04-21T20:44:22Z,mobile
U0089,I0087,view,,1,58.68,2026-02-07T14:36:22Z,mobile
U0056,I0075,view,,1,25.5,2026-04-16T21:38:22Z,mobile
U0227,I0114,cart,,1,33.44,2026-02-19T15:21:22Z,web
U0080,I0065,purchase,,1,45.15,2026-03-30T15:53:22Z,mobile
U0222,I0019,cart,,1,35.63,2026-02-24T23:32:22Z,mobile
U0114,I0113,cart,,1,36.16,2026-02-26T15:12:22Z,web
U0167,I0055,purchase,,1,14.43,2026-03-19T18:08:22Z,web
U0070,I0044,view,,1,16.15,2026-02-08T21:16:22Z,web
U0202,I0014,rating,4.0,1,30.5,2026-04-24T16:58:22Z,web
U0112,I0047,view,,1,36.67,2026-04-02T18:50:22Z,mobile
U0102,I0097,rating,2.0,1,42.6,2026-03-18T00:10:22Z,web
U0014,I0100,cart,,1,54.26,2026-02-17T13:30:22Z,mobile
U0001,I0064,view,,1,28.05,2026-03-27T08:59:22Z,web
U0188,I0084,rating,5.0,1,27.83,2026-02-24T07:37:22Z,mobile
U0211,I0012,view,,1,67.3,2026-03-29T21:44:22Z,mobile
U0039,I0092,view,,1,16.23,2026-03-13T13:20:22Z,web
U0004,I0001,view,,1,31.44,2026-02-02T23:00:22Z,web
U0003,I0086,view,,1,33.96,2026-04-26T18:19:22Z,mobile
U0159,I0003,cart,,1,12.56,2026-03-07T16:30:22Z,web
U0234,I0042,view,,1,34.64,2026-03-03T03:52:22Z,web
U0009,I0025,view,,1,15.52,2026-02-11T11:28:22Z,mobile
U0066,I0024,purchase,,1,24.65,2026-03-17T19:02:22Z,web
U0134,I0039,purchase,,2,14.55,2026-03-23T03:27:22Z,mobile
U0041,I0032,view,,1,68.88,2026-02-26T23:22:22Z,mobile
U0076,I0106,view,,1,26.93,2026-03-23T09:22:22Z,mobile
U0024,I0120,cart,,1,26.42,2026-02-01T05:20:22Z,web
U0187,I0120,view,,1,26.42,2026-03-17T16:22:22Z,mobile
U0054,I0024,view,,1,24.65,2026-03-15T17:46:22Z,mobile
U0115,I0038,view,,1,23.01,2026-03-24T07:28:22Z,web
U0085,I0004,view,,1,24.4,2026-03-26T03:11:22Z,mobile
U0061,I0020,view,,1,27.33,2026-04-22T12:41:22Z,web
U0010,I0115,purchase,,1,29.97,2026-02-04T13:42:22Z,web
U0105,I0105,cart,,1,20.28,2026-04-23T15:34:22Z,mobile
U0232,I0052,purchase,,2,30.37,2026-02-16T22:42:22Z,mobile
U0185,I0020,view,,1,27.33,2026-04-18T21:29:22Z,mobile
U0095,I0095,view,,1,11.84,2026-03-16T16:01:22Z,mobile
U0100,I0015,view,,1,19.27,2026-04-08T22:10:22Z,web
U0009,I0078,view,,1,41.4,2026-04-28T20:32:22Z,mobile
U0100,I0060,view,,1,48.07,2026-04-09T14:29:22Z,web
U0195,I0060,view,,1,48.07,2026-02-20T07:06:22Z,mobile
U0080,I0017,view,,1,25.29,2026-02-05T21:03:22Z,web
U0048,I0070,view,,1,26.73,2026-04-13T12:50:22Z,mobile
U0110,I0020,view,,1,27.33,2026-03-21T17:21:22Z,web
U0090,I0042,view,,1,34.64,2026-03-17T00:59:22Z,mobile
U0071,I0099,view,,1,19.36,2026-04-15T02:47:22Z,mobile
U0138,I0027,cart,,1,58.32,2026-04-16T02:59:22Z,web
U0071,I0080,view,,1,16.0,2026-02-12T03:20:22Z,web
U0008,I0108,rating,5.0,1,101.53,2026-04-24T14:44:22Z,web
U0136,I0098,view,,1,35.06,2026-03-14T18:19:22Z,web
U0145,I0028,view,,1,23.83,2026-04-09T01:29:22Z,web
U0190,I0012,purchase,,2,67.3,2026-02-10T17:22:22Z,mobile
U0076,I0045,cart,,1,27.1,2026-04-04T20:43:22Z,mobile
U0177,I0063,cart,,1,17.91,2026-02-27T15:03:22Z,web
U0027,I0080,view,,1,16.0,2026-03-11T09:29:22Z,mobile
U0230,I0087,view,,1,58.68,2026-04-23T13:38:22Z,mobile
U0054,I0016,view,,1,41.84,2026-04-09T20:52:22Z,mobile
U0237,I0116,view,,1,59.11,2026-03-07T07:27:22Z,web
U0037,I0031,rating,4.0,1,6.52,2026-03-30T15:00:22Z,web
U0155,I0063,rating,4.0,1,17.91,2026-03-05T16:47:22Z,web
U0119,I0005,cart,,1,20.52,2026-04-03T07:29:22Z,web
U0049,I0074,view,,1,19.52,2026-03-26T07:21:22Z,mobile
U0103,I0019,view,,1,35.63,2026-04-15T20:01:22Z,web
U0201,I0057,view,,1,46.42,2026-04-14T19:12:22Z,mobile
U0179,I0078,purchase,,1,41.4,2026-02-04T14:51:22Z,mobile
U0108,I0039,view,,1,14.55,2026-03-24T18:31:22Z,mobile
U0014,I0078,cart,,1,41.4,2026-04-10T21:06:22Z,mobile
U0090,I0044,view,,1,16.15,2026-04-09T10:57:22Z,mobile
U0233,I0105,view,,1,20.28,2026-02-17T08:08:22Z,web
U0124,I0096,purchase,,1,36.87,2026-03-13T03:00:22Z,mobile
U0219,I0008,rating,1.0,1,36.94,2026-04-02T10:45:22Z,mobile
U0142,I0035,view,,1,26.96,2026-02-20T07:43:22Z,mobile
U0114,I0066,view,,1,22.7,2026-02-17T16:01:22Z,mobile
U0018,I0082,view,,1,27.22,2026-02-18T15:48:22Z,mobile
U0093,I0082,view,,1,27.22,2026-02-05T15:47:22Z,web
U0050,I0084,view,,1,27.83,2026-04-29T15:23:22Z,web
U0223,I0003,view,,1,12.56,2026-02-18T03:26:22Z,web
U0120,I0065,cart,,1,45.15,2026-02-27T05:16:22Z,web
U0179,I0041,cart,,1,35.48,2026-03-09T16:52:22Z,web
U0109,I0044,view,,1,16.15,2026-02-04T08:48:22Z,web
U0173,I0057,view,,1,46.42,2026-03-27T08:17:22Z,web
U0145,I0008,rating,4.0,1,36.94,2026-03-19T22:40:22Z,web
U0226,I0112,cart,,1,53.68,2026-03-14T20:28:22Z,web
U0227,I0023,view,,1,51.99,2026-02-14T19:53:22Z,mobile
U0166,I0077,purchase,,2,43.74,2026-04-04T22:30:22Z,mobile
U0053,I0013,purchase,,1,28.54,2026-04-01T05:13:22Z,mobile
U0114,I0089,cart,,1,40.79,2026-04-03T12:22:22Z,mobile
U0042,I0099,cart,,1,19.36,2026-02-23T17:00:22Z,mobile
U0215,I0003,view,,1,12.56,2026-02-18T08:18:22Z,mobile
U0098,I0106,view,,1,26.93,2026-04-06T20:19:22Z,web
U0042,I0006,view,,1,21.38,2026-04-10T01:49:22Z,mobile
U0032,I0017,purchase,,2,25.29,2026-02-08T15:36:22Z,web
U0077,I0029,view,,1,83.41,2026-03-17T07:57:22Z,web
U0142,I0049,view,,1,10.95,2026-03-02T04:57:22Z,mobile
U0222,I0042,view,,1,34.64,2026-02-25T05:46:22Z,web
U0067,I0071,rating,1.0,1,31.77,2026-04-16T05:34:22Z,mobile
U0031,I0101,rating,3.0,1,48.0,2026-02-25T23:53:22Z,web
U0047,I0074,view,,1,19.52,2026-03-10T21:44:22Z,web
U0046,I0119,rating,3.0,1,34.0,2026-03-03T12:39:22Z,web
U0061,I0014,rating,5.0,1,30.5,2026-02-21T19:10:22Z,mobile
U0032,I0038,view,,1,23.01,2026-04-25T09:52:22Z,web
U0210,I0119,purchase,,1,34.0,2026-04-25T04:12:22Z,mobile
U0054,I0112,purchase,,1,53.68,2026-02-22T08:51:22Z,mobile
U0049,I0100,purchase,,1,54.26,2026-04-27T04:35:22Z,web
U0034,I0014,purchase,,1,30.5,2026-04-19T07:27:22Z,web
U0083,I0096,cart,,1,36.87,2026-03-15T06:01:22Z,mobile
U0186,I0106,rating,2.0,1,26.93,2026-02-02T20:08:22Z,web
U0213,I0065,rating,4.0,1,45.15,2026-02-11T23:15:22Z,web
U0032,I0044,rating,4.0,1,16.15,2026-04-10T08:32:22Z,web
U0130,I0041,view,,1,35.48,2026-03-10T21:23:22Z,mobile
U0115,I0090,view,,1,12.85,2026-03-13T23:35:22Z,mobile
U0139,I0059,cart,,1,24.91,2026-03-12T18:55:22Z,mobile
U0153,I0042,view,,1,34.64,2026-03-04T23:31:22Z,mobile
U0187,I0007,rating,3.0,1,50.51,2026-03-24T22:52:22Z,web
U0146,I0053,cart,,1,18.65,2026-04-24T19:31:22Z,mobile
U0047,I0060,view,,1,48.07,2026-02-14T16:17:22Z,mobile
U0155,I0109,view,,1,70.56,2026-03-27T20:37:22Z,mobile
U0131,I0044,cart,,1,16.15,2026-02-05T21:09:22Z,mobile
U0119,I0109,view,,1,70.56,2026-04-09T03:43:22Z,mobile
U0032,I0051,view,,1,24.93,2026-03-05T23:23:22Z,mobile
U0055,I0088,rating,5.0,1,30.05,2026-04-04T22:44:22Z,mobile
U0109,I0080,rating,5.0,1,16.0,2026-03-25T20:06:22Z,mobile
U0227,I0060,cart,,1,48.07,2026-02-09T18:07:22Z,mobile
U0233,I0059,view,,1,24.91,2026-04-26T20:30:22Z,mobile
U0151,I0024,rating,4.0,1,24.65,2026-04-15T13:06:22Z,web
U0043,I0029,view,,1,83.41,2026-02-07T14:48:22Z,mobile
U0099,I0022,view,,1,23.73,2026-04-02T15:22:22Z,mobile
U0207,I0021,purchase,,3,19.0,2026-03-11T13:04:22Z,mobile
U0011,I0105,view,,1,20.28,2026-04-11T23:37:22Z,web
U0082,I0111,view,,1,114.52,2026-02-18T12:26:22Z,web
U0134,I0067,view,,1,77.25,2026-03-30T04:53:22Z,mobile
U0096,I0052,purchase,,1,30.37,2026-03-08T23:00:22Z,web
U0058,I0021,cart,,1,19.0,2026-03-21T20:40:22Z,mobile
U0186,I0092,view,,1,16.23,2026-04-07T19:26:22Z,mobile
U0228,I0017,view,,1,25.29,2026-02-28T20:29:22Z,web
U0180,I0041,view,,1,35.48,2026-04-17T05:20:22Z,mobile
U0037,I0011,rating,4.0,1,15.55,2026-04-16T01:27:22Z,mobile
U0043,I0077,rating,4.0,1,43.74,2026-03-11T04:43:22Z,mobile
U0115,I0001,view,,1,31.44,2026-04-08T05:44:22Z,mobile
U0187,I0046,view,,1,32.06,2026-03-05T15:27:22Z,mobile
U0116,I0090,cart,,1,12.85,2026-02-07T03:13:22Z,web
U0035,I0105,cart,,1,20.28,2026-04-29T23:15:22Z,web
U0038,I0064,view,,1,28.05,2026-04-19T19:02:22Z,web
U0132,I0021,rating,5.0,1,19.0,2026-02-03T08:12:22Z,mobile
U0070,I0119,view,,1,34.0,2026-03-03T14:29:22Z,mobile
U0218,I0003,purchase,,1,12.56,2026-03-17T21:50:22Z,mobile
U0038,I0028,view,,1,23.83,2026-02-25T18:27:22Z,web
U0154,I0035,rating,5.0,1,26.96,2026-04-14T00:16:22Z,web
U0097,I0045,rating,4.0,1,27.1,2026-04-03T13:58:22Z,web
U0051,I0063,cart,,1,17.91,2026-02-07T05:38:22Z,mobile
U0149,I0016,view,,1,41.84,2026-04-04T01:31:22Z,mobile
U0135,I0040,view,,1,56.71,2026-04-17T16:00:22Z,web
U0179,I0114,cart,,1,33.44,2026-02-26T22:46:22Z,web
U0112,I0005,rating,4.0,1,20.52,2026-04-04T17:03:22Z,web
U0218,I0034,purchase,,2,32.38,2026-04-04T15:32:22Z,web
U0230,I0120,view,,1,26.42,2026-04-23T16:02:22Z,mobile
U0206,I0060,rating,5.0,1,48.07,2026-02-24T03:58:22Z,web
U0102,I0036,purchase,,3,74.72,2026-02-20T20:18:22Z,mobile
U0075,I0004,view,,1,24.4,2026-02-06T07:56:22Z,mobile
U0060,I0091,view,,1,42.99,2026-03-05T10:32:22Z,web
U0112,I0003,view,,1,12.56,2026-03-09T03:01:22Z,mobile
U0125,I0068,cart,,1,16.18,2026-04-25T15:22:22Z,web
U0058,I0027,purchase,,2,58.32,2026-03-05T19:35:22Z,mobile
U0083,I0109,view,,1,70.56,2026-04-09T06:41:22Z,web
U0121,I0090,rating,5.0,1,12.85,2026-04-12T08:50:22Z,mobile
U0068,I0066,view,,1,22.7,2026-02-01T23:57:22Z,web
U0171,I0063,cart,,1,17.91,2026-04-06T22:56:22Z,mobile
U0187,I0007,rating,2.0,1,50.51,2026-04-23T01:58:22Z,mobile
U0068,I0088,purchase,,1,30.05,2026-03-30T15:43:22Z,mobile
U0235,I0064,view,,1,28.05,2026-04-27T08:22:22Z,mobile
U0210,I0086,purchase,,1,33.96,2026-04-23T19:13:22Z,web
U0065,I0041,view,,1,35.48,2026-04-14T08:26:22Z,web
U0076,I0057,rating,4.0,1,46.42,2026-04-16T10:41:22Z,mobile
U0102,I0022,view,,1,23.73,2026-02-09T17:12:22Z,web
U0082,I0018,view,,1,34.0,2026-03-13T09:06:22Z,mobile
U0080,I0034,view,,1,32.38,2026-03-06T12:59:22Z,mobile
U0179,I0112,view,,1,53.68,2026-04-26T21:16:22Z,mobile
U0095,I0117,rating,3.0,1,42.8,2026-03-01T02:30:22Z,mobile
U0218,I0085,view,,1,64.61,2026-02-08T07:11:22Z,mobile
U0180,I0097,view,,1,42.6,2026-02-17T17:06:22Z,web
U0202,I0087,view,,1,58.68,2026-02-28T09:49:22Z,web
U0006,I0109,view,,1,70.56,2026-02-18T23:11:22Z,mobile
U0094,I0100,view,,1,54.26,2026-04-21T05:11:22Z,mobile
U0174,I0116,view,,1,59.11,2026-04-11T20:18:22Z,web
U0159,I0070,view,,1,26.73,2026-03-30T10:23:22Z,web
U0038,I0100,cart,,1,54.26,2026-04-06T17:53:22Z,mobile
U0011,I0113,view,,1,36.16,2026-02-17T01:28:22Z,web
U0027,I0032,view,,1,68.88,2026-04-23T03:34:22Z,web
U0006,I0096,cart,,1,36.87,2026-02-06T09:58:22Z,mobile
U0073,I0008,cart,,1,36.94,2026-04-16T03:14:22Z,web
U0172,I0015,cart,,1,19.27,2026-04-04T19:44:22Z,web
U0220,I0094,cart,,1,20.46,2026-04-26T19:13:22Z,mobile
U0103,I0037,view,,1,17.51,2026-04-20T08:11:22Z,mobile
U0202,I0053,view,,1,18.65,2026-03-25T07:00:22Z,web
U0188,I0105,rating,4.0,1,20.28,2026-04-04T10:37:22Z,web
U0130,I0034,cart,,1,32.38,2026-02-20T02:42:22Z,mobile
U0017,I0024,view,,1,24.65,2026-04-12T11:33:22Z,web
U0051,I0013,cart,,1,28.54,2026-04-04T07:15:22Z,mobile
U0108,I0055,purchase,,1,14.43,2026-02-24T08:38:22Z,web
U0048,I0039,cart,,1,14.55,2026-04-18T05:09:22Z,mobile
U0088,I0103,view,,1,51.23,2026-03-25T15:22:22Z,web
U0118,I0111,view,,1,114.52,2026-03-25T11:29:22Z,mobile
U0051,I0052,view,,1,30.37,2026-04-11T01:05:22Z,mobile
U0048,I0014,view,,1,30.5,2026-04-30T22:59:22Z,mobile
U0123,I0064,view,,1,28.05,2026-03-13T20:48:22Z,mobile
U0095,I0071,view,,1,31.77,2026-03-07T01:30:22Z,web
U0057,I0037,view,,1,17.51,2026-03-01T07:18:22Z,web
U0102,I0112,view,,1,53.68,2026-04-13T12:43:22Z,mobile
U0223,I0113,cart,,1,36.16,2026-04-18T10:17:22Z,web
U0044,I0100,cart,,1,54.26,2026-04-11T12:06:22Z,mobile
U0227,I0114,view,,1,33.44,2026-03-02T07:27:22Z,mobile
U0214,I0094,view,,1,20.46,2026-03-12T22:36:22Z,web
U0043,I0058,rating,4.0,1,18.03,2026-03-17T16:39:22Z,mobile
U0014,I0093,rating,2.0,1,35.82,2026-04-01T13:20:22Z,mobile
U0035,I0102,cart,,1,45.37,2026-02-27T11:33:22Z,mobile
U0183,I0098,view,,1,35.06,2026-04-03T13:23:22Z,mobile
U0167,I0120,rating,4.0,1,26.42,2026-04-07T17:27:22Z,web
U0042,I0036,view,,1,74.72,2026-02-25T11:33:22Z,mobile
U0167,I0071,rating,5.0,1,31.77,2026-03-31T01:14:22Z,mobile
U0136,I0055,purchase,,1,14.43,2026-02-25T11:38:22Z,web
U0139,I0052,view,,1,30.37,2026-04-18T23:25:22Z,web
U0046,I0043,cart,,1,34.18,2026-02-03T21:46:22Z,mobile
U0130,I0112,view,,1,53.68,2026-04-11T14:29:22Z,mobile
U0134,I0065,rating,5.0,1,45.15,2026-04-24T09:36:22Z,web
U0057,I0106,cart,,1,26.93,2026-02-25T15:18:22Z,web
U0138,I0102,view,,1,45.37,2026-02-16T15:46:22Z,mobile
U0164,I0028,cart,,1,23.83,2026-04-10T15:08:22Z,web
U0188,I0085,cart,,1,64.61,2026-04-27T14:11:22Z,mobile
U0035,I0013,rating,5.0,1,28.54,2026-04-06T09:16:22Z,mobile
U0161,I0032,cart,,1,68.88,2026-03-15T20:42:22Z,web
U0080,I0065,cart,,1,45.15,2026-04-04T20:52:22Z,mobile
U0203,I0026,view,,1,13.5,2026-03-08T05:04:22Z,mobile
U0036,I0067,view,,1,77.25,2026-04-19T14:28:22Z,mobile
U0233,I0011,rating,4.0,1,15.55,2026-03-03T16:04:22Z,web
U0115,I0090,view,,1,12.85,2026-02-04T09:17:22Z,web
U0217,I0032,cart,,1,68.88,2026-04-10T07:06:22Z,mobile
U0057,I0100,view,,1,54.26,2026-02-11T05:40:22Z,web
U0036,I0065,view,,1,45.15,2026-03-17T19:26:22Z,mobile
U0111,I0064,view,,1,28.05,2026-04-27T09:16:22Z,mobile
U0234,I0058,view,,1,18.03,2026-03-17T23:03:22Z,web
U0125,I0087,view,,1,58.68,2026-03-03T10:26:22Z,web
U0066,I0051,cart,,1,24.93,2026-03-11T17:31:22Z,web
U0105,I0055,purchase,,2,14.43,2026-02-19T09:46:22Z,mobile
U0056,I0011,cart,,1,15.55,2026-03-29T16:25:22Z,mobile
U0151,I0089,cart,,1,40.79,2026-02-04T06:32:22Z,mobile
U0014,I0076,cart,,1,36.2,2026-03-05T01:59:22Z,web
U0102,I0016,view,,1,41.84,2026-02-24T10:29:22Z,web
U0161,I0116,cart,,1,59.11,2026-03-01T11:07:22Z,web
U0125,I0072,purchase,,1,21.99,2026-02-18T01:41:22Z,mobile
U0081,I0112,view,,1,53.68,2026-04-19T01:23:22Z,mobile
U0163,I0022,view,,1,23.73,2026-02-02T22:39:22Z,mobile
U0095,I0065,view,,1,45.15,2026-04-03T22:40:22Z,mobile
U0100,I0036,view,,1,74.72,2026-03-30T07:38:22Z,web
U0106,I0076,cart,,1,36.2,2026-03-11T17:43:22Z,mobile
U0174,I0048,purchase,,1,22.53,2026-03-11T09:25:22Z,web
U0201,I0103,view,,1,51.23,2026-02-03T15:06:22Z,web
U0096,I0119,view,,1,34.0,2026-03-30T18:22:22Z,web
U0154,I0095,view,,1,11.84,2026-03-03T14:05:22Z,mobile
U0190,I0003,view,,1,12.56,2026-02-25T20:48:22Z,mobile
U0084,I0074,cart,,1,19.52,2026-04-02T21:34:22Z,web
U0133,I0074,view,,1,19.52,2026-03-13T15:34:22Z,mobile
U0050,I0055,view,,1,14.43,2026-04-05T15:55:22Z,web
U0089,I0067,view,,1,77.25,2026-03-17T05:52:22Z,web
U0173,I0107,view,,1,14.01,2026-04-09T06:58:22Z,mobile
U0023,I0023,view,,1,51.99,2026-04-15T18:33:22Z,mobile
U0191,I0049,view,,1,10.95,2026-02-16T23:57:22Z,mobile
U0184,I0102,view,,1,45.37,2026-04-18T12:48:22Z,mobile
U0210,I0086,cart,,1,33.96,2026-02-06T11:24:22Z,mobile
U0019,I0068,cart,,1,16.18,2026-03-02T20:48:22Z,mobile
U0028,I0114,view,,1,33.44,2026-04-10T04:58:22Z,mobile
U0184,I0014,view,,1,30.5,2026-02-06T20:10:22Z,web
U0145,I0083,view,,1,17.83,2026-03-23T21:25:22Z,mobile
U0070,I0050,view,,1,15.33,2026-02-08T14:00:22Z,mobile
U0076,I0108,view,,1,101.53,2026-02-02T01:19:22Z,mobile
U0058,I0037,view,,1,17.51,2026-03-31T18:06:22Z,web
U0028,I0041,view,,1,35.48,2026-02-25T06:58:22Z,web
U0081,I0046,rating,5.0,1,32.06,2026-03-15T02:59:22Z,mobile
U0097,I0045,view,,1,27.1,2026-04-02T15:14:22Z,mobile
U0189,I0093,view,,1,35.82,2026-03-07T06:56:22Z,web
U0049,I0120,view,,1,26.42,2026-04-08T11:35:22Z,web
U0206,I0036,purchase,,1,74.72,2026-03-31T10:33:22Z,mobile
U0236,I0060,view,,1,48.07,2026-02-12T23:29:22Z,mobile
U0143,I0114,view,,1,33.44,2026-03-15T08:23:22Z,mobile
U0107,I0004,view,,1,24.4,2026-04-03T23:54:22Z,web
U0028,I0009,purchase,,2,26.36,2026-03-29T03:15:22Z,mobile
U0069,I0114,cart,,1,33.44,2026-02-23T10:22:22Z,web
U0016,I0038,view,,1,23.01,2026-03-17T14:45:22Z,web
U0227,I0067,cart,,1,77.25,2026-02-14T10:16:22Z,web
U0130,I0051,cart,,1,24.93,2026-02-01T09:28:22Z,web
U0123,I0028,view,,1,23.83,2026-03-29T20:13:22Z,web
U0064,I0018,view,,1,34.0,2026-02-22T10:16:22Z,mobile
U0091,I0055,view,,1,14.43,2026-04-16T17:46:22Z,web
U0151,I0089,view,,1,40.79,2026-03-12T10:10:22Z,mobile
U0227,I0028,view,,1,23.83,2026-04-26T00:17:22Z,web
U0144,I0063,view,,1,17.91,2026-03-23T08:30:22Z,web
U0084,I0102,view,,1,45.37,2026-04-29T11:40:22Z,mobile
U0066,I0090,view,,1,12.85,2026-03-28T16:51:22Z,mobile
U0197,I0096,view,,1,36.87,2026-03-25T16:45:22Z,web
U0212,I0043,view,,1,34.18,2026-04-18T17:12:22Z,web
U0038,I0077,view,,1,43.74,2026-03-18T17:03:22Z,web
U0175,I0023,cart,,1,51.99,2026-02-13T01:49:22Z,web
U0189,I0093,rating,1.0,1,35.82,2026-02-21T21:55:22Z,mobile
U0152,I0096,view,,1,36.87,2026-03-31T23:19:22Z,mobile
U0075,I0025,purchase,,1,15.52,2026-03-17T16:58:22Z,mobile
U0203,I0003,cart,,1,12.56,2026-03-30T09:37:22Z,mobile
U0236,I0026,view,,1,13.5,2026-04-08T15:07:22Z,mobile
U0131,I0005,view,,1,20.52,2026-04-18T16:59:22Z,mobile
U0223,I0066,view,,1,22.7,2026-03-02T13:22:22Z,mobile
U0213,I0036,cart,,1,74.72,2026-02-16T18:03:22Z,mobile
U0098,I0106,view,,1,26.93,2026-03-12T10:18:22Z,web
U0112,I0078,view,,1,41.4,2026-03-31T10:20:22Z,web
U0239,I0100,cart,,1,54.26,2026-04-09T22:55:22Z,mobile
U0207,I0004,view,,1,24.4,2026-04-23T12:14:22Z,mobile
U0206,I0036,cart,,1,74.72,2026-02-06T22:14:22Z,web
U0103,I0052,purchase,,1,30.37,2026-02-17T18:55:22Z,mobile
U0022,I0098,rating,2.0,1,35.06,2026-04-29T05:17:22Z,mobile
U0130,I0059,view,,1,24.91,2026-03-30T02:08:22Z,web
U0014,I0112,purchase,,1,53.68,2026-03-24T08:19:22Z,mobile
U0034,I0078,purchase,,1,41.4,2026-01-31T22:53:22Z,web
U0173,I0113,view,,1,36.16,2026-04-07T02:32:22Z,web
U0180,I0036,view,,1,74.72,2026-02-03T19:03:22Z,mobile
U0080,I0051,view,,1,24.93,2026-02-04T01:45:22Z,web
U0055,I0021,rating,4.0,1,19.0,2026-04-30T21:18:22Z,mobile
U0116,I0074,view,,1,19.52,2026-03-07T16:00:22Z,mobile
U0052,I0078,purchase,,1,41.4,2026-02-24T16:59:22Z,web
U0048,I0087,view,,1,58.68,2026-04-12T06:51:22Z,mobile
U0120,I0027,view,,1,58.32,2026-02-11T04:56:22Z,web
U0226,I0040,purchase,,1,56.71,2026-02-10T15:48:22Z,web
U0228,I0114,view,,1,33.44,2026-04-01T21:05:22Z,web
U0140,I0055,purchase,,1,14.43,2026-03-14T03:57:22Z,mobile
U0027,I0047,rating,4.0,1,36.67,2026-02-11T10:04:22Z,web
U0150,I0117,view,,1,42.8,2026-04-20T15:51:22Z,web
U0109,I0077,view,,1,43.74,2026-02-25T07:31:22Z,mobile
U0041,I0085,cart,,1,64.61,2026-04-19T03:55:22Z,mobile
U0217,I0006,view,,1,21.38,2026-02-14T09:05:22Z,mobile
U0231,I0057,cart,,1,46.42,2026-03-26T11:28:22Z,mobile
U0048,I0057,cart,,1,46.42,2026-03-01T20:50:22Z,web
U0189,I0094,view,,1,20.46,2026-03-09T04:59:22Z,web
U0225,I0099,cart,,1,19.36,2026-04-07T13:31:22Z,mobile
U0133,I0035,purchase,,2,26.96,2026-03-06T18:15:22Z,mobile
U0201,I0074,rating,4.0,1,19.52,2026-02-11T23:16:22Z,mobile
U0185,I0091,view,,1,42.99,2026-01-31T18:12:22Z,web
U0003,I0019,rating,4.0,1,35.63,2026-04-25T22:33:22Z,web
U0087,I0049,view,,1,10.95,2026-03-21T10:41:22Z,web
U0066,I0065,purchase,,1,45.15,2026-03-30T06:58:22Z,mobile
U0052,I0005,view,,1,20.52,2026-03-16T22:35:22Z,mobile
U0098,I0084,view,,1,27.83,2026-04-30T10:23:22Z,web
U0210,I0073,cart,,1,25.28,2026-04-21T13:40:22Z,mobile
U0094,I0005,view,,1,20.52,2026-02-19T18:07:22Z,web
U0157,I0007,view,,1,50.51,2026-03-15T14:53:22Z,mobile
U0115,I0047,view,,1,36.67,2026-03-14T09:47:22Z,web
U0080,I0088,view,,1,30.05,2026-04-29T18:38:22Z,web
U0112,I0097,cart,,1,42.6,2026-04-04T00:45:22Z,web
U0189,I0028,rating,4.0,1,23.83,2026-03-05T23:57:22Z,mobile
U0080,I0093,purchase,,1,35.82,2026-04-03T02:37:22Z,mobile
U0102,I0019,view,,1,35.63,2026-02-03T12:54:22Z,web
U0130,I0091,view,,1,42.99,2026-02-07T18:21:22Z,web
U0079,I0078,view,,1,41.4,2026-04-12T23:13:22Z,web
U0084,I0104,rating,5.0,1,41.88,2026-02-19T10:09:22Z,web
U0194,I0031,purchase,,1,6.52,2026-02-20T00:18:22Z,mobile
U0097,I0071,view,,1,31.77,2026-02-05T21:56:22Z,mobile
U0077,I0051,view,,1,24.93,2026-02-07T02:17:22Z,web
U0128,I0090,cart,,1,12.85,2026-03-07T09:15:22Z,web
U0054,I0005,view,,1,20.52,2026-02-22T10:24:22Z,mobile
U0178,I0110,view,,1,26.64,2026-03-20T05:18:22Z,web
U0058,I0106,view,,1,26.93,2026-04-11T02:57:22Z,mobile
U0002,I0114,cart,,1,33.44,2026-04-30T20:35:22Z,mobile
U0209,I0073,view,,1,25.28,2026-04-05T11:10:22Z,web
U0165,I0033,view,,1,24.72,2026-02-03T00:24:22Z,web
U0174,I0056,view,,1,21.96,2026-04-22T18:22:22Z,web
U0003,I0033,view,,1,24.72,2026-04-29T03:06:22Z,mobile
U0055,I0091,view,,1,42.99,2026-02-28T02:29:22Z,mobile
U0136,I0099,view,,1,19.36,2026-04-25T03:01:22Z,web
U0191,I0035,view,,1,26.96,2026-02-09T23:27:22Z,mobile
U0141,I0015,view,,1,19.27,2026-04-24T17:43:22Z,web
U0013,I0009,purchase,,3,26.36,2026-04-26T17:44:22Z,mobile
U0141,I0095,view,,1,11.84,2026-03-09T12:17:22Z,web
U0194,I0046,purchase,,2,32.06,2026-04-19T20:41:22Z,web
U0214,I0037,view,,1,17.51,2026-03-11T23:19:22Z,web
U0181,I0038,cart,,1,23.01,2026-03-06T23:30:22Z,mobile
U0191,I0004,view,,1,24.4,2026-02-09T18:41:22Z,web
U0178,I0047,cart,,1,36.67,2026-04-04T08:30:22Z,web
U0022,I0076,view,,1,36.2,2026-05-01T11:38:22Z,mobile
U0111,I0003,view,,1,12.56,2026-03-17T17:09:22Z,mobile
U0027,I0029,view,,1,83.41,2026-04-04T11:45:22Z,web
U0105,I0056,view,,1,21.96,2026-02-20T03:23:22Z,mobile
U0084,I0116,view,,1,59.11,2026-02-19T20:15:22Z,mobile
U0222,I0063,purchase,,1,17.91,2026-04-24T13:27:22Z,mobile
U0197,I0016,purchase,,2,41.84,2026-05-01T10:48:22Z,mobile
U0205,I0074,view,,1,19.52,2026-04-24T21:58:22Z,mobile
U0172,I0074,view,,1,19.52,2026-04-20T22:18:22Z,mobile
U0128,I0026,view,,1,13.5,2026-04-12T14:15:22Z,web
U0007,I0076,view,,1,36.2,2026-02-08T00:51:22Z,web
U0062,I0104,cart,,1,41.88,2026-02-24T10:18:22Z,mobile
U0067,I0047,view,,1,36.67,2026-04-18T22:17:22Z,mobile
U0206,I0006,cart,,1,21.38,2026-04-02T03:04:22Z,mobile
U0203,I0044,view,,1,16.15,2026-02-11T00:46:22Z,mobile
U0101,I0108,view,,1,101.53,2026-05-01T16:21:22Z,web
U0229,I0053,view,,1,18.65,2026-03-31T22:29:22Z,web
U0149,I0069,view,,1,41.22,2026-04-28T03:21:22Z,mobile
U0069,I0044,view,,1,16.15,2026-03-29T00:58:22Z,web
U0118,I0063,view,,1,17.91,2026-05-01T06:09:22Z,web
U0052,I0081,view,,1,60.65,2026-02-07T09:01:22Z,mobile
U0101,I0054,cart,,1,35.21,2026-03-08T06:21:22Z,mobile
U0117,I0109,view,,1,70.56,2026-04-28T09:22:22Z,web
U0060,I0091,view,,1,42.99,2026-02-20T19:40:22Z,mobile
U0193,I0008,purchase,,1,36.94,2026-04-09T12:53:22Z,mobile
U0146,I0053,view,,1,18.65,2026-02-03T16:20:22Z,mobile
U0178,I0028,cart,,1,23.83,2026-03-09T19:37:22Z,web
U0117,I0020,purchase,,1,27.33,2026-04-09T00:40:22Z,web
U0204,I0078,view,,1,41.4,2026-02-16T03:07:22Z,mobile
U0213,I0022,view,,1,23.73,2026-03-16T03:22:22Z,mobile
U0088,I0057,cart,,1,46.42,2026-04-03T04:30:22Z,mobile
U0098,I0088,view,,1,30.05,2026-02-21T09:20:22Z,web
U0190,I0058,view,,1,18.03,2026-03-29T03:15:22Z,mobile
U0133,I0013,view,,1,28.54,2026-01-31T19:44:22Z,mobile
U0230,I0095,cart,,1,11.84,2026-04-17T08:41:22Z,mobile
U0096,I0103,purchase,,1,51.23,2026-02-01T19:09:22Z,mobile
U0130,I0097,view,,1,42.6,2026-03-14T11:54:22Z,web
U0039,I0063,purchase,,3,17.91,2026-03-19T06:11:22Z,mobile
U0198,I0098,purchase,,3,35.06,2026-03-15T09:19:22Z,mobile
U0209,I0018,view,,1,34.0,2026-03-21T15:42:22Z,mobile
U0176,I0076,cart,,1,36.2,2026-04-28T09:18:22Z,mobile
U0167,I0116,view,,1,59.11,2026-04-15T10:07:22Z,mobile
U0119,I0001,rating,4.0,1,31.44,2026-04-20T05:40:22Z,mobile
U0110,I0106,view,,1,26.93,2026-02-23T01:11:22Z,mobile
U0168,I0036,view,,1,74.72,2026-03-18T01:14:22Z,mobile
U0143,I0060,view,,1,48.07,2026-03-04T11:17:22Z,mobile
U0109,I0005,view,,1,20.52,2026-02-15T19:38:22Z,mobile
U0181,I0109,purchase,,1,70.56,2026-03-14T05:26:22Z,mobile
U0214,I0008,rating,4.0,1,36.94,2026-03-13T18:47:22Z,mobile
U0033,I0040,view,,1,56.71,2026-03-22T15:05:22Z,mobile
U0136,I0036,view,,1,74.72,2026-02-11T19:09:22Z,web
U0225,I0047,view,,1,36.67,2026-05-01T01:40:22Z,mobile
U0017,I0095,view,,1,11.84,2026-02-13T02:06:22Z,mobile
U0186,I0089,view,,1,40.79,2026-04-27T02:15:22Z,web
U0162,I0080,view,,1,16.0,2026-02-11T04:27:22Z,mobile
U0117,I0005,view,,1,20.52,2026-03-07T04:10:22Z,web
U0089,I0097,cart,,1,42.6,2026-04-05T01:13:22Z,mobile
U0084,I0047,purchase,,1,36.67,2026-03-06T09:38:22Z,mobile
U0091,I0050,purchase,,1,15.33,2026-02-01T19:31:22Z,web
U0081,I0112,view,,1,53.68,2026-02-12T14:23:22Z,web
U0207,I0057,view,,1,46.42,2026-04-17T01:00:22Z,mobile
U0060,I0096,cart,,1,36.87,2026-03-16T21:43:22Z,web
U0166,I0081,view,,1,60.65,2026-03-12T19:52:22Z,web
U0219,I0037,cart,,1,17.51,2026-04-30T03:02:22Z,mobile
U0066,I0042,view,,1,34.64,2026-03-24T19:14:22Z,mobile
U0149,I0090,view,,1,12.85,2026-03-30T06:31:22Z,web
U0234,I0090,cart,,1,12.85,2026-04-29T00:39:22Z,mobile
U0175,I0030,purchase,,2,19.11,2026-04-28T20:58:22Z,mobile
U0132,I0002,view,,1,22.56,2026-04-11T16:26:22Z,mobile
U0140,I0053,view,,1,18.65,2026-03-29T16:47:22Z,web
U0222,I0017,purchase,,2,25.29,2026-04-26T10:14:22Z,mobile
U0133,I0116,view,,1,59.11,2026-04-02T22:54:22Z,web
U0217,I0074,view,,1,19.52,2026-04-13T13:23:22Z,web
U0218,I0039,purchase,,1,14.55,2026-04-23T21:15:22Z,mobile
U0229,I0102,purchase,,1,45.37,2026-03-17T13:19:22Z,web
U0061,I0058,purchase,,1,18.03,2026-04-21T22:14:22Z,mobile
U0011,I0064,purchase,,1,28.05,2026-02-01T09:05:22Z,web
U0067,I0102,cart,,1,45.37,2026-04-27T18:41:22Z,mobile
U0048,I0077,cart,,1,43.74,2026-02-01T21:53:22Z,web
U0221,I0083,view,,1,17.83,2026-02-16T10:11:22Z,mobile
U0094,I0058,purchase,,1,18.03,2026-04-03T10:37:22Z,web
U0224,I0109,view,,1,70.56,2026-03-19T11:21:22Z,web
U0172,I0071,view,,1,31.77,2026-04-06T04:57:22Z,web
U0038,I0106,view,,1,26.93,2026-03-06T09:16:22Z,mobile
U0130,I0083,purchase,,1,17.83,2026-03-06T00:21:22Z,web
U0155,I0088,cart,,1,30.05,2026-03-20T12:13:22Z,mobile
U0033,I0095,view,,1,11.84,2026-03-06T15:55:22Z,mobile
U0190,I0035,rating,2.0,1,26.96,2026-03-14T02:24:22Z,web
U0082,I0096,view,,1,36.87,2026-02-07T15:36:22Z,web
U0203,I0096,cart,,1,36.87,2026-04-18T06:25:22Z,web
U0031,I0096,cart,,1,36.87,2026-02-06T02:27:22Z,web
U0030,I0098,cart,,1,35.06,2026-04-03T14:12:22Z,web
U0186,I0094,cart,,1,20.46,2026-02-20T04:39:22Z,web
U0210,I0052,view,,1,30.37,2026-02-06T02:38:22Z,web
U0168,I0090,view,,1,12.85,2026-03-16T13:53:22Z,web
U0238,I0108,cart,,1,101.53,2026-02-15T14:47:22Z,web
U0102,I0053,view,,1,18.65,2026-03-02T17:35:22Z,mobile
U0186,I0075,view,,1,25.5,2026-04-04T19:24:22Z,web
U0091,I0104,cart,,1,41.88,2026-02-25T05:00:22Z,web
U0173,I0078,rating,3.0,1,41.4,2026-04-21T11:38:22Z,mobile
U0122,I0024,view,,1,24.65,2026-04-07T13:48:22Z,web
U0223,I0011,rating,4.0,1,15.55,2026-03-27T04:49:22Z,mobile
U0167,I0039,view,,1,14.55,2026-02-03T09:33:22Z,mobile
U0033,I0094,view,,1,20.46,2026-03-06T03:56:22Z,web
U0161,I0087,view,,1,58.68,2026-02-19T04:36:22Z,web
U0124,I0008,cart,,1,36.94,2026-02-12T22:35:22Z,mobile
U0180,I0097,cart,,1,42.6,2026-02-23T09:25:22Z,mobile
U0235,I0120,rating,3.0,1,26.42,2026-02-11T17:03:22Z,mobile
U0176,I0035,cart,,1,26.96,2026-02-07T01:33:22Z,web
U0181,I0042,view,,1,34.64,2026-03-28T17:40:22Z,web
U0187,I0018,purchase,,2,34.0,2026-04-01T08:59:22Z,mobile
U0016,I0090,view,,1,12.85,2026-04-08T02:35:22Z,mobile
U0103,I0062,cart,,1,23.59,2026-02-27T06:56:22Z,web
U0035,I0116,rating,5.0,1,59.11,2026-04-23T08:54:22Z,mobile
U0121,I0016,purchase,,1,41.84,2026-03-26T20:08:22Z,web
U0122,I0083,view,,1,17.83,2026-02-06T12:29:22Z,mobile
U0104,I0043,view,,1,34.18,2026-02-03T23:16:22Z,mobile
U0078,I0109,rating,3.0,1,70.56,2026-04-28T13:30:22Z,web
U0067,I0109,rating,3.0,1,70.56,2026-04-24T16:01:22Z,web
U0091,I0006,view,,1,21.38,2026-02-25T08:57:22Z,mobile
U0209,I0101,view,,1,48.0,2026-04-22T01:08:22Z,web
U0234,I0058,rating,5.0,1,18.03,2026-03-21T15:33:22Z,web
U0179,I0099,view,,1,19.36,2026-03-25T17:23:22Z,mobile
U0196,I0041,purchase,,1,35.48,2026-02-26T17:43:22Z,mobile
U0146,I0102,cart,,1,45.37,2026-03-31T10:53:22Z,mobile
U0081,I0012,cart,,1,67.3,2026-03-26T23:59:22Z,web
U0091,I0070,view,,1,26.73,2026-04-19T19:35:22Z,web
U0166,I0120,view,,1,26.42,2026-04-26T05:59:22Z,web
U0076,I0082,cart,,1,27.22,2026-04-30T13:01:22Z,mobile
U0003,I0072,view,,1,21.99,2026-02-08T06:47:22Z,mobile
U0137,I0080,purchase,,3,16.0,2026-03-31T18:53:22Z,web
U0010,I0024,rating,4.0,1,24.65,2026-02-23T01:41:22Z,web
U0238,I0092,rating,3.0,1,16.23,2026-03-15T00:10:22Z,web
U0237,I0098,view,,1,35.06,2026-04-24T04:07:22Z,web
U0061,I0044,view,,1,16.15,2026-03-21T22:44:22Z,web
U0169,I0075,view,,1,25.5,2026-03-30T04:13:22Z,web
U0163,I0066,view,,1,22.7,2026-04-08T07:22:22Z,web
U0232,I0119,view,,1,34.0,2026-02-06T07:04:22Z,mobile
U0107,I0021,rating,5.0,1,19.0,2026-04-15T01:18:22Z,mobile
U0009,I0078,cart,,1,41.4,2026-02-10T01:28:22Z,web
U0098,I0029,purchase,,1,83.41,2026-02-27T05:53:22Z,web
U0173,I0075,view,,1,25.5,2026-02-19T15:40:22Z,web
U0141,I0008,view,,1,36.94,2026-04-09T01:48:22Z,mobile
U0071,I0034,rating,2.0,1,32.38,2026-03-18T02:11:22Z,mobile
U0009,I0054,view,,1,35.21,2026-02-15T03:46:22Z,mobile
U0056,I0012,cart,,1,67.3,2026-04-16T23:36:22Z,web
U0147,I0081,view,,1,60.65,2026-04-09T07:42:22Z,web
U0047,I0067,purchase,,1,77.25,2026-04-15T09:53:22Z,mobile
U0019,I0107,purchase,,1,14.01,2026-02-14T03:50:22Z,mobile
U0120,I0067,cart,,1,77.25,2026-02-16T15:48:22Z,mobile
U0069,I0034,view,,1,32.38,2026-02-09T03:10:22Z,mobile
U0215,I0001,view,,1,31.44,2026-02-23T02:03:22Z,web
U0225,I0068,view,,1,16.18,2026-04-18T13:04:22Z,web
U0113,I0096,rating,2.0,1,36.87,2026-04-08T23:10:22Z,mobile
U0125,I0014,view,,1,30.5,2026-04-09T08:08:22Z,mobile
U0164,I0066,view,,1,22.7,2026-02-17T14:14:22Z,mobile
U0213,I0030,cart,,1,19.11,2026-03-17T11:57:22Z,web
U0103,I0088,view,,1,30.05,2026-02-08T16:39:22Z,web
U0033,I0104,purchase,,1,41.88,2026-03-25T10:23:22Z,web
U0039,I0108,purchase,,1,101.53,2026-02-19T20:02:22Z,mobile
U0139,I0002,view,,1,22.56,2026-02-04T08:06:22Z,web
U0016,I0047,view,,1,36.67,2026-03-08T08:11:22Z,web
U0215,I0093,cart,,1,35.82,2026-03-14T17:42:22Z,mobile
U0162,I0038,view,,1,23.01,2026-03-19T20:04:22Z,web
U0121,I0033,view,,1,24.72,2026-02-16T09:40:22Z,web
U0041,I0085,view,,1,64.61,2026-02-27T01:38:22Z,mobile
U0067,I0080,view,,1,16.0,2026-03-04T10:16:22Z,web
U0135,I0054,rating,4.0,1,35.21,2026-03-03T23:11:22Z,mobile
U0155,I0093,rating,4.0,1,35.82,2026-03-02T02:27:22Z,web
U0213,I0070,cart,,1,26.73,2026-04-02T05:57:22Z,mobile
U0164,I0066,view,,1,22.7,2026-04-17T16:34:22Z,mobile
U0148,I0103,cart,,1,51.23,2026-04-20T10:28:22Z,mobile
U0058,I0089,rating,5.0,1,40.79,2026-03-18T17:53:22Z,mobile
U0107,I0079,rating,5.0,1,55.92,2026-04-02T03:26:22Z,web
U0149,I0024,view,,1,24.65,2026-04-14T20:15:22Z,web
U0180,I0038,view,,1,23.01,2026-04-20T23:59:22Z,web
U0138,I0014,rating,5.0,1,30.5,2026-03-17T12:47:22Z,mobile
U0140,I0078,purchase,,1,41.4,2026-02-10T06:51:22Z,web
U0193,I0015,view,,1,19.27,2026-04-03T08:26:22Z,mobile
U0073,I0011,view,,1,15.55,2026-03-18T01:38:22Z,web
U0194,I0084,view,,1,27.83,2026-02-18T09:16:22Z,mobile
U0095,I0006,view,,1,21.38,2026-02-01T15:50:22Z,web
U0232,I0108,purchase,,1,101.53,2026-04-17T21:48:22Z,mobile
U0085,I0057,view,,1,46.42,2026-03-07T04:06:22Z,web
U0112,I0109,rating,3.0,1,70.56,2026-03-03T13:52:22Z,web
U0187,I0086,view,,1,33.96,2026-02-22T08:38:22Z,web
U0060,I0005,view,,1,20.52,2026-02-12T04:47:22Z,web
U0019,I0102,view,,1,45.37,2026-02-27T14:14:22Z,mobile
U0211,I0062,view,,1,23.59,2026-02-19T17:23:22Z,web
U0006,I0026,purchase,,1,13.5,2026-04-04T20:31:22Z,mobile
U0213,I0018,rating,4.0,1,34.0,2026-02-28T04:43:22Z,web
U0007,I0020,purchase,,1,27.33,2026-03-02T22:48:22Z,web
U0035,I0006,view,,1,21.38,2026-02-19T10:07:22Z,web
U0041,I0108,rating,5.0,1,101.53,2026-02-20T23:54:22Z,mobile
U0174,I0033,purchase,,1,24.72,2026-03-18T16:36:22Z,web
U0041,I0016,view,,1,41.84,2026-03-07T12:05:22Z,web
U0158,I0013,rating,4.0,1,28.54,2026-02-10T23:57:22Z,web
U0053,I0102,view,,1,45.37,2026-04-01T08:49:22Z,web
U0108,I0111,purchase,,2,114.52,2026-02-06T21:16:22Z,mobile
U0082,I0046,rating,4.0,1,32.06,2026-03-03T18:35:22Z,web
U0136,I0084,view,,1,27.83,2026-02-05T14:21:22Z,mobile
U0214,I0075,view,,1,25.5,2026-04-23T11:51:22Z,web
U0174,I0007,purchase,,1,50.51,2026-03-27T11:03:22Z,web
U0001,I0091,view,,1,42.99,2026-03-22T05:12:22Z,web
U0195,I0037,view,,1,17.51,2026-02-23T16:19:22Z,web
U0186,I0100,cart,,1,54.26,2026-02-14T02:45:22Z,web
U0089,I0030,cart,,1,19.11,2026-02-10T18:18:22Z,mobile
U0036,I0030,rating,5.0,1,19.11,2026-04-27T15:12:22Z,web
U0035,I0093,cart,,1,35.82,2026-03-11T12:27:22Z,web
U0076,I0092,cart,,1,16.23,2026-04-23T06:33:22Z,mobile
U0072,I0077,view,,1,43.74,2026-04-30T21:49:22Z,mobile
U0071,I0041,view,,1,35.48,2026-02-02T10:18:22Z,mobile
U0192,I0085,view,,1,64.61,2026-04-25T08:50:22Z,web
U0077,I0039,view,,1,14.55,2026-04-09T22:43:22Z,web
U0221,I0024,purchase,,1,24.65,2026-04-30T18:35:22Z,web
U0061,I0001,rating,4.0,1,31.44,2026-02-20T05:06:22Z,mobile
U0093,I0029,purchase,,2,83.41,2026-02-25T06:33:22Z,web
U0146,I0073,view,,1,25.28,2026-02-19T22:13:22Z,web
U0009,I0039,cart,,1,14.55,2026-04-15T05:06:22Z,mobile
U0023,I0022,view,,1,23.73,2026-02-01T08:03:22Z,mobile
U0009,I0090,view,,1,12.85,2026-04-27T18:32:22Z,mobile
U0089,I0036,view,,1,74.72,2026-04-07T01:06:22Z,mobile
U0064,I0004,view,,1,24.4,2026-02-09T03:43:22Z,mobile
U0021,I0032,cart,,1,68.88,2026-02-07T23:41:22Z,web
U0235,I0013,view,,1,28.54,2026-04-27T06:34:22Z,web
U0110,I0010,rating,3.0,1,50.12,2026-03-31T11:56:22Z,mobile
U0066,I0067,view,,1,77.25,2026-02-02T03:38:22Z,web
U0045,I0068,view,,1,16.18,2026-04-10T03:40:22Z,web
U0057,I0064,purchase,,1,28.05,2026-03-13T22:54:22Z,web
U0124,I0090,cart,,1,12.85,2026-02-23T00:57:22Z,mobile
U0052,I0026,view,,1,13.5,2026-03-14T21:42:22Z,web
U0066,I0067,view,,1,77.25,2026-04-25T15:55:22Z,web
U0098,I0110,view,,1,26.64,2026-03-12T00:41:22Z,mobile
U0220,I0120,view,,1,26.42,2026-02-07T07:49:22Z,web
U0213,I0090,purchase,,1,12.85,2026-02-11T06:29:22Z,mobile
U0109,I0081,purchase,,2,60.65,2026-04-22T15:51:22Z,mobile
U0226,I0111,view,,1,114.52,2026-03-10T15:22:22Z,web
U0038,I0110,rating,5.0,1,26.64,2026-03-27T11:42:22Z,mobile
U0115,I0070,cart,,1,26.73,2026-03-08T20:23:22Z,web
U0177,I0027,view,,1,58.32,2026-02-11T15:16:22Z,mobile
U0045,I0108,cart,,1,101.53,2026-04-04T09:28:22Z,web
U0040,I0045,view,,1,27.1,2026-04-26T04:01:22Z,mobile
U0067,I0005,rating,2.0,1,20.52,2026-02-18T07:12:22Z,web
U0029,I0009,view,,1,26.36,2026-02-11T06:09:22Z,mobile
U0065,I0097,view,,1,42.6,2026-03-25T15:36:22Z,mobile
U0092,I0027,cart,,1,58.32,2026-05-01T01:37:22Z,web
U0175,I0034,view,,1,32.38,2026-04-06T16:30:22Z,mobile
U0224,I0001,purchase,,1,31.44,2026-03-15T05:36:22Z,mobile
U0012,I0047,cart,,1,36.67,2026-03-07T12:20:22Z,web
U0228,I0073,view,,1,25.28,2026-04-03T09:35:22Z,web
