user_id,item_id,event_type,rating,quantity,price,event_ts,channel
U0029,I0009,view,,1,26.36,2026-02-12T15:03:22Z,mobile
U0065,I0097,view,,1,42.6,2026-03-27T00:30:22Z,mobile
U0092,I0027,cart,,1,58.32,2026-05-02T10:31:22Z,web
U0175,I0034,view,,1,32.38,bad_timestamp,mobile
U0224,I0001,purchase,,1,31.44,2026-03-16T14:30:22Z,mobile
U0012,I0047,cart,,1,36.67,2026-03-08T21:14:22Z,web
U0228,I0073,view,,1,25.28,2026-04-04T18:29:22Z,web
U0215,I0072,view,,1,21.99,2026-03-17T11:52:22Z,mobile
U0104,I0066,rating,4.0,1,-5.0,2026-03-10T11:38:22Z,web
U0124,I0009,rating,5.0,1,26.36,2026-02-10T08:18:22Z,mobile
U0096,I0075,rating,2.0,1,25.5,2026-03-31T03:02:22Z,web
U0059,I0071,view,,1,31.77,2026-02-24T20:23:22Z,web
U0138,I0107,view,,1,14.01,2026-04-25T08:02:22Z,mobile
U0104,I0095,cart,,1,11.84,2026-03-25T14:48:22Z,web
U0049,I0102,view,,1,45.37,2026-03-26T11:21:22Z,web
U0047,I0112,view,,1,53.68,2026-04-18T06:22:22Z,mobile
U0005,I0050,view,,1,15.33,2026-04-26T16:03:22Z,web
U0178,I0011,view,,1,15.55,2026-04-13T20:58:22Z,mobile
U0021,I0006,view,,1,21.38,2026-04-01T19:15:22Z,mobile
U0210,I0061,view,,1,17.75,2026-03-20T19:23:22Z,web
U0222,I0008,view,,1,36.94,2026-04-07T22:48:22Z,mobile
U0161,I0072,purchase,,2,21.99,2026-02-11T18:49:22Z,mobile
U0070,I0019,rating,5.0,1,35.63,2026-04-09T18:53:22Z,web
U0090,I0058,view,,1,18.03,2026-03-17T20:54:22Z,mobile
U0019,I0032,cart,,1,68.88,2026-02-23T12:23:22Z,mobile
U0004,I0029,rating,5.0,1,83.41,2026-04-08T22:16:22Z,web
U0080,I0119,view,,1,34.0,2026-02-15T03:03:22Z,mobile
U0222,I0111,view,,1,114.52,2026-03-13T11:36:22Z,web
U0081,I0104,purchase,,1,41.88,2026-03-28T05:10:22Z,web
U0074,I0092,rating,3.0,1,16.23,2026-04-18T13:44:22Z,web
U0216,I0104,purchase,,1,41.88,2026-02-06T01:12:22Z,mobile
U0101,I0017,rating,1.0,1,25.29,2026-03-21T12:33:22Z,web
U0182,I0010,rating,2.0,1,50.12,2026-04-07T11:54:22Z,web
U0067,I0109,view,,1,70.56,2026-04-16T17:52:22Z,web
U0103,I0063,cart,,1,17.91,2026-03-05T20:10:22Z,mobile
U0093,I0082,cart,,1,27.22,2026-03-09T17:03:22Z,web
U0058,I0020,view,,1,27.33,2026-02-22T21:11:22Z,web
U0203,I0005,view,,1,20.52,2026-04-03T19:10:22Z,mobile
U0098,I0041,rating,4.0,1,35.48,2026-05-01T16:56:22Z,mobile
U0179,I0097,purchase,,1,42.6,2026-04-11T19:53:22Z,web
U0047,I0026,rating,4.0,1,13.5,2026-02-03T14:09:22Z,web
U0106,I0114,view,,1,33.44,2026-02-16T10:50:22Z,mobile
U0041,I0101,purchase,,1,48.0,2026-04-08T03:18:22Z,web
U0068,I0017,view,,1,25.29,2026-03-30T00:48:22Z,web
U0024,I0063,view,,1,17.91,2026-03-17T10:23:22Z,web
U0024,I0014,view,,1,30.5,2026-04-28T08:38:22Z,web
U0215,I0096,view,,1,36.87,2026-02-13T20:34:22Z,web
U0181,I0057,cart,,1,46.42,2026-04-06T03:21:22Z,mobile
U0070,I0052,view,,1,30.37,2026-04-21T00:20:22Z,mobile
U0085,I0017,rating,2.0,1,25.29,2026-03-26T15:45:22Z,mobile
U0076,I0019,purchase,,2,35.63,2026-04-08T00:36:22Z,mobile
U0050,I0101,cart,,1,48.0,2026-02-22T23:36:22Z,web
U0206,I0093,rating,4.0,1,35.82,2026-04-30T21:49:22Z,mobile
U0022,I0111,view,,1,114.52,2026-03-14T02:05:22Z,web
U0031,I0032,view,,1,68.88,2026-04-10T10:52:22Z,mobile
U0009,I0052,view,,1,30.37,2026-03-21T13:18:22Z,mobile
U0048,I0117,cart,,1,42.8,2026-02-04T00:30:22Z,web
U0191,I0033,rating,4.0,1,24.72,2026-04-27T19:59:22Z,mobile
U0015,I0070,rating,5.0,1,26.73,2026-02-24T22:44:22Z,web
U0126,I0023,purchase,,1,51.99,2026-02-17T02:34:22Z,mobile
U0006,I0117,purchase,,1,42.8,2026-02-19T21:45:22Z,mobile
U0175,I0022,view,,1,23.73,2026-03-26T07:35:22Z,web
U0100,I0068,view,,1,16.18,2026-03-23T00:32:22Z,web
U0116,I0063,cart,,1,17.91,2026-03-09T02:35:22Z,mobile
U0189,I0028,view,,1,23.83,2026-04-16T23:26:22Z,mobile
U0083,I0016,cart,,1,41.84,2026-02-02T08:19:22Z,mobile
U0013,I0062,cart,,1,23.59,2026-02-26T18:01:22Z,mobile
U0123,I0089,view,,1,40.79,2026-02-13T18:25:22Z,mobile
U0151,I0027,view,,1,58.32,2026-04-24T23:55:22Z,mobile
U0119,I0080,rating,4.0,1,16.0,2026-03-11T09:37:22Z,mobile
U0072,I0084,view,,1,27.83,2026-04-22T09:38:22Z,web
U0133,I0102,rating,4.0,1,45.37,2026-04-15T12:57:22Z,mobile
U0069,I0093,view,,1,35.82,2026-04-22T18:07:22Z,mobile
U0233,I0069,view,,1,41.22,2026-03-28T02:19:22Z,web
U0167,I0013,purchase,,1,28.54,2026-03-05T12:20:22Z,mobile
U0215,I0096,view,,1,36.87,2026-03-12T17:03:22Z,web
U0202,I0008,view,,1,36.94,2026-04-15T08:42:22Z,mobile
U0017,I0027,rating,4.0,1,58.32,2026-04-22T01:35:22Z,mobile
U0212,I0102,view,,1,45.37,2026-04-16T07:36:22Z,web
U0010,I0017,view,,1,25.29,2026-03-23T14:01:22Z,mobile
U0074,I0026,cart,,1,13.5,2026-03-16T05:40:22Z,web
U0157,I0020,view,,1,27.33,2026-04-20T12:51:22Z,mobile
U0108,I0031,cart,,1,6.52,2026-02-22T23:39:22Z,web
U0034,I0006,view,,1,21.38,2026-02-04T17:59:22Z,web
U0225,I0070,view,,1,26.73,2026-02-27T17:53:22Z,web
U0002,I0065,view,,1,45.15,2026-03-29T12:22:22Z,mobile
U0053,I0022,rating,1.0,1,23.73,2026-04-12T05:25:22Z,mobile
U0100,I0025,view,,1,15.52,2026-03-17T18:22:22Z,web
U0045,I0091,view,,1,42.99,2026-03-19T15:28:22Z,web
U0138,I0074,cart,,1,19.52,2026-04-27T15:09:22Z,mobile
U0006,I0017,view,,1,25.29,2026-04-23T23:36:22Z,mobile
U0178,I0100,view,,1,54.26,2026-03-22T03:22:22Z,web
U0073,I0110,view,,1,26.64,2026-04-06T09:26:22Z,mobile
U0178,I0040,cart,,1,56.71,2026-03-04T11:14:22Z,web
U0111,I0047,view,,1,36.67,2026-03-15T19:58:22Z,web
U0110,I0106,rating,4.0,1,26.93,2026-04-26T05:19:22Z,web
U0062,I0072,cart,,1,21.99,2026-02-25T23:07:22Z,mobile
U0138,I0019,view,,1,35.63,2026-03-04T03:56:22Z,web
U0174,I0040,purchase,,1,56.71,2026-04-19T16:27:22Z,mobile
U0179,I0081,rating,4.0,1,60.65,2026-02-07T15:34:22Z,web
U0113,I0097,rating,4.0,1,42.6,2026-02-11T00:05:22Z,web
U0085,I0054,cart,,1,35.21,2026-04-17T13:07:22Z,mobile
U0168,I0097,view,,1,42.6,2026-04-06T14:20:22Z,mobile
U0018,I0022,purchase,,1,23.73,2026-03-28T23:22:22Z,mobile
U0214,I0083,view,,1,17.83,2026-03-25T03:29:22Z,mobile
U0207,I0017,view,,1,25.29,2026-04-09T17:35:22Z,web
U0129,I0085,view,,1,64.61,2026-04-23T04:02:22Z,web
U0202,I0114,rating,5.0,1,33.44,2026-03-17T20:49:22Z,web
U0035,I0001,view,,1,31.44,2026-03-27T17:13:22Z,web
U0056,I0094,view,,1,20.46,2026-02-03T21:01:22Z,web
U0096,I0110,view,,1,26.64,2026-03-30T12:07:22Z,mobile
U0039,I0091,view,,1,42.99,2026-02-02T04:06:22Z,mobile
U0109,I0042,purchase,,1,34.64,2026-03-27T00:30:22Z,mobile
U0215,I0042,view,,1,34.64,2026-02-03T06:10:22Z,web
U0141,I0116,view,,1,59.11,2026-04-26T21:56:22Z,web
U0145,I0085,cart,,1,64.61,2026-03-02T23:15:22Z,mobile
U0018,I0001,view,,1,31.44,2026-03-22T20:59:22Z,web
U0160,I0078,view,,1,41.4,2026-04-21T06:52:22Z,mobile
U0115,I0042,view,,1,34.64,2026-04-27T16:56:22Z,mobile
U0167,I0120,view,,1,26.42,2026-03-06T20:51:22Z,web
U0126,I0072,rating,4.0,1,21.99,2026-04-02T07:10:22Z,mobile
U0225,I0044,view,,1,16.15,2026-04-14T21:11:22Z,web
U0157,I0098,view,,1,35.06,2026-02-03T09:50:22Z,mobile
U0093,I0070,cart,,1,26.73,2026-02-22T03:46:22Z,mobile
U0061,I0081,view,,1,60.65,2026-03-14T20:02:22Z,mobile
U0049,I0058,view,,1,18.03,2026-04-06T05:22:22Z,web
U0062,I0025,cart,,1,15.52,2026-02-24T09:20:22Z,web
U0029,I0080,view,,1,16.0,2026-04-16T01:45:22Z,web
U0120,I0093,purchase,,2,35.82,2026-03-27T01:04:22Z,mobile
U0179,I0051,view,,1,24.93,2026-02-05T03:44:22Z,web
U0194,I0069,view,,1,41.22,2026-03-22T04:50:22Z,mobile
U0030,I0104,rating,3.0,1,41.88,2026-03-27T22:05:22Z,mobile
U0022,I0069,view,,1,41.22,2026-03-26T21:37:22Z,web
U0220,I0110,view,,1,26.64,2026-03-07T08:47:22Z,web
U0045,I0020,rating,4.0,1,27.33,2026-04-19T16:10:22Z,web
U0083,I0077,view,,1,43.74,2026-03-29T14:00:22Z,web
U0062,I0116,view,,1,59.11,2026-04-18T21:12:22Z,mobile
U0091,I0003,cart,,1,12.56,2026-03-07T04:14:22Z,web
U0092,I0003,purchase,,1,12.56,2026-04-22T07:02:22Z,mobile
U0136,I0035,view,,1,26.96,2026-03-15T04:27:22Z,web
U0224,I0081,view,,1,60.65,2026-04-26T10:08:22Z,mobile
U0044,I0071,cart,,1,31.77,2026-02-26T21:00:22Z,mobile
U0134,I0017,view,,1,25.29,2026-02-14T03:24:22Z,web
U0021,I0036,purchase,,1,74.72,2026-04-25T06:03:22Z,mobile
U0076,I0062,cart,,1,23.59,2026-03-09T23:57:22Z,mobile
U0104,I0064,cart,,1,28.05,2026-02-09T10:55:22Z,mobile
U0222,I0044,purchase,,1,16.15,2026-03-10T20:23:22Z,mobile
U0178,I0113,rating,4.0,1,36.16,2026-04-21T08:11:22Z,mobile
U0239,I0017,cart,,1,25.29,2026-03-28T22:06:22Z,mobile
U0173,I0021,cart,,1,19.0,2026-04-22T13:14:22Z,web
U0100,I0074,cart,,1,19.52,2026-04-29T02:04:22Z,web
U0132,I0021,purchase,,1,19.0,2026-02-17T22:57:22Z,mobile
U0161,I0006,view,,1,21.38,2026-04-24T12:19:22Z,mobile
U0125,I0035,purchase,,1,26.96,2026-04-23T23:55:22Z,mobile
U0176,I0061,rating,4.0,1,17.75,2026-04-05T14:02:22Z,web
U0104,I0018,purchase,,1,34.0,2026-03-09T01:07:22Z,web
U0038,I0089,view,,1,40.79,2026-03-18T17:16:22Z,web
U0224,I0067,rating,3.0,1,77.25,2026-02-21T17:32:22Z,mobile
U0013,I0096,rating,5.0,1,36.87,2026-02-19T19:15:22Z,web
U0158,I0036,view,,1,74.72,2026-02-24T22:43:22Z,web
U0206,I0049,purchase,,1,10.95,2026-04-10T01:32:22Z,mobile
U0235,I0013,cart,,1,28.54,2026-04-11T05:22:22Z,web
U0138,I0014,rating,5.0,1,30.5,2026-02-09T15:52:22Z,mobile
U0074,I0065,view,,1,45.15,2026-04-01T12:48:22Z,web
U0152,I0018,view,,1,34.0,2026-04-28T04:34:22Z,web
U0059,I0115,rating,4.0,1,29.97,2026-02-05T17:02:22Z,mobile
U0212,I0014,view,,1,30.5,2026-04-08T10:00:22Z,web
U0146,I0120,view,,1,26.42,2026-03-07T02:44:22Z,web
U0021,I0068,cart,,1,16.18,2026-02-15T11:18:22Z,web
U0182,I0107,purchase,,2,14.01,2026-03-01T05:34:22Z,web
U0104,I0086,cart,,1,33.96,2026-04-19T22:34:22Z,mobile
U0142,I0086,purchase,,1,33.96,2026-04-14T22:16:22Z,web
U0012,I0096,rating,4.0,1,36.87,2026-02-04T08:05:22Z,mobile
U0094,I0066,cart,,1,22.7,2026-02-15T09:23:22Z,mobile
U0036,I0093,cart,,1,35.82,2026-02-17T15:49:22Z,web
U0150,I0029,view,,1,83.41,2026-02-05T13:31:22Z,web
U0128,I0080,cart,,1,16.0,2026-02-17T12:40:22Z,web
U0208,I0111,cart,,1,114.52,2026-03-15T10:16:22Z,web
U0215,I0042,rating,1.0,1,34.64,2026-04-23T14:15:22Z,web
U0239,I0045,rating,5.0,1,27.1,2026-02-23T15:55:22Z,mobile
U0124,I0058,purchase,,2,18.03,2026-02-24T08:43:22Z,web
U0147,I0003,view,,1,12.56,2026-02-26T12:09:22Z,mobile
U0034,I0104,view,,1,41.88,2026-04-20T12:07:22Z,mobile
U0052,I0096,rating,5.0,1,36.87,2026-03-29T09:25:22Z,mobile
U0040,I0064,view,,1,28.05,2026-04-22T20:29:22Z,mobile
U0093,I0044,view,,1,16.15,2026-02-12T18:38:22Z,mobile
U0125,I0014,view,,1,30.5,2026-02-09T22:59:22Z,mobile
U0223,I0038,purchase,,1,23.01,2026-02-13T01:40:22Z,mobile
U0130,I0011,cart,,1,15.55,2026-02-09T06:05:22Z,mobile
U0197,I0044,view,,1,16.15,2026-02-17T21:15:22Z,mobile
U0099,I0097,view,,1,42.6,2026-04-24T22:54:22Z,web
U0223,I0075,view,,1,25.5,2026-03-02T16:15:22Z,web
U0022,I0048,view,,1,22.53,2026-03-11T17:29:22Z,mobile
U0145,I0015,view,,1,19.27,2026-03-14T23:00:22Z,web
U0013,I0009,rating,1.0,1,26.36,2026-04-16T06:58:22Z,mobile
U0077,I0063,cart,,1,17.91,2026-04-24T21:07:22Z,web
U0188,I0031,purchase,,1,6.52,2026-03-15T04:04:22Z,mobile
U0187,I0062,rating,5.0,1,23.59,2026-03-20T23:58:22Z,web
U0134,I0065,view,,1,45.15,2026-02-25T00:27:22Z,web
U0054,I0029,rating,5.0,1,83.41,2026-04-24T23:36:22Z,mobile
U0191,I0111,view,,1,114.52,2026-04-05T05:29:22Z,web
U0237,I0076,view,,1,36.2,2026-03-18T10:59:22Z,mobile
U0072,I0040,view,,1,56.71,2026-02-10T07:44:22Z,mobile
U0131,I0076,cart,,1,36.2,2026-04-26T19:56:22Z,web
U0069,I0065,view,,1,45.15,2026-04-07T06:36:22Z,mobile
U0213,I0103,cart,,1,51.23,2026-04-27T06:09:22Z,web
U0045,I0114,view,,1,33.44,2026-02-15T05:21:22Z,web
U0081,I0006,cart,,1,21.38,2026-03-09T14:18:22Z,web
U0152,I0086,rating,5.0,1,33.96,2026-03-25T12:05:22Z,mobile
U0059,I0062,view,,1,23.59,2026-04-06T17:02:22Z,mobile
U0217,I0119,view,,1,34.0,2026-04-11T20:15:22Z,web
U0145,I0013,purchase,,1,28.54,2026-02-25T14:35:22Z,mobile
U0013,I0094,view,,1,20.46,2026-03-29T05:24:22Z,web
U0168,I0114,rating,4.0,1,33.44,2026-04-15T22:36:22Z,web
U0215,I0001,purchase,,2,31.44,2026-05-02T05:16:22Z,web
U0044,I0018,view,,1,34.0,2026-02-27T12:29:22Z,web
U0140,I0078,rating,3.0,1,41.4,2026-02-14T15:04:22Z,mobile
U0012,I0038,view,,1,23.01,2026-03-14T12:16:22Z,web
U0103,I0091,view,,1,42.99,2026-04-30T04:23:22Z,web
U0213,I0051,rating,4.0,1,24.93,2026-04-20T07:15:22Z,web
U0237,I0054,view,,1,35.21,2026-04-18T09:34:22Z,web
U0115,I0081,view,,1,60.65,2026-03-14T22:07:22Z,web
U0104,I0028,cart,,1,23.83,2026-02-08T11:31:22Z,web
U0184,I0010,cart,,1,50.12,2026-03-28T07:46:22Z,web
U0068,I0091,view,,1,42.99,2026-03-09T16:07:22Z,web
U0052,I0081,cart,,1,60.65,2026-02-28T13:24:22Z,mobile
U0238,I0099,view,,1,19.36,2026-04-09T16:37:22Z,web
U0028,I0023,rating,4.0,1,51.99,2026-03-12T19:05:22Z,mobile
U0216,I0024,view,,1,24.65,2026-04-29T01:12:22Z,web
U0111,I0058,view,,1,18.03,2026-04-18T00:04:22Z,mobile
U0237,I0018,view,,1,34.0,2026-04-07T17:09:22Z,mobile
U0118,I0026,cart,,1,13.5,2026-03-04T15:51:22Z,web
U0067,I0005,purchase,,1,20.52,2026-03-08T09:32:22Z,web
U0204,I0044,view,,1,16.15,2026-02-06T10:55:22Z,web
U0095,I0073,rating,4.0,1,25.28,2026-03-21T03:16:22Z,mobile
U0129,I0003,view,,1,12.56,2026-02-18T16:39:22Z,web
U0217,I0116,view,,1,59.11,2026-02-06T15:39:22Z,web
U0225,I0079,rating,3.0,1,55.92,2026-04-23T09:32:22Z,mobile
U0025,I0065,view,,1,45.15,2026-04-29T21:07:22Z,web
U0107,I0078,view,,1,41.4,2026-04-22T18:48:22Z,mobile
U0149,I0086,view,,1,33.96,2026-03-14T00:45:22Z,web
U0040,I0110,view,,1,26.64,2026-02-05T01:28:22Z,web
U0192,I0062,view,,1,23.59,2026-05-03T01:22:22Z,mobile
U0187,I0093,view,,1,35.82,2026-02-23T02:16:22Z,mobile
U0002,I0060,cart,,1,48.07,2026-02-06T04:08:22Z,mobile
U0108,I0059,cart,,1,24.91,2026-02-06T07:08:22Z,mobile
U0189,I0066,view,,1,22.7,2026-02-23T21:27:22Z,web
U0184,I0116,view,,1,59.11,2026-04-23T08:14:22Z,web
U0022,I0069,cart,,1,41.22,2026-02-22T12:22:22Z,web
U0234,I0109,purchase,,1,70.56,2026-03-04T08:48:22Z,web
U0208,I0100,view,,1,54.26,2026-04-29T19:47:22Z,mobile
U0141,I0110,view,,1,26.64,2026-04-03T02:34:22Z,mobile
U0163,I0100,view,,1,54.26,2026-04-20T07:56:22Z,mobile
U0027,I0031,view,,1,6.52,2026-04-30T07:12:22Z,mobile
U0006,I0058,cart,,1,18.03,2026-03-24T17:10:22Z,mobile
U0026,I0090,view,,1,12.85,2026-04-17T12:35:22Z,web
U0192,I0019,cart,,1,35.63,2026-02-05T06:51:22Z,mobile
U0013,I0058,view,,1,18.03,2026-02-10T14:56:22Z,web
U0235,I0013,view,,1,28.54,2026-04-07T00:00:22Z,mobile
U0100,I0048,view,,1,22.53,2026-03-06T17:09:22Z,web
U0125,I0072,rating,4.0,1,21.99,2026-04-27T19:29:22Z,web
U0198,I0014,view,,1,30.5,2026-02-22T07:24:22Z,web
U0068,I0088,purchase,,1,30.05,2026-04-14T11:38:22Z,mobile
U0028,I0023,cart,,1,51.99,2026-04-23T05:55:22Z,mobile
U0024,I0031,rating,3.0,1,6.52,2026-03-10T21:09:22Z,web
U0108,I0106,view,,1,26.93,2026-04-16T06:53:22Z,web
U0030,I0018,view,,1,34.0,2026-03-30T20:50:22Z,web
U0167,I0043,rating,4.0,1,34.18,2026-02-09T10:19:22Z,mobile
U0184,I0110,view,,1,26.64,2026-02-04T06:34:22Z,web
U0006,I0082,view,,1,27.22,2026-03-23T18:15:22Z,mobile
U0201,I0108,view,,1,101.53,2026-03-24T02:45:22Z,web
U0191,I0055,cart,,1,14.43,2026-03-01T21:01:22Z,mobile
U0191,I0049,view,,1,10.95,2026-03-15T14:37:22Z,mobile
U0198,I0007,view,,1,50.51,2026-02-11T22:21:22Z,web
U0011,I0075,view,,1,25.5,2026-03-13T09:45:22Z,mobile
U0087,I0086,view,,1,33.96,2026-04-10T19:02:22Z,web
U0023,I0087,view,,1,58.68,2026-02-26T20:49:22Z,mobile
U0215,I0003,view,,1,12.56,2026-04-13T00:29:22Z,web
U0025,I0106,view,,1,26.93,2026-02-22T21:59:22Z,mobile
U0119,I0025,cart,,1,15.52,2026-02-07T20:17:22Z,mobile
U0226,I0055,view,,1,14.43,2026-03-24T03:14:22Z,mobile
U0173,I0091,view,,1,42.99,2026-02-06T00:45:22Z,mobile
U0076,I0092,view,,1,16.23,2026-04-15T03:04:22Z,mobile
U0018,I0059,cart,,1,24.91,2026-03-06T23:15:22Z,web
U0108,I0069,view,,1,41.22,2026-02-13T12:09:22Z,mobile
U0077,I0003,view,,1,12.56,2026-04-28T08:08:22Z,web
U0079,I0046,view,,1,32.06,2026-05-02T13:56:22Z,mobile
U0063,I0058,view,,1,18.03,2026-02-21T15:52:22Z,web
U0063,I0009,purchase,,2,26.36,2026-04-14T16:29:22Z,mobile
U0028,I0114,purchase,,1,33.44,2026-02-17T23:57:22Z,mobile
U0202,I0052,view,,1,30.37,2026-04-30T17:54:22Z,web
U0195,I0100,view,,1,54.26,2026-04-05T11:44:22Z,web
U0106,I0015,purchase,,1,19.27,2026-03-29T06:57:22Z,web
U0070,I0004,view,,1,24.4,2026-03-03T01:33:22Z,mobile
U0197,I0030,view,,1,19.11,2026-04-03T03:16:22Z,mobile
U0141,I0024,rating,5.0,1,24.65,2026-03-20T05:37:22Z,web
U0231,I0021,view,,1,19.0,2026-04-04T09:32:22Z,web
U0185,I0019,view,,1,35.63,2026-02-21T15:14:22Z,mobile
U0087,I0037,view,,1,17.51,2026-04-24T00:17:22Z,web
U0044,I0053,view,,1,18.65,2026-03-06T11:56:22Z,web
U0068,I0094,view,,1,20.46,2026-03-28T05:36:22Z,web
U0085,I0083,rating,5.0,1,17.83,2026-02-16T10:16:22Z,mobile
U0138,I0102,view,,1,45.37,2026-04-17T01:01:22Z,mobile
U0167,I0107,view,,1,14.01,2026-04-14T19:36:22Z,web
U0085,I0026,view,,1,13.5,2026-03-14T12:41:22Z,web
U0209,I0092,view,,1,16.23,2026-04-14T13:48:22Z,mobile
U0181,I0002,cart,,1,22.56,2026-03-08T00:49:22Z,mobile
U0019,I0043,view,,1,34.18,2026-03-24T19:04:22Z,web
U0195,I0075,rating,5.0,1,25.5,2026-04-05T12:14:22Z,mobile
U0130,I0112,view,,1,53.68,2026-04-14T00:41:22Z,web
U0096,I0052,view,,1,30.37,2026-04-17T14:50:22Z,mobile
U0105,I0047,view,,1,36.67,2026-04-11T03:09:22Z,web
U0022,I0086,view,,1,33.96,2026-04-03T21:42:22Z,mobile
U0162,I0003,view,,1,12.56,2026-03-13T05:42:22Z,mobile
U0090,I0003,purchase,,1,12.56,2026-04-03T05:03:22Z,web
U0179,I0060,view,,1,48.07,2026-03-31T22:39:22Z,web
U0057,I0029,purchase,,1,83.41,2026-02-24T08:33:22Z,web
U0103,I0052,view,,1,30.37,2026-02-23T07:14:22Z,mobile
U0216,I0089,view,,1,40.79,2026-02-05T22:43:22Z,mobile
U0173,I0063,purchase,,3,17.91,2026-03-11T08:37:22Z,web
U0096,I0036,cart,,1,74.72,2026-03-29T17:55:22Z,web
U0151,I0106,view,,1,26.93,2026-03-27T03:46:22Z,mobile
U0206,I0112,cart,,1,53.68,2026-03-14T12:45:22Z,web
U0237,I0061,view,,1,17.75,2026-04-15T10:53:22Z,web
U0044,I0054,rating,4.0,1,35.21,2026-03-04T00:26:22Z,web
U0116,I0063,view,,1,17.91,2026-02-02T16:14:22Z,web
U0031,I0090,view,,1,12.85,2026-04-24T06:35:22Z,web
U0032,I0084,cart,,1,27.83,2026-04-22T03:34:22Z,web
U0070,I0095,view,,1,11.84,2026-03-29T11:38:22Z,web
U0219,I0008,view,,1,36.94,2026-04-21T04:20:22Z,mobile
U0075,I0054,view,,1,35.21,2026-03-08T03:22:22Z,mobile
U0218,I0116,cart,,1,59.11,2026-02-15T00:14:22Z,web
U0058,I0008,view,,1,36.94,2026-04-08T10:18:22Z,mobile
U0070,I0088,view,,1,30.05,2026-03-06T21:04:22Z,mobile
U0163,I0108,cart,,1,101.53,2026-04-01T02:34:22Z,mobile
U0073,I0115,view,,1,29.97,2026-04-16T09:23:22Z,web
U0173,I0013,view,,1,28.54,2026-04-20T15:31:22Z,mobile
U0052,I0070,purchase,,1,26.73,2026-02-03T11:45:22Z,mobile
U0042,I0030,view,,1,19.11,2026-04-11T13:12:22Z,web
U0156,I0056,view,,1,21.96,2026-03-17T20:04:22Z,web
U0012,I0077,view,,1,43.74,2026-03-06T02:31:22Z,web
U0011,I0083,view,,1,17.83,2026-04-24T18:27:22Z,mobile
U0116,I0052,view,,1,30.37,2026-03-08T02:24:22Z,mobile
U0072,I0118,rating,2.0,1,24.81,2026-04-04T11:32:22Z,web
U0068,I0021,cart,,1,19.0,2026-03-02T11:04:22Z,web
U0117,I0109,view,,1,70.56,2026-04-24T01:10:22Z,web
U0089,I0054,view,,1,35.21,2026-02-13T04:19:22Z,mobile
U0075,I0007,view,,1,50.51,2026-03-27T01:28:22Z,mobile
U0182,I0074,view,,1,19.52,2026-03-02T04:25:22Z,web
U0111,I0090,view,,1,12.85,2026-02-21T02:35:22Z,mobile
U0035,I0017,view,,1,25.29,2026-02-14T16:27:22Z,mobile
U0093,I0110,rating,4.0,1,26.64,2026-02-20T23:51:22Z,web
U0047,I0041,cart,,1,35.48,2026-03-17T00:51:22Z,mobile
U0087,I0046,cart,,1,32.06,2026-02-21T18:39:22Z,web
U0169,I0037,view,,1,17.51,2026-02-10T02:39:22Z,mobile
U0219,I0008,view,,1,36.94,2026-04-12T04:25:22Z,mobile
U0004,I0043,cart,,1,34.18,2026-03-09T02:25:22Z,web
U0071,I0065,view,,1,45.15,2026-04-10T23:49:22Z,web
U0152,I0050,view,,1,15.33,2026-03-23T16:56:22Z,web
U0032,I0018,view,,1,34.0,2026-03-20T14:02:22Z,mobile
U0099,I0093,view,,1,35.82,2026-04-03T02:26:22Z,web
U0039,I0090,view,,1,12.85,2026-03-30T14:14:22Z,mobile
U0030,I0072,purchase,,2,21.99,2026-04-09T18:25:22Z,mobile
U0090,I0029,cart,,1,83.41,2026-03-04T05:00:22Z,mobile
U0090,I0109,view,,1,70.56,2026-02-07T02:01:22Z,mobile
U0152,I0035,view,,1,26.96,2026-02-07T14:03:22Z,web
U0030,I0033,view,,1,24.72,2026-02-20T05:13:22Z,mobile
U0094,I0042,purchase,,1,34.64,2026-02-20T05:30:22Z,web
U0235,I0087,cart,,1,58.68,2026-02-05T23:16:22Z,web
U0172,I0013,view,,1,28.54,2026-03-07T23:59:22Z,mobile
U0166,I0006,purchase,,1,21.38,2026-03-30T14:48:22Z,mobile
U0123,I0110,view,,1,26.64,2026-04-15T13:57:22Z,mobile
U0194,I0006,view,,1,21.38,2026-03-12T19:48:22Z,web
U0085,I0088,purchase,,1,30.05,2026-04-17T04:29:22Z,mobile
U0179,I0065,view,,1,45.15,2026-05-01T00:03:22Z,mobile
U0197,I0044,view,,1,16.15,2026-03-27T17:12:22Z,mobile
U0039,I0025,view,,1,15.52,2026-02-20T11:08:22Z,web
U0083,I0029,view,,1,83.41,2026-02-10T06:11:22Z,mobile
U0111,I0093,view,,1,35.82,2026-02-08T09:25:22Z,mobile
U0122,I0024,view,,1,24.65,2026-04-08T19:28:22Z,web
U0136,I0059,rating,3.0,1,24.91,2026-03-24T02:03:22Z,web
U0071,I0041,purchase,,2,35.48,2026-04-27T01:34:22Z,web
U0172,I0072,cart,,1,21.99,2026-04-15T09:25:22Z,mobile
U0113,I0058,rating,5.0,1,18.03,2026-03-14T22:51:22Z,mobile
U0078,I0047,cart,,1,36.67,2026-04-21T23:14:22Z,web
U0025,I0099,view,,1,19.36,2026-03-09T11:21:22Z,mobile
U0059,I0103,view,,1,51.23,2026-03-06T13:01:22Z,web
U0137,I0096,cart,,1,36.87,2026-02-07T02:25:22Z,mobile
U0226,I0048,view,,1,22.53,2026-04-15T10:45:22Z,mobile
U0231,I0062,view,,1,23.59,2026-03-05T11:13:22Z,mobile
U0082,I0066,cart,,1,22.7,2026-04-30T09:30:22Z,mobile
U0175,I0111,view,,1,114.52,2026-04-30T14:52:22Z,web
U0183,I0035,view,,1,26.96,2026-03-01T11:19:22Z,mobile
U0014,I0044,view,,1,16.15,2026-03-05T20:30:22Z,web
U0171,I0023,view,,1,51.99,2026-03-04T20:16:22Z,mobile
U0076,I0092,purchase,,1,16.23,2026-02-11T16:41:22Z,web
U0180,I0049,rating,5.0,1,10.95,2026-04-11T10:20:22Z,web
U0168,I0099,cart,,1,19.36,2026-03-03T05:29:22Z,mobile
U0150,I0101,purchase,,3,48.0,2026-02-04T01:57:22Z,mobile
U0183,I0085,view,,1,64.61,2026-02-22T01:06:22Z,web
U0233,I0098,cart,,1,35.06,2026-02-24T01:28:22Z,web
U0151,I0094,cart,,1,20.46,2026-02-06T05:24:22Z,web
U0225,I0103,cart,,1,51.23,2026-02-16T20:42:22Z,mobile
U0210,I0069,view,,1,41.22,2026-02-13T22:15:22Z,web
U0050,I0040,view,,1,56.71,2026-03-22T14:26:22Z,web
U0057,I0090,view,,1,12.85,2026-03-08T01:30:22Z,web
U0177,I0020,rating,2.0,1,27.33,2026-03-25T07:05:22Z,web
U0194,I0086,view,,1,33.96,2026-04-19T09:28:22Z,web
U0038,I0083,cart,,1,17.83,2026-02-22T19:33:22Z,web
U0117,I0090,cart,,1,12.85,2026-04-17T21:50:22Z,mobile
U0125,I0013,rating,3.0,1,28.54,2026-03-09T22:18:22Z,web
U0126,I0065,view,,1,45.15,2026-03-19T17:46:22Z,web
U0151,I0106,view,,1,26.93,2026-02-21T03:34:22Z,web
U0042,I0023,view,,1,51.99,2026-03-07T09:25:22Z,web
U0146,I0074,cart,,1,19.52,2026-03-23T13:59:22Z,mobile
U0096,I0107,view,,1,14.01,2026-03-20T06:47:22Z,mobile
U0030,I0018,view,,1,34.0,2026-03-15T03:13:22Z,web
U0073,I0024,cart,,1,24.65,2026-04-10T23:50:22Z,web
U0137,I0081,view,,1,60.65,2026-02-18T20:32:22Z,web
U0052,I0005,cart,,1,20.52,2026-02-08T22:23:22Z,web
U0002,I0004,rating,5.0,1,24.4,2026-04-03T14:04:22Z,web
U0008,I0063,view,,1,17.91,2026-04-20T13:31:22Z,web
U0011,I0075,purchase,,1,25.5,2026-04-25T00:57:22Z,web
U0074,I0073,purchase,,1,25.28,2026-02-24T16:37:22Z,mobile
U0023,I0039,view,,1,14.55,2026-03-16T11:54:22Z,mobile
U0218,I0119,view,,1,34.0,2026-02-02T15:08:22Z,mobile
U0020,I0091,view,,1,42.99,2026-02-04T05:14:22Z,mobile
U0103,I0021,view,,1,19.0,2026-03-04T17:20:22Z,mobile
U0075,I0020,view,,1,27.33,2026-04-06T22:32:22Z,mobile
U0211,I0106,purchase,,2,26.93,2026-03-16T01:00:22Z,web
U0236,I0055,view,,1,14.43,2026-02-05T22:56:22Z,mobile
U0100,I0030,purchase,,2,19.11,2026-04-03T12:19:22Z,mobile
U0179,I0097,cart,,1,42.6,2026-04-04T15:28:22Z,mobile
U0017,I0094,purchase,,2,20.46,2026-03-24T05:37:22Z,web
U0006,I0087,purchase,,1,58.68,2026-02-03T02:12:22Z,web
U0174,I0098,view,,1,35.06,2026-04-17T22:33:22Z,web
U0075,I0078,view,,1,41.4,2026-04-23T04:45:22Z,web
U0054,I0094,rating,5.0,1,20.46,2026-03-10T10:05:22Z,mobile
U0214,I0009,rating,4.0,1,26.36,2026-04-20T17:25:22Z,mobile
U0196,I0030,view,,1,19.11,2026-03-20T00:21:22Z,web
U0027,I0080,purchase,,1,16.0,2026-02-15T23:18:22Z,web
U0075,I0033,view,,1,24.72,2026-03-23T11:29:22Z,web
U0233,I0084,view,,1,27.83,2026-02-14T10:26:22Z,mobile
U0224,I0047,view,,1,36.67,2026-03-25T08:33:22Z,mobile
U0191,I0061,view,,1,17.75,2026-02-23T05:50:22Z,mobile
U0024,I0104,view,,1,41.88,2026-04-26T01:31:22Z,mobile
U0079,I0069,purchase,,1,41.22,2026-04-25T06:20:22Z,web
U0190,I0105,view,,1,20.28,2026-04-03T20:37:22Z,mobile
U0189,I0110,view,,1,26.64,2026-03-02T21:35:22Z,mobile
U0079,I0018,view,,1,34.0,2026-02-26T05:08:22Z,web
U0159,I0026,view,,1,13.5,2026-04-22T06:00:22Z,mobile
U0130,I0112,purchase,,1,53.68,2026-04-14T10:09:22Z,web
U0189,I0035,rating,5.0,1,26.96,2026-04-13T13:33:22Z,web
U0171,I0004,rating,4.0,1,24.4,2026-04-17T15:07:22Z,mobile
U0081,I0069,view,,1,41.22,2026-04-21T14:37:22Z,mobile
U0051,I0043,view,,1,34.18,2026-03-20T14:15:22Z,web
U0066,I0034,view,,1,32.38,2026-04-05T10:43:22Z,mobile
U0162,I0026,purchase,,2,13.5,2026-02-20T19:00:22Z,web
U0127,I0060,view,,1,48.07,2026-03-26T18:50:22Z,mobile
U0027,I0001,cart,,1,31.44,2026-02-25T14:46:22Z,web
U0228,I0062,view,,1,23.59,2026-04-26T16:36:22Z,mobile
U0106,I0102,view,,1,45.37,2026-02-11T07:59:22Z,mobile
U0205,I0043,cart,,1,34.18,2026-03-14T04:39:22Z,web
U0079,I0054,view,,1,35.21,2026-02-04T00:39:22Z,mobile
U0058,I0037,view,,1,17.51,2026-03-29T06:15:22Z,web
U0040,I0008,rating,4.0,1,36.94,2026-02-24T00:31:22Z,web
U0029,I0078,purchase,,1,41.4,2026-02-07T06:15:22Z,web
U0184,I0020,purchase,,1,27.33,2026-03-30T07:10:22Z,mobile
U0113,I0079,view,,1,55.92,2026-04-14T20:51:22Z,web
U0185,I0017,view,,1,25.29,2026-03-28T19:22:22Z,mobile
U0203,I0029,purchase,,1,83.41,2026-02-06T07:10:22Z,web
U0158,I0051,rating,4.0,1,24.93,2026-02-20T21:24:22Z,web
U0207,I0022,cart,,1,23.73,2026-02-26T03:48:22Z,web
U0057,I0012,purchase,,1,67.3,2026-04-27T13:54:22Z,web
U0198,I0098,view,,1,35.06,2026-04-21T20:18:22Z,web
U0016,I0038,view,,1,23.01,2026-03-30T05:29:22Z,web
U0100,I0043,view,,1,34.18,2026-02-10T09:12:22Z,web
U0135,I0051,view,,1,24.93,2026-04-27T19:27:22Z,mobile
U0237,I0061,view,,1,17.75,2026-04-25T23:41:22Z,web
U0002,I0081,view,,1,60.65,2026-04-12T15:15:22Z,mobile
U0032,I0001,view,,1,31.44,2026-03-27T01:06:22Z,mobile
U0198,I0006,view,,1,21.38,2026-03-23T08:04:22Z,web
U0154,I0069,rating,4.0,1,41.22,2026-03-01T18:36:22Z,mobile
U0109,I0091,rating,3.0,1,42.99,2026-04-23T19:48:22Z,mobile
U0097,I0021,view,,1,19.0,2026-04-23T15:55:22Z,web
U0154,I0067,view,,1,77.25,2026-04-17T09:51:22Z,web
U0169,I0037,rating,4.0,1,17.51,2026-03-04T08:31:22Z,web
U0135,I0061,view,,1,17.75,2026-04-18T06:05:22Z,mobile
U0103,I0004,cart,,1,24.4,2026-04-20T12:18:22Z,mobile
U0188,I0053,rating,4.0,1,18.65,2026-02-11T21:20:22Z,mobile
U0204,I0066,view,,1,22.7,2026-02-11T00:11:22Z,web
U0028,I0112,view,,1,53.68,2026-03-09T05:27:22Z,mobile
U0127,I0051,view,,1,24.93,2026-02-16T00:06:22Z,web
U0188,I0007,purchase,,1,50.51,2026-03-09T18:05:22Z,web
U0117,I0070,view,,1,26.73,2026-04-20T03:07:22Z,mobile
U0097,I0020,purchase,,1,27.33,2026-02-20T13:29:22Z,mobile
U0216,I0110,view,,1,26.64,2026-02-18T06:55:22Z,mobile
U0094,I0047,view,,1,36.67,2026-03-19T12:15:22Z,web
U0157,I0059,purchase,,1,24.91,2026-03-05T03:45:22Z,web
U0045,I0050,rating,2.0,1,15.33,2026-04-10T00:17:22Z,mobile
U0148,I0114,rating,2.0,1,33.44,2026-03-13T05:48:22Z,web
U0015,I0103,view,,1,51.23,2026-03-29T21:59:22Z,web
U0154,I0084,view,,1,27.83,2026-02-14T15:30:22Z,web
U0194,I0019,cart,,1,35.63,2026-04-28T08:14:22Z,mobile
U0177,I0017,view,,1,25.29,2026-04-08T21:24:22Z,mobile
U0099,I0100,rating,4.0,1,54.26,2026-04-01T14:19:22Z,mobile
U0144,I0008,view,,1,36.94,2026-04-05T03:03:22Z,mobile
U0208,I0064,purchase,,1,28.05,2026-03-01T00:29:22Z,mobile
U0080,I0078,view,,1,41.4,2026-04-14T05:59:22Z,mobile
U0199,I0074,view,,1,19.52,2026-03-21T16:16:22Z,mobile
U0068,I0075,cart,,1,25.5,2026-05-01T16:25:22Z,mobile
U0049,I0044,view,,1,16.15,2026-02-15T23:55:22Z,mobile
U0126,I0067,view,,1,77.25,2026-04-11T04:45:22Z,mobile
U0168,I0065,view,,1,45.15,2026-03-10T11:38:22Z,web
U0081,I0002,view,,1,22.56,2026-04-26T18:16:22Z,mobile
U0131,I0038,purchase,,3,23.01,2026-03-21T13:17:22Z,web
U0162,I0110,view,,1,26.64,2026-04-26T09:49:22Z,mobile
U0022,I0105,purchase,,1,20.28,2026-04-02T03:12:22Z,mobile
U0071,I0030,view,,1,19.11,2026-04-05T01:12:22Z,web
U0107,I0025,purchase,,1,15.52,2026-03-28T06:05:22Z,web
U0122,I0053,view,,1,18.65,2026-02-27T03:40:22Z,web
U0093,I0109,purchase,,2,70.56,2026-04-03T02:27:22Z,mobile
U0106,I0035,view,,1,26.96,2026-02-18T18:44:22Z,mobile
U0010,I0108,view,,1,101.53,2026-04-23T02:23:22Z,web
U0010,I0017,purchase,,2,25.29,2026-02-16T02:54:22Z,mobile
U0103,I0062,cart,,1,23.59,2026-03-23T04:50:22Z,mobile
U0121,I0069,view,,1,41.22,2026-03-21T17:29:22Z,web
U0074,I0060,view,,1,48.07,2026-04-30T17:28:22Z,web
U0185,I0050,view,,1,15.33,2026-02-13T06:31:22Z,web
U0124,I0044,purchase,,1,16.15,2026-02-18T06:41:22Z,web
U0106,I0085,purchase,,1,64.61,2026-02-08T08:35:22Z,web
U0236,I0051,rating,4.0,1,24.93,2026-02-24T00:54:22Z,web
U0154,I0118,purchase,,1,24.81,2026-02-28T23:19:22Z,web
U0190,I0081,cart,,1,60.65,2026-04-22T05:07:22Z,mobile
U0051,I0043,view,,1,34.18,2026-02-13T12:03:22Z,web
U0057,I0008,view,,1,36.94,2026-02-19T02:13:22Z,mobile
U0057,I0089,view,,1,40.79,2026-03-09T19:52:22Z,mobile
U0110,I0042,view,,1,34.64,2026-04-19T17:11:22Z,web
U0075,I0057,view,,1,46.42,2026-04-24T01:15:22Z,web
U0221,I0071,view,,1,31.77,2026-05-02T02:42:22Z,mobile
U0018,I0016,view,,1,41.84,2026-03-10T21:36:22Z,web
U0114,I0113,view,,1,36.16,2026-03-09T16:37:22Z,mobile
U0125,I0053,view,,1,18.65,2026-04-17T08:01:22Z,web
U0139,I0090,purchase,,1,12.85,2026-05-01T02:29:22Z,web
U0068,I0082,view,,1,27.22,2026-04-10T19:44:22Z,mobile
U0023,I0101,view,,1,48.0,2026-04-03T08:37:22Z,mobile
U0053,I0104,rating,4.0,1,41.88,2026-04-03T19:23:22Z,mobile
U0013,I0005,purchase,,1,20.52,2026-02-08T15:35:22Z,web
U0076,I0108,rating,4.0,1,101.53,2026-02-09T20:51:22Z,mobile
U0002,I0029,rating,4.0,1,83.41,2026-03-23T20:45:22Z,web
U0168,I0073,view,,1,25.28,2026-03-21T16:50:22Z,web
U0005,I0108,cart,,1,101.53,2026-02-06T02:42:22Z,mobile
U0178,I0120,rating,5.0,1,26.42,2026-02-22T06:37:22Z,web
U0143,I0036,view,,1,74.72,2026-04-09T02:57:22Z,web
U0108,I0035,rating,4.0,1,26.96,2026-04-26T10:34:22Z,web
U0219,I0077,view,,1,43.74,2026-03-13T06:53:22Z,mobile
U0189,I0104,cart,,1,41.88,2026-03-13T01:06:22Z,mobile
U0153,I0016,view,,1,41.84,2026-03-12T17:18:22Z,mobile
U0009,I0119,cart,,1,34.0,2026-02-05T02:49:22Z,mobile
U0099,I0112,view,,1,53.68,2026-04-10T08:20:22Z,mobile
U0109,I0078,view,,1,41.4,2026-04-17T07:47:22Z,mobile
U0181,I0042,purchase,,2,34.64,2026-04-30T22:47:22Z,web
U0121,I0079,view,,1,55.92,2026-03-22T03:12:22Z,mobile
U0051,I0120,rating,4.0,1,26.42,2026-04-17T00:21:22Z,mobile
U0025,I0023,purchase,,1,51.99,2026-04-23T02:50:22Z,web
U0146,I0063,cart,,1,17.91,2026-02-07T22:07:22Z,web
U0206,I0065,view,,1,45.15,2026-04-05T22:55:22Z,web
U0028,I0097,view,,1,42.6,2026-04-29T00:15:22Z,mobile
U0001,I0102,view,,1,45.37,2026-03-30T03:20:22Z,mobile
U0163,I0037,view,,1,17.51,2026-03-23T10:51:22Z,mobile
U0151,I0110,view,,1,26.64,2026-02-02T15:45:22Z,web
U0215,I0038,cart,,1,23.01,2026-03-03T05:00:22Z,web
U0159,I0048,view,,1,22.53,2026-04-11T01:19:22Z,web
U0216,I0106,view,,1,26.93,2026-03-23T11:06:22Z,web
U0027,I0058,view,,1,18.03,2026-02-02T13:36:22Z,mobile
U0113,I0082,view,,1,27.22,2026-04-27T13:18:22Z,mobile
U0055,I0019,purchase,,1,35.63,2026-03-28T00:04:22Z,mobile
U0181,I0080,view,,1,16.0,2026-03-15T06:52:22Z,web
U0037,I0030,cart,,1,19.11,2026-03-12T14:51:22Z,mobile
U0164,I0094,view,,1,20.46,2026-04-08T07:34:22Z,mobile
U0117,I0003,purchase,,1,12.56,2026-02-15T13:33:22Z,mobile
U0041,I0015,view,,1,19.27,2026-03-29T04:39:22Z,mobile
U0219,I0051,view,,1,24.93,2026-03-14T17:50:22Z,mobile
U0113,I0109,purchase,,1,70.56,2026-02-02T21:18:22Z,web
U0058,I0064,view,,1,28.05,2026-02-23T02:20:22Z,web
U0228,I0099,purchase,,2,19.36,2026-03-01T06:02:22Z,web
U0177,I0108,view,,1,101.53,2026-02-13T15:15:22Z,web
U0129,I0091,cart,,1,42.99,2026-04-25T15:40:22Z,mobile
U0056,I0116,view,,1,59.11,2026-02-25T07:31:22Z,web
U0156,I0111,cart,,1,114.52,2026-03-29T07:47:22Z,web
U0093,I0097,rating,2.0,1,42.6,2026-04-03T00:02:22Z,web
U0233,I0059,view,,1,24.91,2026-02-12T01:40:22Z,mobile
U0180,I0023,view,,1,51.99,2026-02-19T02:12:22Z,mobile
U0215,I0109,cart,,1,70.56,2026-03-30T16:04:22Z,web
U0081,I0107,rating,2.0,1,14.01,2026-03-03T00:12:22Z,mobile
U0042,I0073,view,,1,25.28,2026-02-09T20:12:22Z,mobile
U0063,I0019,purchase,,3,35.63,2026-02-17T06:26:22Z,mobile
U0199,I0014,view,,1,30.5,2026-03-10T14:41:22Z,mobile
U0153,I0076,purchase,,1,36.2,2026-04-24T06:41:22Z,web
U0152,I0018,view,,1,34.0,2026-02-13T22:56:22Z,mobile
U0210,I0055,view,,1,14.43,2026-04-17T04:14:22Z,web
U0079,I0049,purchase,,1,10.95,2026-02-26T06:02:22Z,web
U0214,I0109,purchase,,1,70.56,2026-03-26T23:58:22Z,web
U0129,I0029,view,,1,83.41,2026-04-09T07:27:22Z,mobile
U0174,I0086,cart,,1,33.96,2026-04-09T20:46:22Z,web
U0082,I0054,rating,4.0,1,35.21,2026-02-16T22:41:22Z,mobile
U0038,I0066,purchase,,1,22.7,2026-04-29T07:08:22Z,web
U0035,I0085,view,,1,64.61,2026-03-25T23:45:22Z,web
U0212,I0073,view,,1,25.28,2026-04-01T21:15:22Z,mobile
U0159,I0096,view,,1,36.87,2026-04-25T01:40:22Z,mobile
U0207,I0002,purchase,,1,22.56,2026-02-12T11:03:22Z,web
U0108,I0040,purchase,,1,56.71,2026-02-23T17:19:22Z,mobile
U0207,I0091,view,,1,42.99,2026-02-25T01:15:22Z,web
U0223,I0119,view,,1,34.0,2026-03-19T08:15:22Z,mobile
U0230,I0051,view,,1,24.93,2026-02-26T15:21:22Z,web
U0078,I0101,view,,1,48.0,2026-04-26T22:40:22Z,web
U0214,I0051,view,,1,24.93,2026-04-24T08:57:22Z,web
U0176,I0059,view,,1,24.91,2026-02-09T21:37:22Z,mobile
U0231,I0052,view,,1,30.37,2026-03-08T10:26:22Z,mobile
U0202,I0074,view,,1,19.52,2026-03-27T01:41:22Z,mobile
U0004,I0099,purchase,,1,19.36,2026-03-14T17:25:22Z,mobile
U0054,I0058,view,,1,18.03,2026-04-21T14:50:22Z,mobile
U0046,I0027,cart,,1,58.32,2026-02-11T14:41:22Z,mobile
U0099,I0023,view,,1,51.99,2026-02-10T17:37:22Z,mobile
U0052,I0079,view,,1,55.92,2026-04-28T23:44:22Z,web
U0188,I0035,cart,,1,26.96,2026-02-10T06:44:22Z,web
U0041,I0074,cart,,1,19.52,2026-04-29T04:53:22Z,mobile
U0097,I0119,cart,,1,34.0,2026-02-24T22:50:22Z,web
U0003,I0055,cart,,1,14.43,2026-04-12T20:18:22Z,mobile
U0138,I0010,view,,1,50.12,2026-03-10T00:12:22Z,web
U0237,I0018,rating,3.0,1,34.0,2026-03-04T07:29:22Z,web
U0226,I0056,view,,1,21.96,2026-03-07T22:54:22Z,web
U0139,I0063,purchase,,2,17.91,2026-02-12T04:19:22Z,mobile
U0089,I0022,purchase,,1,23.73,2026-03-17T11:45:22Z,web
U0022,I0005,view,,1,20.52,2026-03-23T06:11:22Z,mobile
U0117,I0115,view,,1,29.97,2026-03-27T03:35:22Z,web
U0170,I0097,purchase,,1,42.6,2026-02-14T00:35:22Z,mobile
U0163,I0011,view,,1,15.55,2026-02-21T00:54:22Z,mobile
U0059,I0092,purchase,,2,16.23,2026-03-25T02:45:22Z,web
U0091,I0070,view,,1,26.73,2026-02-09T06:37:22Z,web
U0170,I0059,view,,1,24.91,2026-04-03T03:16:22Z,mobile
U0226,I0096,cart,,1,36.87,2026-03-19T19:56:22Z,web
U0137,I0054,cart,,1,35.21,2026-04-01T12:16:22Z,web
U0004,I0083,view,,1,17.83,2026-02-11T15:03:22Z,web
U0155,I0025,rating,5.0,1,15.52,2026-03-07T14:41:22Z,web
U0111,I0001,view,,1,31.44,2026-02-21T11:28:22Z,web
U0156,I0025,purchase,,1,15.52,2026-03-27T04:28:22Z,web
U0130,I0108,cart,,1,101.53,2026-04-12T00:23:22Z,web
U0009,I0021,rating,4.0,1,19.0,2026-02-24T04:09:22Z,mobile
U0085,I0021,rating,5.0,1,19.0,2026-02-21T13:06:22Z,mobile
U0218,I0109,cart,,1,70.56,2026-03-21T04:28:22Z,mobile
U0026,I0079,cart,,1,55.92,2026-02-08T15:42:22Z,mobile
U0165,I0069,rating,4.0,1,41.22,2026-03-16T05:56:22Z,web
U0149,I0027,purchase,,1,58.32,2026-02-19T03:20:22Z,mobile
U0174,I0072,view,,1,21.99,2026-02-11T01:06:22Z,web
U0064,I0045,rating,5.0,1,27.1,2026-04-18T01:17:22Z,mobile
U0020,I0063,view,,1,17.91,2026-03-29T00:06:22Z,web
U0240,I0044,cart,,1,16.15,2026-02-18T20:13:22Z,mobile
U0084,I0015,view,,1,19.27,2026-05-02T05:56:22Z,web
U0232,I0021,view,,1,19.0,2026-03-22T21:39:22Z,web
U0014,I0073,view,,1,25.28,2026-04-14T14:32:22Z,mobile
U0205,I0107,view,,1,14.01,2026-04-04T22:01:22Z,mobile
U0072,I0005,rating,5.0,1,20.52,2026-03-18T18:30:22Z,web
U0058,I0066,purchase,,3,22.7,2026-04-04T19:35:22Z,mobile
U0180,I0099,purchase,,1,19.36,2026-04-30T18:27:22Z,web
U0066,I0023,purchase,,1,51.99,2026-04-11T21:38:22Z,mobile
U0103,I0084,cart,,1,27.83,2026-03-16T04:14:22Z,web
U0129,I0070,cart,,1,26.73,2026-05-03T00:28:22Z,web
U0046,I0088,view,,1,30.05,2026-03-23T11:37:22Z,web
U0154,I0053,purchase,,1,18.65,2026-03-08T04:13:22Z,mobile
U0016,I0115,view,,1,29.97,2026-04-09T03:09:22Z,web
U0226,I0069,view,,1,41.22,2026-03-09T07:45:22Z,web
U0069,I0067,view,,1,77.25,2026-03-14T22:39:22Z,web
U0041,I0039,view,,1,14.55,2026-02-22T04:00:22Z,mobile
U0007,I0033,view,,1,24.72,2026-02-24T12:44:22Z,mobile
U0233,I0033,view,,1,24.72,2026-03-19T07:30:22Z,mobile
U0032,I0001,view,,1,31.44,2026-04-11T17:20:22Z,mobile
U0030,I0101,view,,1,48.0,2026-03-20T16:46:22Z,web
U0128,I0047,purchase,,2,36.67,2026-05-02T05:05:22Z,mobile
U0068,I0053,view,,1,18.65,2026-03-09T05:49:22Z,web
U0146,I0117,view,,1,42.8,2026-02-18T23:53:22Z,web
U0047,I0041,view,,1,35.48,2026-03-17T06:54:22Z,mobile
U0188,I0049,view,,1,10.95,2026-03-12T20:46:22Z,web
U0002,I0110,view,,1,26.64,2026-03-13T18:54:22Z,web
U0186,I0111,rating,3.0,1,114.52,2026-03-04T20:38:22Z,web
U0123,I0016,view,,1,41.84,2026-03-08T14:02:22Z,web
U0014,I0030,cart,,1,19.11,2026-03-25T15:03:22Z,mobile
U0032,I0081,rating,3.0,1,60.65,2026-04-29T10:06:22Z,web
U0228,I0065,view,,1,45.15,2026-03-03T06:02:22Z,web
U0114,I0015,view,,1,19.27,2026-03-08T16:23:22Z,web
U0079,I0086,view,,1,33.96,2026-02-27T14:54:22Z,mobile
U0231,I0063,rating,5.0,1,17.91,2026-03-05T23:19:22Z,mobile
U0102,I0023,rating,3.0,1,51.99,2026-04-14T06:21:22Z,web
U0057,I0024,view,,1,24.65,2026-04-14T01:50:22Z,mobile
U0052,I0044,purchase,,1,16.15,2026-04-20T23:46:22Z,web
U0045,I0032,purchase,,1,68.88,2026-02-26T07:59:22Z,mobile
U0029,I0057,view,,1,46.42,2026-05-01T21:10:22Z,mobile
U0130,I0046,view,,1,32.06,2026-03-05T03:12:22Z,web
U0231,I0055,view,,1,14.43,2026-02-23T03:27:22Z,web
U0041,I0031,cart,,1,6.52,2026-04-08T14:07:22Z,mobile
U0210,I0035,view,,1,26.96,2026-04-21T20:41:22Z,mobile
U0056,I0011,cart,,1,15.55,2026-03-27T11:00:22Z,web
U0198,I0031,rating,4.0,1,6.52,2026-03-23T22:35:22Z,mobile
U0053,I0102,rating,4.0,1,45.37,2026-04-20T04:31:22Z,web
U0103,I0018,view,,1,34.0,2026-04-11T18:29:22Z,mobile
U0046,I0113,view,,1,36.16,2026-04-24T09:46:22Z,mobile
U0030,I0087,rating,5.0,1,58.68,2026-04-03T00:06:22Z,web
U0005,I0045,cart,,1,27.1,2026-05-01T21:28:22Z,mobile
U0224,I0090,view,,1,12.85,2026-03-24T07:51:22Z,web
U0167,I0033,view,,1,24.72,2026-03-06T18:08:22Z,web
U0111,I0007,cart,,1,50.51,2026-02-28T00:57:22Z,mobile
U0133,I0117,purchase,,1,42.8,2026-05-03T01:07:22Z,web
U0013,I0047,view,,1,36.67,2026-03-20T19:36:22Z,mobile
U0117,I0080,cart,,1,16.0,2026-02-15T12:30:22Z,mobile
U0176,I0040,view,,1,56.71,2026-02-06T18:59:22Z,mobile
U0050,I0086,cart,,1,33.96,2026-04-23T11:33:22Z,mobile
U0074,I0112,view,,1,53.68,2026-03-23T21:39:22Z,mobile
U0150,I0039,rating,4.0,1,14.55,2026-03-23T12:48:22Z,web
U0176,I0086,rating,4.0,1,33.96,2026-04-06T15:19:22Z,web
U0183,I0069,view,,1,41.22,2026-03-01T17:42:22Z,web
U0226,I0034,view,,1,32.38,2026-02-14T23:12:22Z,web
U0234,I0070,view,,1,26.73,2026-03-14T09:17:22Z,web
U0147,I0029,view,,1,83.41,2026-04-15T05:13:22Z,web
U0067,I0009,purchase,,1,26.36,2026-04-26T16:12:22Z,web
U0210,I0049,view,,1,10.95,2026-04-23T13:14:22Z,mobile
U0176,I0118,purchase,,1,24.81,2026-03-17T13:47:22Z,web
U0163,I0100,view,,1,54.26,2026-03-07T04:07:22Z,web
U0043,I0081,rating,4.0,1,60.65,2026-02-19T16:15:22Z,mobile
U0215,I0031,purchase,,1,6.52,2026-04-29T06:08:22Z,mobile
U0078,I0048,view,,1,22.53,2026-03-30T11:28:22Z,mobile
U0090,I0038,purchase,,2,23.01,2026-04-23T17:06:22Z,web
U0106,I0073,view,,1,25.28,2026-03-04T22:50:22Z,web
U0127,I0116,view,,1,59.11,2026-04-02T23:16:22Z,mobile
U0194,I0118,rating,3.0,1,24.81,2026-03-31T17:38:22Z,web
U0069,I0022,view,,1,23.73,2026-04-14T02:52:22Z,web
U0167,I0015,rating,4.0,1,19.27,2026-02-18T19:04:22Z,web
U0121,I0042,view,,1,34.64,2026-03-13T04:31:22Z,web
U0101,I0005,rating,5.0,1,20.52,2026-04-09T05:21:22Z,web
U0061,I0082,view,,1,27.22,2026-03-03T16:06:22Z,mobile
U0026,I0005,cart,,1,20.52,2026-04-11T21:52:22Z,web
U0013,I0080,view,,1,16.0,2026-04-24T09:36:22Z,web
U0076,I0098,cart,,1,35.06,2026-04-17T21:14:22Z,web
U0175,I0097,rating,4.0,1,42.6,2026-02-04T12:53:22Z,mobile
U0161,I0104,cart,,1,41.88,2026-03-12T11:41:22Z,mobile
U0116,I0062,view,,1,23.59,2026-04-03T22:30:22Z,mobile
U0224,I0112,purchase,,1,53.68,2026-04-20T22:23:22Z,web
U0128,I0082,cart,,1,27.22,2026-04-08T11:42:22Z,web
U0069,I0065,purchase,,2,45.15,2026-02-16T09:35:22Z,web
U0004,I0106,view,,1,26.93,2026-03-01T10:15:22Z,mobile
U0029,I0014,cart,,1,30.5,2026-03-08T01:18:22Z,web
U0021,I0057,view,,1,46.42,2026-04-12T21:27:22Z,mobile
U0093,I0090,purchase,,1,12.85,2026-03-21T07:59:22Z,web
U0190,I0103,cart,,1,51.23,2026-03-08T23:18:22Z,web
U0160,I0102,rating,5.0,1,45.37,2026-04-05T09:09:22Z,web
U0034,I0014,rating,5.0,1,30.5,2026-02-13T02:32:22Z,web
U0144,I0110,view,,1,26.64,2026-04-17T22:21:22Z,web
U0016,I0058,view,,1,18.03,2026-04-29T20:18:22Z,mobile
U0171,I0091,view,,1,42.99,2026-03-30T08:19:22Z,mobile
U0027,I0066,view,,1,22.7,2026-02-05T05:22:22Z,web
U0166,I0032,view,,1,68.88,2026-04-05T08:04:22Z,web
U0101,I0004,cart,,1,24.4,2026-04-17T04:42:22Z,mobile
U0121,I0029,view,,1,83.41,2026-04-24T13:59:22Z,web
U0216,I0075,view,,1,25.5,2026-03-08T03:07:22Z,mobile
U0164,I0106,view,,1,26.93,2026-04-15T09:16:22Z,mobile
U0091,I0096,view,,1,36.87,2026-04-26T21:51:22Z,web
U0026,I0005,rating,3.0,1,20.52,2026-02-06T05:43:22Z,mobile
U0211,I0012,view,,1,67.3,2026-02-13T06:48:22Z,web
U0177,I0100,cart,,1,54.26,2026-03-12T18:08:22Z,mobile
U0015,I0020,view,,1,27.33,2026-04-25T22:34:22Z,mobile
U0107,I0004,cart,,1,24.4,2026-03-15T11:45:22Z,mobile
U0214,I0023,purchase,,1,51.99,2026-02-26T21:29:22Z,mobile
U0194,I0055,purchase,,1,14.43,2026-04-11T17:35:22Z,mobile
U0118,I0050,rating,4.0,1,15.33,2026-04-19T11:37:22Z,web
U0181,I0056,view,,1,21.96,2026-02-02T06:44:22Z,web
U0021,I0015,view,,1,19.27,2026-03-31T17:39:22Z,web
U0188,I0096,view,,1,36.87,2026-04-12T03:38:22Z,web
U0004,I0064,view,,1,28.05,2026-04-25T19:44:22Z,web
U0101,I0092,view,,1,16.23,2026-03-25T10:40:22Z,web
U0081,I0098,rating,1.0,1,35.06,2026-04-14T11:05:22Z,mobile
U0012,I0003,cart,,1,12.56,2026-02-04T03:22:22Z,web
U0224,I0077,view,,1,43.74,2026-04-14T20:46:22Z,mobile
U0238,I0021,view,,1,19.0,2026-03-27T07:01:22Z,web
U0120,I0018,rating,1.0,1,34.0,2026-02-04T08:35:22Z,mobile
U0024,I0073,view,,1,25.28,2026-03-20T13:12:22Z,mobile
U0232,I0023,rating,4.0,1,51.99,2026-02-16T19:35:22Z,web
U0116,I0028,view,,1,23.83,2026-02-07T04:43:22Z,mobile
U0220,I0075,rating,5.0,1,25.5,2026-04-28T07:45:22Z,web
U0100,I0049,view,,1,10.95,2026-04-10T03:33:22Z,web
U0063,I0016,purchase,,1,41.84,2026-03-13T06:01:22Z,web
U0190,I0077,view,,1,43.74,2026-02-05T06:11:22Z,mobile
U0234,I0112,view,,1,53.68,2026-04-18T06:11:22Z,mobile
U0197,I0079,view,,1,55.92,2026-02-17T15:29:22Z,web
U0240,I0038,purchase,,2,23.01,2026-04-12T12:58:22Z,web
U0110,I0066,purchase,,1,22.7,2026-02-28T05:49:22Z,web
U0234,I0077,view,,1,43.74,2026-02-13T00:32:22Z,web
U0119,I0038,view,,1,23.01,2026-04-03T00:49:22Z,web
U0147,I0109,cart,,1,70.56,2026-04-21T02:03:22Z,web
U0240,I0005,view,,1,20.52,2026-02-11T15:27:22Z,web
U0176,I0118,purchase,,1,24.81,2026-02-23T09:29:22Z,web
U0123,I0066,cart,,1,22.7,2026-04-20T19:54:22Z,web
U0202,I0043,view,,1,34.18,2026-02-12T08:09:22Z,web
U0111,I0104,purchase,,1,41.88,2026-02-17T21:34:22Z,web
U0033,I0027,view,,1,58.32,2026-02-12T13:41:22Z,web
U0042,I0060,purchase,,3,48.07,2026-02-18T18:04:22Z,web
U0054,I0025,view,,1,15.52,2026-04-17T12:27:22Z,web
U0174,I0046,view,,1,32.06,2026-03-15T02:05:22Z,mobile
U0039,I0091,view,,1,42.99,2026-04-06T11:01:22Z,mobile
U0165,I0048,view,,1,22.53,2026-03-24T14:52:22Z,mobile
U0127,I0114,view,,1,33.44,2026-04-29T09:07:22Z,mobile
U0221,I0110,cart,,1,26.64,2026-02-25T02:42:22Z,mobile
U0085,I0021,cart,,1,19.0,2026-03-27T11:50:22Z,web
U0065,I0114,view,,1,33.44,2026-03-05T00:23:22Z,web
U0113,I0047,view,,1,36.67,2026-02-19T18:46:22Z,web
U0177,I0062,view,,1,23.59,2026-02-27T08:20:22Z,web
U0218,I0043,view,,1,34.18,2026-04-14T06:27:22Z,mobile
U0030,I0035,cart,,1,26.96,2026-02-05T22:04:22Z,mobile
U0235,I0052,view,,1,30.37,2026-03-19T14:27:22Z,web
U0075,I0058,cart,,1,18.03,2026-02-11T07:36:22Z,web
U0140,I0046,rating,5.0,1,32.06,2026-04-18T14:45:22Z,web
U0233,I0077,cart,,1,43.74,2026-03-30T10:57:22Z,web
U0152,I0002,view,,1,22.56,2026-04-06T10:18:22Z,mobile
U0028,I0015,view,,1,19.27,2026-04-23T01:00:22Z,web
U0020,I0101,view,,1,48.0,2026-02-21T22:45:22Z,mobile
U0112,I0025,view,,1,15.52,2026-02-20T14:58:22Z,web
U0031,I0107,view,,1,14.01,2026-04-22T11:06:22Z,mobile
U0043,I0005,rating,5.0,1,20.52,2026-04-15T05:33:22Z,web
U0062,I0037,purchase,,1,17.51,2026-04-11T14:45:22Z,web
U0052,I0110,view,,1,26.64,2026-03-30T09:29:22Z,mobile
U0238,I0088,view,,1,30.05,2026-03-20T15:37:22Z,mobile
U0125,I0093,cart,,1,35.82,2026-03-12T20:13:22Z,web
U0208,I0120,view,,1,26.42,2026-02-20T05:39:22Z,web
U0093,I0090,view,,1,12.85,2026-04-02T09:45:22Z,mobile
U0145,I0037,view,,1,17.51,2026-04-14T11:05:22Z,mobile
U0089,I0079,view,,1,55.92,2026-04-27T10:15:22Z,mobile
U0171,I0004,view,,1,24.4,2026-02-16T10:11:22Z,web
U0062,I0016,purchase,,1,41.84,2026-03-18T01:11:22Z,mobile
U0086,I0010,rating,4.0,1,50.12,2026-04-17T10:49:22Z,mobile
U0148,I0065,rating,5.0,1,45.15,2026-04-16T14:59:22Z,mobile
U0022,I0105,view,,1,20.28,2026-02-04T22:44:22Z,web
U0178,I0118,view,,1,24.81,2026-02-10T10:52:22Z,web
U0054,I0082,rating,4.0,1,27.22,2026-03-24T01:47:22Z,web
U0046,I0012,view,,1,67.3,2026-04-05T02:09:22Z,mobile
U0113,I0058,rating,5.0,1,18.03,2026-04-21T04:32:22Z,mobile
U0146,I0091,view,,1,42.99,2026-03-09T20:24:22Z,web
U0228,I0032,purchase,,1,68.88,2026-03-07T18:16:22Z,web
U0190,I0009,view,,1,26.36,2026-05-01T01:25:22Z,mobile
U0182,I0040,cart,,1,56.71,2026-03-04T08:31:22Z,web
U0064,I0021,view,,1,19.0,2026-03-07T15:57:22Z,mobile
U0180,I0051,view,,1,24.93,2026-02-24T17:34:22Z,mobile
U0237,I0061,view,,1,17.75,2026-02-10T15:26:22Z,mobile
U0021,I0039,view,,1,14.55,2026-03-17T14:22:22Z,web
U0094,I0029,view,,1,83.41,2026-04-04T05:44:22Z,web
U0012,I0068,purchase,,2,16.18,2026-04-12T10:12:22Z,web
U0234,I0088,purchase,,2,30.05,2026-03-03T13:08:22Z,web
U0159,I0062,purchase,,1,23.59,2026-03-27T01:32:22Z,web
U0075,I0068,view,,1,16.18,2026-04-28T21:35:22Z,web
U0016,I0037,rating,1.0,1,17.51,2026-02-27T08:00:22Z,web
U0102,I0036,cart,,1,74.72,2026-04-02T10:51:22Z,web
U0216,I0037,rating,5.0,1,17.51,2026-03-30T12:08:22Z,web
U0107,I0103,cart,,1,51.23,2026-02-14T09:23:22Z,web
U0057,I0092,view,,1,16.23,2026-03-19T13:10:22Z,web
U0225,I0090,view,,1,12.85,2026-03-07T12:07:22Z,mobile
U0139,I0062,view,,1,23.59,2026-03-25T05:34:22Z,mobile
U0195,I0078,view,,1,41.4,2026-03-18T10:38:22Z,web
U0110,I0101,rating,4.0,1,48.0,2026-03-14T23:06:22Z,web
U0002,I0016,view,,1,41.84,2026-04-06T08:51:22Z,mobile
U0149,I0016,view,,1,41.84,2026-03-20T01:11:22Z,web
U0167,I0085,view,,1,64.61,2026-03-07T09:02:22Z,web
U0046,I0016,view,,1,41.84,2026-02-27T23:06:22Z,mobile
U0008,I0103,rating,5.0,1,51.23,2026-03-06T12:25:22Z,mobile
U0210,I0084,view,,1,27.83,2026-03-19T01:50:22Z,web
U0218,I0085,view,,1,64.61,2026-03-22T22:52:22Z,web
U0063,I0005,view,,1,20.52,2026-03-01T10:03:22Z,mobile
U0156,I0043,cart,,1,34.18,2026-02-09T07:26:22Z,web
U0057,I0064,purchase,,1,28.05,2026-03-28T06:15:22Z,mobile
U0107,I0100,rating,4.0,1,54.26,2026-02-13T11:16:22Z,web
U0186,I0027,view,,1,58.32,2026-03-04T05:07:22Z,mobile
U0022,I0025,view,,1,15.52,2026-04-04T19:51:22Z,mobile
U0051,I0032,view,,1,68.88,2026-04-22T04:19:22Z,web
U0106,I0046,view,,1,32.06,2026-02-03T23:53:22Z,mobile
U0011,I0113,cart,,1,36.16,2026-02-28T14:09:22Z,mobile
U0031,I0018,rating,2.0,1,34.0,2026-04-11T20:06:22Z,mobile
U0031,I0042,view,,1,34.64,2026-02-26T12:31:22Z,mobile
U0015,I0031,cart,,1,6.52,2026-03-08T23:01:22Z,web
U0203,I0096,cart,,1,36.87,2026-03-06T08:51:22Z,web
U0057,I0071,view,,1,31.77,2026-02-11T00:31:22Z,mobile
U0105,I0048,cart,,1,22.53,2026-04-17T18:32:22Z,mobile
U0071,I0067,cart,,1,77.25,2026-04-17T18:54:22Z,mobile
U0120,I0018,view,,1,34.0,2026-02-18T19:54:22Z,web
U0149,I0012,purchase,,1,67.3,2026-02-25T17:47:22Z,mobile
U0097,I0019,view,,1,35.63,2026-04-05T16:05:22Z,mobile
U0095,I0101,cart,,1,48.0,2026-04-24T14:29:22Z,mobile
U0026,I0026,cart,,1,13.5,2026-02-10T05:50:22Z,web
U0179,I0099,cart,,1,19.36,2026-03-07T23:35:22Z,mobile
U0039,I0054,view,,1,35.21,2026-04-29T05:11:22Z,web
U0234,I0079,view,,1,55.92,2026-02-13T00:45:22Z,mobile
U0170,I0115,view,,1,29.97,2026-04-25T00:42:22Z,mobile
U0106,I0039,view,,1,14.55,2026-02-14T22:32:22Z,web
U0022,I0084,purchase,,1,27.83,2026-02-11T06:56:22Z,mobile
U0124,I0068,view,,1,16.18,2026-02-26T06:05:22Z,mobile
U0146,I0043,view,,1,34.18,2026-02-08T05:07:22Z,web
U0048,I0039,view,,1,14.55,2026-04-11T21:17:22Z,web
U0115,I0090,purchase,,1,12.85,2026-04-25T16:45:22Z,mobile
U0214,I0008,purchase,,1,36.94,2026-03-24T08:09:22Z,mobile
U0107,I0024,view,,1,24.65,2026-04-08T12:34:22Z,mobile
U0077,I0018,rating,4.0,1,34.0,2026-04-13T14:21:22Z,web
U0058,I0012,purchase,,1,67.3,2026-04-23T07:10:22Z,mobile
U0085,I0078,rating,4.0,1,41.4,2026-03-29T06:14:22Z,mobile
U0150,I0039,view,,1,14.55,2026-02-05T02:01:22Z,web
U0219,I0119,rating,4.0,1,34.0,2026-03-24T11:22:22Z,web
U0225,I0026,view,,1,13.5,2026-03-30T05:35:22Z,web
U0062,I0014,view,,1,30.5,2026-03-15T20:18:22Z,web
U0008,I0088,view,,1,30.05,2026-03-17T22:41:22Z,mobile
U0208,I0106,purchase,,1,26.93,2026-02-25T14:42:22Z,web
U0127,I0106,view,,1,26.93,2026-02-18T06:06:22Z,web
U0021,I0014,view,,1,30.5,2026-02-17T15:29:22Z,mobile
U0087,I0110,purchase,,1,26.64,2026-04-07T07:06:22Z,mobile
U0182,I0074,view,,1,19.52,2026-03-05T18:37:22Z,web
U0028,I0112,view,,1,53.68,2026-03-30T17:02:22Z,web
U0098,I0083,cart,,1,17.83,2026-04-14T21:01:22Z,web
U0061,I0081,purchase,,1,60.65,2026-04-17T16:02:22Z,web
U0059,I0021,view,,1,19.0,2026-02-14T19:10:22Z,web
U0020,I0002,view,,1,22.56,2026-02-04T07:13:22Z,mobile
U0054,I0003,cart,,1,12.56,2026-03-24T17:08:22Z,mobile
U0202,I0074,rating,3.0,1,19.52,2026-02-27T01:19:22Z,mobile
U0194,I0076,cart,,1,36.2,2026-02-09T00:02:22Z,mobile
U0176,I0015,view,,1,19.27,2026-02-12T09:25:22Z,mobile
U0046,I0100,view,,1,54.26,2026-02-19T22:48:22Z,web
U0043,I0021,cart,,1,19.0,2026-04-10T01:03:22Z,mobile
U0098,I0066,view,,1,22.7,2026-03-27T21:00:22Z,mobile
U0068,I0021,view,,1,19.0,2026-03-12T21:27:22Z,web
U0112,I0090,purchase,,1,12.85,2026-03-06T15:40:22Z,web
U0075,I0025,rating,4.0,1,15.52,2026-02-23T20:55:22Z,mobile
U0022,I0031,view,,1,6.52,2026-03-08T16:22:22Z,mobile
U0023,I0089,view,,1,40.79,2026-02-26T08:29:22Z,web
U0156,I0049,view,,1,10.95,2026-02-20T14:58:22Z,mobile
U0182,I0068,view,,1,16.18,2026-02-11T11:31:22Z,mobile
U0182,I0028,view,,1,23.83,2026-03-15T02:22:22Z,web
U0074,I0030,purchase,,1,19.11,2026-03-21T04:43:22Z,mobile
U0140,I0076,view,,1,36.2,2026-04-17T23:20:22Z,web
U0169,I0018,purchase,,1,34.0,2026-02-13T09:34:22Z,mobile
U0031,I0042,purchase,,1,34.64,2026-04-07T23:34:22Z,web
U0019,I0008,cart,,1,36.94,2026-04-28T08:48:22Z,mobile
U0086,I0081,purchase,,1,60.65,2026-03-20T21:31:22Z,web
U0204,I0011,rating,4.0,1,15.55,2026-04-07T20:43:22Z,web
U0180,I0093,view,,1,35.82,2026-04-23T07:47:22Z,web
U0094,I0112,view,,1,53.68,2026-03-25T13:53:22Z,mobile
U0068,I0050,view,,1,15.33,2026-04-11T05:10:22Z,web
U0048,I0032,cart,,1,68.88,2026-04-15T23:48:22Z,mobile
U0058,I0110,view,,1,26.64,2026-04-29T10:15:22Z,mobile
U0066,I0041,view,,1,35.48,2026-04-21T01:58:22Z,web
U0142,I0084,view,,1,27.83,2026-04-14T13:34:22Z,web
U0152,I0059,cart,,1,24.91,2026-02-27T04:12:22Z,mobile
U0144,I0096,rating,2.0,1,36.87,2026-02-08T22:02:22Z,mobile
U0084,I0101,view,,1,48.0,2026-04-24T06:22:22Z,web
U0190,I0051,view,,1,24.93,2026-02-14T17:15:22Z,web
U0076,I0063,rating,5.0,1,17.91,2026-04-03T20:12:22Z,web
U0015,I0063,cart,,1,17.91,2026-03-31T14:51:22Z,mobile
U0172,I0116,purchase,,1,59.11,2026-02-21T07:43:22Z,mobile
U0020,I0025,purchase,,2,15.52,2026-03-21T23:00:22Z,web
U0055,I0045,view,,1,27.1,2026-02-05T18:05:22Z,web
U0116,I0065,view,,1,45.15,2026-02-17T01:55:22Z,mobile
U0014,I0111,cart,,1,114.52,2026-03-24T06:08:22Z,mobile
U0049,I0065,view,,1,45.15,2026-02-16T20:24:22Z,web
U0113,I0090,view,,1,12.85,2026-03-04T04:26:22Z,web
U0227,I0119,view,,1,34.0,2026-03-05T00:33:22Z,web
U0131,I0042,view,,1,34.64,2026-04-13T05:03:22Z,web
U0023,I0101,view,,1,48.0,2026-03-17T09:13:22Z,web
U0051,I0081,cart,,1,60.65,2026-04-05T10:22:22Z,mobile
U0191,I0013,cart,,1,28.54,2026-04-17T11:06:22Z,web
U0171,I0068,view,,1,16.18,2026-02-21T13:37:22Z,web
U0128,I0100,cart,,1,54.26,2026-02-21T06:14:22Z,web
U0108,I0062,view,,1,23.59,2026-04-15T05:45:22Z,mobile
U0229,I0025,purchase,,1,15.52,2026-04-03T17:49:22Z,web
U0126,I0089,cart,,1,40.79,2026-02-11T13:33:22Z,web
U0014,I0065,view,,1,45.15,2026-04-09T01:54:22Z,web
U0105,I0023,view,,1,51.99,2026-04-02T12:27:22Z,mobile
U0144,I0014,cart,,1,30.5,2026-03-19T02:47:22Z,mobile
U0089,I0090,view,,1,12.85,2026-04-25T21:17:22Z,mobile
U0221,I0100,view,,1,54.26,2026-02-24T09:51:22Z,mobile
U0027,I0087,view,,1,58.68,2026-02-11T07:05:22Z,web
U0068,I0117,view,,1,42.8,2026-02-25T18:22:22Z,mobile
U0128,I0097,cart,,1,42.6,2026-03-16T14:54:22Z,web
U0215,I0096,view,,1,36.87,2026-04-12T01:13:22Z,mobile
U0124,I0070,cart,,1,26.73,2026-04-15T17:44:22Z,mobile
U0015,I0050,rating,5.0,1,15.33,2026-04-24T20:46:22Z,web
U0172,I0015,purchase,,1,19.27,2026-02-28T04:36:22Z,web
U0070,I0115,rating,5.0,1,29.97,2026-03-27T10:43:22Z,mobile
U0079,I0049,view,,1,10.95,2026-03-22T01:33:22Z,web
U0039,I0037,rating,4.0,1,17.51,2026-04-13T19:08:22Z,web
U0052,I0076,purchase,,1,36.2,2026-02-22T14:15:22Z,web
U0092,I0070,view,,1,26.73,2026-02-28T22:49:22Z,mobile
U0152,I0007,view,,1,50.51,2026-02-21T06:22:22Z,web
U0062,I0104,view,,1,41.88,2026-04-11T01:11:22Z,mobile
U0070,I0119,purchase,,2,34.0,2026-02-26T01:58:22Z,web
U0071,I0058,rating,3.0,1,18.03,2026-03-18T00:45:22Z,web
U0180,I0065,cart,,1,45.15,2026-05-01T03:49:22Z,mobile
U0006,I0109,cart,,1,70.56,2026-03-19T04:17:22Z,web
U0225,I0109,rating,3.0,1,70.56,2026-02-20T23:23:22Z,web
U0107,I0021,view,,1,19.0,2026-02-18T07:46:22Z,mobile
U0098,I0113,cart,,1,36.16,2026-02-09T21:24:22Z,web
U0073,I0028,purchase,,1,23.83,2026-04-15T01:46:22Z,web
U0043,I0019,purchase,,1,35.63,2026-04-20T18:45:22Z,mobile
U0173,I0120,view,,1,26.42,2026-02-23T15:45:22Z,mobile
U0157,I0056,view,,1,21.96,2026-03-22T12:24:22Z,web
U0196,I0114,view,,1,33.44,2026-02-09T17:19:22Z,web
U0089,I0067,rating,2.0,1,77.25,2026-03-01T21:51:22Z,mobile
U0001,I0039,rating,3.0,1,14.55,2026-03-07T06:10:22Z,web
U0015,I0114,purchase,,1,33.44,2026-03-28T08:52:22Z,mobile
U0102,I0065,view,,1,45.15,2026-02-08T15:46:22Z,web
U0223,I0037,view,,1,17.51,2026-04-09T21:58:22Z,web
U0048,I0032,view,,1,68.88,2026-04-09T19:29:22Z,web
U0203,I0081,rating,5.0,1,60.65,2026-02-02T14:30:22Z,web
U0110,I0094,rating,3.0,1,20.46,2026-03-06T05:30:22Z,web
U0234,I0077,view,,1,43.74,2026-02-09T07:57:22Z,web
U0093,I0010,view,,1,50.12,2026-04-10T07:08:22Z,mobile
U0060,I0119,purchase,,1,34.0,2026-04-26T04:44:22Z,mobile
U0024,I0112,view,,1,53.68,2026-03-08T15:27:22Z,mobile
U0155,I0094,cart,,1,20.46,2026-02-26T22:04:22Z,web
U0026,I0009,purchase,,2,26.36,2026-04-21T12:15:22Z,mobile
U0214,I0110,view,,1,26.64,2026-04-24T13:48:22Z,mobile
U0240,I0009,view,,1,26.36,2026-03-16T18:59:22Z,web
U0118,I0119,purchase,,1,34.0,2026-04-09T16:28:22Z,web
U0114,I0100,rating,3.0,1,54.26,2026-04-12T23:09:22Z,mobile
U0064,I0088,view,,1,30.05,2026-03-30T03:10:22Z,mobile
U0149,I0001,rating,4.0,1,31.44,2026-03-03T23:02:22Z,mobile
U0205,I0006,view,,1,21.38,2026-02-26T02:30:22Z,mobile
U0057,I0064,rating,4.0,1,28.05,2026-03-24T00:57:22Z,web
U0216,I0008,view,,1,36.94,2026-02-25T07:09:22Z,mobile
U0234,I0019,view,,1,35.63,2026-03-21T07:06:22Z,mobile
U0002,I0017,view,,1,25.29,2026-03-22T17:21:22Z,web
U0017,I0060,rating,5.0,1,48.07,2026-04-15T15:34:22Z,mobile
U0196,I0036,rating,4.0,1,74.72,2026-04-26T03:41:22Z,web
U0148,I0099,rating,4.0,1,19.36,2026-03-28T15:11:22Z,web
U0088,I0086,view,,1,33.96,2026-05-02T05:31:22Z,web
U0220,I0094,purchase,,1,20.46,2026-02-03T12:58:22Z,mobile
U0031,I0077,cart,,1,43.74,2026-04-26T09:17:22Z,web
U0237,I0061,rating,5.0,1,17.75,2026-04-05T11:29:22Z,web
U0052,I0031,view,,1,6.52,2026-03-28T02:09:22Z,mobile
U0182,I0017,view,,1,25.29,2026-03-13T02:51:22Z,web
U0105,I0111,cart,,1,114.52,2026-04-24T05:20:22Z,web
U0037,I0012,view,,1,67.3,2026-04-25T19:09:22Z,web
U0154,I0098,rating,5.0,1,35.06,2026-04-13T05:23:22Z,web
U0058,I0008,cart,,1,36.94,2026-03-04T22:48:22Z,web
U0066,I0041,view,,1,35.48,2026-04-09T15:50:22Z,web
U0203,I0080,cart,,1,16.0,2026-04-28T03:03:22Z,mobile
U0072,I0053,view,,1,18.65,2026-04-18T16:30:22Z,web
U0216,I0094,cart,,1,20.46,2026-03-31T14:14:22Z,web
U0237,I0118,rating,4.0,1,24.81,2026-04-27T19:43:22Z,mobile
U0203,I0077,rating,3.0,1,43.74,2026-03-05T15:09:22Z,web
U0128,I0080,purchase,,1,16.0,2026-03-30T14:01:22Z,web
U0107,I0081,rating,5.0,1,60.65,2026-04-14T01:02:22Z,web
U0050,I0056,cart,,1,21.96,2026-03-01T00:03:22Z,mobile
U0197,I0009,view,,1,26.36,2026-02-05T01:41:22Z,web
U0057,I0024,view,,1,24.65,2026-04-24T19:37:22Z,web
U0021,I0116,view,,1,59.11,2026-03-11T00:01:22Z,web
U0113,I0044,cart,,1,16.15,2026-02-26T22:20:22Z,web
U0068,I0115,view,,1,29.97,2026-03-03T17:06:22Z,mobile
U0079,I0031,view,,1,6.52,2026-04-17T17:27:22Z,mobile
U0023,I0013,view,,1,28.54,2026-04-01T12:23:22Z,web
U0059,I0017,view,,1,25.29,2026-02-06T16:00:22Z,web
U0089,I0099,rating,5.0,1,19.36,2026-04-10T02:06:22Z,mobile
U0219,I0048,cart,,1,22.53,2026-04-06T05:54:22Z,web
U0151,I0027,view,,1,58.32,2026-02-10T18:10:22Z,mobile
U0041,I0032,cart,,1,68.88,2026-04-21T06:46:22Z,web
U0239,I0017,view,,1,25.29,2026-03-27T10:50:22Z,mobile
U0147,I0022,view,,1,23.73,2026-04-22T16:06:22Z,web
U0142,I0097,view,,1,42.6,2026-03-07T20:14:22Z,mobile
U0055,I0039,view,,1,14.55,2026-02-09T17:46:22Z,web
U0198,I0076,view,,1,36.2,2026-02-18T05:14:22Z,mobile
U0138,I0068,purchase,,1,16.18,2026-03-03T20:15:22Z,mobile
U0162,I0083,view,,1,17.83,2026-04-06T08:13:22Z,web
U0225,I0120,rating,4.0,1,26.42,2026-03-13T20:25:22Z,web
U0152,I0109,view,,1,70.56,2026-04-15T19:23:22Z,mobile
U0146,I0117,view,,1,42.8,2026-02-21T05:38:22Z,web
U0220,I0079,view,,1,55.92,2026-02-25T11:27:22Z,web
U0161,I0032,cart,,1,68.88,2026-04-28T05:59:22Z,web
U0004,I0008,rating,5.0,1,36.94,2026-02-02T17:06:22Z,web
U0127,I0082,purchase,,1,27.22,2026-03-16T18:01:22Z,web
U0234,I0115,cart,,1,29.97,2026-03-12T13:11:22Z,web
U0016,I0078,purchase,,1,41.4,2026-04-15T10:07:22Z,mobile
U0201,I0025,view,,1,15.52,2026-02-18T10:42:22Z,web
U0089,I0093,view,,1,35.82,2026-03-26T07:09:22Z,mobile
U0085,I0084,purchase,,2,27.83,2026-04-21T03:18:22Z,web
U0225,I0077,view,,1,43.74,2026-04-13T23:50:22Z,mobile
U0221,I0028,rating,4.0,1,23.83,2026-03-04T00:04:22Z,web
U0082,I0033,purchase,,1,24.72,2026-03-15T14:42:22Z,web
U0121,I0070,view,,1,26.73,2026-04-01T02:53:22Z,mobile
U0224,I0099,cart,,1,19.36,2026-02-20T23:16:22Z,web
U0031,I0058,view,,1,18.03,2026-04-16T21:41:22Z,mobile
U0057,I0086,view,,1,33.96,2026-03-06T12:17:22Z,mobile
U0184,I0071,view,,1,31.77,2026-03-26T22:05:22Z,mobile
U0068,I0054,rating,5.0,1,35.21,2026-04-21T15:25:22Z,web
U0149,I0009,view,,1,26.36,2026-02-27T20:46:22Z,mobile
U0045,I0092,purchase,,1,16.23,2026-03-22T13:45:22Z,mobile
U0041,I0059,purchase,,3,24.91,2026-03-03T02:22:22Z,web
U0182,I0013,view,,1,28.54,2026-03-27T01:11:22Z,web
U0183,I0082,purchase,,1,27.22,2026-03-12T21:48:22Z,mobile
U0125,I0016,purchase,,2,41.84,2026-04-08T01:58:22Z,web
U0078,I0080,rating,4.0,1,16.0,2026-03-02T12:24:22Z,mobile
U0052,I0058,purchase,,3,18.03,2026-03-18T09:42:22Z,web
U0072,I0012,view,,1,67.3,2026-03-03T17:52:22Z,web
U0121,I0056,rating,4.0,1,21.96,2026-04-14T20:15:22Z,web
U0039,I0062,cart,,1,23.59,2026-04-01T13:03:22Z,mobile
U0067,I0067,view,,1,77.25,2026-04-11T01:15:22Z,mobile
U0237,I0118,rating,5.0,1,24.81,2026-04-25T22:46:22Z,mobile
U0183,I0118,cart,,1,24.81,2026-03-16T12:52:22Z,mobile
U0100,I0034,cart,,1,32.38,2026-04-16T22:29:22Z,mobile
U0123,I0094,purchase,,2,20.46,2026-02-10T10:33:22Z,mobile
U0117,I0041,cart,,1,35.48,2026-02-04T22:12:22Z,web
U0216,I0069,view,,1,41.22,2026-03-27T14:11:22Z,web
U0147,I0003,purchase,,1,12.56,2026-03-24T02:02:22Z,web
U0032,I0077,rating,5.0,1,43.74,2026-02-05T22:09:22Z,mobile
U0010,I0029,view,,1,83.41,2026-04-11T21:02:22Z,web
U0232,I0071,cart,,1,31.77,2026-03-14T14:52:22Z,mobile
U0195,I0037,view,,1,17.51,2026-04-14T11:36:22Z,web
U0060,I0002,cart,,1,22.56,2026-02-28T21:29:22Z,web
U0223,I0024,cart,,1,24.65,2026-03-12T10:54:22Z,web
U0235,I0101,view,,1,48.0,2026-02-20T14:57:22Z,web
U0161,I0085,cart,,1,64.61,2026-02-13T23:55:22Z,mobile
U0196,I0083,cart,,1,17.83,2026-02-28T07:13:22Z,mobile
U0211,I0066,view,,1,22.7,2026-04-09T16:59:22Z,web
U0060,I0052,view,,1,30.37,2026-05-02T18:58:22Z,web
U0027,I0066,view,,1,22.7,2026-04-02T16:26:22Z,web
U0050,I0007,view,,1,50.51,2026-02-28T09:39:22Z,mobile
U0221,I0038,view,,1,23.01,2026-03-10T00:56:22Z,web
U0183,I0048,view,,1,22.53,2026-05-02T13:12:22Z,mobile
U0137,I0080,purchase,,1,16.0,2026-04-20T07:03:22Z,web
U0147,I0014,view,,1,30.5,2026-02-11T21:13:22Z,web
U0056,I0120,rating,4.0,1,26.42,2026-04-12T08:47:22Z,web
U0116,I0066,rating,3.0,1,22.7,2026-02-27T08:57:22Z,web
U0164,I0028,view,,1,23.83,2026-04-12T06:34:22Z,mobile
U0214,I0018,rating,3.0,1,34.0,2026-03-19T22:52:22Z,mobile
U0200,I0055,cart,,1,14.43,2026-05-02T08:38:22Z,web
U0017,I0094,cart,,1,20.46,2026-03-13T01:15:22Z,mobile
U0029,I0029,view,,1,83.41,2026-03-25T19:19:22Z,web
U0202,I0039,purchase,,1,14.55,2026-04-14T06:47:22Z,mobile
U0198,I0056,view,,1,21.96,2026-03-26T00:21:22Z,web
U0174,I0061,rating,1.0,1,17.75,2026-02-13T23:42:22Z,web
U0147,I0001,view,,1,31.44,2026-03-09T06:40:22Z,web
U0052,I0026,purchase,,1,13.5,2026-04-16T07:00:22Z,mobile
U0225,I0016,rating,4.0,1,41.84,2026-02-19T00:25:22Z,web
U0101,I0092,purchase,,1,16.23,2026-02-16T21:36:22Z,mobile
U0121,I0090,view,,1,12.85,2026-04-02T23:10:22Z,web
U0056,I0011,rating,5.0,1,15.55,2026-02-11T09:28:22Z,web
U0224,I0098,view,,1,35.06,2026-03-03T03:03:22Z,mobile
U0227,I0035,view,,1,26.96,2026-02-04T18:33:22Z,web
U0068,I0108,view,,1,101.53,2026-04-20T12:01:22Z,mobile
U0166,I0087,view,,1,58.68,2026-03-24T08:50:22Z,mobile
U0062,I0078,view,,1,41.4,2026-04-21T03:28:22Z,mobile
U0013,I0003,cart,,1,12.56,2026-03-31T11:06:22Z,mobile
U0051,I0018,view,,1,34.0,2026-04-29T14:09:22Z,web
U0222,I0025,purchase,,1,15.52,2026-03-27T13:44:22Z,web
U0194,I0059,cart,,1,24.91,2026-02-20T21:44:22Z,web
U0122,I0075,view,,1,25.5,2026-02-02T08:57:22Z,web
U0134,I0097,view,,1,42.6,2026-02-12T03:11:22Z,mobile
U0127,I0023,purchase,,1,51.99,2026-04-17T01:26:22Z,mobile
U0003,I0069,view,,1,41.22,2026-02-15T03:09:22Z,mobile
U0150,I0116,view,,1,59.11,2026-04-26T07:03:22Z,web
U0218,I0013,view,,1,28.54,2026-03-22T01:39:22Z,web
U0144,I0113,view,,1,36.16,2026-02-28T06:53:22Z,mobile
U0112,I0027,purchase,,1,58.32,2026-03-12T19:47:22Z,web
U0028,I0102,view,,1,45.37,2026-02-17T15:24:22Z,web
U0052,I0001,view,,1,31.44,2026-03-21T01:08:22Z,web
U0077,I0001,rating,3.0,1,31.44,2026-03-26T06:30:22Z,web
U0215,I0080,rating,4.0,1,16.0,2026-03-28T06:08:22Z,web
U0001,I0049,view,,1,10.95,2026-03-05T15:38:22Z,mobile
U0087,I0105,view,,1,20.28,2026-04-21T04:04:22Z,mobile
U0095,I0116,view,,1,59.11,2026-04-11T09:34:22Z,mobile
U0067,I0027,cart,,1,58.32,2026-02-27T10:29:22Z,web
U0212,I0069,view,,1,41.22,2026-02-19T20:25:22Z,mobile
U0079,I0098,view,,1,35.06,2026-04-18T11:22:22Z,web
U0198,I0024,view,,1,24.65,2026-03-18T08:23:22Z,mobile
U0105,I0084,view,,1,27.83,2026-05-02T11:37:22Z,web
U0158,I0074,rating,3.0,1,19.52,2026-03-21T11:29:22Z,web
U0135,I0114,view,,1,33.44,2026-02-19T14:08:22Z,mobile
U0208,I0092,rating,3.0,1,16.23,2026-02-07T21:31:22Z,web
U0228,I0034,rating,5.0,1,32.38,2026-02-20T10:01:22Z,web
U0055,I0103,rating,5.0,1,51.23,2026-04-13T13:20:22Z,web
U0158,I0067,view,,1,77.25,2026-02-07T07:38:22Z,web
U0121,I0042,purchase,,1,34.64,2026-04-10T00:12:22Z,web
U0221,I0027,view,,1,58.32,2026-03-09T22:57:22Z,mobile
U0138,I0013,view,,1,28.54,2026-02-14T08:21:22Z,web
U0095,I0086,rating,4.0,1,33.96,2026-03-05T03:11:22Z,web
U0194,I0076,view,,1,36.2,2026-02-08T08:36:22Z,web
U0212,I0082,cart,,1,27.22,2026-04-04T09:14:22Z,web
U0154,I0105,purchase,,1,20.28,2026-04-27T18:13:22Z,web
U0155,I0063,view,,1,17.91,2026-02-16T00:58:22Z,mobile
U0163,I0064,view,,1,28.05,2026-04-04T14:36:22Z,mobile
U0138,I0106,view,,1,26.93,2026-03-09T08:48:22Z,mobile
U0148,I0065,view,,1,45.15,2026-03-19T12:43:22Z,mobile
U0101,I0045,purchase,,1,27.1,2026-02-21T21:13:22Z,mobile
U0234,I0089,purchase,,1,40.79,2026-03-31T00:31:22Z,mobile
U0111,I0027,rating,5.0,1,58.32,2026-04-22T03:25:22Z,mobile
U0114,I0115,view,,1,29.97,2026-03-16T18:51:22Z,web
U0047,I0022,purchase,,1,23.73,2026-04-11T20:54:22Z,web
U0025,I0063,cart,,1,17.91,2026-03-05T05:46:22Z,mobile
U0001,I0043,view,,1,34.18,2026-04-22T16:38:22Z,mobile
U0220,I0068,view,,1,16.18,2026-03-19T07:39:22Z,web
U0021,I0105,view,,1,20.28,2026-03-26T12:36:22Z,web
U0016,I0003,view,,1,12.56,2026-03-11T16:46:22Z,mobile
U0066,I0087,view,,1,58.68,2026-03-17T05:27:22Z,mobile
U0124,I0079,rating,5.0,1,55.92,2026-03-19T05:28:22Z,web
U0188,I0033,rating,4.0,1,24.72,2026-03-23T17:04:22Z,web
U0119,I0074,view,,1,19.52,2026-04-14T17:07:22Z,mobile
U0077,I0026,view,,1,13.5,2026-04-21T12:53:22Z,web
U0003,I0007,view,,1,50.51,2026-02-11T07:03:22Z,mobile
U0076,I0045,rating,5.0,1,27.1,2026-04-04T03:35:22Z,web
U0057,I0011,cart,,1,15.55,2026-04-01T22:55:22Z,mobile
U0016,I0042,cart,,1,34.64,2026-02-13T15:31:22Z,mobile
U0019,I0073,view,,1,25.28,2026-03-28T01:01:22Z,mobile
U0153,I0023,cart,,1,51.99,2026-03-29T23:52:22Z,web
U0105,I0059,view,,1,24.91,2026-04-04T20:22:22Z,web
U0100,I0065,cart,,1,45.15,2026-04-15T22:43:22Z,web
U0190,I0016,view,,1,41.84,2026-02-12T04:58:22Z,web
U0093,I0044,purchase,,1,16.15,2026-02-17T09:46:22Z,web
U0010,I0091,cart,,1,42.99,2026-04-25T21:07:22Z,web
U0123,I0063,view,,1,17.91,2026-04-18T14:00:22Z,web
U0178,I0104,rating,2.0,1,41.88,2026-02-22T11:12:22Z,mobile
U0099,I0036,view,,1,74.72,2026-02-25T19:07:22Z,mobile
U0059,I0098,view,,1,35.06,2026-04-10T12:46:22Z,web
U0081,I0039,view,,1,14.55,2026-03-04T13:00:22Z,web
U0062,I0006,purchase,,2,21.38,2026-02-09T10:29:22Z,web
U0055,I0057,view,,1,46.42,2026-03-20T07:17:22Z,web
U0051,I0087,view,,1,58.68,2026-04-01T13:26:22Z,web
U0083,I0044,view,,1,16.15,2026-02-21T13:34:22Z,mobile
U0071,I0099,view,,1,19.36,2026-03-06T19:03:22Z,web
U0060,I0092,view,,1,16.23,2026-02-23T08:43:22Z,mobile
U0118,I0062,view,,1,23.59,2026-04-05T02:13:22Z,mobile
U0011,I0035,rating,2.0,1,26.96,2026-05-01T09:27:22Z,web
U0090,I0001,view,,1,31.44,2026-04-14T22:07:22Z,web
U0010,I0007,purchase,,1,50.51,2026-03-03T09:45:22Z,mobile
U0145,I0106,cart,,1,26.93,2026-03-22T22:52:22Z,mobile
U0149,I0058,purchase,,1,18.03,2026-04-25T19:38:22Z,web
U0015,I0017,cart,,1,25.29,2026-03-25T07:36:22Z,web
U0079,I0040,view,,1,56.71,2026-03-13T01:41:22Z,web
U0071,I0093,view,,1,35.82,2026-03-21T14:37:22Z,mobile
U0053,I0069,view,,1,41.22,2026-03-31T17:39:22Z,mobile
U0227,I0114,cart,,1,33.44,2026-02-20T01:51:22Z,web
U0062,I0015,view,,1,19.27,2026-04-04T10:26:22Z,web
U0131,I0052,purchase,,2,30.37,2026-04-12T13:31:22Z,mobile
U0122,I0008,rating,2.0,1,36.94,2026-04-30T00:30:22Z,mobile
U0135,I0036,view,,1,74.72,2026-03-23T23:08:22Z,web
U0058,I0031,purchase,,1,6.52,2026-03-16T20:36:22Z,mobile
U0148,I0065,cart,,1,45.15,2026-02-22T19:47:22Z,mobile
U0078,I0044,rating,4.0,1,16.15,2026-02-07T23:51:22Z,web
U0184,I0068,cart,,1,16.18,2026-02-18T08:47:22Z,web
U0216,I0016,cart,,1,41.84,2026-02-03T22:43:22Z,mobile
U0139,I0052,view,,1,30.37,2026-03-24T00:44:22Z,web
U0202,I0014,view,,1,30.5,2026-05-02T00:18:22Z,web
U0140,I0040,cart,,1,56.71,2026-02-22T19:43:22Z,web
U0045,I0009,view,,1,26.36,2026-04-27T05:23:22Z,web
U0005,I0057,purchase,,3,46.42,2026-02-07T13:17:22Z,web
U0115,I0044,rating,4.0,1,16.15,2026-04-14T01:11:22Z,mobile
U0067,I0005,purchase,,1,20.52,2026-02-25T21:13:22Z,web
U0091,I0038,view,,1,23.01,2026-03-10T06:42:22Z,mobile
U0117,I0080,cart,,1,16.0,2026-04-28T08:02:22Z,mobile
U0040,I0028,view,,1,23.83,2026-02-13T06:26:22Z,web
U0170,I0004,rating,4.0,1,24.4,2026-02-11T22:23:22Z,web
U0057,I0106,cart,,1,26.93,2026-03-30T01:12:22Z,mobile
U0218,I0031,view,,1,6.52,2026-04-02T13:07:22Z,mobile
U0072,I0056,view,,1,21.96,2026-04-10T19:41:22Z,web
U0116,I0081,view,,1,60.65,2026-04-17T14:43:22Z,web
U0235,I0029,view,,1,83.41,2026-04-26T03:50:22Z,web
U0192,I0016,view,,1,41.84,2026-02-06T10:27:22Z,web
U0213,I0092,view,,1,16.23,2026-02-27T22:01:22Z,web
U0142,I0098,view,,1,35.06,2026-04-08T17:05:22Z,web
U0030,I0104,cart,,1,41.88,2026-03-05T11:23:22Z,mobile
U0042,I0060,cart,,1,48.07,2026-02-24T04:05:22Z,web
U0018,I0090,view,,1,12.85,2026-03-27T04:14:22Z,mobile
U0159,I0058,cart,,1,18.03,2026-03-06T03:06:22Z,web
U0108,I0046,purchase,,3,32.06,2026-02-25T22:56:22Z,mobile
U0115,I0036,cart,,1,74.72,2026-04-10T15:04:22Z,web
U0152,I0069,view,,1,41.22,2026-03-23T06:15:22Z,web
U0045,I0014,view,,1,30.5,2026-04-28T18:09:22Z,mobile
U0135,I0023,view,,1,51.99,2026-03-22T02:27:22Z,web
U0129,I0058,view,,1,18.03,2026-02-13T23:00:22Z,web
U0060,I0008,cart,,1,36.94,2026-04-13T14:53:22Z,web
U0131,I0096,view,,1,36.87,2026-02-13T21:01:22Z,mobile
U0111,I0009,view,,1,26.36,2026-02-14T18:48:22Z,web
U0077,I0001,view,,1,31.44,2026-03-20T22:59:22Z,web
U0181,I0038,view,,1,23.01,2026-03-24T05:29:22Z,mobile
U0237,I0105,view,,1,20.28,2026-02-27T04:27:22Z,web
U0045,I0025,view,,1,15.52,2026-03-13T05:13:22Z,mobile
U0225,I0038,view,,1,23.01,2026-03-25T14:06:22Z,mobile
U0082,I0088,cart,,1,30.05,2026-02-07T05:20:22Z,web
U0141,I0056,purchase,,1,21.96,2026-04-02T20:53:22Z,web
U0144,I0094,rating,3.0,1,20.46,2026-03-15T16:04:22Z,mobile
U0187,I0053,view,,1,18.65,2026-02-27T18:48:22Z,web
U0080,I0055,view,,1,14.43,2026-03-20T07:27:22Z,mobile
U0012,I0038,cart,,1,23.01,2026-03-12T10:51:22Z,mobile
U0022,I0117,view,,1,42.8,2026-02-13T19:54:22Z,mobile
U0045,I0050,view,,1,15.33,2026-02-13T22:09:22Z,web
U0091,I0071,purchase,,1,31.77,2026-03-29T19:19:22Z,mobile
U0164,I0104,rating,5.0,1,41.88,2026-03-18T10:19:22Z,web
U0001,I0068,view,,1,16.18,2026-03-17T05:02:22Z,web
U0193,I0089,cart,,1,40.79,2026-03-31T17:48:22Z,mobile
U0208,I0093,cart,,1,35.82,2026-03-09T10:59:22Z,web
U0017,I0110,view,,1,26.64,2026-02-24T05:51:22Z,web
U0184,I0039,view,,1,14.55,2026-02-17T09:33:22Z,web
U0057,I0012,view,,1,67.3,2026-02-09T09:54:22Z,web
U0179,I0051,view,,1,24.93,2026-03-17T04:35:22Z,web
U0026,I0038,view,,1,23.01,2026-03-17T19:29:22Z,web
U0159,I0029,view,,1,83.41,2026-02-06T06:40:22Z,web
U0043,I0057,view,,1,46.42,2026-02-23T19:53:22Z,web
U0142,I0084,purchase,,1,27.83,2026-02-08T09:37:22Z,web
U0230,I0107,cart,,1,14.01,2026-02-07T14:41:22Z,mobile
U0208,I0046,purchase,,1,32.06,2026-02-04T17:33:22Z,web
U0093,I0081,view,,1,60.65,2026-03-04T15:55:22Z,mobile
U0236,I0067,cart,,1,77.25,2026-04-28T10:16:22Z,web
U0093,I0052,rating,4.0,1,30.37,2026-03-30T08:05:22Z,mobile
U0107,I0115,rating,5.0,1,29.97,2026-03-04T14:48:22Z,web
U0233,I0041,view,,1,35.48,2026-02-06T23:13:22Z,web
U0002,I0082,view,,1,27.22,2026-04-30T18:00:22Z,web
U0082,I0009,view,,1,26.36,2026-03-19T05:59:22Z,mobile
U0083,I0009,view,,1,26.36,2026-03-22T19:42:22Z,web
U0063,I0003,purchase,,1,12.56,2026-02-06T02:36:22Z,web
U0211,I0028,view,,1,23.83,2026-03-23T14:36:22Z,web
U0187,I0055,view,,1,14.43,2026-04-09T13:42:22Z,web
U0118,I0078,view,,1,41.4,2026-03-07T18:52:22Z,mobile
U0023,I0072,view,,1,21.99,2026-02-02T07:09:22Z,mobile
U0143,I0060,cart,,1,48.07,2026-03-25T17:37:22Z,web
U0047,I0036,rating,2.0,1,74.72,2026-04-05T14:35:22Z,mobile
U0072,I0026,view,,1,13.5,2026-03-16T22:20:22Z,mobile
U0129,I0092,view,,1,16.23,2026-04-29T17:36:22Z,mobile
U0052,I0096,view,,1,36.87,2026-04-26T21:59:22Z,web
U0200,I0111,view,,1,114.52,2026-02-18T18:18:22Z,web
U0166,I0085,purchase,,1,64.61,2026-03-30T03:12:22Z,mobile
U0219,I0100,view,,1,54.26,2026-03-06T06:29:22Z,web
U0224,I0070,cart,,1,26.73,2026-04-05T17:19:22Z,mobile
U0037,I0001,cart,,1,31.44,2026-04-08T22:49:22Z,web
U0139,I0058,view,,1,18.03,2026-04-22T01:31:22Z,mobile
U0162,I0009,view,,1,26.36,2026-03-15T05:24:22Z,mobile
U0144,I0066,view,,1,22.7,2026-03-18T01:55:22Z,web
U0187,I0115,cart,,1,29.97,2026-02-10T23:19:22Z,web
U0166,I0104,purchase,,2,41.88,2026-02-24T07:19:22Z,web
U0004,I0012,view,,1,67.3,2026-02-10T13:49:22Z,web
U0074,I0022,view,,1,23.73,2026-02-17T08:18:22Z,web
U0020,I0043,view,,1,34.18,2026-03-20T05:16:22Z,web
U0182,I0083,view,,1,17.83,2026-04-19T03:15:22Z,web
U0101,I0002,view,,1,22.56,2026-04-01T14:13:22Z,web
U0140,I0053,view,,1,18.65,2026-03-07T13:27:22Z,web
U0199,I0116,view,,1,59.11,2026-04-12T00:30:22Z,mobile
U0233,I0102,view,,1,45.37,2026-05-02T02:43:22Z,mobile
U0165,I0064,view,,1,28.05,2026-03-24T08:43:22Z,web
U0168,I0097,view,,1,42.6,2026-02-08T15:35:22Z,mobile
U0117,I0019,purchase,,1,35.63,2026-02-25T04:26:22Z,mobile
U0165,I0036,view,,1,74.72,2026-02-14T02:10:22Z,mobile
U0031,I0030,purchase,,1,19.11,2026-02-09T06:30:22Z,web
U0152,I0055,view,,1,14.43,2026-03-22T13:41:22Z,mobile
U0200,I0048,view,,1,22.53,2026-03-28T12:43:22Z,mobile
U0130,I0060,view,,1,48.07,2026-03-24T06:52:22Z,mobile
U0035,I0087,view,,1,58.68,2026-02-19T22:24:22Z,mobile
U0064,I0019,view,,1,35.63,2026-02-22T09:20:22Z,web
U0175,I0044,view,,1,16.15,2026-04-21T15:31:22Z,web
U0078,I0054,purchase,,1,35.21,2026-04-06T02:13:22Z,web
U0153,I0029,view,,1,83.41,2026-03-09T06:58:22Z,mobile
U0092,I0096,view,,1,36.87,2026-02-06T19:15:22Z,web
U0001,I0117,view,,1,42.8,2026-03-25T04:46:22Z,web
U0213,I0059,cart,,1,24.91,2026-02-12T09:29:22Z,mobile
U0006,I0016,view,,1,41.84,2026-03-22T14:13:22Z,mobile
U0172,I0116,view,,1,59.11,2026-03-07T21:22:22Z,web
U0029,I0038,view,,1,23.01,2026-03-04T08:55:22Z,web
U0223,I0027,rating,4.0,1,58.32,2026-04-11T20:55:22Z,mobile
U0180,I0060,view,,1,48.07,2026-04-19T14:20:22Z,mobile
U0001,I0107,view,,1,14.01,2026-02-16T02:59:22Z,mobile
U0103,I0110,purchase,,1,26.64,2026-03-15T07:55:22Z,web
U0169,I0106,view,,1,26.93,2026-02-16T17:01:22Z,web
U0155,I0057,cart,,1,46.42,2026-04-16T21:13:22Z,mobile
U0111,I0080,view,,1,16.0,2026-03-08T04:26:22Z,mobile
U0214,I0064,cart,,1,28.05,2026-02-12T14:11:22Z,mobile
U0080,I0045,view,,1,27.1,2026-03-09T01:41:22Z,web
U0053,I0073,cart,,1,25.28,2026-04-19T06:43:22Z,mobile
U0018,I0103,view,,1,51.23,2026-04-09T19:06:22Z,web
U0104,I0049,view,,1,10.95,2026-04-26T17:30:22Z,mobile
U0100,I0065,view,,1,45.15,2026-03-03T15:45:22Z,mobile
U0005,I0018,rating,4.0,1,34.0,2026-04-01T05:11:22Z,web
U0177,I0091,cart,,1,42.99,2026-04-19T19:37:22Z,mobile
U0046,I0037,view,,1,17.51,2026-03-15T02:49:22Z,mobile
U0233,I0048,purchase,,2,22.53,2026-02-23T08:56:22Z,mobile
U0085,I0017,view,,1,25.29,2026-03-14T00:10:22Z,web
U0146,I0077,view,,1,43.74,2026-03-20T09:03:22Z,web
U0231,I0059,view,,1,24.91,2026-03-04T02:36:22Z,mobile
U0047,I0099,purchase,,2,19.36,2026-02-23T07:02:22Z,web
U0097,I0088,view,,1,30.05,2026-03-02T18:45:22Z,mobile
U0134,I0015,view,,1,19.27,2026-04-07T07:09:22Z,mobile
U0222,I0095,purchase,,1,11.84,2026-04-11T22:57:22Z,web
U0191,I0061,rating,4.0,1,17.75,2026-03-18T13:45:22Z,web
U0130,I0004,purchase,,1,24.4,2026-03-15T05:28:22Z,mobile
U0030,I0012,cart,,1,67.3,2026-04-17T05:27:22Z,mobile
U0002,I0077,purchase,,1,43.74,2026-02-05T10:51:22Z,web
U0081,I0073,view,,1,25.28,2026-04-07T21:20:22Z,mobile
U0240,I0059,cart,,1,24.91,2026-03-03T10:05:22Z,web
U0166,I0087,cart,,1,58.68,2026-04-16T07:02:22Z,web
U0126,I0012,view,,1,67.3,2026-04-12T03:00:22Z,mobile
U0134,I0050,cart,,1,15.33,2026-04-14T05:09:22Z,mobile
U0189,I0097,view,,1,42.6,2026-04-03T03:08:22Z,mobile
U0188,I0061,rating,4.0,1,17.75,2026-03-14T21:56:22Z,web
U0086,I0013,view,,1,28.54,2026-04-15T16:01:22Z,web
U0208,I0011,cart,,1,15.55,2026-02-03T16:50:22Z,web
U0068,I0119,purchase,,1,34.0,2026-04-13T08:36:22Z,mobile
U0015,I0050,cart,,1,15.33,2026-04-11T06:58:22Z,web
U0089,I0085,view,,1,64.61,2026-03-13T12:45:22Z,mobile
U0150,I0102,cart,,1,45.37,2026-03-11T14:20:22Z,web
U0054,I0096,view,,1,36.87,2026-04-27T07:53:22Z,mobile
U0214,I0008,view,,1,36.94,2026-04-03T10:00:22Z,web
U0217,I0074,cart,,1,19.52,2026-02-21T19:25:22Z,mobile
U0124,I0051,rating,5.0,1,24.93,2026-03-26T04:14:22Z,web
U0129,I0009,view,,1,26.36,2026-03-17T06:53:22Z,web
U0076,I0109,rating,2.0,1,70.56,2026-04-29T03:51:22Z,mobile
U0165,I0056,cart,,1,21.96,2026-03-13T06:30:22Z,web
U0034,I0101,view,,1,48.0,2026-03-13T13:21:22Z,web
U0059,I0002,view,,1,22.56,2026-03-17T05:47:22Z,web
U0057,I0001,view,,1,31.44,2026-04-26T22:00:22Z,mobile
U0187,I0061,view,,1,17.75,2026-04-17T11:35:22Z,web
U0147,I0087,view,,1,58.68,2026-02-25T12:16:22Z,mobile
U0219,I0024,purchase,,1,24.65,2026-03-25T08:29:22Z,web
U0199,I0120,cart,,1,26.42,2026-03-04T20:58:22Z,mobile
U0106,I0080,cart,,1,16.0,2026-04-17T11:47:22Z,web
U0140,I0048,view,,1,22.53,2026-04-20T18:39:22Z,mobile
U0176,I0031,view,,1,6.52,2026-02-23T00:34:22Z,mobile
U0220,I0034,rating,4.0,1,32.38,2026-04-07T16:24:22Z,mobile
U0054,I0079,rating,5.0,1,55.92,2026-04-11T22:43:22Z,web
U0062,I0013,rating,5.0,1,28.54,2026-03-08T16:45:22Z,web
U0220,I0104,view,,1,41.88,2026-03-05T20:31:22Z,mobile
U0141,I0009,purchase,,1,26.36,2026-02-03T18:50:22Z,web
U0171,I0025,cart,,1,15.52,2026-02-14T08:25:22Z,web
U0207,I0013,view,,1,28.54,2026-04-24T13:33:22Z,web
U0114,I0047,view,,1,36.67,2026-03-27T16:18:22Z,web
U0205,I0060,view,,1,48.07,2026-02-21T15:30:22Z,mobile
U0128,I0109,view,,1,70.56,2026-03-21T11:17:22Z,mobile
U0111,I0096,view,,1,36.87,2026-02-21T10:48:22Z,mobile
U0151,I0011,cart,,1,15.55,2026-03-06T17:13:22Z,web
U0099,I0051,view,,1,24.93,2026-02-12T09:19:22Z,mobile
U0145,I0070,view,,1,26.73,2026-04-23T03:38:22Z,mobile
U0178,I0037,view,,1,17.51,2026-03-11T11:41:22Z,web
U0155,I0057,rating,5.0,1,46.42,2026-02-04T15:21:22Z,web
U0002,I0081,rating,5.0,1,60.65,2026-04-22T02:59:22Z,web
U0011,I0110,view,,1,26.64,2026-02-22T01:54:22Z,mobile
U0151,I0010,purchase,,1,50.12,2026-04-15T00:07:22Z,web
U0048,I0104,rating,4.0,1,41.88,2026-02-04T02:31:22Z,web
U0202,I0032,view,,1,68.88,2026-04-30T06:04:22Z,mobile
U0105,I0018,view,,1,34.0,2026-03-12T09:02:22Z,mobile
U0236,I0034,view,,1,32.38,2026-02-19T23:22:22Z,mobile
U0075,I0047,cart,,1,36.67,2026-02-17T13:50:22Z,mobile
U0037,I0028,cart,,1,23.83,2026-02-16T11:44:22Z,mobile
U0040,I0012,purchase,,2,67.3,2026-03-16T02:32:22Z,mobile
U0065,I0034,view,,1,32.38,2026-02-03T09:54:22Z,mobile
U0028,I0017,view,,1,25.29,2026-03-13T21:36:22Z,web
U0218,I0101,cart,,1,48.0,2026-02-10T13:17:22Z,web
U0193,I0066,view,,1,22.7,2026-04-17T04:14:22Z,mobile
U0034,I0107,view,,1,14.01,2026-02-27T14:46:22Z,web
U0001,I0047,view,,1,36.67,2026-02-04T21:00:22Z,mobile
U0010,I0006,view,,1,21.38,2026-02-27T10:01:22Z,mobile
U0180,I0112,cart,,1,53.68,2026-03-09T21:00:22Z,web
U0199,I0101,view,,1,48.0,2026-02-21T12:46:22Z,web
U0110,I0012,cart,,1,67.3,2026-03-11T23:46:22Z,mobile
U0233,I0099,cart,,1,19.36,2026-03-31T23:52:22Z,mobile
U0230,I0028,purchase,,1,23.83,2026-03-12T06:03:22Z,mobile
U0099,I0099,view,,1,19.36,2026-02-27T10:43:22Z,web
U0147,I0047,rating,4.0,1,36.67,2026-02-03T08:22:22Z,web
U0106,I0116,rating,4.0,1,59.11,2026-04-04T04:07:22Z,mobile
U0107,I0108,view,,1,101.53,2026-02-13T00:09:22Z,web
U0021,I0104,cart,,1,41.88,2026-04-24T04:00:22Z,web
U0214,I0095,rating,4.0,1,11.84,2026-02-28T11:07:22Z,web
U0021,I0043,view,,1,34.18,2026-04-20T01:40:22Z,web
U0111,I0079,purchase,,1,55.92,2026-02-13T02:59:22Z,web
U0027,I0102,view,,1,45.37,2026-03-09T10:18:22Z,web
U0187,I0079,view,,1,55.92,2026-03-11T16:30:22Z,mobile
U0211,I0027,rating,4.0,1,58.32,2026-03-17T11:43:22Z,mobile
U0072,I0076,view,,1,36.2,2026-03-28T17:22:22Z,mobile
U0105,I0048,view,,1,22.53,2026-02-14T14:20:22Z,mobile
U0070,I0100,rating,5.0,1,54.26,2026-04-09T15:34:22Z,mobile
U0010,I0029,cart,,1,83.41,2026-03-06T19:37:22Z,mobile
U0042,I0023,view,,1,51.99,2026-03-14T17:31:22Z,web
U0210,I0076,rating,5.0,1,36.2,2026-03-19T05:30:22Z,mobile
U0230,I0089,view,,1,40.79,2026-03-24T22:41:22Z,web
U0159,I0038,view,,1,23.01,2026-04-21T18:51:22Z,mobile
U0128,I0058,rating,4.0,1,18.03,2026-04-14T14:09:22Z,mobile
U0037,I0083,cart,,1,17.83,2026-03-22T23:51:22Z,mobile
U0152,I0084,rating,4.0,1,27.83,2026-04-28T23:29:22Z,mobile
U0091,I0066,rating,4.0,1,22.7,2026-04-06T10:43:22Z,web
U0208,I0007,view,,1,50.51,2026-02-11T14:43:22Z,mobile
U0207,I0112,rating,4.0,1,53.68,2026-02-21T17:17:22Z,web
U0229,I0111,cart,,1,114.52,2026-04-10T16:19:22Z,mobile
U0171,I0093,rating,4.0,1,35.82,2026-02-17T19:28:22Z,mobile
U0176,I0100,purchase,,1,54.26,2026-04-20T01:07:22Z,mobile
U0051,I0043,purchase,,1,34.18,2026-04-19T06:33:22Z,web
U0186,I0089,view,,1,40.79,2026-02-23T22:31:22Z,web
U0042,I0030,view,,1,19.11,2026-02-24T17:06:22Z,mobile
U0024,I0107,purchase,,2,14.01,2026-02-15T06:26:22Z,mobile
U0106,I0101,cart,,1,48.0,2026-04-18T11:35:22Z,web
U0104,I0008,view,,1,36.94,2026-03-02T10:33:22Z,web
U0179,I0023,view,,1,51.99,2026-04-23T07:08:22Z,web
U0115,I0029,view,,1,83.41,2026-04-07T18:15:22Z,web
U0007,I0067,cart,,1,77.25,2026-04-01T04:47:22Z,web
U0213,I0101,cart,,1,48.0,2026-02-08T05:58:22Z,web
U0214,I0110,view,,1,26.64,2026-03-25T09:33:22Z,web
U0170,I0030,cart,,1,19.11,2026-03-21T01:34:22Z,web
U0138,I0102,view,,1,45.37,2026-02-21T11:46:22Z,web
U0230,I0110,view,,1,26.64,2026-04-26T17:24:22Z,web
U0048,I0013,purchase,,1,28.54,2026-03-30T16:51:22Z,web
U0071,I0071,cart,,1,31.77,2026-02-08T20:29:22Z,web
U0013,I0085,rating,4.0,1,64.61,2026-04-07T18:37:22Z,mobile
U0020,I0082,rating,4.0,1,27.22,2026-02-06T19:50:22Z,web
U0054,I0070,cart,,1,26.73,2026-04-22T14:25:22Z,mobile
U0118,I0088,view,,1,30.05,2026-04-04T21:03:22Z,web
U0078,I0096,view,,1,36.87,2026-04-29T12:09:22Z,web
U0160,I0053,view,,1,18.65,2026-03-15T13:58:22Z,mobile
U0008,I0119,view,,1,34.0,2026-03-17T12:53:22Z,mobile
U0060,I0031,purchase,,1,6.52,2026-02-21T15:40:22Z,mobile
U0234,I0036,purchase,,1,74.72,2026-03-06T04:01:22Z,web
U0009,I0045,rating,4.0,1,27.1,2026-02-14T12:52:22Z,mobile
U0022,I0048,rating,3.0,1,22.53,2026-03-06T05:39:22Z,web
U0208,I0037,rating,3.0,1,17.51,2026-04-30T18:02:22Z,mobile
U0175,I0092,cart,,1,16.23,2026-05-01T05:14:22Z,mobile
U0163,I0100,view,,1,54.26,2026-02-22T20:04:22Z,mobile
U0016,I0009,view,,1,26.36,2026-02-05T14:29:22Z,web
U0069,I0097,cart,,1,42.6,2026-02-27T06:42:22Z,web
U0039,I0054,rating,3.0,1,35.21,2026-02-07T00:50:22Z,web
U0082,I0110,rating,4.0,1,26.64,2026-04-09T09:55:22Z,web
U0007,I0022,view,,1,23.73,2026-02-02T16:18:22Z,mobile
U0031,I0048,view,,1,22.53,2026-02-13T08:44:22Z,web
U0209,I0116,view,,1,59.11,2026-03-23T08:29:22Z,mobile
U0209,I0116,view,,1,59.11,2026-03-09T05:13:22Z,web
U0103,I0118,view,,1,24.81,2026-04-09T02:17:22Z,web
U0204,I0002,rating,5.0,1,22.56,2026-04-24T19:48:22Z,mobile
U0180,I0030,view,,1,19.11,2026-04-25T01:18:22Z,web
U0075,I0050,view,,1,15.33,2026-03-22T20:00:22Z,web
U0211,I0037,view,,1,17.51,2026-02-17T11:37:22Z,mobile
U0210,I0035,view,,1,26.96,2026-04-06T10:11:22Z,mobile
U0106,I0019,view,,1,35.63,2026-02-19T19:28:22Z,web
U0146,I0010,view,,1,50.12,2026-03-18T01:18:22Z,mobile
U0212,I0015,purchase,,2,19.27,2026-03-13T08:01:22Z,mobile
U0159,I0058,view,,1,18.03,2026-02-06T15:03:22Z,mobile
U0100,I0093,view,,1,35.82,2026-02-08T09:18:22Z,web
U0055,I0057,view,,1,46.42,2026-03-29T06:59:22Z,mobile
U0146,I0071,view,,1,31.77,2026-04-30T22:35:22Z,web
U0208,I0066,view,,1,22.7,2026-02-19T02:34:22Z,mobile
U0058,I0088,view,,1,30.05,2026-04-29T04:01:22Z,mobile
U0152,I0074,view,,1,19.52,2026-04-05T02:59:22Z,mobile
U0018,I0070,view,,1,26.73,2026-03-27T14:35:22Z,mobile
U0149,I0047,view,,1,36.67,2026-02-25T13:10:22Z,mobile
U0039,I0118,view,,1,24.81,2026-03-10T09:14:22Z,web
U0133,I0004,view,,1,24.4,2026-03-20T00:39:22Z,web
U0008,I0088,view,,1,30.05,2026-04-02T08:36:22Z,web
U0027,I0081,cart,,1,60.65,2026-03-11T19:23:22Z,mobile
U0026,I0039,view,,1,14.55,2026-02-26T16:11:22Z,web
U0115,I0070,view,,1,26.73,2026-03-30T13:01:22Z,web
U0019,I0120,view,,1,26.42,2026-03-30T11:29:22Z,web
U0232,I0020,cart,,1,27.33,2026-02-16T08:15:22Z,web
U0045,I0017,purchase,,2,25.29,2026-02-22T23:51:22Z,web
U0168,I0060,view,,1,48.07,2026-03-24T01:25:22Z,mobile
U0194,I0040,view,,1,56.71,2026-04-28T16:04:22Z,mobile
U0035,I0039,view,,1,14.55,2026-02-13T09:22:22Z,web
U0097,I0063,view,,1,17.91,2026-03-02T11:40:22Z,web
U0024,I0071,rating,5.0,1,31.77,2026-04-29T10:24:22Z,mobile
U0006,I0044,purchase,,1,16.15,2026-02-10T09:41:22Z,mobile
U0206,I0097,view,,1,42.6,2026-04-18T07:37:22Z,mobile
U0093,I0026,cart,,1,13.5,2026-03-11T23:54:22Z,web
U0026,I0009,cart,,1,26.36,2026-04-16T19:08:22Z,mobile
U0158,I0034,view,,1,32.38,2026-03-06T15:00:22Z,web
U0081,I0085,purchase,,1,64.61,2026-04-05T15:03:22Z,mobile
U0210,I0069,view,,1,41.22,2026-05-02T09:11:22Z,mobile
U0035,I0074,view,,1,19.52,2026-04-27T22:19:22Z,web
U0154,I0048,view,,1,22.53,2026-02-14T17:36:22Z,web
U0001,I0033,view,,1,24.72,2026-04-08T22:25:22Z,mobile
U0120,I0014,view,,1,30.5,2026-02-24T20:43:22Z,mobile
U0238,I0063,view,,1,17.91,2026-03-21T11:02:22Z,web
U0230,I0094,view,,1,20.46,2026-02-17T00:19:22Z,web
U0051,I0014,cart,,1,30.5,2026-03-06T23:53:22Z,mobile
U0237,I0086,purchase,,1,33.96,2026-03-15T02:26:22Z,mobile
U0088,I0021,view,,1,19.0,2026-03-30T03:29:22Z,mobile
U0075,I0108,view,,1,101.53,2026-04-04T00:50:22Z,mobile
U0019,I0072,view,,1,21.99,2026-03-04T02:52:22Z,web
U0126,I0038,view,,1,23.01,2026-04-03T15:21:22Z,web
U0217,I0063,cart,,1,17.91,2026-02-22T02:43:22Z,mobile
U0127,I0051,purchase,,1,24.93,2026-03-20T00:47:22Z,web
U0122,I0068,rating,3.0,1,16.18,2026-02-16T20:59:22Z,web
U0017,I0066,view,,1,22.7,2026-02-08T00:54:22Z,mobile
U0119,I0066,view,,1,22.7,2026-02-04T13:41:22Z,web
U0224,I0020,view,,1,27.33,2026-02-03T21:41:22Z,mobile
U0113,I0109,view,,1,70.56,2026-03-11T20:48:22Z,web
U0159,I0077,rating,4.0,1,43.74,2026-03-15T05:28:22Z,mobile
U0209,I0009,cart,,1,26.36,2026-04-05T00:26:22Z,web
U0092,I0042,view,,1,34.64,2026-02-22T17:12:22Z,mobile
U0032,I0042,purchase,,1,34.64,2026-02-07T10:21:22Z,web
U0009,I0021,purchase,,2,19.0,2026-03-26T04:02:22Z,web
U0227,I0078,purchase,,3,41.4,2026-04-14T14:55:22Z,mobile
U0217,I0071,view,,1,31.77,2026-03-27T03:32:22Z,mobile
U0141,I0043,view,,1,34.18,2026-02-17T08:37:22Z,mobile
U0210,I0053,purchase,,1,18.65,2026-02-04T16:06:22Z,web
U0090,I0009,cart,,1,26.36,2026-04-22T23:06:22Z,mobile
U0213,I0016,rating,5.0,1,41.84,2026-04-19T11:12:22Z,mobile
U0186,I0106,view,,1,26.93,2026-03-01T17:19:22Z,mobile
U0079,I0065,cart,,1,45.15,2026-03-03T10:11:22Z,web
U0100,I0022,purchase,,1,23.73,2026-04-28T15:09:22Z,mobile
U0080,I0058,view,,1,18.03,2026-03-15T00:55:22Z,web
U0063,I0001,purchase,,1,31.44,2026-03-26T11:16:22Z,web
U0185,I0025,rating,4.0,1,15.52,2026-02-05T08:57:22Z,web
U0046,I0038,purchase,,1,23.01,2026-02-08T22:04:22Z,web
U0119,I0016,view,,1,41.84,2026-02-15T14:05:22Z,web
U0006,I0103,view,,1,51.23,2026-04-26T17:31:22Z,web
U0008,I0062,view,,1,23.59,2026-03-30T03:21:22Z,mobile
U0018,I0038,view,,1,23.01,2026-02-28T03:59:22Z,mobile
U0205,I0072,cart,,1,21.99,2026-04-25T16:47:22Z,mobile
U0209,I0102,view,,1,45.37,2026-04-01T14:42:22Z,mobile
U0040,I0013,rating,5.0,1,28.54,2026-04-02T20:28:22Z,mobile
U0087,I0056,view,,1,21.96,2026-02-09T17:35:22Z,web
U0028,I0052,view,,1,30.37,2026-03-26T15:35:22Z,web
U0137,I0042,view,,1,34.64,2026-02-28T12:01:22Z,web
U0175,I0097,cart,,1,42.6,2026-04-05T18:46:22Z,mobile
U0230,I0057,view,,1,46.42,2026-04-23T21:17:22Z,mobile
U0084,I0102,view,,1,45.37,2026-04-02T09:57:22Z,web
U0158,I0023,view,,1,51.99,2026-04-08T13:45:22Z,web
U0015,I0062,purchase,,1,23.59,2026-03-21T21:30:22Z,web
U0186,I0106,view,,1,26.93,2026-04-14T14:52:22Z,web
U0041,I0036,purchase,,1,74.72,2026-02-04T07:09:22Z,mobile
U0151,I0087,view,,1,58.68,2026-03-18T21:31:22Z,web
U0045,I0088,purchase,,2,30.05,2026-02-14T18:18:22Z,mobile
U0184,I0013,view,,1,28.54,2026-04-08T17:32:22Z,mobile
U0053,I0010,view,,1,50.12,2026-04-14T10:55:22Z,web
U0111,I0051,view,,1,24.93,2026-04-20T11:13:22Z,mobile
U0092,I0047,purchase,,1,36.67,2026-02-16T05:38:22Z,web
U0052,I0082,cart,,1,27.22,2026-03-13T15:15:22Z,mobile
U0066,I0097,cart,,1,42.6,2026-04-06T16:58:22Z,mobile
U0231,I0063,view,,1,17.91,2026-02-26T07:20:22Z,mobile
U0171,I0015,view,,1,19.27,2026-03-22T04:34:22Z,web
U0148,I0023,purchase,,3,51.99,2026-02-19T11:16:22Z,web
U0196,I0051,view,,1,24.93,2026-02-11T06:12:22Z,web
U0147,I0005,view,,1,20.52,2026-04-15T05:47:22Z,web
U0192,I0035,view,,1,26.96,2026-03-05T09:27:22Z,web
U0029,I0017,purchase,,2,25.29,2026-04-09T01:35:22Z,web
U0229,I0046,view,,1,32.06,2026-04-21T16:17:22Z,mobile
U0037,I0027,view,,1,58.32,2026-02-28T11:56:22Z,mobile
U0073,I0083,purchase,,1,17.83,2026-04-22T10:00:22Z,mobile
U0132,I0063,view,,1,17.91,2026-02-17T04:40:22Z,web
U0139,I0021,view,,1,19.0,2026-04-09T06:51:22Z,mobile
U0138,I0043,rating,4.0,1,34.18,2026-02-26T03:48:22Z,mobile
U0144,I0087,cart,,1,58.68,2026-02-21T23:40:22Z,mobile
U0224,I0081,rating,4.0,1,60.65,2026-04-06T21:33:22Z,web
U0026,I0047,view,,1,36.67,2026-02-11T19:45:22Z,mobile
U0237,I0084,view,,1,27.83,2026-03-12T04:00:22Z,mobile
U0090,I0047,cart,,1,36.67,2026-03-25T09:57:22Z,web
U0163,I0024,rating,5.0,1,24.65,2026-04-04T08:32:22Z,web
U0055,I0019,view,,1,35.63,2026-04-10T08:26:22Z,mobile
U0240,I0083,view,,1,17.83,2026-03-03T19:50:22Z,mobile
U0183,I0048,cart,,1,22.53,2026-03-01T22:18:22Z,web
U0016,I0013,purchase,,2,28.54,2026-03-12T02:44:22Z,web
U0173,I0054,view,,1,35.21,2026-04-25T15:45:22Z,mobile
U0183,I0018,view,,1,34.0,2026-03-24T07:12:22Z,web
U0225,I0080,cart,,1,16.0,2026-02-14T03:08:22Z,mobile
U0015,I0054,cart,,1,35.21,2026-03-27T08:59:22Z,web
U0018,I0081,cart,,1,60.65,2026-03-30T06:44:22Z,mobile
U0032,I0042,rating,5.0,1,34.64,2026-02-05T18:20:22Z,mobile
U0191,I0049,view,,1,10.95,2026-03-31T11:11:22Z,mobile
U0023,I0074,view,,1,19.52,2026-03-09T09:47:22Z,mobile
U0148,I0034,view,,1,32.38,2026-03-29T07:12:22Z,web
U0034,I0102,cart,,1,45.37,2026-02-17T03:55:22Z,web
U0015,I0063,view,,1,17.91,2026-02-27T03:10:22Z,mobile
U0198,I0021,purchase,,1,19.0,2026-03-23T17:50:22Z,mobile
U0039,I0054,view,,1,35.21,2026-04-03T04:10:22Z,mobile
U0184,I0056,cart,,1,21.96,2026-03-01T19:53:22Z,mobile
U0071,I0060,cart,,1,48.07,2026-04-16T22:09:22Z,web
U0228,I0065,view,,1,45.15,2026-03-13T22:57:22Z,mobile
U0184,I0039,view,,1,14.55,2026-02-13T01:07:22Z,mobile
U0183,I0013,cart,,1,28.54,2026-02-11T00:27:22Z,mobile
U0188,I0120,purchase,,1,26.42,2026-04-06T17:35:22Z,web
U0015,I0088,view,,1,30.05,2026-03-31T00:21:22Z,mobile
U0213,I0041,view,,1,35.48,2026-02-08T18:06:22Z,web
U0099,I0051,purchase,,1,24.93,2026-03-02T08:35:22Z,web
U0127,I0079,view,,1,55.92,2026-03-10T17:49:22Z,mobile
U0214,I0066,view,,1,22.7,2026-03-26T20:03:22Z,mobile
U0207,I0015,purchase,,1,19.27,2026-04-21T08:53:22Z,mobile
U0168,I0051,view,,1,24.93,2026-03-22T06:22:22Z,web
U0118,I0019,view,,1,35.63,2026-04-12T19:08:22Z,mobile
U0064,I0050,view,,1,15.33,2026-03-06T17:06:22Z,mobile
U0065,I0060,view,,1,48.07,2026-03-15T04:50:22Z,web
U0181,I0027,view,,1,58.32,2026-02-09T14:56:22Z,mobile
U0179,I0060,view,,1,48.07,2026-04-05T04:39:22Z,mobile
U0197,I0072,purchase,,1,21.99,2026-03-18T20:21:22Z,web
U0213,I0022,view,,1,23.73,2026-02-12T01:57:22Z,web
U0066,I0062,purchase,,1,23.59,2026-04-13T06:42:22Z,mobile
U0161,I0079,cart,,1,55.92,2026-04-29T05:04:22Z,web
U0221,I0011,cart,,1,15.55,2026-02-08T15:36:22Z,mobile
U0237,I0105,view,,1,20.28,2026-02-13T15:46:22Z,mobile
U0027,I0005,purchase,,1,20.52,2026-03-30T07:28:22Z,web
U0146,I0039,view,,1,14.55,2026-03-27T08:10:22Z,web
U0044,I0098,view,,1,35.06,2026-02-17T02:52:22Z,web
U0212,I0027,rating,1.0,1,58.32,2026-04-09T13:19:22Z,web
U0225,I0044,view,,1,16.15,2026-02-21T20:25:22Z,web
U0130,I0112,view,,1,53.68,2026-02-06T20:08:22Z,web
U0235,I0074,cart,,1,19.52,2026-03-11T17:50:22Z,web
U0065,I0020,view,,1,27.33,2026-03-14T09:16:22Z,web
U0105,I0056,view,,1,21.96,2026-02-27T02:49:22Z,web
U0042,I0058,view,,1,18.03,2026-04-03T06:32:22Z,mobile
U0026,I0081,purchase,,1,60.65,2026-02-08T00:09:22Z,mobile
U0058,I0110,purchase,,1,26.64,2026-02-23T08:14:22Z,web
U0072,I0105,cart,,1,20.28,2026-03-18T09:07:22Z,web
U0011,I0011,view,,1,15.55,2026-02-18T23:21:22Z,mobile
U0194,I0119,purchase,,1,34.0,2026-03-19T20:51:22Z,mobile
U0007,I0011,purchase,,1,15.55,2026-04-05T06:11:22Z,mobile
U0066,I0041,rating,3.0,1,35.48,2026-04-17T09:16:22Z,web
U0090,I0082,view,,1,27.22,2026-02-18T22:26:22Z,mobile
U0049,I0043,view,,1,34.18,2026-02-08T23:43:22Z,mobile
U0108,I0007,view,,1,50.51,2026-03-21T09:39:22Z,web
U0049,I0101,view,,1,48.0,2026-04-06T10:47:22Z,mobile
U0103,I0002,view,,1,22.56,2026-03-22T01:00:22Z,mobile
U0149,I0070,view,,1,26.73,2026-04-09T19:59:22Z,web
U0111,I0082,rating,5.0,1,27.22,2026-02-27T04:52:22Z,mobile
U0030,I0068,view,,1,16.18,2026-04-11T08:07:22Z,mobile
U0064,I0016,view,,1,41.84,2026-04-15T03:19:22Z,mobile
U0014,I0034,view,,1,32.38,2026-02-21T05:53:22Z,web
U0206,I0025,view,,1,15.52,2026-03-31T17:55:22Z,mobile
U0026,I0038,cart,,1,23.01,2026-02-15T04:59:22Z,mobile
U0120,I0031,purchase,,1,6.52,2026-04-10T15:47:22Z,mobile
U0185,I0019,cart,,1,35.63,2026-04-15T08:09:22Z,web
U0092,I0006,view,,1,21.38,2026-02-06T12:44:22Z,mobile
U0131,I0005,view,,1,20.52,2026-02-25T15:38:22Z,mobile
U0154,I0002,purchase,,1,22.56,2026-02-21T04:13:22Z,mobile
U0233,I0069,view,,1,41.22,2026-04-13T04:59:22Z,web
U0085,I0057,rating,5.0,1,46.42,2026-03-23T18:10:22Z,mobile
U0149,I0096,purchase,,1,36.87,2026-04-30T08:38:22Z,mobile
U0232,I0002,rating,4.0,1,22.56,2026-03-28T02:40:22Z,web
U0162,I0082,view,,1,27.22,2026-03-14T07:31:22Z,web
U0210,I0049,purchase,,2,10.95,2026-03-12T21:46:22Z,web
U0068,I0036,cart,,1,74.72,2026-03-06T10:49:22Z,mobile
U0023,I0032,view,,1,68.88,2026-03-18T13:07:22Z,web
U0228,I0053,purchase,,2,18.65,2026-02-05T06:25:22Z,web
U0043,I0004,purchase,,1,24.4,2026-03-06T13:14:22Z,mobile
U0153,I0029,rating,4.0,1,83.41,2026-03-10T23:33:22Z,web
U0167,I0014,view,,1,30.5,2026-03-20T22:21:22Z,mobile
U0230,I0028,rating,3.0,1,23.83,2026-04-29T16:08:22Z,web
U0155,I0063,view,,1,17.91,2026-04-30T04:54:22Z,mobile
U0146,I0107,purchase,,2,14.01,2026-04-23T22:35:22Z,mobile
U0226,I0118,view,,1,24.81,2026-02-11T06:14:22Z,web
U0137,I0016,view,,1,41.84,2026-02-07T02:30:22Z,mobile
U0167,I0013,view,,1,28.54,2026-02-19T22:20:22Z,mobile
U0161,I0107,view,,1,14.01,2026-03-25T15:59:22Z,mobile
U0175,I0057,view,,1,46.42,2026-03-24T10:08:22Z,mobile
U0090,I0090,view,,1,12.85,2026-04-29T11:13:22Z,web
U0147,I0007,purchase,,1,50.51,2026-02-28T19:23:22Z,web
U0107,I0045,rating,4.0,1,27.1,2026-02-26T17:11:22Z,mobile
U0042,I0022,view,,1,23.73,2026-02-09T10:26:22Z,web
U0219,I0011,cart,,1,15.55,2026-02-23T00:53:22Z,web
U0059,I0068,view,,1,16.18,2026-04-01T01:42:22Z,web
U0151,I0066,view,,1,22.7,2026-04-19T16:22:22Z,mobile
U0055,I0091,view,,1,42.99,2026-03-24T14:46:22Z,web
U0167,I0015,cart,,1,19.27,2026-03-05T12:41:22Z,mobile
U0156,I0048,cart,,1,22.53,2026-02-02T02:16:22Z,mobile
U0196,I0112,purchase,,1,53.68,2026-04-11T08:25:22Z,web
U0030,I0117,cart,,1,42.8,2026-04-20T20:05:22Z,web
U0146,I0101,purchase,,1,48.0,2026-02-03T11:34:22Z,web
U0146,I0015,purchase,,2,19.27,2026-02-14T12:13:22Z,mobile
U0113,I0001,view,,1,31.44,2026-02-11T11:56:22Z,web
U0149,I0118,view,,1,24.81,2026-04-19T00:36:22Z,web
U0110,I0037,view,,1,17.51,2026-04-05T07:00:22Z,web
U0174,I0092,cart,,1,16.23,2026-03-27T04:15:22Z,mobile
U0168,I0058,rating,4.0,1,18.03,2026-02-14T21:42:22Z,web
U0137,I0070,rating,4.0,1,26.73,2026-02-08T18:55:22Z,mobile
U0142,I0018,view,,1,34.0,2026-02-23T05:54:22Z,mobile
U0046,I0095,purchase,,1,11.84,2026-03-11T10:20:22Z,web
U0172,I0073,view,,1,25.28,2026-03-10T09:05:22Z,web
U0037,I0110,view,,1,26.64,2026-02-16T21:36:22Z,mobile
U0239,I0021,cart,,1,19.0,2026-04-30T01:54:22Z,web
U0186,I0028,view,,1,23.83,2026-02-19T15:31:22Z,mobile
U0030,I0010,view,,1,50.12,2026-04-07T15:49:22Z,web
U0234,I0001,rating,4.0,1,31.44,2026-03-22T03:27:22Z,web
U0125,I0054,purchase,,2,35.21,2026-04-18T00:42:22Z,web
U0063,I0042,view,,1,34.64,2026-04-11T01:28:22Z,mobile
U0052,I0009,rating,5.0,1,26.36,2026-03-23T10:24:22Z,mobile
U0078,I0038,cart,,1,23.01,2026-02-12T12:49:22Z,web
U0007,I0086,view,,1,33.96,2026-03-15T17:17:22Z,mobile
U0210,I0069,purchase,,1,41.22,2026-04-15T09:22:22Z,mobile
U0128,I0105,rating,5.0,1,20.28,2026-02-04T12:01:22Z,web
U0043,I0001,view,,1,31.44,2026-03-29T15:25:22Z,mobile
U0028,I0041,rating,5.0,1,35.48,2026-02-18T21:51:22Z,web
U0069,I0051,purchase,,2,24.93,2026-03-31T12:04:22Z,mobile
U0101,I0108,view,,1,101.53,2026-04-04T05:57:22Z,mobile
U0125,I0071,purchase,,1,31.77,2026-04-05T09:01:22Z,web
U0027,I0080,view,,1,16.0,2026-04-15T16:35:22Z,web
U0086,I0080,view,,1,16.0,2026-03-27T09:09:22Z,web
U0081,I0072,purchase,,1,21.99,2026-04-09T21:00:22Z,mobile
U0044,I0046,cart,,1,32.06,2026-02-22T16:22:22Z,web
U0141,I0110,view,,1,26.64,2026-04-21T12:51:22Z,mobile
U0062,I0074,purchase,,1,19.52,2026-03-01T19:15:22Z,mobile
U0106,I0085,purchase,,2,64.61,2026-03-03T02:13:22Z,mobile
U0224,I0077,view,,1,43.74,2026-03-08T12:55:22Z,mobile
U0178,I0110,rating,2.0,1,26.64,2026-02-28T10:26:22Z,web
U0103,I0017,cart,,1,25.29,2026-02-03T03:01:22Z,mobile
U0175,I0065,rating,5.0,1,45.15,2026-03-06T08:39:22Z,mobile
U0078,I0009,cart,,1,26.36,2026-03-28T19:08:22Z,mobile
U0082,I0065,view,,1,45.15,2026-04-10T19:45:22Z,mobile
U0010,I0034,view,,1,32.38,2026-02-02T17:12:22Z,mobile
U0193,I0024,cart,,1,24.65,2026-04-06T11:09:22Z,web
U0098,I0043,purchase,,2,34.18,2026-02-23T22:50:22Z,mobile
U0152,I0098,view,,1,35.06,2026-04-12T18:34:22Z,mobile
U0219,I0106,purchase,,1,26.93,2026-02-25T14:45:22Z,web
U0198,I0103,view,,1,51.23,2026-04-17T20:18:22Z,web
U0214,I0074,cart,,1,19.52,2026-05-02T10:18:22Z,mobile
U0193,I0026,view,,1,13.5,2026-02-17T12:43:22Z,web
U0053,I0085,view,,1,64.61,2026-04-12T00:02:22Z,web
U0104,I0049,purchase,,1,10.95,2026-02-22T11:26:22Z,web
U0121,I0002,cart,,1,22.56,2026-04-01T04:54:22Z,mobile
U0118,I0031,view,,1,6.52,2026-02-18T16:11:22Z,mobile
U0006,I0061,purchase,,2,17.75,2026-03-15T14:47:22Z,mobile
U0095,I0013,view,,1,28.54,2026-05-02T11:04:22Z,web
U0214,I0095,view,,1,11.84,2026-04-08T12:56:22Z,web
U0202,I0068,view,,1,16.18,2026-04-27T13:38:22Z,mobile
U0203,I0106,view,,1,26.93,2026-03-02T17:47:22Z,mobile
U0103,I0020,view,,1,27.33,2026-04-04T21:59:22Z,web
U0070,I0054,rating,5.0,1,35.21,2026-02-20T10:55:22Z,web
U0012,I0080,purchase,,1,16.0,2026-03-26T10:26:22Z,web
U0025,I0041,view,,1,35.48,2026-03-07T19:16:22Z,web
U0096,I0109,cart,,1,70.56,2026-02-19T06:37:22Z,mobile
U0106,I0104,view,,1,41.88,2026-02-19T12:17:22Z,mobile
U0137,I0102,view,,1,45.37,2026-04-27T19:34:22Z,web
U0045,I0117,rating,3.0,1,42.8,2026-05-01T12:44:22Z,web
U0037,I0095,purchase,,1,11.84,2026-04-05T03:00:22Z,mobile
U0134,I0052,view,,1,30.37,2026-03-28T08:53:22Z,web
U0096,I0115,cart,,1,29.97,2026-04-24T06:59:22Z,mobile
U0080,I0023,cart,,1,51.99,2026-02-25T18:04:22Z,mobile
U0031,I0042,purchase,,1,34.64,2026-03-21T21:38:22Z,mobile
U0157,I0084,purchase,,1,27.83,2026-02-20T01:04:22Z,mobile
U0022,I0017,view,,1,25.29,2026-02-17T16:05:22Z,web
U0202,I0104,view,,1,41.88,2026-04-17T07:54:22Z,mobile
U0078,I0050,view,,1,15.33,2026-02-17T03:41:22Z,web
U0209,I0098,rating,4.0,1,35.06,2026-03-28T21:20:22Z,web
U0044,I0061,rating,4.0,1,17.75,2026-05-01T16:10:22Z,web
U0180,I0034,view,,1,32.38,2026-04-11T11:05:22Z,web
U0019,I0006,purchase,,1,21.38,2026-03-25T09:46:22Z,web
U0158,I0051,view,,1,24.93,2026-04-21T22:53:22Z,mobile
U0033,I0075,view,,1,25.5,2026-03-20T20:16:22Z,web
U0057,I0079,cart,,1,55.92,2026-03-10T07:32:22Z,mobile
U0116,I0019,view,,1,35.63,2026-04-11T18:33:22Z,web
U0104,I0061,view,,1,17.75,2026-03-16T06:16:22Z,web
U0142,I0025,rating,5.0,1,15.52,2026-02-20T12:09:22Z,mobile
U0082,I0086,cart,,1,33.96,2026-02-17T13:16:22Z,mobile
U0002,I0082,view,,1,27.22,2026-02-04T04:45:22Z,web
U0148,I0030,rating,5.0,1,19.11,2026-03-15T11:28:22Z,web
U0100,I0055,view,,1,14.43,2026-04-24T10:29:22Z,web
U0128,I0029,view,,1,83.41,2026-05-02T14:11:22Z,mobile
U0240,I0070,cart,,1,26.73,2026-04-13T00:27:22Z,web
U0203,I0075,view,,1,25.5,2026-03-13T16:16:22Z,web
U0050,I0069,rating,4.0,1,41.22,2026-04-24T19:23:22Z,mobile
U0224,I0047,rating,5.0,1,36.67,2026-04-19T15:46:22Z,mobile
U0042,I0034,cart,,1,32.38,2026-03-10T05:14:22Z,web
U0133,I0072,rating,3.0,1,21.99,2026-02-11T02:15:22Z,mobile
U0166,I0074,view,,1,19.52,2026-03-13T01:34:22Z,mobile
U0171,I0019,purchase,,1,35.63,2026-04-20T13:47:22Z,web
U0052,I0077,cart,,1,43.74,2026-03-24T18:59:22Z,mobile
U0137,I0058,view,,1,18.03,2026-04-02T18:51:22Z,web
U0040,I0031,view,,1,6.52,2026-05-01T05:58:22Z,web
U0069,I0115,cart,,1,29.97,2026-02-21T11:02:22Z,web
U0228,I0051,view,,1,24.93,2026-03-06T01:32:22Z,web
U0015,I0025,cart,,1,15.52,2026-03-05T12:16:22Z,web
U0092,I0090,view,,1,12.85,2026-03-07T06:04:22Z,web
U0079,I0031,cart,,1,6.52,2026-03-14T17:03:22Z,web
U0107,I0119,rating,3.0,1,34.0,2026-02-24T15:51:22Z,web
U0029,I0010,view,,1,50.12,2026-03-05T11:16:22Z,mobile
U0215,I0096,view,,1,36.87,2026-02-19T02:24:22Z,web
U0053,I0006,view,,1,21.38,2026-03-01T03:58:22Z,mobile
U0135,I0114,view,,1,33.44,2026-03-24T08:32:22Z,web
U0026,I0022,view,,1,23.73,2026-04-20T20:43:22Z,mobile
U0030,I0116,view,,1,59.11,2026-03-24T16:19:22Z,web
U0170,I0063,view,,1,17.91,2026-04-02T21:10:22Z,mobile
U0039,I0108,view,,1,101.53,2026-02-27T13:55:22Z,web
U0160,I0104,purchase,,1,41.88,2026-04-26T19:30:22Z,mobile
U0240,I0074,view,,1,19.52,2026-04-03T20:30:22Z,web
U0168,I0060,view,,1,48.07,2026-03-10T00:52:22Z,web
U0092,I0022,view,,1,23.73,2026-02-26T14:52:22Z,mobile
U0153,I0026,view,,1,13.5,2026-04-25T09:49:22Z,web
U0196,I0066,view,,1,22.7,2026-04-19T16:59:22Z,web
U0148,I0030,view,,1,19.11,2026-02-20T07:39:22Z,web
U0219,I0012,view,,1,67.3,2026-04-30T07:23:22Z,mobile
U0009,I0119,view,,1,34.0,2026-04-09T13:09:22Z,web
U0226,I0048,cart,,1,22.53,2026-04-10T13:08:22Z,web
U0204,I0095,view,,1,11.84,2026-02-25T09:00:22Z,web
U0216,I0008,view,,1,36.94,2026-03-29T07:28:22Z,web
U0068,I0108,view,,1,101.53,2026-04-24T22:28:22Z,web
U0031,I0079,view,,1,55.92,2026-03-13T20:40:22Z,web
U0156,I0007,view,,1,50.51,2026-03-15T22:32:22Z,mobile
U0033,I0027,view,,1,58.32,2026-03-24T01:29:22Z,web
U0152,I0096,rating,5.0,1,36.87,2026-04-08T09:41:22Z,mobile
U0149,I0090,cart,,1,12.85,2026-04-05T22:56:22Z,web
U0107,I0006,cart,,1,21.38,2026-03-20T08:25:22Z,mobile
U0078,I0086,purchase,,1,33.96,2026-02-05T05:11:22Z,mobile
U0006,I0096,view,,1,36.87,2026-02-12T12:55:22Z,web
U0090,I0010,purchase,,1,50.12,2026-02-28T08:41:22Z,web
U0030,I0037,cart,,1,17.51,2026-03-15T12:46:22Z,mobile
U0105,I0118,purchase,,2,24.81,2026-02-15T18:37:22Z,mobile
U0043,I0082,view,,1,27.22,2026-03-22T09:49:22Z,web
U0197,I0029,view,,1,83.41,2026-04-16T02:25:22Z,web
U0164,I0100,rating,1.0,1,54.26,2026-03-03T08:55:22Z,mobile
U0102,I0114,view,,1,33.44,2026-03-30T06:56:22Z,mobile
U0207,I0078,cart,,1,41.4,2026-04-29T05:56:22Z,web
U0076,I0106,cart,,1,26.93,2026-02-03T03:22:22Z,web
U0011,I0073,view,,1,25.28,2026-03-25T21:52:22Z,web
U0201,I0025,cart,,1,15.52,2026-02-26T23:17:22Z,mobile
U0136,I0076,cart,,1,36.2,2026-03-08T06:27:22Z,web
U0201,I0062,view,,1,23.59,2026-04-04T10:37:22Z,mobile
U0165,I0040,cart,,1,56.71,2026-02-26T18:42:22Z,web
U0005,I0078,view,,1,41.4,2026-04-14T11:21:22Z,web
U0005,I0119,rating,1.0,1,34.0,2026-04-02T14:11:22Z,web
U0184,I0101,rating,3.0,1,48.0,2026-03-09T03:43:22Z,mobile
U0181,I0109,view,,1,70.56,2026-02-21T19:42:22Z,mobile
U0149,I0005,view,,1,20.52,2026-03-19T19:11:22Z,mobile
U0090,I0038,view,,1,23.01,2026-03-31T23:35:22Z,web
U0200,I0029,cart,,1,83.41,2026-04-16T23:09:22Z,mobile
U0091,I0029,purchase,,1,83.41,2026-04-25T18:40:22Z,web
U0101,I0054,view,,1,35.21,2026-05-02T09:49:22Z,web
U0006,I0016,cart,,1,41.84,2026-02-02T10:21:22Z,web
U0220,I0028,view,,1,23.83,2026-02-27T05:54:22Z,web
U0190,I0026,cart,,1,13.5,2026-02-10T14:20:22Z,web
U0209,I0071,rating,4.0,1,31.77,2026-05-01T09:42:22Z,mobile
U0136,I0098,purchase,,1,35.06,2026-02-28T06:00:22Z,web
U0158,I0055,view,,1,14.43,2026-04-29T04:10:22Z,mobile
U0101,I0030,view,,1,19.11,2026-03-10T08:26:22Z,mobile
U0144,I0106,view,,1,26.93,2026-04-27T15:04:22Z,web
U0119,I0005,purchase,,1,20.52,2026-04-19T05:51:22Z,web
U0046,I0038,cart,,1,23.01,2026-02-05T02:53:22Z,mobile
U0058,I0082,view,,1,27.22,2026-04-04T14:57:22Z,mobile
U0115,I0109,view,,1,70.56,2026-02-03T09:38:22Z,web
U0082,I0049,purchase,,1,10.95,2026-02-24T12:19:22Z,web
U0002,I0009,view,,1,26.36,2026-04-19T12:15:22Z,web
U0192,I0052,rating,5.0,1,30.37,2026-03-20T22:51:22Z,web
U0087,I0035,view,,1,26.96,2026-03-08T23:51:22Z,web
U0104,I0035,cart,,1,26.96,2026-02-14T19:08:22Z,web
U0053,I0043,cart,,1,34.18,2026-02-06T12:15:22Z,web
U0061,I0105,rating,4.0,1,20.28,2026-04-12T00:04:22Z,web
U0003,I0078,view,,1,41.4,2026-02-21T02:56:22Z,web
U0112,I0061,view,,1,17.75,2026-04-18T22:01:22Z,mobile
U0090,I0082,purchase,,1,27.22,2026-03-17T19:19:22Z,mobile
U0104,I0106,purchase,,1,26.93,2026-02-15T07:42:22Z,web
U0195,I0066,view,,1,22.7,2026-02-11T12:51:22Z,web
U0193,I0024,view,,1,24.65,2026-02-11T19:12:22Z,web
U0200,I0069,purchase,,3,41.22,2026-03-26T07:17:22Z,mobile
U0058,I0082,view,,1,27.22,2026-04-05T02:32:22Z,mobile
U0131,I0079,view,,1,55.92,2026-02-28T16:59:22Z,mobile
U0193,I0064,rating,3.0,1,28.05,2026-02-12T05:43:22Z,web
U0154,I0105,view,,1,20.28,2026-03-05T09:31:22Z,web
U0029,I0082,view,,1,27.22,2026-03-22T06:07:22Z,web
U0017,I0008,view,,1,36.94,2026-04-10T18:57:22Z,web
U0228,I0114,view,,1,33.44,2026-02-25T11:12:22Z,web
U0204,I0094,cart,,1,20.46,2026-04-11T10:43:22Z,web
U0215,I0003,view,,1,12.56,2026-02-16T13:30:22Z,web
U0040,I0064,rating,4.0,1,28.05,2026-04-26T23:13:22Z,web
U0037,I0037,cart,,1,17.51,2026-02-07T16:20:22Z,web
U0212,I0014,view,,1,30.5,2026-03-03T23:55:22Z,web
U0193,I0037,cart,,1,17.51,2026-02-21T21:04:22Z,mobile
U0012,I0079,purchase,,1,55.92,2026-02-13T03:20:22Z,mobile
U0006,I0119,cart,,1,34.0,2026-04-05T10:18:22Z,mobile
U0068,I0108,purchase,,1,101.53,2026-02-08T21:50:22Z,web
U0065,I0114,view,,1,33.44,2026-02-13T01:01:22Z,mobile
U0118,I0091,view,,1,42.99,2026-04-03T13:03:22Z,web
U0067,I0005,rating,4.0,1,20.52,2026-02-14T17:52:22Z,web
U0221,I0074,cart,,1,19.52,2026-02-24T12:04:22Z,web
U0101,I0063,view,,1,17.91,2026-03-26T14:57:22Z,mobile
U0014,I0099,purchase,,1,19.36,2026-03-06T23:37:22Z,mobile
U0089,I0097,cart,,1,42.6,2026-03-19T14:22:22Z,web
U0215,I0044,view,,1,16.15,2026-03-13T11:41:22Z,web
U0116,I0050,view,,1,15.33,2026-04-13T23:22:22Z,mobile
U0116,I0091,cart,,1,42.99,2026-04-13T04:35:22Z,web
U0209,I0087,cart,,1,58.68,2026-03-01T07:52:22Z,mobile
U0095,I0098,view,,1,35.06,2026-04-14T02:31:22Z,mobile
U0173,I0053,cart,,1,18.65,2026-03-29T07:34:22Z,mobile
U0021,I0010,view,,1,50.12,2026-04-09T14:03:22Z,web
U0051,I0085,view,,1,64.61,2026-02-08T20:18:22Z,web
U0107,I0078,view,,1,41.4,2026-03-22T17:39:22Z,mobile
U0032,I0001,view,,1,31.44,2026-02-21T19:20:22Z,web
U0023,I0010,rating,4.0,1,50.12,2026-04-03T10:50:22Z,mobile
U0110,I0037,purchase,,2,17.51,2026-02-19T10:26:22Z,web
U0228,I0016,view,,1,41.84,2026-04-08T14:39:22Z,mobile
U0193,I0064,view,,1,28.05,2026-02-26T14:29:22Z,web
U0176,I0044,view,,1,16.15,2026-03-21T09:55:22Z,mobile
U0173,I0103,purchase,,2,51.23,2026-04-14T17:03:22Z,web
U0212,I0055,purchase,,1,14.43,2026-03-06T00:55:22Z,mobile
U0239,I0108,view,,1,101.53,2026-04-20T00:29:22Z,web
U0083,I0081,cart,,1,60.65,2026-03-28T23:00:22Z,web
U0009,I0014,purchase,,1,30.5,2026-02-04T22:42:22Z,mobile
U0127,I0072,view,,1,21.99,2026-03-26T02:10:22Z,web
U0105,I0118,view,,1,24.81,2026-04-17T05:44:22Z,web
U0042,I0097,view,,1,42.6,2026-02-26T23:56:22Z,web
U0174,I0046,cart,,1,32.06,2026-04-20T17:36:22Z,web
U0131,I0057,rating,4.0,1,46.42,2026-04-05T21:55:22Z,mobile
U0163,I0037,view,,1,17.51,2026-04-27T00:50:22Z,web
U0239,I0063,view,,1,17.91,2026-03-26T21:37:22Z,web
U0152,I0111,rating,4.0,1,114.52,2026-03-04T13:18:22Z,web
U0116,I0075,view,,1,25.5,2026-04-26T10:38:22Z,mobile
U0143,I0036,view,,1,74.72,2026-03-24T11:01:22Z,web
U0107,I0062,rating,4.0,1,23.59,2026-02-28T13:20:22Z,mobile
U0031,I0109,purchase,,2,70.56,2026-03-19T21:11:22Z,web
U0190,I0099,view,,1,19.36,2026-02-06T15:16:22Z,mobile
U0118,I0092,cart,,1,16.23,2026-04-06T01:40:22Z,mobile
U0161,I0014,purchase,,1,30.5,2026-04-20T23:23:22Z,web
U0138,I0032,view,,1,68.88,2026-03-22T17:13:22Z,mobile
U0016,I0106,view,,1,26.93,2026-02-28T13:25:22Z,web
U0198,I0056,cart,,1,21.96,2026-04-03T03:21:22Z,web
U0186,I0064,purchase,,1,28.05,2026-04-26T19:04:22Z,mobile
U0216,I0037,view,,1,17.51,2026-03-29T20:01:22Z,web
U0114,I0074,view,,1,19.52,2026-04-12T04:10:22Z,web
U0208,I0024,view,,1,24.65,2026-03-16T22:34:22Z,web
U0081,I0117,purchase,,1,42.8,2026-03-15T18:52:22Z,web
U0060,I0050,view,,1,15.33,2026-03-21T06:33:22Z,mobile
U0102,I0034,rating,2.0,1,32.38,2026-03-06T14:51:22Z,web
U0205,I0006,rating,4.0,1,21.38,2026-02-16T06:39:22Z,mobile
U0187,I0018,view,,1,34.0,2026-04-16T18:18:22Z,mobile
U0162,I0042,purchase,,1,34.64,2026-02-26T06:00:22Z,web
U0102,I0065,view,,1,45.15,2026-03-22T22:03:22Z,mobile
U0154,I0076,view,,1,36.2,2026-04-05T09:41:22Z,mobile
U0020,I0025,view,,1,15.52,2026-03-03T05:52:22Z,mobile
U0215,I0094,cart,,1,20.46,2026-02-11T18:56:22Z,web
U0199,I0087,view,,1,58.68,2026-02-14T19:06:22Z,mobile
U0132,I0023,view,,1,51.99,2026-02-13T15:43:22Z,mobile
U0227,I0112,cart,,1,53.68,2026-04-26T20:40:22Z,web
U0205,I0010,cart,,1,50.12,2026-04-22T10:18:22Z,web
U0196,I0067,purchase,,1,77.25,2026-02-11T23:51:22Z,mobile
U0018,I0053,view,,1,18.65,2026-03-20T11:56:22Z,web
U0106,I0072,cart,,1,21.99,2026-02-17T16:33:22Z,web
U0181,I0018,view,,1,34.0,2026-04-08T16:17:22Z,web
U0210,I0025,cart,,1,15.52,2026-03-04T11:23:22Z,web
U0155,I0049,view,,1,10.95,2026-03-14T11:44:22Z,mobile
U0001,I0117,view,,1,42.8,2026-04-27T00:31:22Z,web
U0048,I0049,view,,1,10.95,2026-04-14T18:02:22Z,mobile
U0132,I0097,view,,1,42.6,2026-04-04T17:18:22Z,mobile
U0146,I0087,rating,4.0,1,58.68,2026-04-21T11:48:22Z,mobile
U0107,I0103,cart,,1,51.23,2026-05-01T17:10:22Z,mobile
U0163,I0100,rating,4.0,1,54.26,2026-02-08T08:29:22Z,web
U0042,I0030,rating,4.0,1,19.11,2026-03-03T14:10:22Z,mobile
U0176,I0118,cart,,1,24.81,2026-02-03T17:15:22Z,web
U0137,I0092,cart,,1,16.23,2026-04-02T06:10:22Z,mobile
U0108,I0060,cart,,1,48.07,2026-03-10T12:59:22Z,mobile
U0073,I0017,cart,,1,25.29,2026-03-07T16:32:22Z,web
U0059,I0057,purchase,,1,46.42,2026-02-13T23:43:22Z,mobile
U0125,I0102,view,,1,45.37,2026-03-27T16:53:22Z,web
U0174,I0004,cart,,1,24.4,2026-04-26T15:38:22Z,web
U0091,I0009,cart,,1,26.36,2026-02-07T19:31:22Z,web
U0023,I0044,view,,1,16.15,2026-04-20T18:29:22Z,web
U0066,I0065,view,,1,45.15,2026-02-03T11:45:22Z,mobile
U0100,I0034,cart,,1,32.38,2026-03-06T10:57:22Z,mobile
U0087,I0059,view,,1,24.91,2026-04-12T19:51:22Z,mobile
U0199,I0120,view,,1,26.42,2026-03-18T04:55:22Z,mobile
U0146,I0104,rating,4.0,1,41.88,2026-04-26T17:43:22Z,web
U0007,I0112,view,,1,53.68,2026-04-01T03:18:22Z,mobile
U0008,I0091,rating,4.0,1,42.99,2026-03-18T15:25:22Z,web
U0040,I0100,purchase,,1,54.26,2026-03-21T05:32:22Z,mobile
U0223,I0100,rating,5.0,1,54.26,2026-04-15T22:20:22Z,mobile
U0013,I0077,view,,1,43.74,2026-03-07T13:07:22Z,mobile
U0120,I0007,view,,1,50.51,2026-04-06T06:35:22Z,mobile
U0141,I0024,purchase,,1,24.65,2026-03-14T12:50:22Z,mobile
U0090,I0067,view,,1,77.25,2026-04-27T09:11:22Z,mobile
U0172,I0108,view,,1,101.53,2026-02-04T19:26:22Z,web
U0128,I0081,view,,1,60.65,2026-02-26T08:54:22Z,mobile
U0004,I0037,view,,1,17.51,2026-04-13T03:02:22Z,web
U0161,I0014,view,,1,30.5,2026-03-16T02:31:22Z,mobile
U0219,I0079,view,,1,55.92,2026-04-12T03:50:22Z,web
U0137,I0070,view,,1,26.73,2026-04-27T08:17:22Z,web
U0220,I0075,view,,1,25.5,2026-03-30T19:03:22Z,web
U0013,I0044,cart,,1,16.15,2026-03-17T18:08:22Z,web
U0076,I0047,view,,1,36.67,2026-03-07T14:35:22Z,mobile
U0204,I0075,view,,1,25.5,2026-03-25T11:41:22Z,mobile
U0058,I0027,rating,3.0,1,58.32,2026-04-19T00:15:22Z,mobile
U0189,I0053,view,,1,18.65,2026-04-02T08:49:22Z,mobile
U0222,I0049,view,,1,10.95,2026-04-16T10:36:22Z,mobile
U0055,I0017,purchase,,2,25.29,2026-02-24T09:41:22Z,web
U0013,I0080,purchase,,1,16.0,2026-03-03T11:38:22Z,web
U0202,I0120,view,,1,26.42,2026-04-13T21:28:22Z,web
U0125,I0052,view,,1,30.37,2026-03-30T12:06:22Z,mobile
U0187,I0056,view,,1,21.96,2026-02-06T16:03:22Z,mobile
U0048,I0101,view,,1,48.0,2026-02-17T09:38:22Z,mobile
U0003,I0005,view,,1,20.52,2026-03-16T16:10:22Z,mobile
U0031,I0091,view,,1,42.99,2026-02-25T07:04:22Z,web
U0033,I0089,purchase,,1,40.79,2026-03-31T02:06:22Z,web
U0074,I0023,view,,1,51.99,2026-03-02T02:52:22Z,web
U0132,I0017,purchase,,1,25.29,2026-05-01T02:58:22Z,mobile
U0157,I0092,view,,1,16.23,2026-04-08T13:09:22Z,web
U0020,I0119,view,,1,34.0,2026-02-25T11:21:22Z,web
U0198,I0073,purchase,,2,25.28,2026-02-23T03:30:22Z,web
U0125,I0098,view,,1,35.06,2026-02-07T05:17:22Z,web
U0104,I0064,view,,1,28.05,2026-04-04T23:07:22Z,mobile
U0153,I0096,view,,1,36.87,2026-04-03T10:26:22Z,web
U0143,I0060,rating,4.0,1,48.07,2026-02-03T02:55:22Z,mobile
U0069,I0077,rating,4.0,1,43.74,2026-04-29T06:20:22Z,mobile
U0018,I0001,cart,,1,31.44,2026-04-02T15:09:22Z,web
U0107,I0002,view,,1,22.56,2026-03-08T14:13:22Z,web
U0082,I0117,rating,4.0,1,42.8,2026-04-09T00:48:22Z,mobile
U0066,I0093,cart,,1,35.82,2026-02-05T08:31:22Z,web
U0161,I0006,rating,3.0,1,21.38,2026-04-15T22:43:22Z,mobile
U0027,I0005,purchase,,1,20.52,2026-03-12T05:08:22Z,mobile
U0032,I0047,view,,1,36.67,2026-02-04T20:00:22Z,mobile
U0160,I0081,rating,5.0,1,60.65,2026-04-28T16:02:22Z,web
U0111,I0005,cart,,1,20.52,2026-02-20T15:51:22Z,mobile
U0201,I0063,purchase,,1,17.91,2026-03-03T01:43:22Z,web
U0166,I0120,purchase,,1,26.42,2026-03-22T03:02:22Z,web
U0051,I0072,view,,1,21.99,2026-02-24T23:27:22Z,mobile
U0230,I0028,view,,1,23.83,2026-02-27T14:04:22Z,mobile
U0115,I0042,view,,1,34.64,2026-04-14T08:57:22Z,mobile
U0088,I0104,view,,1,41.88,2026-05-01T23:49:22Z,mobile
U0234,I0081,view,,1,60.65,2026-03-01T18:07:22Z,mobile
U0002,I0092,cart,,1,16.23,2026-04-14T06:58:22Z,web
U0202,I0074,view,,1,19.52,2026-02-04T00:51:22Z,web
U0234,I0082,purchase,,1,27.22,2026-04-07T08:24:22Z,mobile
U0017,I0095,view,,1,11.84,2026-04-03T04:15:22Z,mobile
U0146,I0008,view,,1,36.94,2026-02-18T03:08:22Z,mobile
U0162,I0001,view,,1,31.44,2026-04-24T16:55:22Z,web
U0224,I0079,rating,5.0,1,55.92,2026-03-16T20:19:22Z,web
U0178,I0064,purchase,,2,28.05,2026-03-27T11:52:22Z,mobile
U0118,I0115,cart,,1,29.97,2026-02-09T19:44:22Z,web
U0088,I0108,view,,1,101.53,2026-04-05T00:00:22Z,web
U0152,I0018,cart,,1,34.0,2026-03-08T08:06:22Z,mobile
U0066,I0093,purchase,,1,35.82,2026-04-07T21:29:22Z,mobile
U0045,I0017,view,,1,25.29,2026-03-24T11:03:22Z,mobile
U0140,I0021,view,,1,19.0,2026-02-05T17:20:22Z,web
U0089,I0022,purchase,,1,23.73,2026-04-06T01:23:22Z,web
U0232,I0025,view,,1,15.52,2026-02-19T16:03:22Z,web
U0008,I0078,view,,1,41.4,2026-02-05T15:56:22Z,mobile
U0086,I0082,cart,,1,27.22,2026-04-22T19:28:22Z,mobile
U0172,I0036,cart,,1,74.72,2026-03-19T09:01:22Z,mobile
U0133,I0032,view,,1,68.88,2026-02-02T02:27:22Z,web
U0056,I0106,purchase,,1,26.93,2026-04-09T20:41:22Z,web
U0218,I0006,view,,1,21.38,2026-04-29T09:21:22Z,web
U0214,I0027,view,,1,58.32,2026-03-04T11:44:22Z,web
U0029,I0096,view,,1,36.87,2026-03-16T20:02:22Z,web
U0185,I0091,view,,1,42.99,2026-02-23T02:34:22Z,mobile
U0004,I0027,view,,1,58.32,2026-04-01T02:53:22Z,web
U0218,I0040,purchase,,1,56.71,2026-04-06T19:53:22Z,web
U0104,I0087,rating,4.0,1,58.68,2026-04-03T11:57:22Z,web
U0116,I0007,view,,1,50.51,2026-04-04T14:08:22Z,web
U0056,I0095,view,,1,11.84,2026-03-17T05:16:22Z,mobile
U0001,I0032,view,,1,68.88,2026-04-23T16:06:22Z,mobile
U0082,I0031,view,,1,6.52,2026-03-09T21:17:22Z,mobile
U0060,I0091,purchase,,1,42.99,2026-02-12T17:14:22Z,web
U0115,I0047,rating,5.0,1,36.67,2026-02-17T22:11:22Z,web
U0017,I0036,view,,1,74.72,2026-04-17T08:49:22Z,mobile
U0014,I0105,view,,1,20.28,2026-04-14T23:40:22Z,mobile
U0006,I0029,view,,1,83.41,2026-03-16T21:41:22Z,web
U0057,I0065,purchase,,1,45.15,2026-02-12T21:33:22Z,web
U0176,I0118,cart,,1,24.81,2026-02-02T22:28:22Z,web
U0172,I0081,view,,1,60.65,2026-04-14T14:15:22Z,web
U0119,I0093,view,,1,35.82,2026-04-10T03:26:22Z,mobile
U0146,I0049,view,,1,10.95,2026-04-12T11:15:22Z,mobile
U0218,I0095,cart,,1,11.84,2026-02-02T20:40:22Z,mobile
U0014,I0024,cart,,1,24.65,2026-03-30T12:21:22Z,web
U0112,I0079,cart,,1,55.92,2026-04-01T00:33:22Z,mobile
U0220,I0024,cart,,1,24.65,2026-03-22T06:11:22Z,web
U0158,I0030,rating,4.0,1,19.11,2026-02-24T11:22:22Z,web
U0096,I0017,rating,5.0,1,25.29,2026-04-26T10:16:22Z,mobile
U0115,I0016,rating,4.0,1,41.84,2026-04-01T01:00:22Z,web
U0123,I0089,view,,1,40.79,2026-04-03T13:53:22Z,mobile
U0041,I0015,cart,,1,19.27,2026-03-02T14:45:22Z,mobile
U0106,I0046,view,,1,32.06,2026-02-18T16:18:22Z,mobile
U0079,I0053,view,,1,18.65,2026-04-19T11:40:22Z,mobile
U0025,I0021,view,,1,19.0,2026-04-19T00:53:22Z,web
U0224,I0090,view,,1,12.85,2026-03-22T03:11:22Z,mobile
U0181,I0001,rating,5.0,1,31.44,2026-04-05T14:17:22Z,web
U0135,I0001,view,,1,31.44,2026-02-21T19:00:22Z,mobile
U0167,I0074,cart,,1,19.52,2026-03-07T11:16:22Z,web
U0193,I0059,view,,1,24.91,2026-02-26T04:30:22Z,mobile
U0187,I0041,view,,1,35.48,2026-03-08T09:03:22Z,web
U0139,I0054,view,,1,35.21,2026-03-07T09:19:22Z,web
U0031,I0090,view,,1,12.85,2026-04-14T23:51:22Z,web
U0136,I0075,view,,1,25.5,2026-04-01T17:45:22Z,mobile
U0127,I0097,view,,1,42.6,2026-03-24T12:53:22Z,web
U0105,I0048,rating,5.0,1,22.53,2026-03-25T05:04:22Z,web
U0196,I0065,purchase,,1,45.15,2026-04-23T00:16:22Z,mobile
U0097,I0078,view,,1,41.4,2026-02-14T20:39:22Z,web
U0124,I0003,view,,1,12.56,2026-02-08T03:42:22Z,mobile
U0129,I0100,rating,3.0,1,54.26,2026-02-15T17:43:22Z,web
U0171,I0052,purchase,,2,30.37,2026-03-04T18:50:22Z,mobile
U0239,I0069,view,,1,41.22,2026-03-16T14:07:22Z,mobile
U0061,I0001,view,,1,31.44,2026-02-07T18:07:22Z,mobile
U0207,I0103,cart,,1,51.23,2026-03-25T13:20:22Z,web
U0039,I0012,cart,,1,67.3,2026-03-19T08:57:22Z,mobile
U0126,I0082,view,,1,27.22,2026-02-09T04:13:22Z,web
U0034,I0102,cart,,1,45.37,2026-04-23T04:58:22Z,web
U0093,I0026,purchase,,1,13.5,2026-03-02T03:26:22Z,web
U0126,I0060,view,,1,48.07,2026-04-28T01:38:22Z,mobile
U0010,I0019,rating,4.0,1,35.63,2026-04-18T06:13:22Z,mobile
U0190,I0003,view,,1,12.56,2026-04-10T04:33:22Z,web
U0013,I0080,view,,1,16.0,2026-03-13T08:09:22Z,web
U0111,I0119,view,,1,34.0,2026-04-02T11:13:22Z,mobile
U0036,I0022,cart,,1,23.73,2026-02-18T13:19:22Z,mobile
U0059,I0002,view,,1,22.56,2026-02-08T15:27:22Z,mobile
U0131,I0091,purchase,,3,42.99,2026-04-04T11:15:22Z,web
U0118,I0119,view,,1,34.0,2026-03-29T08:52:22Z,mobile
U0076,I0092,cart,,1,16.23,2026-04-19T08:03:22Z,mobile
U0193,I0100,view,,1,54.26,2026-03-19T04:37:22Z,web
U0207,I0022,view,,1,23.73,2026-02-02T03:59:22Z,mobile
U0020,I0120,cart,,1,26.42,2026-02-27T08:47:22Z,web
U0026,I0016,view,,1,41.84,2026-04-21T03:49:22Z,mobile
U0190,I0096,rating,4.0,1,36.87,2026-03-12T03:46:22Z,mobile
U0188,I0055,purchase,,1,14.43,2026-03-03T07:25:22Z,web
U0191,I0016,rating,4.0,1,41.84,2026-02-19T19:22:22Z,mobile
U0045,I0052,view,,1,30.37,2026-02-07T12:27:22Z,web
U0123,I0037,rating,5.0,1,17.51,2026-04-04T11:09:22Z,mobile
U0085,I0019,rating,4.0,1,35.63,2026-03-06T07:23:22Z,web
U0133,I0074,cart,,1,19.52,2026-04-13T07:40:22Z,web
U0094,I0042,view,,1,34.64,2026-03-10T17:26:22Z,web
U0074,I0112,view,,1,53.68,2026-02-22T01:06:22Z,web
U0104,I0079,view,,1,55.92,2026-02-18T04:42:22Z,web
U0187,I0118,cart,,1,24.81,2026-02-17T13:07:22Z,mobile
U0026,I0016,cart,,1,41.84,2026-03-25T23:01:22Z,web
U0020,I0060,view,,1,48.07,2026-02-22T18:40:22Z,web
U0189,I0026,view,,1,13.5,2026-03-08T11:36:22Z,web
U0233,I0027,cart,,1,58.32,2026-02-21T02:55:22Z,mobile
U0189,I0008,rating,4.0,1,36.94,2026-04-05T12:17:22Z,mobile
U0186,I0110,cart,,1,26.64,2026-02-06T03:07:22Z,mobile
U0185,I0045,view,,1,27.1,2026-03-25T21:52:22Z,mobile
U0095,I0072,view,,1,21.99,2026-03-20T09:44:22Z,mobile
U0019,I0107,purchase,,2,14.01,2026-02-08T10:49:22Z,mobile
U0180,I0115,view,,1,29.97,2026-02-04T20:05:22Z,mobile
U0120,I0059,cart,,1,24.91,2026-04-25T06:13:22Z,web
U0170,I0114,view,,1,33.44,2026-02-14T03:51:22Z,mobile
U0057,I0028,view,,1,23.83,2026-05-02T13:56:22Z,mobile
U0060,I0103,view,,1,51.23,2026-04-22T08:19:22Z,mobile
U0100,I0065,view,,1,45.15,2026-02-22T10:38:22Z,web
U0097,I0022,rating,3.0,1,23.73,2026-03-01T23:01:22Z,mobile
U0008,I0010,rating,4.0,1,50.12,2026-04-30T20:30:22Z,mobile
U0021,I0068,cart,,1,16.18,2026-02-04T04:51:22Z,mobile
U0009,I0099,view,,1,19.36,2026-03-30T15:13:22Z,mobile
U0073,I0027,cart,,1,58.32,2026-02-08T15:15:22Z,web
U0072,I0059,view,,1,24.91,2026-02-21T11:36:22Z,mobile
U0037,I0037,cart,,1,17.51,2026-04-28T15:18:22Z,mobile
U0042,I0008,view,,1,36.94,2026-02-18T02:03:22Z,web
U0077,I0082,view,,1,27.22,2026-02-17T07:41:22Z,mobile
U0232,I0057,view,,1,46.42,2026-02-14T20:53:22Z,web
U0161,I0018,view,,1,34.0,2026-04-10T09:36:22Z,web
U0237,I0069,purchase,,1,41.22,2026-04-02T19:07:22Z,web
U0136,I0055,view,,1,14.43,2026-04-03T20:17:22Z,mobile
U0189,I0029,view,,1,83.41,2026-04-09T19:10:22Z,web
U0181,I0026,view,,1,13.5,2026-04-09T11:29:22Z,mobile
U0130,I0070,view,,1,26.73,2026-03-26T05:09:22Z,web
U0110,I0048,view,,1,22.53,2026-03-15T14:20:22Z,web
U0134,I0034,purchase,,1,32.38,2026-05-01T00:08:22Z,mobile
U0015,I0103,view,,1,51.23,2026-03-01T19:03:22Z,mobile
U0009,I0073,view,,1,25.28,2026-02-04T01:30:22Z,mobile
U0072,I0115,purchase,,1,29.97,2026-03-17T21:11:22Z,mobile
U0161,I0018,purchase,,1,34.0,2026-02-25T04:32:22Z,mobile
U0219,I0095,view,,1,11.84,2026-03-09T00:27:22Z,web
U0202,I0071,rating,5.0,1,31.77,2026-03-10T12:58:22Z,web
U0236,I0090,purchase,,1,12.85,2026-04-17T01:54:22Z,mobile
U0236,I0057,view,,1,46.42,2026-04-29T13:22:22Z,web
U0090,I0060,view,,1,48.07,2026-04-28T15:33:22Z,web
U0024,I0010,rating,5.0,1,50.12,2026-04-26T21:20:22Z,mobile
U0015,I0017,view,,1,25.29,2026-04-01T07:36:22Z,mobile
U0007,I0099,purchase,,1,19.36,2026-03-10T05:47:22Z,mobile
U0094,I0077,view,,1,43.74,2026-04-20T13:05:22Z,web
U0079,I0069,purchase,,2,41.22,2026-03-09T20:34:22Z,web
U0228,I0052,cart,,1,30.37,2026-02-12T05:30:22Z,mobile
U0226,I0033,cart,,1,24.72,2026-02-28T04:26:22Z,web
U0053,I0116,view,,1,59.11,2026-02-19T12:09:22Z,mobile
U0129,I0003,purchase,,1,12.56,2026-02-08T11:28:22Z,web
U0022,I0055,view,,1,14.43,2026-03-05T15:59:22Z,mobile
U0234,I0023,view,,1,51.99,2026-03-19T20:21:22Z,mobile
U0047,I0051,view,,1,24.93,2026-02-23T10:10:22Z,web
U0143,I0063,rating,4.0,1,17.91,2026-02-28T02:49:22Z,mobile
U0006,I0006,purchase,,3,21.38,2026-03-02T09:50:22Z,web
U0179,I0013,view,,1,28.54,2026-03-18T15:48:22Z,mobile
U0131,I0001,view,,1,31.44,2026-02-16T18:34:22Z,mobile
U0101,I0054,purchase,,1,35.21,2026-04-14T06:11:22Z,web
U0054,I0109,view,,1,70.56,2026-03-28T04:47:22Z,web
U0031,I0016,rating,3.0,1,41.84,2026-02-07T16:59:22Z,web
U0052,I0044,view,,1,16.15,2026-02-19T20:52:22Z,mobile
U0145,I0089,rating,3.0,1,40.79,2026-02-22T11:19:22Z,mobile
U0050,I0068,view,,1,16.18,2026-04-26T09:08:22Z,mobile
U0109,I0070,view,,1,26.73,2026-04-13T03:37:22Z,mobile
U0067,I0077,view,,1,43.74,2026-04-06T20:16:22Z,web
U0060,I0091,cart,,1,42.99,2026-04-16T00:22:22Z,mobile
U0143,I0072,view,,1,21.99,2026-03-25T21:34:22Z,web
U0053,I0073,view,,1,25.28,2026-04-07T20:30:22Z,web
U0239,I0113,view,,1,36.16,2026-03-25T16:12:22Z,mobile
U0223,I0037,cart,,1,17.51,2026-03-25T20:56:22Z,web
U0146,I0117,purchase,,1,42.8,2026-04-13T00:05:22Z,mobile
U0136,I0055,view,,1,14.43,2026-04-12T18:52:22Z,web
U0155,I0073,cart,,1,25.28,2026-04-20T08:14:22Z,mobile
U0220,I0031,cart,,1,6.52,2026-02-27T19:45:22Z,mobile
U0145,I0113,view,,1,36.16,2026-04-09T10:29:22Z,mobile
U0110,I0066,view,,1,22.7,2026-04-27T13:27:22Z,web
U0202,I0010,rating,5.0,1,50.12,2026-03-10T10:00:22Z,web
U0202,I0032,view,,1,68.88,2026-03-07T05:28:22Z,mobile
U0178,I0003,rating,1.0,1,12.56,2026-02-14T17:22:22Z,web
U0087,I0074,purchase,,2,19.52,2026-03-01T08:50:22Z,web
U0056,I0090,purchase,,2,12.85,2026-03-13T01:42:22Z,mobile
U0076,I0088,view,,1,30.05,2026-04-20T10:51:22Z,mobile
U0227,I0095,cart,,1,11.84,2026-04-23T02:27:22Z,mobile
U0143,I0045,view,,1,27.1,2026-04-28T23:55:22Z,web
U0194,I0056,view,,1,21.96,2026-03-20T01:04:22Z,mobile
U0084,I0116,purchase,,1,59.11,2026-02-21T16:13:22Z,web
U0223,I0027,view,,1,58.32,2026-04-08T19:03:22Z,mobile
U0125,I0057,cart,,1,46.42,2026-02-24T17:42:22Z,web
U0102,I0097,view,,1,42.6,2026-03-24T01:38:22Z,mobile
U0124,I0038,view,,1,23.01,2026-03-21T12:33:22Z,mobile
U0230,I0089,view,,1,40.79,2026-03-16T22:00:22Z,web
U0090,I0081,rating,4.0,1,60.65,2026-04-29T08:54:22Z,web
U0112,I0016,purchase,,1,41.84,2026-02-28T05:47:22Z,mobile
U0119,I0005,rating,5.0,1,20.52,2026-04-24T06:22:22Z,web
U0105,I0014,view,,1,30.5,2026-04-26T22:58:22Z,web
U0224,I0065,cart,,1,45.15,2026-02-04T09:21:22Z,web
U0113,I0034,view,,1,32.38,2026-04-12T21:56:22Z,mobile
U0232,I0015,rating,5.0,1,19.27,2026-04-18T01:10:22Z,web
U0079,I0031,rating,4.0,1,6.52,2026-04-12T18:19:22Z,mobile
U0099,I0001,rating,5.0,1,31.44,2026-02-14T08:17:22Z,mobile
U0077,I0042,rating,1.0,1,34.64,2026-04-02T04:17:22Z,mobile
U0202,I0120,rating,5.0,1,26.42,2026-03-27T05:11:22Z,mobile
U0136,I0032,cart,,1,68.88,2026-02-24T11:29:22Z,mobile
U0013,I0042,cart,,1,34.64,2026-02-05T02:40:22Z,web
U0048,I0116,rating,4.0,1,59.11,2026-04-08T00:23:22Z,mobile
U0107,I0108,view,,1,101.53,2026-02-06T01:07:22Z,web
U0044,I0018,view,,1,34.0,2026-04-10T07:32:22Z,mobile
U0117,I0026,view,,1,13.5,2026-02-11T09:58:22Z,web
U0199,I0112,view,,1,53.68,2026-02-26T08:31:22Z,mobile
U0191,I0087,view,,1,58.68,2026-04-08T16:22:22Z,mobile
U0030,I0005,rating,3.0,1,20.52,2026-03-07T13:26:22Z,mobile
U0166,I0046,view,,1,32.06,2026-04-04T15:06:22Z,web
U0232,I0054,view,,1,35.21,2026-02-22T18:08:22Z,mobile
U0108,I0046,view,,1,32.06,2026-03-24T09:38:22Z,web
U0118,I0063,view,,1,17.91,2026-02-12T11:49:22Z,mobile
U0233,I0086,purchase,,1,33.96,2026-03-17T17:48:22Z,mobile
U0136,I0081,view,,1,60.65,2026-03-20T11:10:22Z,mobile
U0186,I0024,view,,1,24.65,2026-02-25T18:04:22Z,mobile
U0002,I0094,view,,1,20.46,2026-03-09T08:52:22Z,mobile
U0147,I0015,view,,1,19.27,2026-03-09T17:14:22Z,web
U0142,I0118,cart,,1,24.81,2026-04-30T19:48:22Z,mobile
U0078,I0070,purchase,,2,26.73,2026-04-23T13:30:22Z,mobile
U0002,I0038,rating,2.0,1,23.01,2026-04-22T14:50:22Z,mobile
U0114,I0100,view,,1,54.26,2026-02-27T12:58:22Z,mobile
U0129,I0005,purchase,,2,20.52,2026-04-05T21:50:22Z,web
U0014,I0030,view,,1,19.11,2026-04-26T16:14:22Z,mobile
U0138,I0068,view,,1,16.18,2026-04-21T00:55:22Z,mobile
U0151,I0037,view,,1,17.51,2026-03-04T08:15:22Z,web
U0073,I0037,view,,1,17.51,2026-04-22T12:12:22Z,mobile
U0152,I0023,purchase,,1,51.99,2026-02-04T06:13:22Z,mobile
U0162,I0001,rating,5.0,1,31.44,2026-03-01T19:06:22Z,web
U0128,I0038,rating,3.0,1,23.01,2026-03-21T03:32:22Z,mobile
U0155,I0004,rating,4.0,1,24.4,2026-05-01T16:04:22Z,mobile
U0088,I0019,view,,1,35.63,2026-04-24T03:42:22Z,web
U0038,I0113,view,,1,36.16,2026-02-22T23:15:22Z,mobile
U0134,I0068,cart,,1,16.18,2026-03-13T21:23:22Z,mobile
U0104,I0110,view,,1,26.64,2026-02-04T11:06:22Z,web
U0154,I0066,cart,,1,22.7,2026-04-29T03:06:22Z,mobile
U0222,I0013,view,,1,28.54,2026-03-24T16:05:22Z,web
U0126,I0041,purchase,,1,35.48,2026-04-29T04:10:22Z,web
U0044,I0118,cart,,1,24.81,2026-03-13T20:05:22Z,mobile
U0237,I0118,view,,1,24.81,2026-03-09T10:56:22Z,mobile
U0038,I0014,purchase,,1,30.5,2026-04-07T09:17:22Z,web
U0172,I0065,purchase,,3,45.15,2026-03-01T06:07:22Z,web
U0131,I0081,view,,1,60.65,2026-04-01T02:38:22Z,mobile
U0166,I0039,view,,1,14.55,2026-04-19T01:24:22Z,web
U0052,I0047,view,,1,36.67,2026-04-02T15:22:22Z,mobile
U0090,I0042,view,,1,34.64,2026-03-26T04:09:22Z,mobile
U0006,I0096,view,,1,36.87,2026-02-08T02:59:22Z,mobile
U0015,I0115,rating,5.0,1,29.97,2026-03-27T07:51:22Z,web
U0156,I0007,view,,1,50.51,2026-04-24T23:44:22Z,mobile
U0140,I0105,view,,1,20.28,2026-02-17T14:39:22Z,mobile
U0194,I0091,cart,,1,42.99,2026-02-04T07:49:22Z,mobile
U0145,I0050,purchase,,2,15.33,2026-03-01T14:02:22Z,web
U0046,I0110,view,,1,26.64,2026-02-05T19:30:22Z,web
U0231,I0088,view,,1,30.05,2026-03-24T17:39:22Z,web
U0135,I0072,rating,4.0,1,21.99,2026-03-26T18:07:22Z,mobile
U0054,I0026,rating,3.0,1,13.5,2026-03-04T20:06:22Z,mobile
U0110,I0064,view,,1,28.05,2026-02-26T22:09:22Z,web
U0102,I0083,view,,1,17.83,2026-04-25T00:55:22Z,mobile
U0046,I0082,view,,1,27.22,2026-04-25T04:06:22Z,web
U0088,I0017,view,,1,25.29,2026-03-24T06:15:22Z,mobile
U0164,I0028,purchase,,1,23.83,2026-02-05T03:51:22Z,mobile
U0133,I0109,rating,5.0,1,70.56,2026-02-19T16:37:22Z,web
U0193,I0113,rating,5.0,1,36.16,2026-02-08T00:36:22Z,mobile
U0206,I0099,rating,4.0,1,19.36,2026-04-27T10:13:22Z,mobile
U0042,I0065,cart,,1,45.15,2026-03-23T08:19:22Z,mobile
U0113,I0047,view,,1,36.67,2026-02-03T10:57:22Z,mobile
U0222,I0043,view,,1,34.18,2026-03-29T16:34:22Z,web
U0124,I0080,view,,1,16.0,2026-03-27T10:54:22Z,mobile
U0090,I0003,view,,1,12.56,2026-03-02T19:50:22Z,web
U0146,I0071,view,,1,31.77,2026-02-02T20:22:22Z,mobile
U0186,I0035,cart,,1,26.96,2026-03-29T00:08:22Z,web
U0099,I0041,view,,1,35.48,2026-02-10T19:38:22Z,web
U0147,I0081,view,,1,60.65,2026-02-19T11:22:22Z,mobile
U0077,I0093,rating,4.0,1,35.82,2026-02-03T19:36:22Z,web
U0230,I0066,cart,,1,22.7,2026-03-15T06:31:22Z,mobile
U0195,I0011,view,,1,15.55,2026-04-08T19:41:22Z,mobile
U0082,I0066,view,,1,22.7,2026-02-02T11:20:22Z,web
U0052,I0079,cart,,1,55.92,2026-04-30T19:45:22Z,web
U0135,I0075,view,,1,25.5,2026-04-20T13:28:22Z,mobile
U0101,I0092,view,,1,16.23,2026-02-28T01:53:22Z,mobile
U0077,I0112,purchase,,2,53.68,2026-03-10T15:22:22Z,web
U0221,I0011,view,,1,15.55,2026-02-20T18:07:22Z,web
U0008,I0050,rating,5.0,1,15.33,2026-04-12T07:06:22Z,web
U0165,I0018,view,,1,34.0,2026-04-02T16:55:22Z,mobile
U0102,I0022,view,,1,23.73,2026-04-20T19:13:22Z,mobile
U0240,I0064,view,,1,28.05,2026-03-15T03:59:22Z,web
U0087,I0007,rating,5.0,1,50.51,2026-04-17T07:18:22Z,mobile
U0145,I0037,purchase,,1,17.51,2026-04-29T02:20:22Z,web
U0028,I0051,view,,1,24.93,2026-03-03T22:17:22Z,web
U0098,I0037,rating,4.0,1,17.51,2026-02-02T16:41:22Z,web
U0026,I0016,cart,,1,41.84,2026-02-17T22:26:22Z,mobile
U0037,I0027,purchase,,1,58.32,2026-02-05T09:32:22Z,web
U0204,I0059,cart,,1,24.91,2026-02-26T18:16:22Z,mobile
U0117,I0108,purchase,,1,101.53,2026-03-02T02:46:22Z,mobile
U0150,I0087,view,,1,58.68,2026-04-11T23:30:22Z,web
U0150,I0074,view,,1,19.52,2026-03-09T12:47:22Z,mobile
U0158,I0045,view,,1,27.1,2026-02-14T08:55:22Z,web
U0027,I0038,rating,4.0,1,23.01,2026-04-23T15:55:22Z,web
U0234,I0044,purchase,,1,16.15,2026-02-03T19:00:22Z,web
U0160,I0104,purchase,,1,41.88,2026-03-30T00:13:22Z,mobile
U0148,I0060,rating,3.0,1,48.07,2026-03-05T06:08:22Z,web
U0078,I0081,view,,1,60.65,2026-02-11T01:29:22Z,mobile
U0004,I0095,view,,1,11.84,2026-02-18T00:12:22Z,mobile
U0153,I0001,view,,1,31.44,2026-03-30T17:10:22Z,mobile
U0164,I0011,purchase,,1,15.55,2026-03-15T04:13:22Z,web
U0070,I0088,view,,1,30.05,2026-02-07T09:15:22Z,web
U0063,I0118,view,,1,24.81,2026-03-06T07:18:22Z,web
U0110,I0066,view,,1,22.7,2026-05-01T12:38:22Z,mobile
U0089,I0041,view,,1,35.48,2026-03-20T16:02:22Z,web
U0128,I0056,cart,,1,21.96,2026-02-07T15:49:22Z,web
U0068,I0063,rating,4.0,1,17.91,2026-04-03T00:08:22Z,mobile
U0118,I0021,view,,1,19.0,2026-04-28T18:40:22Z,web
U0045,I0004,rating,5.0,1,24.4,2026-03-23T03:53:22Z,mobile
U0068,I0103,rating,5.0,1,51.23,2026-03-03T18:02:22Z,web
U0167,I0100,view,,1,54.26,2026-02-25T19:21:22Z,web
U0076,I0025,view,,1,15.52,2026-05-02T09:13:22Z,web
U0042,I0030,view,,1,19.11,2026-02-16T13:51:22Z,web
U0111,I0029,view,,1,83.41,2026-04-03T14:30:22Z,mobile
U0050,I0098,rating,3.0,1,35.06,2026-03-08T02:32:22Z,mobile
U0165,I0007,purchase,,1,50.51,2026-03-11T19:17:22Z,web
U0145,I0097,view,,1,42.6,2026-03-10T22:46:22Z,web
U0055,I0062,cart,,1,23.59,2026-03-03T08:09:22Z,mobile
U0202,I0117,purchase,,1,42.8,2026-03-24T02:33:22Z,web
U0119,I0082,view,,1,27.22,2026-04-05T14:37:22Z,mobile
U0166,I0058,cart,,1,18.03,2026-04-07T10:12:22Z,web
U0051,I0073,view,,1,25.28,2026-02-15T10:56:22Z,mobile
U0102,I0024,rating,4.0,1,24.65,2026-05-01T22:25:22Z,mobile
U0078,I0001,view,,1,31.44,2026-04-26T11:34:22Z,web
U0240,I0026,view,,1,13.5,2026-02-26T11:23:22Z,mobile
U0030,I0006,view,,1,21.38,2026-03-07T13:55:22Z,mobile
U0075,I0052,rating,3.0,1,30.37,2026-02-19T20:05:22Z,mobile
U0102,I0114,purchase,,2,33.44,2026-02-23T14:26:22Z,web
U0126,I0065,rating,3.0,1,45.15,2026-02-17T12:48:22Z,web
U0178,I0089,purchase,,3,40.79,2026-02-27T16:34:22Z,mobile
U0052,I0042,view,,1,34.64,2026-03-04T13:11:22Z,mobile
U0100,I0051,purchase,,1,24.93,2026-04-28T19:49:22Z,mobile
U0040,I0047,view,,1,36.67,2026-02-10T19:02:22Z,web
U0182,I0101,rating,4.0,1,48.0,2026-03-05T17:14:22Z,web
U0016,I0016,cart,,1,41.84,2026-04-08T03:06:22Z,web
U0070,I0054,view,,1,35.21,2026-04-22T01:13:22Z,mobile
U0190,I0080,view,,1,16.0,2026-04-28T19:10:22Z,mobile
U0216,I0027,view,,1,58.32,2026-04-25T11:06:22Z,mobile
U0073,I0106,view,,1,26.93,2026-04-05T06:36:22Z,web
U0007,I0099,view,,1,19.36,2026-02-21T10:31:22Z,mobile
U0202,I0098,view,,1,35.06,2026-02-27T13:10:22Z,web
U0101,I0014,rating,5.0,1,30.5,2026-02-20T10:35:22Z,web
U0172,I0074,view,,1,19.52,2026-03-17T21:20:22Z,mobile
U0130,I0034,purchase,,1,32.38,2026-03-02T23:14:22Z,mobile
U0023,I0101,view,,1,48.0,2026-03-04T18:15:22Z,web
U0057,I0110,purchase,,1,26.64,2026-02-13T12:39:22Z,mobile
U0187,I0084,view,,1,27.83,2026-02-02T23:46:22Z,web
U0143,I0069,purchase,,1,41.22,2026-04-16T15:15:22Z,web
U0040,I0100,view,,1,54.26,2026-02-11T00:22:22Z,web
U0104,I0059,view,,1,24.91,2026-04-11T05:53:22Z,mobile
U0109,I0026,view,,1,13.5,2026-03-16T04:56:22Z,web
U0180,I0023,view,,1,51.99,2026-02-18T21:50:22Z,mobile
U0048,I0014,rating,5.0,1,30.5,2026-03-26T23:40:22Z,web
U0144,I0046,view,,1,32.06,2026-03-19T15:33:22Z,web
U0061,I0005,view,,1,20.52,2026-04-10T17:59:22Z,web
U0118,I0047,view,,1,36.67,2026-04-25T20:21:22Z,mobile
U0171,I0020,cart,,1,27.33,2026-04-15T09:24:22Z,mobile
U0007,I0034,view,,1,32.38,2026-04-05T22:18:22Z,mobile
U0028,I0023,cart,,1,51.99,2026-04-28T00:47:22Z,web
U0230,I0113,view,,1,36.16,2026-02-17T15:59:22Z,mobile
U0188,I0016,view,,1,41.84,2026-04-22T13:16:22Z,web
U0161,I0068,view,,1,16.18,2026-04-18T16:38:22Z,mobile
U0106,I0015,view,,1,19.27,2026-04-11T15:07:22Z,web
U0204,I0094,view,,1,20.46,2026-03-31T02:07:22Z,mobile
U0003,I0027,view,,1,58.32,2026-02-13T05:46:22Z,web
U0200,I0098,view,,1,35.06,2026-04-28T23:12:22Z,web
U0230,I0113,view,,1,36.16,2026-03-25T13:49:22Z,web
U0033,I0089,view,,1,40.79,2026-02-05T13:02:22Z,web
U0059,I0057,rating,5.0,1,46.42,2026-04-13T00:36:22Z,mobile
U0015,I0114,view,,1,33.44,2026-03-02T01:39:22Z,mobile
U0114,I0099,purchase,,1,19.36,2026-03-05T13:00:22Z,web
U0012,I0031,view,,1,6.52,2026-02-22T09:06:22Z,mobile
U0043,I0038,rating,4.0,1,23.01,2026-04-09T14:56:22Z,mobile
U0105,I0118,purchase,,1,24.81,2026-03-30T00:32:22Z,web
U0018,I0009,view,,1,26.36,2026-04-14T04:58:22Z,mobile
U0092,I0079,view,,1,55.92,2026-03-08T11:21:22Z,web
U0110,I0024,view,,1,24.65,2026-02-28T20:30:22Z,web
U0188,I0061,view,,1,17.75,2026-03-22T23:51:22Z,web
U0112,I0090,view,,1,12.85,2026-04-19T04:00:22Z,mobile
U0204,I0110,view,,1,26.64,2026-03-07T07:48:22Z,web
U0071,I0067,view,,1,77.25,2026-04-07T12:13:22Z,mobile
U0179,I0051,purchase,,1,24.93,2026-04-09T07:02:22Z,web
U0055,I0002,view,,1,22.56,2026-03-29T15:49:22Z,web
U0034,I0107,view,,1,14.01,2026-04-28T04:28:22Z,web
U0010,I0119,view,,1,34.0,2026-04-22T03:54:22Z,web
U0058,I0059,view,,1,24.91,2026-04-08T13:41:22Z,web
U0205,I0032,view,,1,68.88,2026-04-26T16:58:22Z,web
U0052,I0047,cart,,1,36.67,2026-03-14T18:11:22Z,web
U0188,I0040,cart,,1,56.71,2026-03-11T01:08:22Z,mobile
U0005,I0112,cart,,1,53.68,2026-03-22T17:23:22Z,web
U0202,I0085,purchase,,2,64.61,2026-02-06T14:00:22Z,web
U0208,I0080,cart,,1,16.0,2026-04-28T13:24:22Z,web
U0112,I0082,view,,1,27.22,2026-05-01T13:13:22Z,web
U0187,I0048,view,,1,22.53,2026-02-07T12:22:22Z,mobile
U0147,I0083,cart,,1,17.83,2026-03-24T23:36:22Z,mobile
U0173,I0108,view,,1,101.53,2026-02-09T21:10:22Z,web
U0166,I0053,rating,4.0,1,18.65,2026-05-01T18:37:22Z,mobile
U0139,I0078,view,,1,41.4,2026-04-21T17:59:22Z,mobile
U0224,I0031,view,,1,6.52,2026-04-22T04:57:22Z,web
U0070,I0088,view,,1,30.05,2026-02-03T17:19:22Z,mobile
U0169,I0064,cart,,1,28.05,2026-03-17T12:22:22Z,mobile
U0144,I0077,view,,1,43.74,2026-04-29T12:56:22Z,mobile
U0139,I0020,purchase,,1,27.33,2026-03-14T07:16:22Z,mobile
U0050,I0084,purchase,,1,27.83,2026-03-10T19:20:22Z,mobile
U0033,I0093,view,,1,35.82,2026-02-02T12:27:22Z,web
U0019,I0117,view,,1,42.8,2026-04-21T17:41:22Z,web
U0203,I0038,cart,,1,23.01,2026-04-11T10:53:22Z,web
U0202,I0051,cart,,1,24.93,2026-03-03T17:22:22Z,web
U0210,I0118,purchase,,2,24.81,2026-02-27T20:06:22Z,web
U0154,I0069,view,,1,41.22,2026-04-02T08:24:22Z,mobile
U0095,I0117,view,,1,42.8,2026-05-02T13:33:22Z,web
U0034,I0007,view,,1,50.51,2026-02-08T12:12:22Z,mobile
U0206,I0077,view,,1,43.74,2026-04-27T09:45:22Z,mobile
U0179,I0036,purchase,,1,74.72,2026-03-08T02:58:22Z,mobile
U0090,I0038,purchase,,1,23.01,2026-02-04T14:32:22Z,web
U0219,I0064,purchase,,2,28.05,2026-02-02T14:27:22Z,web
U0223,I0076,rating,5.0,1,36.2,2026-04-17T19:40:22Z,mobile
U0129,I0041,view,,1,35.48,2026-02-08T22:14:22Z,web
U0078,I0003,purchase,,1,12.56,2026-04-17T03:54:22Z,web
U0166,I0071,cart,,1,31.77,2026-04-09T15:26:22Z,mobile
U0067,I0044,view,,1,16.15,2026-02-24T00:38:22Z,web
U0170,I0065,cart,,1,45.15,2026-04-14T10:27:22Z,web
U0188,I0046,view,,1,32.06,2026-03-26T18:26:22Z,web
U0153,I0042,view,,1,34.64,2026-04-15T12:44:22Z,mobile
U0237,I0084,rating,1.0,1,27.83,2026-04-02T21:41:22Z,web
U0165,I0007,cart,,1,50.51,2026-03-29T08:44:22Z,mobile
U0133,I0117,purchase,,1,42.8,2026-02-18T02:39:22Z,web
U0118,I0103,view,,1,51.23,2026-04-07T17:25:22Z,web
U0187,I0055,view,,1,14.43,2026-04-29T16:45:22Z,web
U0182,I0117,view,,1,42.8,2026-03-21T02:23:22Z,web
U0149,I0081,cart,,1,60.65,2026-04-27T08:01:22Z,web
U0099,I0023,cart,,1,51.99,2026-03-16T17:25:22Z,web
U0024,I0107,view,,1,14.01,2026-04-09T15:19:22Z,mobile
U0230,I0068,view,,1,16.18,2026-02-14T20:59:22Z,web
U0133,I0088,cart,,1,30.05,2026-02-22T01:24:22Z,mobile
U0168,I0051,view,,1,24.93,2026-03-14T21:14:22Z,mobile
U0008,I0092,view,,1,16.23,2026-04-21T22:18:22Z,mobile
U0002,I0080,view,,1,16.0,2026-04-19T20:01:22Z,mobile
U0087,I0031,cart,,1,6.52,2026-02-27T10:08:22Z,mobile
U0149,I0028,view,,1,23.83,2026-03-01T07:01:22Z,mobile
U0166,I0107,purchase,,1,14.01,2026-03-05T19:36:22Z,web
U0038,I0083,view,,1,17.83,2026-04-26T02:56:22Z,web
U0175,I0051,rating,3.0,1,24.93,2026-03-02T13:58:22Z,web
U0015,I0004,purchase,,1,24.4,2026-02-15T00:27:22Z,mobile
U0145,I0094,view,,1,20.46,2026-02-12T06:21:22Z,mobile
U0080,I0060,cart,,1,48.07,2026-04-30T15:15:22Z,mobile
U0210,I0035,view,,1,26.96,2026-02-09T14:16:22Z,mobile
U0208,I0053,rating,4.0,1,18.65,2026-03-28T01:41:22Z,web
U0211,I0024,view,,1,24.65,2026-04-14T08:04:22Z,mobile
U0010,I0083,purchase,,1,17.83,2026-03-04T21:00:22Z,web
U0113,I0109,cart,,1,70.56,2026-02-07T03:42:22Z,mobile
U0081,I0006,view,,1,21.38,2026-03-13T19:35:22Z,web
U0176,I0056,view,,1,21.96,2026-02-23T19:16:22Z,mobile
U0201,I0015,view,,1,19.27,2026-03-12T10:46:22Z,mobile
U0053,I0116,cart,,1,59.11,2026-04-30T22:13:22Z,mobile
U0121,I0029,view,,1,83.41,2026-04-13T18:24:22Z,mobile
U0167,I0020,cart,,1,27.33,2026-03-29T22:32:22Z,web
U0177,I0019,purchase,,1,35.63,2026-03-09T04:00:22Z,mobile
U0033,I0008,cart,,1,36.94,2026-03-19T19:06:22Z,mobile
U0143,I0097,purchase,,2,42.6,2026-05-02T04:55:22Z,mobile
U0140,I0061,view,,1,17.75,2026-03-10T14:50:22Z,web
U0055,I0028,view,,1,23.83,2026-03-25T22:17:22Z,web
U0174,I0040,view,,1,56.71,2026-03-15T02:40:22Z,mobile
U0025,I0056,cart,,1,21.96,2026-03-02T03:53:22Z,web
U0055,I0025,view,,1,15.52,2026-03-03T17:20:22Z,mobile
U0113,I0026,view,,1,13.5,2026-02-26T21:22:22Z,web
U0031,I0003,view,,1,12.56,2026-03-01T13:10:22Z,web
U0170,I0010,purchase,,2,50.12,2026-03-20T18:28:22Z,web
U0004,I0048,rating,3.0,1,22.53,2026-03-11T21:41:22Z,web
U0196,I0030,view,,1,19.11,2026-04-29T17:59:22Z,web
U0172,I0073,purchase,,2,25.28,2026-04-29T11:13:22Z,mobile
U0138,I0074,view,,1,19.52,2026-04-16T15:49:22Z,web
U0240,I0009,cart,,1,26.36,2026-02-26T08:00:22Z,web
U0235,I0077,rating,4.0,1,43.74,2026-04-20T16:06:22Z,mobile
U0150,I0012,view,,1,67.3,2026-02-08T22:38:22Z,mobile
U0119,I0079,view,,1,55.92,2026-03-30T01:41:22Z,mobile
U0041,I0116,cart,,1,59.11,2026-03-01T02:22:22Z,web
U0173,I0004,cart,,1,24.4,2026-02-18T18:51:22Z,web
U0209,I0009,view,,1,26.36,2026-04-23T20:32:22Z,web
U0182,I0006,purchase,,1,21.38,2026-02-22T13:43:22Z,web
U0069,I0050,cart,,1,15.33,2026-02-18T20:24:22Z,web
U0118,I0092,view,,1,16.23,2026-04-25T21:48:22Z,web
U0173,I0043,view,,1,34.18,2026-03-01T05:43:22Z,web
U0225,I0009,view,,1,26.36,2026-03-08T14:21:22Z,mobile
U0222,I0087,cart,,1,58.68,2026-02-05T03:45:22Z,web
U0100,I0074,view,,1,19.52,2026-04-13T22:02:22Z,mobile
U0174,I0029,cart,,1,83.41,2026-04-21T06:56:22Z,mobile
U0126,I0099,view,,1,19.36,2026-02-24T14:27:22Z,web
U0223,I0113,view,,1,36.16,2026-03-02T12:20:22Z,web
U0121,I0067,rating,4.0,1,77.25,2026-03-23T01:50:22Z,mobile
U0102,I0114,view,,1,33.44,2026-04-21T13:53:22Z,web
U0048,I0056,rating,2.0,1,21.96,2026-03-22T15:29:22Z,mobile
U0034,I0014,cart,,1,30.5,2026-03-12T11:43:22Z,web
U0175,I0093,view,,1,35.82,2026-04-07T05:57:22Z,web
U0163,I0012,view,,1,67.3,2026-02-18T12:24:22Z,mobile
U0083,I0107,cart,,1,14.01,2026-02-28T11:25:22Z,mobile
U0234,I0090,rating,5.0,1,12.85,2026-02-28T02:49:22Z,web
U0160,I0096,view,,1,36.87,2026-04-19T14:10:22Z,web
U0166,I0032,view,,1,68.88,2026-04-20T17:04:22Z,web
U0187,I0049,view,,1,10.95,2026-02-21T02:40:22Z,web
U0168,I0114,view,,1,33.44,2026-03-23T06:21:22Z,web
U0135,I0049,view,,1,10.95,2026-04-18T10:56:22Z,mobile
U0040,I0106,view,,1,26.93,2026-03-26T20:04:22Z,mobile
U0089,I0097,rating,1.0,1,42.6,2026-03-21T02:05:22Z,web
U0068,I0091,view,,1,42.99,2026-04-20T04:46:22Z,mobile
U0134,I0093,view,,1,35.82,2026-02-13T14:23:22Z,mobile
U0089,I0112,view,,1,53.68,2026-03-19T13:01:22Z,web
U0140,I0111,cart,,1,114.52,2026-03-16T01:36:22Z,mobile
U0105,I0035,rating,3.0,1,26.96,2026-03-04T23:18:22Z,web
U0238,I0052,view,,1,30.37,2026-04-07T22:26:22Z,web
U0061,I0090,view,,1,12.85,2026-03-21T03:49:22Z,web
U0232,I0054,view,,1,35.21,2026-03-19T04:04:22Z,web
U0206,I0114,view,,1,33.44,2026-03-08T17:04:22Z,web
U0235,I0025,purchase,,2,15.52,2026-03-08T13:05:22Z,web
U0128,I0054,view,,1,35.21,2026-03-08T19:09:22Z,mobile
U0232,I0019,rating,5.0,1,35.63,2026-02-09T19:46:22Z,web
U0198,I0069,view,,1,41.22,2026-04-07T11:46:22Z,mobile
U0066,I0034,purchase,,1,32.38,2026-03-30T05:23:22Z,mobile
U0098,I0113,rating,4.0,1,36.16,2026-04-05T07:00:22Z,web
U0047,I0022,purchase,,1,23.73,2026-04-15T22:29:22Z,mobile
U0060,I0058,cart,,1,18.03,2026-03-24T01:30:22Z,mobile
U0002,I0015,view,,1,19.27,2026-02-06T05:22:22Z,mobile
U0209,I0104,view,,1,41.88,2026-02-07T10:12:22Z,web
U0037,I0027,cart,,1,58.32,2026-02-23T14:30:22Z,mobile
U0037,I0095,view,,1,11.84,2026-03-13T01:55:22Z,mobile
U0098,I0066,view,,1,22.7,2026-02-26T22:30:22Z,mobile
U0147,I0080,purchase,,1,16.0,2026-03-16T18:07:22Z,mobile
U0149,I0005,view,,1,20.52,2026-04-29T15:30:22Z,mobile
U0193,I0007,view,,1,50.51,2026-02-18T08:30:22Z,web
U0111,I0011,view,,1,15.55,2026-02-06T15:39:22Z,mobile
U0180,I0023,view,,1,51.99,2026-04-22T14:16:22Z,web
U0168,I0116,view,,1,59.11,2026-03-29T23:31:22Z,web
U0011,I0066,view,,1,22.7,2026-04-10T04:19:22Z,mobile
U0189,I0083,view,,1,17.83,2026-03-11T22:25:22Z,web
U0135,I0112,view,,1,53.68,2026-03-15T09:18:22Z,web
U0205,I0068,view,,1,16.18,2026-02-10T23:46:22Z,mobile
U0169,I0047,cart,,1,36.67,2026-04-22T04:27:22Z,mobile
U0134,I0030,view,,1,19.11,2026-02-02T19:39:22Z,web
U0070,I0017,view,,1,25.29,2026-04-09T22:06:22Z,mobile
U0109,I0076,view,,1,36.2,2026-03-27T17:03:22Z,mobile
U0118,I0021,view,,1,19.0,2026-02-03T14:29:22Z,web
U0234,I0058,purchase,,1,18.03,2026-03-08T00:15:22Z,mobile
U0140,I0105,purchase,,1,20.28,2026-02-25T10:35:22Z,mobile
U0188,I0029,purchase,,1,83.41,2026-04-09T07:31:22Z,web
U0136,I0007,view,,1,50.51,2026-03-01T09:03:22Z,mobile
U0077,I0077,view,,1,43.74,2026-04-20T18:07:22Z,web
U0214,I0051,rating,3.0,1,24.93,2026-03-15T04:58:22Z,mobile
U0114,I0011,rating,5.0,1,15.55,2026-02-28T19:21:22Z,web
U0099,I0084,rating,5.0,1,27.83,2026-04-15T16:10:22Z,mobile
U0158,I0022,view,,1,23.73,2026-04-23T05:17:22Z,web
U0223,I0106,view,,1,26.93,2026-03-25T17:47:22Z,web
U0007,I0104,view,,1,41.88,2026-04-26T22:48:22Z,mobile
U0012,I0116,view,,1,59.11,2026-02-09T21:16:22Z,web
U0140,I0076,view,,1,36.2,2026-04-12T16:42:22Z,web
U0060,I0077,rating,4.0,1,43.74,2026-03-07T18:54:22Z,mobile
U0190,I0059,cart,,1,24.91,2026-04-28T12:46:22Z,web
U0032,I0079,view,,1,55.92,2026-04-01T20:10:22Z,web
U0182,I0074,view,,1,19.52,2026-04-04T01:03:22Z,mobile
U0107,I0091,view,,1,42.99,2026-02-27T06:31:22Z,web
U0034,I0120,purchase,,1,26.42,2026-04-14T11:30:22Z,web
U0090,I0016,view,,1,41.84,2026-04-06T08:28:22Z,web
U0150,I0073,view,,1,25.28,2026-04-10T20:02:22Z,mobile
U0016,I0058,view,,1,18.03,2026-04-29T05:45:22Z,mobile
U0137,I0044,view,,1,16.15,2026-04-01T02:44:22Z,mobile
U0234,I0001,cart,,1,31.44,2026-03-03T01:23:22Z,web
U0031,I0044,purchase,,1,16.15,2026-03-19T21:34:22Z,web
U0234,I0045,view,,1,27.1,2026-04-28T04:31:22Z,mobile
U0164,I0083,view,,1,17.83,2026-02-26T18:54:22Z,web
U0088,I0063,view,,1,17.91,2026-03-27T12:40:22Z,mobile
U0060,I0056,view,,1,21.96,2026-04-14T16:00:22Z,mobile
U0019,I0073,cart,,1,25.28,2026-04-17T15:24:22Z,web
U0072,I0033,view,,1,24.72,2026-02-16T12:15:22Z,mobile
U0224,I0058,view,,1,18.03,2026-04-21T09:31:22Z,web
U0102,I0022,view,,1,23.73,2026-02-02T19:55:22Z,mobile
U0203,I0005,rating,4.0,1,20.52,2026-04-24T08:26:22Z,web
U0200,I0018,rating,4.0,1,34.0,2026-02-05T03:42:22Z,mobile
U0203,I0016,cart,,1,41.84,2026-03-14T15:25:22Z,mobile
U0226,I0035,view,,1,26.96,2026-04-15T00:33:22Z,mobile
U0153,I0003,view,,1,12.56,2026-03-12T00:31:22Z,web
U0034,I0068,cart,,1,16.18,2026-04-09T01:24:22Z,web
U0110,I0096,rating,5.0,1,36.87,2026-02-06T22:51:22Z,mobile
U0177,I0088,purchase,,1,30.05,2026-04-19T04:41:22Z,web
U0136,I0055,rating,5.0,1,14.43,2026-03-05T21:09:22Z,web
U0137,I0081,purchase,,1,60.65,2026-04-05T14:41:22Z,mobile
U0128,I0080,purchase,,1,16.0,2026-05-02T21:46:22Z,web
U0145,I0054,cart,,1,35.21,2026-03-28T07:31:22Z,web
U0083,I0070,cart,,1,26.73,2026-04-06T18:52:22Z,web
U0194,I0046,view,,1,32.06,2026-04-16T02:30:22Z,mobile
U0063,I0077,rating,5.0,1,43.74,2026-02-23T01:19:22Z,web
U0017,I0024,rating,5.0,1,24.65,2026-02-04T07:46:22Z,web
U0105,I0031,view,,1,6.52,2026-04-12T15:21:22Z,mobile
U0205,I0072,rating,4.0,1,21.99,2026-04-08T17:30:22Z,mobile
U0063,I0047,view,,1,36.67,2026-04-19T12:50:22Z,web
U0201,I0020,purchase,,2,27.33,2026-03-07T20:13:22Z,mobile
U0146,I0006,view,,1,21.38,2026-04-07T06:42:22Z,mobile
U0173,I0108,view,,1,101.53,2026-04-13T18:00:22Z,web
U0087,I0048,view,,1,22.53,2026-02-10T19:37:22Z,mobile
U0168,I0030,view,,1,19.11,2026-02-11T13:05:22Z,mobile
U0121,I0080,purchase,,2,16.0,2026-03-21T18:19:22Z,mobile
U0154,I0118,cart,,1,24.81,2026-03-14T07:14:22Z,web
U0177,I0115,purchase,,1,29.97,2026-02-02T18:02:22Z,mobile
U0222,I0017,view,,1,25.29,2026-04-14T12:45:22Z,web
U0184,I0112,view,,1,53.68,2026-04-30T19:09:22Z,web
U0226,I0061,view,,1,17.75,2026-04-06T21:06:22Z,web
U0187,I0055,cart,,1,14.43,2026-03-14T11:25:22Z,mobile
U0213,I0041,view,,1,35.48,2026-03-12T20:02:22Z,web
U0101,I0041,purchase,,1,35.48,2026-03-05T03:01:22Z,mobile
U0237,I0053,purchase,,1,18.65,2026-03-03T01:03:22Z,web
U0071,I0051,view,,1,24.93,2026-03-30T22:13:22Z,web
U0021,I0039,purchase,,1,14.55,2026-03-10T17:05:22Z,mobile
U0074,I0120,cart,,1,26.42,2026-04-18T02:46:22Z,web
U0004,I0100,view,,1,54.26,2026-02-14T18:04:22Z,mobile
U0220,I0076,rating,5.0,1,36.2,2026-03-18T16:54:22Z,mobile
U0013,I0058,purchase,,1,18.03,2026-04-26T13:17:22Z,mobile
U0202,I0074,view,,1,19.52,2026-03-26T22:43:22Z,mobile
U0060,I0119,view,,1,34.0,2026-03-20T16:24:22Z,web
U0168,I0023,view,,1,51.99,2026-04-11T20:01:22Z,mobile
U0158,I0112,view,,1,53.68,2026-03-16T06:20:22Z,web
U0071,I0023,view,,1,51.99,2026-02-24T05:16:22Z,web
U0053,I0084,purchase,,1,27.83,2026-03-17T14:29:22Z,mobile
U0239,I0025,view,,1,15.52,2026-02-11T17:31:22Z,mobile
U0021,I0071,view,,1,31.77,2026-04-25T21:31:22Z,mobile
U0208,I0095,view,,1,11.84,2026-02-14T15:31:22Z,web
U0195,I0054,purchase,,1,35.21,2026-04-22T23:57:22Z,mobile
U0004,I0100,rating,5.0,1,54.26,2026-02-27T01:33:22Z,mobile
U0020,I0081,view,,1,60.65,2026-02-04T14:42:22Z,mobile
U0167,I0014,view,,1,30.5,2026-03-16T01:53:22Z,web
U0021,I0117,purchase,,1,42.8,2026-04-09T02:20:22Z,web
U0102,I0112,view,,1,53.68,2026-03-13T15:21:22Z,mobile
U0120,I0092,cart,,1,16.23,2026-02-11T02:26:22Z,web
U0006,I0016,cart,,1,41.84,2026-03-16T19:51:22Z,web
U0084,I0111,purchase,,1,114.52,2026-03-15T18:19:22Z,mobile
U0028,I0099,purchase,,1,19.36,2026-04-09T07:34:22Z,web
U0190,I0109,view,,1,70.56,2026-02-19T23:07:22Z,web
U0196,I0076,view,,1,36.2,2026-03-07T15:20:22Z,web
U0152,I0097,cart,,1,42.6,2026-02-16T00:48:22Z,mobile
U0028,I0112,view,,1,53.68,2026-03-07T16:02:22Z,web
U0102,I0097,purchase,,1,42.6,2026-04-03T03:56:22Z,mobile
U0022,I0013,rating,4.0,1,28.54,2026-04-13T04:20:22Z,mobile
U0160,I0107,cart,,1,14.01,2026-04-23T00:46:22Z,web
U0177,I0103,rating,3.0,1,51.23,2026-04-16T10:04:22Z,mobile
U0120,I0027,purchase,,1,58.32,2026-04-26T00:46:22Z,web
U0238,I0002,rating,2.0,1,22.56,2026-04-01T16:33:22Z,mobile
U0193,I0024,view,,1,24.65,2026-02-04T00:24:22Z,web
U0009,I0054,view,,1,35.21,2026-05-01T09:21:22Z,mobile
U0103,I0102,view,,1,45.37,2026-03-06T00:05:22Z,web
U0161,I0019,view,,1,35.63,2026-04-11T02:00:22Z,web
U0017,I0012,cart,,1,67.3,2026-04-03T20:18:22Z,web
U0103,I0025,view,,1,15.52,2026-04-18T17:08:22Z,mobile
U0055,I0115,view,,1,29.97,2026-02-22T10:56:22Z,mobile
U0008,I0107,view,,1,14.01,2026-02-21T09:56:22Z,mobile
U0002,I0001,view,,1,31.44,2026-03-08T20:04:22Z,mobile
U0197,I0082,purchase,,1,27.22,2026-02-07T10:22:22Z,mobile
U0073,I0008,view,,1,36.94,2026-03-30T02:17:22Z,web
U0053,I0101,view,,1,48.0,2026-04-24T14:15:22Z,mobile
U0103,I0092,view,,1,16.23,2026-02-02T08:50:22Z,web
U0025,I0060,view,,1,48.07,2026-04-06T23:07:22Z,mobile
U0146,I0014,view,,1,30.5,2026-02-19T18:39:22Z,web
U0232,I0017,view,,1,25.29,2026-04-09T01:11:22Z,mobile
U0213,I0114,rating,5.0,1,33.44,2026-02-27T01:22:22Z,mobile
U0199,I0087,view,,1,58.68,2026-02-14T03:50:22Z,web
U0026,I0090,rating,2.0,1,12.85,2026-02-23T12:25:22Z,web
U0164,I0083,purchase,,1,17.83,2026-04-04T19:28:22Z,mobile
U0174,I0118,cart,,1,24.81,2026-03-07T11:03:22Z,mobile
U0117,I0109,cart,,1,70.56,2026-05-02T05:07:22Z,web
U0196,I0112,view,,1,53.68,2026-03-16T06:54:22Z,mobile
U0162,I0103,purchase,,1,51.23,2026-04-25T08:04:22Z,web
U0136,I0098,view,,1,35.06,2026-02-23T11:35:22Z,web
U0077,I0111,view,,1,114.52,2026-04-27T08:07:22Z,mobile
U0203,I0061,rating,5.0,1,17.75,2026-03-10T07:34:22Z,mobile
U0091,I0017,cart,,1,25.29,2026-04-13T14:11:22Z,web
U0146,I0015,cart,,1,19.27,2026-02-21T03:40:22Z,mobile
U0090,I0041,cart,,1,35.48,2026-02-04T02:54:22Z,web
U0225,I0109,view,,1,70.56,2026-04-05T09:48:22Z,mobile
U0136,I0080,view,,1,16.0,2026-02-16T07:27:22Z,web
U0173,I0115,view,,1,29.97,2026-02-13T20:15:22Z,web
U0166,I0014,view,,1,30.5,2026-03-18T13:08:22Z,web
U0128,I0119,view,,1,34.0,2026-03-05T14:00:22Z,mobile
U0133,I0014,cart,,1,30.5,2026-03-23T12:22:22Z,web
U0220,I0108,view,,1,101.53,2026-03-23T19:42:22Z,mobile
U0080,I0099,purchase,,1,19.36,2026-04-22T23:44:22Z,web
U0021,I0072,view,,1,21.99,2026-03-16T07:06:22Z,web
U0089,I0088,rating,3.0,1,30.05,2026-03-09T00:03:22Z,mobile
U0192,I0092,view,,1,16.23,2026-04-02T13:32:22Z,web
U0187,I0049,purchase,,1,10.95,2026-04-22T03:28:22Z,web
U0089,I0093,view,,1,35.82,2026-03-12T09:28:22Z,web
U0154,I0076,purchase,,1,36.2,2026-04-26T20:01:22Z,mobile
U0026,I0044,rating,5.0,1,16.15,2026-04-20T15:16:22Z,mobile
U0024,I0084,view,,1,27.83,2026-03-20T19:15:22Z,mobile
U0029,I0005,view,,1,20.52,2026-02-27T13:56:22Z,web
U0020,I0108,rating,5.0,1,101.53,2026-04-03T00:58:22Z,web
U0070,I0020,rating,4.0,1,27.33,2026-03-26T12:35:22Z,web
U0033,I0014,view,,1,30.5,2026-04-17T05:06:22Z,mobile
U0121,I0081,view,,1,60.65,2026-04-02T22:25:22Z,mobile
U0099,I0051,view,,1,24.93,2026-04-11T18:18:22Z,web
U0174,I0091,view,,1,42.99,2026-04-11T15:27:22Z,web
U0026,I0079,view,,1,55.92,2026-03-06T18:09:22Z,mobile
U0133,I0073,view,,1,25.28,2026-02-21T19:39:22Z,mobile
U0171,I0103,view,,1,51.23,2026-04-05T07:29:22Z,web
U0214,I0011,view,,1,15.55,2026-03-06T22:11:22Z,web
U0156,I0033,view,,1,24.72,2026-04-10T06:47:22Z,web
U0058,I0083,view,,1,17.83,2026-02-16T20:30:22Z,mobile
U0046,I0001,view,,1,31.44,2026-04-02T09:49:22Z,web
U0073,I0024,rating,5.0,1,24.65,2026-03-23T14:20:22Z,mobile
U0036,I0046,rating,4.0,1,32.06,2026-04-18T01:44:22Z,web
U0208,I0066,view,,1,22.7,2026-05-01T22:46:22Z,mobile
U0197,I0080,rating,5.0,1,16.0,2026-03-21T23:43:22Z,mobile
U0157,I0031,view,,1,6.52,2026-04-20T11:36:22Z,mobile
U0209,I0014,view,,1,30.5,2026-04-13T05:34:22Z,mobile
U0152,I0046,cart,,1,32.06,2026-04-24T16:23:22Z,web
U0036,I0018,rating,1.0,1,34.0,2026-03-31T00:51:22Z,web
U0140,I0063,view,,1,17.91,2026-02-20T12:46:22Z,web
U0033,I0006,view,,1,21.38,2026-04-06T04:03:22Z,web
U0067,I0079,view,,1,55.92,2026-03-16T03:48:22Z,mobile
U0026,I0009,view,,1,26.36,2026-03-10T10:35:22Z,web
U0175,I0060,rating,4.0,1,48.07,2026-03-15T23:24:22Z,web
U0042,I0099,view,,1,19.36,2026-03-12T22:29:22Z,mobile
U0158,I0097,view,,1,42.6,2026-03-01T04:52:22Z,mobile
U0057,I0024,view,,1,24.65,2026-02-22T20:59:22Z,web
U0200,I0081,purchase,,1,60.65,2026-04-25T00:27:22Z,web
U0233,I0031,cart,,1,6.52,2026-02-22T21:49:22Z,mobile
U0079,I0016,cart,,1,41.84,2026-04-27T10:31:22Z,web
U0229,I0036,view,,1,74.72,2026-02-09T08:22:22Z,web
U0028,I0080,cart,,1,16.0,2026-04-21T05:07:22Z,web
U0049,I0073,view,,1,25.28,2026-03-21T03:09:22Z,web
U0149,I0109,view,,1,70.56,2026-03-27T22:55:22Z,web
U0013,I0044,purchase,,1,16.15,2026-02-04T11:47:22Z,web
U0183,I0018,purchase,,1,34.0,2026-02-04T00:36:22Z,mobile
U0161,I0087,view,,1,58.68,2026-02-19T14:05:22Z,mobile
U0027,I0029,cart,,1,83.41,2026-03-27T10:10:22Z,web
U0158,I0060,purchase,,1,48.07,2026-03-20T16:17:22Z,mobile
U0121,I0080,view,,1,16.0,2026-03-29T08:00:22Z,web
U0050,I0046,rating,4.0,1,32.06,2026-03-17T12:09:22Z,mobile
U0216,I0114,view,,1,33.44,2026-03-06T06:54:22Z,web
U0230,I0066,purchase,,1,22.7,2026-02-24T15:57:22Z,mobile
U0028,I0080,view,,1,16.0,2026-02-03T17:05:22Z,mobile
U0206,I0041,cart,,1,35.48,2026-04-20T06:21:22Z,web
U0169,I0012,view,,1,67.3,2026-04-21T10:23:22Z,web
U0160,I0040,rating,4.0,1,56.71,2026-03-01T15:15:22Z,web
U0239,I0045,view,,1,27.1,2026-03-31T08:23:22Z,web
U0004,I0040,purchase,,1,56.71,2026-03-01T19:48:22Z,web
U0047,I0090,rating,4.0,1,12.85,2026-02-12T08:30:22Z,mobile
U0119,I0117,purchase,,1,42.8,2026-03-31T13:32:22Z,mobile
U0182,I0107,purchase,,1,14.01,2026-04-06T14:00:22Z,web
U0169,I0064,view,,1,28.05,2026-04-05T02:46:22Z,web
U0057,I0064,purchase,,2,28.05,2026-02-05T17:09:22Z,mobile
U0063,I0003,view,,1,12.56,2026-02-08T09:26:22Z,web
U0217,I0062,view,,1,23.59,2026-02-02T23:17:22Z,web
U0095,I0074,view,,1,19.52,2026-03-10T22:04:22Z,web
U0081,I0120,view,,1,26.42,2026-02-07T02:03:22Z,mobile
U0138,I0043,purchase,,1,34.18,2026-02-12T10:19:22Z,web
U0073,I0088,purchase,,2,30.05,2026-02-12T22:14:22Z,mobile
U0139,I0028,view,,1,23.83,2026-04-25T00:06:22Z,web
U0036,I0093,view,,1,35.82,2026-02-23T21:29:22Z,mobile
U0067,I0077,view,,1,43.74,2026-02-23T22:09:22Z,web
U0156,I0069,view,,1,41.22,2026-04-22T18:43:22Z,mobile
U0047,I0048,rating,2.0,1,22.53,2026-04-10T17:19:22Z,mobile
U0214,I0027,cart,,1,58.32,2026-04-26T22:43:22Z,mobile
U0022,I0048,view,,1,22.53,2026-03-05T09:31:22Z,mobile
U0028,I0001,cart,,1,31.44,2026-03-27T22:46:22Z,mobile
U0191,I0048,view,,1,22.53,2026-04-12T04:20:22Z,web
U0225,I0001,view,,1,31.44,2026-03-25T22:33:22Z,mobile
U0043,I0068,purchase,,2,16.18,2026-04-05T14:50:22Z,web
U0188,I0111,view,,1,114.52,2026-02-05T22:30:22Z,mobile
U0220,I0024,view,,1,24.65,2026-03-02T20:20:22Z,web
U0206,I0051,cart,,1,24.93,2026-03-01T11:30:22Z,web
U0227,I0088,cart,,1,30.05,2026-03-06T23:17:22Z,web
U0009,I0092,rating,4.0,1,16.23,2026-04-23T05:38:22Z,mobile
U0089,I0087,view,,1,58.68,2026-02-08T23:30:22Z,mobile
U0056,I0075,view,,1,25.5,2026-04-18T06:32:22Z,mobile
U0227,I0114,cart,,1,33.44,2026-02-21T00:15:22Z,web
U0080,I0065,purchase,,1,45.15,2026-04-01T00:47:22Z,mobile
U0222,I0019,cart,,1,35.63,2026-02-26T08:26:22Z,mobile
U0114,I0113,cart,,1,36.16,2026-02-28T00:06:22Z,web
U0167,I0055,purchase,,1,14.43,2026-03-21T03:02:22Z,web
U0070,I0044,view,,1,16.15,2026-02-10T06:10:22Z,web
U0202,I0014,rating,4.0,1,30.5,2026-04-26T01:52:22Z,web
U0112,I0047,view,,1,36.67,2026-04-04T03:44:22Z,mobile
U0102,I0097,rating,2.0,1,42.6,2026-03-19T09:04:22Z,web
U0014,I0100,cart,,1,54.26,2026-02-18T22:24:22Z,mobile
U0001,I0064,view,,1,28.05,2026-03-28T17:53:22Z,web
U0188,I0084,rating,5.0,1,27.83,2026-02-25T16:31:22Z,mobile
U0211,I0012,view,,1,67.3,2026-03-31T06:38:22Z,mobile
U0039,I0092,view,,1,16.23,2026-03-14T22:14:22Z,web
U0004,I0001,view,,1,31.44,2026-02-04T07:54:22Z,web
U0003,I0086,view,,1,33.96,2026-04-28T03:13:22Z,mobile
U0159,I0003,cart,,1,12.56,2026-03-09T01:24:22Z,web
U0234,I0042,view,,1,34.64,2026-03-04T12:46:22Z,web
U0009,I0025,view,,1,15.52,2026-02-12T20:22:22Z,mobile
U0066,I0024,purchase,,1,24.65,2026-03-19T03:56:22Z,web
U0134,I0039,purchase,,2,14.55,2026-03-24T12:21:22Z,mobile
U0041,I0032,view,,1,68.88,2026-02-28T08:16:22Z,mobile
U0076,I0106,view,,1,26.93,2026-03-24T18:16:22Z,mobile
U0024,I0120,cart,,1,26.42,2026-02-02T14:14:22Z,web
U0187,I0120,view,,1,26.42,2026-03-19T01:16:22Z,mobile
U0054,I0024,view,,1,24.65,2026-03-17T02:40:22Z,mobile
U0115,I0038,view,,1,23.01,2026-03-25T16:22:22Z,web
U0085,I0004,view,,1,24.4,2026-03-27T12:05:22Z,mobile
U0061,I0020,view,,1,27.33,2026-04-23T21:35:22Z,web
U0010,I0115,purchase,,1,29.97,2026-02-05T22:36:22Z,web
U0105,I0105,cart,,1,20.28,2026-04-25T00:28:22Z,mobile
U0232,I0052,purchase,,2,30.37,2026-02-18T07:36:22Z,mobile
U0185,I0020,view,,1,27.33,2026-04-20T06:23:22Z,mobile
U0095,I0095,view,,1,11.84,2026-03-18T00:55:22Z,mobile
U0100,I0015,view,,1,19.27,2026-04-10T07:04:22Z,web
U0009,I0078,view,,1,41.4,2026-04-30T05:26:22Z,mobile
U0100,I0060,view,,1,48.07,2026-04-10T23:23:22Z,web
U0195,I0060,view,,1,48.07,2026-02-21T16:00:22Z,mobile
U0080,I0017,view,,1,25.29,2026-02-07T05:57:22Z,web
U0048,I0070,view,,1,26.73,2026-04-14T21:44:22Z,mobile
U0110,I0020,view,,1,27.33,2026-03-23T02:15:22Z,web
U0090,I0042,view,,1,34.64,2026-03-18T09:53:22Z,mobile
U0071,I0099,view,,1,19.36,2026-04-16T11:41:22Z,mobile
U0138,I0027,cart,,1,58.32,2026-04-17T11:53:22Z,web
U0071,I0080,view,,1,16.0,2026-02-13T12:14:22Z,web
U0008,I0108,rating,5.0,1,101.53,2026-04-25T23:38:22Z,web
U0136,I0098,view,,1,35.06,2026-03-16T03:13:22Z,web
U0145,I0028,view,,1,23.83,2026-04-10T10:23:22Z,web
U0190,I0012,purchase,,2,67.3,2026-02-12T02:16:22Z,mobile
U0076,I0045,cart,,1,27.1,2026-04-06T05:37:22Z,mobile
U0177,I0063,cart,,1,17.91,2026-02-28T23:57:22Z,web
U0027,I0080,view,,1,16.0,2026-03-12T18:23:22Z,mobile
U0230,I0087,view,,1,58.68,2026-04-24T22:32:22Z,mobile
U0054,I0016,view,,1,41.84,2026-04-11T05:46:22Z,mobile
U0237,I0116,view,,1,59.11,2026-03-08T16:21:22Z,web
U0037,I0031,rating,4.0,1,6.52,2026-03-31T23:54:22Z,web
U0155,I0063,rating,4.0,1,17.91,2026-03-07T01:41:22Z,web
U0119,I0005,cart,,1,20.52,2026-04-04T16:23:22Z,web
U0049,I0074,view,,1,19.52,2026-03-27T16:15:22Z,mobile
U0103,I0019,view,,1,35.63,2026-04-17T04:55:22Z,web
U0201,I0057,view,,1,46.42,2026-04-16T04:06:22Z,mobile
U0179,I0078,purchase,,1,41.4,2026-02-05T23:45:22Z,mobile
U0108,I0039,view,,1,14.55,2026-03-26T03:25:22Z,mobile
U0014,I0078,cart,,1,41.4,2026-04-12T06:00:22Z,mobile
U0090,I0044,view,,1,16.15,2026-04-10T19:51:22Z,mobile
U0233,I0105,view,,1,20.28,2026-02-18T17:02:22Z,web
U0124,I0096,purchase,,1,36.87,2026-03-14T11:54:22Z,mobile
U0219,I0008,rating,1.0,1,36.94,2026-04-03T19:39:22Z,mobile
U0142,I0035,view,,1,26.96,2026-02-21T16:37:22Z,mobile
U0114,I0066,view,,1,22.7,2026-02-19T00:55:22Z,mobile
U0018,I0082,view,,1,27.22,2026-02-20T00:42:22Z,mobile
U0093,I0082,view,,1,27.22,2026-02-07T00:41:22Z,web
U0050,I0084,view,,1,27.83,2026-05-01T00:17:22Z,web
U0223,I0003,view,,1,12.56,2026-02-19T12:20:22Z,web
U0120,I0065,cart,,1,45.15,2026-02-28T14:10:22Z,web
U0179,I0041,cart,,1,35.48,2026-03-11T01:46:22Z,web
U0109,I0044,view,,1,16.15,2026-02-05T17:42:22Z,web
U0173,I0057,view,,1,46.42,2026-03-28T17:11:22Z,web
U0145,I0008,rating,4.0,1,36.94,2026-03-21T07:34:22Z,web
U0226,I0112,cart,,1,53.68,2026-03-16T05:22:22Z,web
U0227,I0023,view,,1,51.99,2026-02-16T04:47:22Z,mobile
U0166,I0077,purchase,,2,43.74,2026-04-06T07:24:22Z,mobile
U0053,I0013,purchase,,1,28.54,2026-04-02T14:07:22Z,mobile
U0114,I0089,cart,,1,40.79,2026-04-04T21:16:22Z,mobile
U0042,I0099,cart,,1,19.36,2026-02-25T01:54:22Z,mobile
U0215,I0003,view,,1,12.56,2026-02-19T17:12:22Z,mobile
U0098,I0106,view,,1,26.93,2026-04-08T05:13:22Z,web
U0042,I0006,view,,1,21.38,2026-04-11T10:43:22Z,mobile
U0032,I0017,purchase,,2,25.29,2026-02-10T00:30:22Z,web
U0077,I0029,view,,1,83.41,2026-03-18T16:51:22Z,web
U0142,I0049,view,,1,10.95,2026-03-03T13:51:22Z,mobile
U0222,I0042,view,,1,34.64,2026-02-26T14:40:22Z,web
U0067,I0071,rating,1.0,1,31.77,2026-04-17T14:28:22Z,mobile
U0031,I0101,rating,3.0,1,48.0,2026-02-27T08:47:22Z,web
U0047,I0074,view,,1,19.52,2026-03-12T06:38:22Z,web
U0046,I0119,rating,3.0,1,34.0,2026-03-04T21:33:22Z,web
U0061,I0014,rating,5.0,1,30.5,2026-02-23T04:04:22Z,mobile
U0032,I0038,view,,1,23.01,2026-04-26T18:46:22Z,web
U0210,I0119,purchase,,1,34.0,2026-04-26T13:06:22Z,mobile
U0054,I0112,purchase,,1,53.68,2026-02-23T17:45:22Z,mobile
U0049,I0100,purchase,,1,54.26,2026-04-28T13:29:22Z,web
U0034,I0014,purchase,,1,30.5,2026-04-20T16:21:22Z,web
U0083,I0096,cart,,1,36.87,2026-03-16T14:55:22Z,mobile
U0186,I0106,rating,2.0,1,26.93,2026-02-04T05:02:22Z,web
U0213,I0065,rating,4.0,1,45.15,2026-02-13T08:09:22Z,web
U0032,I0044,rating,4.0,1,16.15,2026-04-11T17:26:22Z,web
U0130,I0041,view,,1,35.48,2026-03-12T06:17:22Z,mobile
U0115,I0090,view,,1,12.85,2026-03-15T08:29:22Z,mobile
U0139,I0059,cart,,1,24.91,2026-03-14T03:49:22Z,mobile
U0153,I0042,view,,1,34.64,2026-03-06T08:25:22Z,mobile
U0187,I0007,rating,3.0,1,50.51,2026-03-26T07:46:22Z,web
U0146,I0053,cart,,1,18.65,2026-04-26T04:25:22Z,mobile
U0047,I0060,view,,1,48.07,2026-02-16T01:11:22Z,mobile
U0155,I0109,view,,1,70.56,2026-03-29T05:31:22Z,mobile
U0131,I0044,cart,,1,16.15,2026-02-07T06:03:22Z,mobile
U0119,I0109,view,,1,70.56,2026-04-10T12:37:22Z,mobile
U0032,I0051,view,,1,24.93,2026-03-07T08:17:22Z,mobile
U0055,I0088,rating,5.0,1,30.05,2026-04-06T07:38:22Z,mobile
U0109,I0080,rating,5.0,1,16.0,2026-03-27T05:00:22Z,mobile
U0227,I0060,cart,,1,48.07,2026-02-11T03:01:22Z,mobile
U0233,I0059,view,,1,24.91,2026-04-28T05:24:22Z,mobile
U0151,I0024,rating,4.0,1,24.65,2026-04-16T22:00:22Z,web
U0043,I0029,view,,1,83.41,2026-02-08T23:42:22Z,mobile
U0099,I0022,view,,1,23.73,2026-04-04T00:16:22Z,mobile
U0207,I0021,purchase,,3,19.0,2026-03-12T21:58:22Z,mobile
U0011,I0105,view,,1,20.28,2026-04-13T08:31:22Z,web
U0082,I0111,view,,1,114.52,2026-02-19T21:20:22Z,web
U0134,I0067,view,,1,77.25,2026-03-31T13:47:22Z,mobile
U0096,I0052,purchase,,1,30.37,2026-03-10T07:54:22Z,web
U0058,I0021,cart,,1,19.0,2026-03-23T05:34:22Z,mobile
U0186,I0092,view,,1,16.23,2026-04-09T04:20:22Z,mobile
U0228,I0017,view,,1,25.29,2026-03-02T05:23:22Z,web
U0180,I0041,view,,1,35.48,2026-04-18T14:14:22Z,mobile
U0037,I0011,rating,4.0,1,15.55,2026-04-17T10:21:22Z,mobile
U0043,I0077,rating,4.0,1,43.74,2026-03-12T13:37:22Z,mobile
U0115,I0001,view,,1,31.44,2026-04-09T14:38:22Z,mobile
U0187,I0046,view,,1,32.06,2026-03-07T00:21:22Z,mobile
U0116,I0090,cart,,1,12.85,2026-02-08T12:07:22Z,web
U0035,I0105,cart,,1,20.28,2026-05-01T08:09:22Z,web
U0038,I0064,view,,1,28.05,2026-04-21T03:56:22Z,web
U0132,I0021,rating,5.0,1,19.0,2026-02-04T17:06:22Z,mobile
U0070,I0119,view,,1,34.0,2026-03-04T23:23:22Z,mobile
U0218,I0003,purchase,,1,12.56,2026-03-19T06:44:22Z,mobile
U0038,I0028,view,,1,23.83,2026-02-27T03:21:22Z,web
U0154,I0035,rating,5.0,1,26.96,2026-04-15T09:10:22Z,web
U0097,I0045,rating,4.0,1,27.1,2026-04-04T22:52:22Z,web
U0051,I0063,cart,,1,17.91,2026-02-08T14:32:22Z,mobile
U0149,I0016,view,,1,41.84,2026-04-05T10:25:22Z,mobile
U0135,I0040,view,,1,56.71,2026-04-19T00:54:22Z,web
U0179,I0114,cart,,1,33.44,2026-02-28T07:40:22Z,web
U0112,I0005,rating,4.0,1,20.52,2026-04-06T01:57:22Z,web
U0218,I0034,purchase,,2,32.38,2026-04-06T00:26:22Z,web
U0230,I0120,view,,1,26.42,2026-04-25T00:56:22Z,mobile
U0206,I0060,rating,5.0,1,48.07,2026-02-25T12:52:22Z,web
U0102,I0036,purchase,,3,74.72,2026-02-22T05:12:22Z,mobile
U0075,I0004,view,,1,24.4,2026-02-07T16:50:22Z,mobile
U0060,I0091,view,,1,42.99,2026-03-06T19:26:22Z,web
U0112,I0003,view,,1,12.56,2026-03-10T11:55:22Z,mobile
U0125,I0068,cart,,1,16.18,2026-04-27T00:16:22Z,web
U0058,I0027,purchase,,2,58.32,2026-03-07T04:29:22Z,mobile
U0083,I0109,view,,1,70.56,2026-04-10T15:35:22Z,web
U0121,I0090,rating,5.0,1,12.85,2026-04-13T17:44:22Z,mobile
U0068,I0066,view,,1,22.7,2026-02-03T08:51:22Z,web
U0171,I0063,cart,,1,17.91,2026-04-08T07:50:22Z,mobile
U0187,I0007,rating,2.0,1,50.51,2026-04-24T10:52:22Z,mobile
U0068,I0088,purchase,,1,30.05,2026-04-01T00:37:22Z,mobile
U0235,I0064,view,,1,28.05,2026-04-28T17:16:22Z,mobile
U0210,I0086,purchase,,1,33.96,2026-04-25T04:07:22Z,web
U0065,I0041,view,,1,35.48,2026-04-15T17:20:22Z,web
U0076,I0057,rating,4.0,1,46.42,2026-04-17T19:35:22Z,mobile
U0102,I0022,view,,1,23.73,2026-02-11T02:06:22Z,web
U0082,I0018,view,,1,34.0,2026-03-14T18:00:22Z,mobile
U0080,I0034,view,,1,32.38,2026-03-07T21:53:22Z,mobile
U0179,I0112,view,,1,53.68,2026-04-28T06:10:22Z,mobile
U0095,I0117,rating,3.0,1,42.8,2026-03-02T11:24:22Z,mobile
U0218,I0085,view,,1,64.61,2026-02-09T16:05:22Z,mobile
U0180,I0097,view,,1,42.6,2026-02-19T02:00:22Z,web
U0202,I0087,view,,1,58.68,2026-03-01T18:43:22Z,web
U0006,I0109,view,,1,70.56,2026-02-20T08:05:22Z,mobile
U0094,I0100,view,,1,54.26,2026-04-22T14:05:22Z,mobile
U0174,I0116,view,,1,59.11,2026-04-13T05:12:22Z,web
U0159,I0070,view,,1,26.73,2026-03-31T19:17:22Z,web
U0038,I0100,cart,,1,54.26,2026-04-08T02:47:22Z,mobile
U0011,I0113,view,,1,36.16,2026-02-18T10:22:22Z,web
U0027,I0032,view,,1,68.88,2026-04-24T12:28:22Z,web
U0006,I0096,cart,,1,36.87,2026-02-07T18:52:22Z,mobile
U0073,I0008,cart,,1,36.94,2026-04-17T12:08:22Z,web
U0172,I0015,cart,,1,19.27,2026-04-06T04:38:22Z,web
U0220,I0094,cart,,1,20.46,2026-04-28T04:07:22Z,mobile
U0103,I0037,view,,1,17.51,2026-04-21T17:05:22Z,mobile
U0202,I0053,view,,1,18.65,2026-03-26T15:54:22Z,web
U0188,I0105,rating,4.0,1,20.28,2026-04-05T19:31:22Z,web
U0130,I0034,cart,,1,32.38,2026-02-21T11:36:22Z,mobile
U0017,I0024,view,,1,24.65,2026-04-13T20:27:22Z,web
U0051,I0013,cart,,1,28.54,2026-04-05T16:09:22Z,mobile
U0108,I0055,purchase,,1,14.43,2026-02-25T17:32:22Z,web
U0048,I0039,cart,,1,14.55,2026-04-19T14:03:22Z,mobile
U0088,I0103,view,,1,51.23,2026-03-27T00:16:22Z,web
U0118,I0111,view,,1,114.52,2026-03-26T20:23:22Z,mobile
U0051,I0052,view,,1,30.37,2026-04-12T09:59:22Z,mobile
U0048,I0014,view,,1,30.5,2026-05-02T07:53:22Z,mobile
U0123,I0064,view,,1,28.05,2026-03-15T05:42:22Z,mobile
U0095,I0071,view,,1,31.77,2026-03-08T10:24:22Z,web
U0057,I0037,view,,1,17.51,2026-03-02T16:12:22Z,web
U0102,I0112,view,,1,53.68,2026-04-14T21:37:22Z,mobile
U0223,I0113,cart,,1,36.16,2026-04-19T19:11:22Z,web
U0044,I0100,cart,,1,54.26,2026-04-12T21:00:22Z,mobile
U0227,I0114,view,,1,33.44,2026-03-03T16:21:22Z,mobile
U0214,I0094,view,,1,20.46,2026-03-14T07:30:22Z,web
U0043,I0058,rating,4.0,1,18.03,2026-03-19T01:33:22Z,mobile
U0014,I0093,rating,2.0,1,35.82,2026-04-02T22:14:22Z,mobile
U0035,I0102,cart,,1,45.37,2026-02-28T20:27:22Z,mobile
U0183,I0098,view,,1,35.06,2026-04-04T22:17:22Z,mobile
U0167,I0120,rating,4.0,1,26.42,2026-04-09T02:21:22Z,web
U0042,I0036,view,,1,74.72,2026-02-26T20:27:22Z,mobile
U0167,I0071,rating,5.0,1,31.77,2026-04-01T10:08:22Z,mobile
U0136,I0055,purchase,,1,14.43,2026-02-26T20:32:22Z,web
U0139,I0052,view,,1,30.37,2026-04-20T08:19:22Z,web
U0046,I0043,cart,,1,34.18,2026-02-05T06:40:22Z,mobile
U0130,I0112,view,,1,53.68,2026-04-12T23:23:22Z,mobile
U0134,I0065,rating,5.0,1,45.15,2026-04-25T18:30:22Z,web
U0057,I0106,cart,,1,26.93,2026-02-27T00:12:22Z,web
U0138,I0102,view,,1,45.37,2026-02-18T00:40:22Z,mobile
U0164,I0028,cart,,1,23.83,2026-04-12T00:02:22Z,web
U0188,I0085,cart,,1,64.61,2026-04-28T23:05:22Z,mobile
U0035,I0013,rating,5.0,1,28.54,2026-04-07T18:10:22Z,mobile
U0161,I0032,cart,,1,68.88,2026-03-17T05:36:22Z,web
U0080,I0065,cart,,1,45.15,2026-04-06T05:46:22Z,mobile
U0203,I0026,view,,1,13.5,2026-03-09T13:58:22Z,mobile
U0036,I0067,view,,1,77.25,2026-04-20T23:22:22Z,mobile
U0233,I0011,rating,4.0,1,15.55,2026-03-05T00:58:22Z,web
U0115,I0090,view,,1,12.85,2026-02-05T18:11:22Z,web
U0217,I0032,cart,,1,68.88,2026-04-11T16:00:22Z,mobile
U0057,I0100,view,,1,54.26,2026-02-12T14:34:22Z,web
U0036,I0065,view,,1,45.15,2026-03-19T04:20:22Z,mobile
U0111,I0064,view,,1,28.05,2026-04-28T18:10:22Z,mobile
U0234,I0058,view,,1,18.03,2026-03-19T07:57:22Z,web
U0125,I0087,view,,1,58.68,2026-03-04T19:20:22Z,web
U0066,I0051,cart,,1,24.93,2026-03-13T02:25:22Z,web
U0105,I0055,purchase,,2,14.43,2026-02-20T18:40:22Z,mobile
U0056,I0011,cart,,1,15.55,2026-03-31T01:19:22Z,mobile
U0151,I0089,cart,,1,40.79,2026-02-05T15:26:22Z,mobile
U0014,I0076,cart,,1,36.2,2026-03-06T10:53:22Z,web
U0102,I0016,view,,1,41.84,2026-02-25T19:23:22Z,web
U0161,I0116,cart,,1,59.11,2026-03-02T20:01:22Z,web
U0125,I0072,purchase,,1,21.99,2026-02-19T10:35:22Z,mobile
U0081,I0112,view,,1,53.68,2026-04-20T10:17:22Z,mobile
U0163,I0022,view,,1,23.73,2026-02-04T07:33:22Z,mobile
U0095,I0065,view,,1,45.15,2026-04-05T07:34:22Z,mobile
U0100,I0036,view,,1,74.72,2026-03-31T16:32:22Z,web
U0106,I0076,cart,,1,36.2,2026-03-13T02:37:22Z,mobile
U0174,I0048,purchase,,1,22.53,2026-03-12T18:19:22Z,web
U0201,I0103,view,,1,51.23,2026-02-05T00:00:22Z,web
U0096,I0119,view,,1,34.0,2026-04-01T03:16:22Z,web
U0154,I0095,view,,1,11.84,2026-03-04T22:59:22Z,mobile
U0190,I0003,view,,1,12.56,2026-02-27T05:42:22Z,mobile
U0084,I0074,cart,,1,19.52,2026-04-04T06:28:22Z,web
U0133,I0074,view,,1,19.52,2026-03-15T00:28:22Z,mobile
U0050,I0055,view,,1,14.43,2026-04-07T00:49:22Z,web
U0089,I0067,view,,1,77.25,2026-03-18T14:46:22Z,web
U0173,I0107,view,,1,14.01,2026-04-10T15:52:22Z,mobile
U0023,I0023,view,,1,51.99,2026-04-17T03:27:22Z,mobile
U0191,I0049,view,,1,10.95,2026-02-18T08:51:22Z,mobile
U0184,I0102,view,,1,45.37,2026-04-19T21:42:22Z,mobile
U0210,I0086,cart,,1,33.96,2026-02-07T20:18:22Z,mobile
U0019,I0068,cart,,1,16.18,2026-03-04T05:42:22Z,mobile
U0028,I0114,view,,1,33.44,2026-04-11T13:52:22Z,mobile
U0184,I0014,view,,1,30.5,2026-02-08T05:04:22Z,web
U0145,I0083,view,,1,17.83,2026-03-25T06:19:22Z,mobile
U0070,I0050,view,,1,15.33,2026-02-09T22:54:22Z,mobile
U0076,I0108,view,,1,101.53,2026-02-03T10:13:22Z,mobile
U0058,I0037,view,,1,17.51,2026-04-02T03:00:22Z,web
U0028,I0041,view,,1,35.48,2026-02-26T15:52:22Z,web
U0081,I0046,rating,5.0,1,32.06,2026-03-16T11:53:22Z,mobile
U0097,I0045,view,,1,27.1,2026-04-04T00:08:22Z,mobile
U0189,I0093,view,,1,35.82,2026-03-08T15:50:22Z,web
U0049,I0120,view,,1,26.42,2026-04-09T20:29:22Z,web
U0206,I0036,purchase,,1,74.72,2026-04-01T19:27:22Z,mobile
U0236,I0060,view,,1,48.07,2026-02-14T08:23:22Z,mobile
U0143,I0114,view,,1,33.44,2026-03-16T17:17:22Z,mobile
U0107,I0004,view,,1,24.4,2026-04-05T08:48:22Z,web
U0028,I0009,purchase,,2,26.36,2026-03-30T12:09:22Z,mobile
U0069,I0114,cart,,1,33.44,2026-02-24T19:16:22Z,web
U0016,I0038,view,,1,23.01,2026-03-18T23:39:22Z,web
U0227,I0067,cart,,1,77.25,2026-02-15T19:10:22Z,web
U0130,I0051,cart,,1,24.93,2026-02-02T18:22:22Z,web
U0123,I0028,view,,1,23.83,2026-03-31T05:07:22Z,web
U0064,I0018,view,,1,34.0,2026-02-23T19:10:22Z,mobile
U0091,I0055,view,,1,14.43,2026-04-18T02:40:22Z,web
U0151,I0089,view,,1,40.79,2026-03-13T19:04:22Z,mobile
U0227,I0028,view,,1,23.83,2026-04-27T09:11:22Z,web
U0144,I0063,view,,1,17.91,2026-03-24T17:24:22Z,web
U0084,I0102,view,,1,45.37,2026-04-30T20:34:22Z,mobile
U0066,I0090,view,,1,12.85,2026-03-30T01:45:22Z,mobile
U0197,I0096,view,,1,36.87,2026-03-27T01:39:22Z,web
U0212,I0043,view,,1,34.18,2026-04-20T02:06:22Z,web
U0038,I0077,view,,1,43.74,2026-03-20T01:57:22Z,web
U0175,I0023,cart,,1,51.99,2026-02-14T10:43:22Z,web
U0189,I0093,rating,1.0,1,35.82,2026-02-23T06:49:22Z,mobile
U0152,I0096,view,,1,36.87,2026-04-02T08:13:22Z,mobile
U0075,I0025,purchase,,1,15.52,2026-03-19T01:52:22Z,mobile
U0203,I0003,cart,,1,12.56,2026-03-31T18:31:22Z,mobile
U0236,I0026,view,,1,13.5,2026-04-10T00:01:22Z,mobile
U0131,I0005,view,,1,20.52,2026-04-20T01:53:22Z,mobile
U0223,I0066,view,,1,22.7,2026-03-03T22:16:22Z,mobile
U0213,I0036,cart,,1,74.72,2026-02-18T02:57:22Z,mobile
U0098,I0106,view,,1,26.93,2026-03-13T19:12:22Z,web
U0112,I0078,view,,1,41.4,2026-04-01T19:14:22Z,web
U0239,I0100,cart,,1,54.26,2026-04-11T07:49:22Z,mobile
U0207,I0004,view,,1,24.4,2026-04-24T21:08:22Z,mobile
U0206,I0036,cart,,1,74.72,2026-02-08T07:08:22Z,web
U0103,I0052,purchase,,1,30.37,2026-02-19T03:49:22Z,mobile
U0022,I0098,rating,2.0,1,35.06,2026-04-30T14:11:22Z,mobile
U0130,I0059,view,,1,24.91,2026-03-31T11:02:22Z,web
U0014,I0112,purchase,,1,53.68,2026-03-25T17:13:22Z,mobile
U0034,I0078,purchase,,1,41.4,2026-02-02T07:47:22Z,web
U0173,I0113,view,,1,36.16,2026-04-08T11:26:22Z,web
U0180,I0036,view,,1,74.72,2026-02-05T03:57:22Z,mobile
U0080,I0051,view,,1,24.93,2026-02-05T10:39:22Z,web
U0055,I0021,rating,4.0,1,19.0,2026-05-02T06:12:22Z,mobile
U0116,I0074,view,,1,19.52,2026-03-09T00:54:22Z,mobile
U0052,I0078,purchase,,1,41.4,2026-02-26T01:53:22Z,web
U0048,I0087,view,,1,58.68,2026-04-13T15:45:22Z,mobile
U0120,I0027,view,,1,58.32,2026-02-12T13:50:22Z,web
U0226,I0040,purchase,,1,56.71,2026-02-12T00:42:22Z,web
U0228,I0114,view,,1,33.44,2026-04-03T05:59:22Z,web
U0140,I0055,purchase,,1,14.43,2026-03-15T12:51:22Z,mobile
U0027,I0047,rating,4.0,1,36.67,2026-02-12T18:58:22Z,web
U0150,I0117,view,,1,42.8,2026-04-22T00:45:22Z,web
U0109,I0077,view,,1,43.74,2026-02-26T16:25:22Z,mobile
U0041,I0085,cart,,1,64.61,2026-04-20T12:49:22Z,mobile
U0217,I0006,view,,1,21.38,2026-02-15T17:59:22Z,mobile
U0231,I0057,cart,,1,46.42,2026-03-27T20:22:22Z,mobile
U0048,I0057,cart,,1,46.42,2026-03-03T05:44:22Z,web
U0189,I0094,view,,1,20.46,2026-03-10T13:53:22Z,web
U0225,I0099,cart,,1,19.36,2026-04-08T22:25:22Z,mobile
U0133,I0035,purchase,,2,26.96,2026-03-08T03:09:22Z,mobile
U0201,I0074,rating,4.0,1,19.52,2026-02-13T08:10:22Z,mobile
U0185,I0091,view,,1,42.99,2026-02-02T03:06:22Z,web
U0003,I0019,rating,4.0,1,35.63,2026-04-27T07:27:22Z,web
U0087,I0049,view,,1,10.95,2026-03-22T19:35:22Z,web
U0066,I0065,purchase,,1,45.15,2026-03-31T15:52:22Z,mobile
U0052,I0005,view,,1,20.52,2026-03-18T07:29:22Z,mobile
U0098,I0084,view,,1,27.83,2026-05-01T19:17:22Z,web
U0210,I0073,cart,,1,25.28,2026-04-22T22:34:22Z,mobile
U0094,I0005,view,,1,20.52,2026-02-21T03:01:22Z,web
U0157,I0007,view,,1,50.51,2026-03-16T23:47:22Z,mobile
U0115,I0047,view,,1,36.67,2026-03-15T18:41:22Z,web
U0080,I0088,view,,1,30.05,2026-05-01T03:32:22Z,web
U0112,I0097,cart,,1,42.6,2026-04-05T09:39:22Z,web
U0189,I0028,rating,4.0,1,23.83,2026-03-07T08:51:22Z,mobile
U0080,I0093,purchase,,1,35.82,2026-04-04T11:31:22Z,mobile
U0102,I0019,view,,1,35.63,2026-02-04T21:48:22Z,web
U0130,I0091,view,,1,42.99,2026-02-09T03:15:22Z,web
U0079,I0078,view,,1,41.4,2026-04-14T08:07:22Z,web
U0084,I0104,rating,5.0,1,41.88,2026-02-20T19:03:22Z,web
U0194,I0031,purchase,,1,6.52,2026-02-21T09:12:22Z,mobile
U0097,I0071,view,,1,31.77,2026-02-07T06:50:22Z,mobile
U0077,I0051,view,,1,24.93,2026-02-08T11:11:22Z,web
U0128,I0090,cart,,1,12.85,2026-03-08T18:09:22Z,web
U0054,I0005,view,,1,20.52,2026-02-23T19:18:22Z,mobile
U0178,I0110,view,,1,26.64,2026-03-21T14:12:22Z,web
U0058,I0106,view,,1,26.93,2026-04-12T11:51:22Z,mobile
U0002,I0114,cart,,1,33.44,2026-05-02T05:29:22Z,mobile
U0209,I0073,view,,1,25.28,2026-04-06T20:04:22Z,web
U0165,I0033,view,,1,24.72,2026-02-04T09:18:22Z,web
U0174,I0056,view,,1,21.96,2026-04-24T03:16:22Z,web
U0003,I0033,view,,1,24.72,2026-04-30T12:00:22Z,mobile
U0055,I0091,view,,1,42.99,2026-03-01T11:23:22Z,mobile
U0136,I0099,view,,1,19.36,2026-04-26T11:55:22Z,web
U0191,I0035,view,,1,26.96,2026-02-11T08:21:22Z,mobile
U0141,I0015,view,,1,19.27,2026-04-26T02:37:22Z,web
U0013,I0009,purchase,,3,26.36,2026-04-28T02:38:22Z,mobile
U0141,I0095,view,,1,11.84,2026-03-10T21:11:22Z,web
U0194,I0046,purchase,,2,32.06,2026-04-21T05:35:22Z,web
U0214,I0037,view,,1,17.51,2026-03-13T08:13:22Z,web
U0181,I0038,cart,,1,23.01,2026-03-08T08:24:22Z,mobile
U0191,I0004,view,,1,24.4,2026-02-11T03:35:22Z,web
U0178,I0047,cart,,1,36.67,2026-04-05T17:24:22Z,web
U0022,I0076,view,,1,36.2,2026-05-02T20:32:22Z,mobile
U0111,I0003,view,,1,12.56,2026-03-19T02:03:22Z,mobile
U0027,I0029,view,,1,83.41,2026-04-05T20:39:22Z,web
U0105,I0056,view,,1,21.96,2026-02-21T12:17:22Z,mobile
U0084,I0116,view,,1,59.11,2026-02-21T05:09:22Z,mobile
U0222,I0063,purchase,,1,17.91,2026-04-25T22:21:22Z,mobile
U0197,I0016,purchase,,2,41.84,2026-05-02T19:42:22Z,mobile
U0205,I0074,view,,1,19.52,2026-04-26T06:52:22Z,mobile
U0172,I0074,view,,1,19.52,2026-04-22T07:12:22Z,mobile
U0128,I0026,view,,1,13.5,2026-04-13T23:09:22Z,web
U0007,I0076,view,,1,36.2,2026-02-09T09:45:22Z,web
U0062,I0104,cart,,1,41.88,2026-02-25T19:12:22Z,mobile
U0067,I0047,view,,1,36.67,2026-04-20T07:11:22Z,mobile
U0206,I0006,cart,,1,21.38,2026-04-03T11:58:22Z,mobile
U0203,I0044,view,,1,16.15,2026-02-12T09:40:22Z,mobile
U0101,I0108,view,,1,101.53,2026-05-03T01:15:22Z,web
U0229,I0053,view,,1,18.65,2026-04-02T07:23:22Z,web
U0149,I0069,view,,1,41.22,2026-04-29T12:15:22Z,mobile
U0069,I0044,view,,1,16.15,2026-03-30T09:52:22Z,web
U0118,I0063,view,,1,17.91,2026-05-02T15:03:22Z,web
U0052,I0081,view,,1,60.65,2026-02-08T17:55:22Z,mobile
U0101,I0054,cart,,1,35.21,2026-03-09T15:15:22Z,mobile
U0117,I0109,view,,1,70.56,2026-04-29T18:16:22Z,web
U0060,I0091,view,,1,42.99,2026-02-22T04:34:22Z,mobile
U0193,I0008,purchase,,1,36.94,2026-04-10T21:47:22Z,mobile
U0146,I0053,view,,1,18.65,2026-02-05T01:14:22Z,mobile
U0178,I0028,cart,,1,23.83,2026-03-11T04:31:22Z,web
U0117,I0020,purchase,,1,27.33,2026-04-10T09:34:22Z,web
U0204,I0078,view,,1,41.4,2026-02-17T12:01:22Z,mobile
U0213,I0022,view,,1,23.73,2026-03-17T12:16:22Z,mobile
U0088,I0057,cart,,1,46.42,2026-04-04T13:24:22Z,mobile
U0098,I0088,view,,1,30.05,2026-02-22T18:14:22Z,web
U0190,I0058,view,,1,18.03,2026-03-30T12:09:22Z,mobile
U0133,I0013,view,,1,28.54,2026-02-02T04:38:22Z,mobile
U0230,I0095,cart,,1,11.84,2026-04-18T17:35:22Z,mobile
U0096,I0103,purchase,,1,51.23,2026-02-03T04:03:22Z,mobile
U0130,I0097,view,,1,42.6,2026-03-15T20:48:22Z,web
U0039,I0063,purchase,,3,17.91,2026-03-20T15:05:22Z,mobile
U0198,I0098,purchase,,3,35.06,2026-03-16T18:13:22Z,mobile
U0209,I0018,view,,1,34.0,2026-03-23T00:36:22Z,mobile
U0176,I0076,cart,,1,36.2,2026-04-29T18:12:22Z,mobile
U0167,I0116,view,,1,59.11,2026-04-16T19:01:22Z,mobile
U0119,I0001,rating,4.0,1,31.44,2026-04-21T14:34:22Z,mobile
U0110,I0106,view,,1,26.93,2026-02-24T10:05:22Z,mobile
U0168,I0036,view,,1,74.72,2026-03-19T10:08:22Z,mobile
U0143,I0060,view,,1,48.07,2026-03-05T20:11:22Z,mobile
U0109,I0005,view,,1,20.52,2026-02-17T04:32:22Z,mobile
U0181,I0109,purchase,,1,70.56,2026-03-15T14:20:22Z,mobile
U0214,I0008,rating,4.0,1,36.94,2026-03-15T03:41:22Z,mobile
U0033,I0040,view,,1,56.71,2026-03-23T23:59:22Z,mobile
U0136,I0036,view,,1,74.72,2026-02-13T04:03:22Z,web
U0225,I0047,view,,1,36.67,2026-05-02T10:34:22Z,mobile
U0017,I0095,view,,1,11.84,2026-02-14T11:00:22Z,mobile
U0186,I0089,view,,1,40.79,2026-04-28T11:09:22Z,web
U0162,I0080,view,,1,16.0,2026-02-12T13:21:22Z,mobile
U0117,I0005,view,,1,20.52,2026-03-08T13:04:22Z,web
U0089,I0097,cart,,1,42.6,2026-04-06T10:07:22Z,mobile
U0084,I0047,purchase,,1,36.67,2026-03-07T18:32:22Z,mobile
U0091,I0050,purchase,,1,15.33,2026-02-03T04:25:22Z,web
U0081,I0112,view,,1,53.68,2026-02-13T23:17:22Z,web
U0207,I0057,view,,1,46.42,2026-04-18T09:54:22Z,mobile
U0060,I0096,cart,,1,36.87,2026-03-18T06:37:22Z,web
U0166,I0081,view,,1,60.65,2026-03-14T04:46:22Z,web
U0219,I0037,cart,,1,17.51,2026-05-01T11:56:22Z,mobile
U0066,I0042,view,,1,34.64,2026-03-26T04:08:22Z,mobile
U0149,I0090,view,,1,12.85,2026-03-31T15:25:22Z,web
U0234,I0090,cart,,1,12.85,2026-04-30T09:33:22Z,mobile
U0175,I0030,purchase,,2,19.11,2026-04-30T05:52:22Z,mobile
U0132,I0002,view,,1,22.56,2026-04-13T01:20:22Z,mobile
U0140,I0053,view,,1,18.65,2026-03-31T01:41:22Z,web
U0222,I0017,purchase,,2,25.29,2026-04-27T19:08:22Z,mobile
U0133,I0116,view,,1,59.11,2026-04-04T07:48:22Z,web
U0217,I0074,view,,1,19.52,2026-04-14T22:17:22Z,web
U0218,I0039,purchase,,1,14.55,2026-04-25T06:09:22Z,mobile
U0229,I0102,purchase,,1,45.37,2026-03-18T22:13:22Z,web
U0061,I0058,purchase,,1,18.03,2026-04-23T07:08:22Z,mobile
U0011,I0064,purchase,,1,28.05,2026-02-02T17:59:22Z,web
U0067,I0102,cart,,1,45.37,2026-04-29T03:35:22Z,mobile
U0048,I0077,cart,,1,43.74,2026-02-03T06:47:22Z,web
U0221,I0083,view,,1,17.83,2026-02-17T19:05:22Z,mobile
U0094,I0058,purchase,,1,18.03,2026-04-04T19:31:22Z,web
U0224,I0109,view,,1,70.56,2026-03-20T20:15:22Z,web
U0172,I0071,view,,1,31.77,2026-04-07T13:51:22Z,web
U0038,I0106,view,,1,26.93,2026-03-07T18:10:22Z,mobile
U0130,I0083,purchase,,1,17.83,2026-03-07T09:15:22Z,web
U0155,I0088,cart,,1,30.05,2026-03-21T21:07:22Z,mobile
U0033,I0095,view,,1,11.84,2026-03-08T00:49:22Z,mobile
U0190,I0035,rating,2.0,1,26.96,2026-03-15T11:18:22Z,web
U0082,I0096,view,,1,36.87,2026-02-09T00:30:22Z,web
U0203,I0096,cart,,1,36.87,2026-04-19T15:19:22Z,web
U0031,I0096,cart,,1,36.87,2026-02-07T11:21:22Z,web
U0030,I0098,cart,,1,35.06,2026-04-04T23:06:22Z,web
U0186,I0094,cart,,1,20.46,2026-02-21T13:33:22Z,web
U0210,I0052,view,,1,30.37,2026-02-07T11:32:22Z,web
U0168,I0090,view,,1,12.85,2026-03-17T22:47:22Z,web
U0238,I0108,cart,,1,101.53,2026-02-16T23:41:22Z,web
U0102,I0053,view,,1,18.65,2026-03-04T02:29:22Z,mobile
U0186,I0075,view,,1,25.5,2026-04-06T04:18:22Z,web
U0091,I0104,cart,,1,41.88,2026-02-26T13:54:22Z,web
U0173,I0078,rating,3.0,1,41.4,2026-04-22T20:32:22Z,mobile
U0122,I0024,view,,1,24.65,2026-04-08T22:42:22Z,web
U0223,I0011,rating,4.0,1,15.55,2026-03-28T13:43:22Z,mobile
U0167,I0039,view,,1,14.55,2026-02-04T18:27:22Z,mobile
U0033,I0094,view,,1,20.46,2026-03-07T12:50:22Z,web
U0161,I0087,view,,1,58.68,2026-02-20T13:30:22Z,web
U0124,I0008,cart,,1,36.94,2026-02-14T07:29:22Z,mobile
U0180,I0097,cart,,1,42.6,2026-02-24T18:19:22Z,mobile
U0235,I0120,rating,3.0,1,26.42,2026-02-13T01:57:22Z,mobile
U0176,I0035,cart,,1,26.96,2026-02-08T10:27:22Z,web
U0181,I0042,view,,1,34.64,2026-03-30T02:34:22Z,web
U0187,I0018,purchase,,2,34.0,2026-04-02T17:53:22Z,mobile
U0016,I0090,view,,1,12.85,2026-04-09T11:29:22Z,mobile
U0103,I0062,cart,,1,23.59,2026-02-28T15:50:22Z,web
U0035,I0116,rating,5.0,1,59.11,2026-04-24T17:48:22Z,mobile
U0121,I0016,purchase,,1,41.84,2026-03-28T05:02:22Z,web
U0122,I0083,view,,1,17.83,2026-02-07T21:23:22Z,mobile
U0104,I0043,view,,1,34.18,2026-02-05T08:10:22Z,mobile
U0078,I0109,rating,3.0,1,70.56,2026-04-29T22:24:22Z,web
U0067,I0109,rating,3.0,1,70.56,2026-04-26T00:55:22Z,web
U0091,I0006,view,,1,21.38,2026-02-26T17:51:22Z,mobile
U0209,I0101,view,,1,48.0,2026-04-23T10:02:22Z,web
U0234,I0058,rating,5.0,1,18.03,2026-03-23T00:27:22Z,web
U0179,I0099,view,,1,19.36,2026-03-27T02:17:22Z,mobile
U0196,I0041,purchase,,1,35.48,2026-02-28T02:37:22Z,mobile
U0146,I0102,cart,,1,45.37,2026-04-01T19:47:22Z,mobile
U0081,I0012,cart,,1,67.3,2026-03-28T08:53:22Z,web
U0091,I0070,view,,1,26.73,2026-04-21T04:29:22Z,web
U0166,I0120,view,,1,26.42,2026-04-27T14:53:22Z,web
U0076,I0082,cart,,1,27.22,2026-05-01T21:55:22Z,mobile
U0003,I0072,view,,1,21.99,2026-02-09T15:41:22Z,mobile
U0137,I0080,purchase,,3,16.0,2026-04-02T03:47:22Z,web
U0010,I0024,rating,4.0,1,24.65,2026-02-24T10:35:22Z,web
U0238,I0092,rating,3.0,1,16.23,2026-03-16T09:04:22Z,web
U0237,I0098,view,,1,35.06,2026-04-25T13:01:22Z,web
U0061,I0044,view,,1,16.15,2026-03-23T07:38:22Z,web
U0169,I0075,view,,1,25.5,2026-03-31T13:07:22Z,web
U0163,I0066,view,,1,22.7,2026-04-09T16:16:22Z,web
U0232,I0119,view,,1,34.0,2026-02-07T15:58:22Z,mobile
U0107,I0021,rating,5.0,1,19.0,2026-04-16T10:12:22Z,mobile
U0009,I0078,cart,,1,41.4,2026-02-11T10:22:22Z,web
U0098,I0029,purchase,,1,83.41,2026-02-28T14:47:22Z,web
U0173,I0075,view,,1,25.5,2026-02-21T00:34:22Z,web
U0141,I0008,view,,1,36.94,2026-04-10T10:42:22Z,mobile
U0071,I0034,rating,2.0,1,32.38,2026-03-19T11:05:22Z,mobile
U0009,I0054,view,,1,35.21,2026-02-16T12:40:22Z,mobile
U0056,I0012,cart,,1,67.3,2026-04-18T08:30:22Z,web
U0147,I0081,view,,1,60.65,2026-04-10T16:36:22Z,web
U0047,I0067,purchase,,1,77.25,2026-04-16T18:47:22Z,mobile
U0019,I0107,purchase,,1,14.01,2026-02-15T12:44:22Z,mobile
U0120,I0067,cart,,1,77.25,2026-02-18T00:42:22Z,mobile
U0069,I0034,view,,1,32.38,2026-02-10T12:04:22Z,mobile
U0215,I0001,view,,1,31.44,2026-02-24T10:57:22Z,web
U0225,I0068,view,,1,16.18,2026-04-19T21:58:22Z,web
U0113,I0096,rating,2.0,1,36.87,2026-04-10T08:04:22Z,mobile
U0125,I0014,view,,1,30.5,2026-04-10T17:02:22Z,mobile
U0164,I0066,view,,1,22.7,2026-02-18T23:08:22Z,mobile
U0213,I0030,cart,,1,19.11,2026-03-18T20:51:22Z,web
U0103,I0088,view,,1,30.05,2026-02-10T01:33:22Z,web
U0033,I0104,purchase,,1,41.88,2026-03-26T19:17:22Z,web
U0039,I0108,purchase,,1,101.53,2026-02-21T04:56:22Z,mobile
U0139,I0002,view,,1,22.56,2026-02-05T17:00:22Z,web
U0016,I0047,view,,1,36.67,2026-03-09T17:05:22Z,web
U0215,I0093,cart,,1,35.82,2026-03-16T02:36:22Z,mobile
U0162,I0038,view,,1,23.01,2026-03-21T04:58:22Z,web
U0121,I0033,view,,1,24.72,2026-02-17T18:34:22Z,web
U0041,I0085,view,,1,64.61,2026-02-28T10:32:22Z,mobile
U0067,I0080,view,,1,16.0,2026-03-05T19:10:22Z,web
U0135,I0054,rating,4.0,1,35.21,2026-03-05T08:05:22Z,mobile
U0155,I0093,rating,4.0,1,35.82,2026-03-03T11:21:22Z,web
U0213,I0070,cart,,1,26.73,2026-04-03T14:51:22Z,mobile
U0164,I0066,view,,1,22.7,2026-04-19T01:28:22Z,mobile
U0148,I0103,cart,,1,51.23,2026-04-21T19:22:22Z,mobile
U0058,I0089,rating,5.0,1,40.79,2026-03-20T02:47:22Z,mobile
U0107,I0079,rating,5.0,1,55.92,2026-04-03T12:20:22Z,web
U0149,I0024,view,,1,24.65,2026-04-16T05:09:22Z,web
U0180,I0038,view,,1,23.01,2026-04-22T08:53:22Z,web
U0138,I0014,rating,5.0,1,30.5,2026-03-18T21:41:22Z,mobile
U0140,I0078,purchase,,1,41.4,2026-02-11T15:45:22Z,web
U0193,I0015,view,,1,19.27,2026-04-04T17:20:22Z,mobile
U0073,I0011,view,,1,15.55,2026-03-19T10:32:22Z,web
U0194,I0084,view,,1,27.83,2026-02-19T18:10:22Z,mobile
U0095,I0006,view,,1,21.38,2026-02-03T00:44:22Z,web
U0232,I0108,purchase,,1,101.53,2026-04-19T06:42:22Z,mobile
U0085,I0057,view,,1,46.42,2026-03-08T13:00:22Z,web
U0112,I0109,rating,3.0,1,70.56,2026-03-04T22:46:22Z,web
U0187,I0086,view,,1,33.96,2026-02-23T17:32:22Z,web
U0060,I0005,view,,1,20.52,2026-02-13T13:41:22Z,web
U0019,I0102,view,,1,45.37,2026-02-28T23:08:22Z,mobile
U0211,I0062,view,,1,23.59,2026-02-21T02:17:22Z,web
U0006,I0026,purchase,,1,13.5,2026-04-06T05:25:22Z,mobile
U0213,I0018,rating,4.0,1,34.0,2026-03-01T13:37:22Z,web
U0007,I0020,purchase,,1,27.33,2026-03-04T07:42:22Z,web
U0035,I0006,view,,1,21.38,2026-02-20T19:01:22Z,web
U0041,I0108,rating,5.0,1,101.53,2026-02-22T08:48:22Z,mobile
U0174,I0033,purchase,,1,24.72,2026-03-20T01:30:22Z,web
U0041,I0016,view,,1,41.84,2026-03-08T20:59:22Z,web
U0158,I0013,rating,4.0,1,28.54,2026-02-12T08:51:22Z,web
U0053,I0102,view,,1,45.37,2026-04-02T17:43:22Z,web
U0108,I0111,purchase,,2,114.52,2026-02-08T06:10:22Z,mobile
U0082,I0046,rating,4.0,1,32.06,2026-03-05T03:29:22Z,web
U0136,I0084,view,,1,27.83,2026-02-06T23:15:22Z,mobile
U0214,I0075,view,,1,25.5,2026-04-24T20:45:22Z,web
U0174,I0007,purchase,,1,50.51,2026-03-28T19:57:22Z,web
U0001,I0091,view,,1,42.99,2026-03-23T14:06:22Z,web
U0195,I0037,view,,1,17.51,2026-02-25T01:13:22Z,web
U0186,I0100,cart,,1,54.26,2026-02-15T11:39:22Z,web
U0089,I0030,cart,,1,19.11,2026-02-12T03:12:22Z,mobile
U0036,I0030,rating,5.0,1,19.11,2026-04-29T00:06:22Z,web
U0035,I0093,cart,,1,35.82,2026-03-12T21:21:22Z,web
U0076,I0092,cart,,1,16.23,2026-04-24T15:27:22Z,mobile
U0072,I0077,view,,1,43.74,2026-05-02T06:43:22Z,mobile
U0071,I0041,view,,1,35.48,2026-02-03T19:12:22Z,mobile
U0192,I0085,view,,1,64.61,2026-04-26T17:44:22Z,web
U0077,I0039,view,,1,14.55,2026-04-11T07:37:22Z,web
U0221,I0024,purchase,,1,24.65,2026-05-02T03:29:22Z,web
U0061,I0001,rating,4.0,1,31.44,2026-02-21T14:00:22Z,mobile
U0093,I0029,purchase,,2,83.41,2026-02-26T15:27:22Z,web
U0146,I0073,view,,1,25.28,2026-02-21T07:07:22Z,web
U0009,I0039,cart,,1,14.55,2026-04-16T14:00:22Z,mobile
U0023,I0022,view,,1,23.73,2026-02-02T16:57:22Z,mobile
U0009,I0090,view,,1,12.85,2026-04-29T03:26:22Z,mobile
U0089,I0036,view,,1,74.72,2026-04-08T10:00:22Z,mobile
U0064,I0004,view,,1,24.4,2026-02-10T12:37:22Z,mobile
U0021,I0032,cart,,1,68.88,2026-02-09T08:35:22Z,web
U0235,I0013,view,,1,28.54,2026-04-28T15:28:22Z,web
U0110,I0010,rating,3.0,1,50.12,2026-04-01T20:50:22Z,mobile
U0066,I0067,view,,1,77.25,2026-02-03T12:32:22Z,web
U0045,I0068,view,,1,16.18,2026-04-11T12:34:22Z,web
U0057,I0064,purchase,,1,28.05,2026-03-15T07:48:22Z,web
U0124,I0090,cart,,1,12.85,2026-02-24T09:51:22Z,mobile
U0052,I0026,view,,1,13.5,2026-03-16T06:36:22Z,web
U0066,I0067,view,,1,77.25,2026-04-27T00:49:22Z,web
U0098,I0110,view,,1,26.64,2026-03-13T09:35:22Z,mobile
U0220,I0120,view,,1,26.42,2026-02-08T16:43:22Z,web
U0213,I0090,purchase,,1,12.85,2026-02-12T15:23:22Z,mobile
U0109,I0081,purchase,,2,60.65,2026-04-24T00:45:22Z,mobile
U0226,I0111,view,,1,114.52,2026-03-12T00:16:22Z,web
U0038,I0110,rating,5.0,1,26.64,2026-03-28T20:36:22Z,mobile
U0115,I0070,cart,,1,26.73,2026-03-10T05:17:22Z,web
U0177,I0027,view,,1,58.32,2026-02-13T00:10:22Z,mobile
U0045,I0108,cart,,1,101.53,2026-04-05T18:22:22Z,web
U0040,I0045,view,,1,27.1,2026-04-27T12:55:22Z,mobile
U0067,I0005,rating,2.0,1,20.52,2026-02-19T16:06:22Z,web
U0029,I0009,view,,1,26.36,2026-02-12T15:03:22Z,mobile
U0065,I0097,view,,1,42.6,2026-03-27T00:30:22Z,mobile
U0092,I0027,cart,,1,58.32,2026-05-02T10:31:22Z,web
U0175,I0034,view,,1,32.38,2026-04-08T01:24:22Z,mobile
U0224,I0001,purchase,,1,31.44,2026-03-16T14:30:22Z,mobile
U0012,I0047,cart,,1,36.67,2026-03-08T21:14:22Z,web
U0228,I0073,view,,1,25.28,2026-04-04T18:29:22Z,web
