user_id,item_id,event_type,rating,quantity,price,event_ts,channel,interaction_strength,event_date,event_hour,category,brand,price_product,sentiment_score,popularity_score,price_norm,sentiment_norm,popularity_norm
U0029,I0009,view,,1,26.36,2026-02-12 15:03:22+00:00,mobile,1.0,2026-02-12,15,home,Orion,26.36,0.492,0.5650000000000001,0.1837037037037037,0.28551336146272854,0.6605616605616607
U0065,I0097,view,,1,42.6,2026-03-27 00:30:22+00:00,mobile,1.0,2026-03-27,0,fashion,ZenCo,42.6,0.549,0.041,0.3340740740740741,0.3656821378340366,0.020757020757020763
U0092,I0027,cart,,1,58.32,2026-05-02 10:31:22+00:00,web,3.0,2026-05-02,10,sports,Orion,58.32,0.791,0.039,0.4796296296296296,0.7060478199718706,0.018315018315018316
U0224,I0001,purchase,,1,31.44,2026-03-16 14:30:22+00:00,mobile,5.0,2026-03-16,14,home,Aster,31.44,0.778,0.255,0.23074074074074075,0.6877637130801687,0.28205128205128205
U0012,I0047,cart,,1,36.67,2026-03-08 21:14:22+00:00,web,3.0,2026-03-08,21,home,Aster,36.67,0.966,0.395,0.2791666666666667,0.9521800281293952,0.45299145299145305
U0228,I0073,view,,1,25.28,2026-04-04 18:29:22+00:00,web,1.0,2026-04-04,18,electronics,Pulse,25.28,0.545,0.116,0.1737037037037037,0.360056258790436,0.11233211233211235
U0215,I0072,view,,1,21.99,2026-03-17 11:52:22+00:00,mobile,1.0,2026-03-17,11,electronics,Pulse,21.99,1.0,0.748,0.14324074074074072,0.9999999999999999,0.8840048840048841
U0124,I0009,rating,5.0,1,26.36,2026-02-10 08:18:22+00:00,mobile,5.0,2026-02-10,8,home,Orion,26.36,0.492,0.5650000000000001,0.1837037037037037,0.28551336146272854,0.6605616605616607
U0096,I0075,rating,2.0,1,25.5,2026-03-31 03:02:22+00:00,web,2.0,2026-03-31,3,sports,ZenCo,25.5,0.7000000000000001,0.32,0.17574074074074075,0.5780590717299579,0.36141636141636146
U0059,I0071,view,,1,31.77,2026-02-24 20:23:22+00:00,web,1.0,2026-02-24,20,electronics,ZenCo,31.77,0.595,0.32,0.23379629629629628,0.430379746835443,0.36141636141636146
U0138,I0107,view,,1,14.01,2026-04-25 08:02:22+00:00,mobile,1.0,2026-04-25,8,electronics,Orion,14.01,0.914,0.24,0.06935185185185185,0.8790436005625878,0.26373626373626374
U0104,I0095,cart,,1,11.84,2026-03-25 14:48:22+00:00,web,3.0,2026-03-25,14,sports,UrbanLeaf,11.84,0.886,0.197,0.04925925925925925,0.8396624472573838,0.21123321123321126
U0049,I0102,view,,1,45.37,2026-03-26 11:21:22+00:00,web,1.0,2026-03-26,11,electronics,UrbanLeaf,45.37,0.5690000000000001,0.498,0.3597222222222222,0.3938115330520394,0.5787545787545788
U0047,I0112,view,,1,53.68,2026-04-18 06:22:22+00:00,mobile,1.0,2026-04-18,6,fashion,Pulse,53.68,0.342,0.187,0.43666666666666665,0.07454289732770752,0.19902319902319904
U0005,I0050,view,,1,15.33,2026-04-26 16:03:22+00:00,web,1.0,2026-04-26,16,beauty,UrbanLeaf,15.33,0.7010000000000001,0.115,0.08157407407407406,0.579465541490858,0.11111111111111113
U0178,I0011,view,,1,15.55,2026-04-13 20:58:22+00:00,mobile,1.0,2026-04-13,20,sports,UrbanLeaf,15.55,0.673,0.613,0.08361111111111112,0.5400843881856541,0.7191697191697192
U0021,I0006,view,,1,21.38,2026-04-01 19:15:22+00:00,mobile,1.0,2026-04-01,19,electronics,UrbanLeaf,21.38,0.626,0.395,0.1375925925925926,0.47398030942334735,0.45299145299145305
U0210,I0061,view,,1,17.75,2026-03-20 19:23:22+00:00,web,1.0,2026-03-20,19,books,ZenCo,17.75,0.625,0.234,0.10398148148148147,0.47257383966244726,0.25641025641025644
U0222,I0008,view,,1,36.94,2026-04-07 22:48:22+00:00,mobile,1.0,2026-04-07,22,sports,Orion,36.94,0.289,0.317,0.2816666666666666,0.0,0.35775335775335776
U0161,I0072,purchase,,2,21.99,2026-02-11 18:49:22+00:00,mobile,5.0,2026-02-11,18,electronics,Pulse,21.99,1.0,0.748,0.14324074074074072,0.9999999999999999,0.8840048840048841
U0070,I0019,rating,5.0,1,35.63,2026-04-09 18:53:22+00:00,web,5.0,2026-04-09,18,beauty,UrbanLeaf,35.63,0.65,0.368,0.2695370370370371,0.5077355836849508,0.42002442002442003
U0090,I0058,view,,1,18.03,2026-03-17 20:54:22+00:00,mobile,1.0,2026-03-17,20,home,UrbanLeaf,18.03,0.771,0.47300000000000003,0.10657407407407408,0.6779184247538678,0.5482295482295483
U0019,I0032,cart,,1,68.88,2026-02-23 12:23:22+00:00,mobile,3.0,2026-02-23,12,electronics,ZenCo,68.88,0.794,0.11,0.5774074074074073,0.710267229254571,0.10500610500610502
U0004,I0029,rating,5.0,1,83.41,2026-04-08 22:16:22+00:00,web,5.0,2026-04-08,22,home,Orion,83.41,1.0,0.71,0.7119444444444444,0.9999999999999999,0.8376068376068376
U0080,I0119,view,,1,34.0,2026-02-15 03:03:22+00:00,mobile,1.0,2026-02-15,3,beauty,Pulse,34.0,0.9460000000000001,0.10400000000000001,0.2544444444444444,0.9240506329113923,0.0976800976800977
U0222,I0111,view,,1,114.52,2026-03-13 11:36:22+00:00,web,1.0,2026-03-13,11,books,Nova,114.52,0.649,0.314,0.9999999999999998,0.5063291139240507,0.3540903540903541
U0081,I0104,purchase,,1,41.88,2026-03-28 05:10:22+00:00,web,5.0,2026-03-28,5,electronics,Aster,41.88,0.799,0.487,0.3274074074074074,0.7172995780590717,0.5653235653235653
U0074,I0092,rating,3.0,1,16.23,2026-04-18 13:44:22+00:00,web,3.0,2026-04-18,13,beauty,ZenCo,16.23,0.8140000000000001,0.035,0.0899074074074074,0.7383966244725738,0.013431013431013435
U0216,I0104,purchase,,1,41.88,2026-02-06 01:12:22+00:00,mobile,5.0,2026-02-06,1,electronics,Aster,41.88,0.799,0.487,0.3274074074074074,0.7172995780590717,0.5653235653235653
U0101,I0017,rating,1.0,1,25.29,2026-03-21 12:33:22+00:00,web,1.0,2026-03-21,12,beauty,UrbanLeaf,25.29,0.804,0.343,0.17379629629629628,0.7243319268635725,0.38949938949938956
U0182,I0010,rating,2.0,1,50.12,2026-04-07 11:54:22+00:00,web,2.0,2026-04-07,11,electronics,Pulse,50.12,0.591,0.252,0.4037037037037037,0.42475386779184243,0.2783882783882784
U0067,I0109,view,,1,70.56,2026-04-16 17:52:22+00:00,web,1.0,2026-04-16,17,home,Aster,70.56,0.78,0.5680000000000001,0.5929629629629629,0.6905766526019691,0.6642246642246643
U0103,I0063,cart,,1,17.91,2026-03-05 20:10:22+00:00,mobile,3.0,2026-03-05,20,beauty,Nova,17.91,0.875,0.47300000000000003,0.10546296296296297,0.8241912798874823,0.5482295482295483
U0093,I0082,cart,,1,27.22,2026-03-09 17:03:22+00:00,web,3.0,2026-03-09,17,home,Nova,27.22,0.41300000000000003,0.363,0.19166666666666665,0.1744022503516175,0.41391941391941395
U0058,I0020,view,,1,27.33,2026-02-22 21:11:22+00:00,web,1.0,2026-02-22,21,beauty,Pulse,27.33,0.731,0.223,0.19268518518518518,0.6216596343178621,0.242979242979243
U0203,I0005,view,,1,20.52,2026-04-03 19:10:22+00:00,mobile,1.0,2026-04-03,19,home,ZenCo,20.52,0.669,0.275,0.1296296296296296,0.5344585091420535,0.3064713064713065
U0098,I0041,rating,4.0,1,35.48,2026-05-01 16:56:22+00:00,mobile,4.0,2026-05-01,16,fashion,UrbanLeaf,35.48,0.656,0.211,0.26814814814814814,0.5161744022503516,0.22832722832722835
U0179,I0097,purchase,,1,42.6,2026-04-11 19:53:22+00:00,web,5.0,2026-04-11,19,fashion,ZenCo,42.6,0.549,0.041,0.3340740740740741,0.3656821378340366,0.020757020757020763
U0047,I0026,rating,4.0,1,13.5,2026-02-03 14:09:22+00:00,web,4.0,2026-02-03,14,home,ZenCo,13.5,0.481,0.19,0.06462962962962963,0.27004219409282704,0.2026862026862027
U0106,I0114,view,,1,33.44,2026-02-16 10:50:22+00:00,mobile,1.0,2026-02-16,10,fashion,Nova,33.44,0.752,0.39,0.24925925925925924,0.6511954992967651,0.4468864468864469
U0041,I0101,purchase,,1,48.0,2026-04-08 03:18:22+00:00,web,5.0,2026-04-08,3,electronics,UrbanLeaf,48.0,0.773,0.338,0.38407407407407407,0.6807313642756679,0.3833943833943835
U0068,I0017,view,,1,25.29,2026-03-30 00:48:22+00:00,web,1.0,2026-03-30,0,beauty,UrbanLeaf,25.29,0.804,0.343,0.17379629629629628,0.7243319268635725,0.38949938949938956
U0024,I0063,view,,1,17.91,2026-03-17 10:23:22+00:00,web,1.0,2026-03-17,10,beauty,Nova,17.91,0.875,0.47300000000000003,0.10546296296296297,0.8241912798874823,0.5482295482295483
U0024,I0014,view,,1,30.5,2026-04-28 08:38:22+00:00,web,1.0,2026-04-28,8,electronics,ZenCo,30.5,0.544,0.221,0.22203703703703703,0.3586497890295359,0.24053724053724057
U0215,I0096,view,,1,36.87,2026-02-13 20:34:22+00:00,web,1.0,2026-02-13,20,home,UrbanLeaf,36.87,0.675,0.17,0.2810185185185185,0.5428973277074544,0.1782661782661783
U0181,I0057,cart,,1,46.42,2026-04-06 03:21:22+00:00,mobile,3.0,2026-04-06,3,beauty,Orion,46.42,0.791,0.304,0.36944444444444446,0.7060478199718706,0.3418803418803419
U0070,I0052,view,,1,30.37,2026-04-21 00:20:22+00:00,mobile,1.0,2026-04-21,0,beauty,Nova,30.37,0.934,0.362,0.22083333333333333,0.9071729957805906,0.41269841269841273
U0085,I0017,rating,2.0,1,25.29,2026-03-26 15:45:22+00:00,mobile,2.0,2026-03-26,15,beauty,UrbanLeaf,25.29,0.804,0.343,0.17379629629629628,0.7243319268635725,0.38949938949938956
U0076,I0019,purchase,,2,35.63,2026-04-08 00:36:22+00:00,mobile,5.0,2026-04-08,0,beauty,UrbanLeaf,35.63,0.65,0.368,0.2695370370370371,0.5077355836849508,0.42002442002442003
U0050,I0101,cart,,1,48.0,2026-02-22 23:36:22+00:00,web,3.0,2026-02-22,23,electronics,UrbanLeaf,48.0,0.773,0.338,0.38407407407407407,0.6807313642756679,0.3833943833943835
U0206,I0093,rating,4.0,1,35.82,2026-04-30 21:49:22+00:00,mobile,4.0,2026-04-30,21,fashion,UrbanLeaf,35.82,0.616,0.268,0.2712962962962963,0.4599156118143459,0.297924297924298
U0022,I0111,view,,1,114.52,2026-03-14 02:05:22+00:00,web,1.0,2026-03-14,2,books,Nova,114.52,0.649,0.314,0.9999999999999998,0.5063291139240507,0.3540903540903541
U0031,I0032,view,,1,68.88,2026-04-10 10:52:22+00:00,mobile,1.0,2026-04-10,10,electronics,ZenCo,68.88,0.794,0.11,0.5774074074074073,0.710267229254571,0.10500610500610502
U0009,I0052,view,,1,30.37,2026-03-21 13:18:22+00:00,mobile,1.0,2026-03-21,13,beauty,Nova,30.37,0.934,0.362,0.22083333333333333,0.9071729957805906,0.41269841269841273
U0048,I0117,cart,,1,42.8,2026-02-04 00:30:22+00:00,web,3.0,2026-02-04,0,electronics,Pulse,42.8,0.8160000000000001,0.231,0.3359259259259259,0.7412095639943742,0.2527472527472528
U0191,I0033,rating,4.0,1,24.72,2026-04-27 19:59:22+00:00,mobile,4.0,2026-04-27,19,books,Orion,24.72,0.727,0.5650000000000001,0.1685185185185185,0.6160337552742615,0.6605616605616607
U0015,I0070,rating,5.0,1,26.73,2026-02-24 22:44:22+00:00,web,5.0,2026-02-24,22,home,Nova,26.73,0.365,0.634,0.18712962962962965,0.10689170182841068,0.7448107448107448
U0126,I0023,purchase,,1,51.99,2026-02-17 02:34:22+00:00,mobile,5.0,2026-02-17,2,fashion,Pulse,51.99,0.717,0.455,0.4210185185185185,0.6019690576652602,0.5262515262515263
U0006,I0117,purchase,,1,42.8,2026-02-19 21:45:22+00:00,mobile,5.0,2026-02-19,21,electronics,Pulse,42.8,0.8160000000000001,0.231,0.3359259259259259,0.7412095639943742,0.2527472527472528
U0175,I0022,view,,1,23.73,2026-03-26 07:35:22+00:00,web,1.0,2026-03-26,7,fashion,Orion,23.73,0.511,0.524,0.15935185185185186,0.3122362869198312,0.6105006105006106
U0100,I0068,view,,1,16.18,2026-03-23 00:32:22+00:00,web,1.0,2026-03-23,0,electronics,ZenCo,16.18,0.66,0.20500000000000002,0.08944444444444445,0.5218002812939522,0.22100122100122105
U0116,I0063,cart,,1,17.91,2026-03-09 02:35:22+00:00,mobile,3.0,2026-03-09,2,beauty,Nova,17.91,0.875,0.47300000000000003,0.10546296296296297,0.8241912798874823,0.5482295482295483
U0189,I0028,view,,1,23.83,2026-04-16 23:26:22+00:00,mobile,1.0,2026-04-16,23,sports,Nova,23.83,0.467,0.08700000000000001,0.16027777777777774,0.25035161744022505,0.07692307692307694
U0083,I0016,cart,,1,41.84,2026-02-02 08:19:22+00:00,mobile,3.0,2026-02-02,8,home,Aster,41.84,0.916,0.26,0.32703703703703707,0.8818565400843882,0.2881562881562882
U0013,I0062,cart,,1,23.59,2026-02-26 18:01:22+00:00,mobile,3.0,2026-02-26,18,beauty,ZenCo,23.59,0.8150000000000001,0.304,0.15805555555555556,0.739803094233474,0.3418803418803419
U0123,I0089,view,,1,40.79,2026-02-13 18:25:22+00:00,mobile,1.0,2026-02-13,18,sports,Pulse,40.79,0.627,0.22,0.3173148148148148,0.47538677918424754,0.23931623931623935
U0151,I0027,view,,1,58.32,2026-04-24 23:55:22+00:00,mobile,1.0,2026-04-24,23,sports,Orion,58.32,0.791,0.039,0.4796296296296296,0.7060478199718706,0.018315018315018316
U0119,I0080,rating,4.0,1,16.0,2026-03-11 09:37:22+00:00,mobile,4.0,2026-03-11,9,home,Nova,16.0,0.681,0.432,0.08777777777777777,0.5513361462728552,0.4981684981684982
U0072,I0084,view,,1,27.83,2026-04-22 09:38:22+00:00,web,1.0,2026-04-22,9,books,ZenCo,27.83,0.8260000000000001,0.037,0.19731481481481478,0.7552742616033755,0.01587301587301587
U0133,I0102,rating,4.0,1,45.37,2026-04-15 12:57:22+00:00,mobile,4.0,2026-04-15,12,electronics,UrbanLeaf,45.37,0.5690000000000001,0.498,0.3597222222222222,0.3938115330520394,0.5787545787545788
U0069,I0093,view,,1,35.82,2026-04-22 18:07:22+00:00,mobile,1.0,2026-04-22,18,fashion,UrbanLeaf,35.82,0.616,0.268,0.2712962962962963,0.4599156118143459,0.297924297924298
U0233,I0069,view,,1,41.22,2026-03-28 02:19:22+00:00,web,1.0,2026-03-28,2,books,UrbanLeaf,41.22,0.896,0.375,0.3212962962962963,0.8537271448663853,0.4285714285714286
U0167,I0013,purchase,,1,28.54,2026-03-05 12:20:22+00:00,mobile,5.0,2026-03-05,12,electronics,ZenCo,28.54,0.846,0.024,0.2038888888888889,0.7834036568213781,0.0
U0215,I0096,view,,1,36.87,2026-03-12 17:03:22+00:00,web,1.0,2026-03-12,17,home,UrbanLeaf,36.87,0.675,0.17,0.2810185185185185,0.5428973277074544,0.1782661782661783
U0202,I0008,view,,1,36.94,2026-04-15 08:42:22+00:00,mobile,1.0,2026-04-15,8,sports,Orion,36.94,0.289,0.317,0.2816666666666666,0.0,0.35775335775335776
U0017,I0027,rating,4.0,1,58.32,2026-04-22 01:35:22+00:00,mobile,4.0,2026-04-22,1,sports,Orion,58.32,0.791,0.039,0.4796296296296296,0.7060478199718706,0.018315018315018316
U0212,I0102,view,,1,45.37,2026-04-16 07:36:22+00:00,web,1.0,2026-04-16,7,electronics,UrbanLeaf,45.37,0.5690000000000001,0.498,0.3597222222222222,0.3938115330520394,0.5787545787545788
U0010,I0017,view,,1,25.29,2026-03-23 14:01:22+00:00,mobile,1.0,2026-03-23,14,beauty,UrbanLeaf,25.29,0.804,0.343,0.17379629629629628,0.7243319268635725,0.38949938949938956
U0074,I0026,cart,,1,13.5,2026-03-16 05:40:22+00:00,web,3.0,2026-03-16,5,home,ZenCo,13.5,0.481,0.19,0.06462962962962963,0.27004219409282704,0.2026862026862027
U0157,I0020,view,,1,27.33,2026-04-20 12:51:22+00:00,mobile,1.0,2026-04-20,12,beauty,Pulse,27.33,0.731,0.223,0.19268518518518518,0.6216596343178621,0.242979242979243
U0108,I0031,cart,,1,6.52,2026-02-22 23:39:22+00:00,web,3.0,2026-02-22,23,books,UrbanLeaf,6.52,0.8240000000000001,0.45,0.0,0.7524613220815753,0.5201465201465202
U0034,I0006,view,,1,21.38,2026-02-04 17:59:22+00:00,web,1.0,2026-02-04,17,electronics,UrbanLeaf,21.38,0.626,0.395,0.1375925925925926,0.47398030942334735,0.45299145299145305
U0225,I0070,view,,1,26.73,2026-02-27 17:53:22+00:00,web,1.0,2026-02-27,17,home,Nova,26.73,0.365,0.634,0.18712962962962965,0.10689170182841068,0.7448107448107448
U0002,I0065,view,,1,45.15,2026-03-29 12:22:22+00:00,mobile,1.0,2026-03-29,12,fashion,Nova,45.15,0.521,0.28700000000000003,0.35768518518518516,0.3263009845288326,0.3211233211233212
U0053,I0022,rating,1.0,1,23.73,2026-04-12 05:25:22+00:00,mobile,1.0,2026-04-12,5,fashion,Orion,23.73,0.511,0.524,0.15935185185185186,0.3122362869198312,0.6105006105006106
U0100,I0025,view,,1,15.52,2026-03-17 18:22:22+00:00,web,1.0,2026-03-17,18,beauty,Nova,15.52,0.76,0.761,0.08333333333333333,0.6624472573839663,0.8998778998779
U0045,I0091,view,,1,42.99,2026-03-19 15:28:22+00:00,web,1.0,2026-03-19,15,beauty,ZenCo,42.99,0.592,0.222,0.3376851851851852,0.4261603375527425,0.2417582417582418
U0138,I0074,cart,,1,19.52,2026-04-27 15:09:22+00:00,mobile,3.0,2026-04-27,15,electronics,Nova,19.52,0.645,0.212,0.12037037037037036,0.5007032348804501,0.22954822954822957
U0006,I0017,view,,1,25.29,2026-04-23 23:36:22+00:00,mobile,1.0,2026-04-23,23,beauty,UrbanLeaf,25.29,0.804,0.343,0.17379629629629628,0.7243319268635725,0.38949938949938956
U0178,I0100,view,,1,54.26,2026-03-22 03:22:22+00:00,web,1.0,2026-03-22,3,sports,UrbanLeaf,54.26,0.5670000000000001,0.527,0.44203703703703706,0.39099859353023914,0.6141636141636142
U0073,I0110,view,,1,26.64,2026-04-06 09:26:22+00:00,mobile,1.0,2026-04-06,9,sports,Aster,26.64,0.805,0.6900000000000001,0.1862962962962963,0.7257383966244725,0.8131868131868133
U0178,I0040,cart,,1,56.71,2026-03-04 11:14:22+00:00,web,3.0,2026-03-04,11,books,Orion,56.71,0.612,0.625,0.4647222222222222,0.45428973277074536,0.7338217338217339
U0111,I0047,view,,1,36.67,2026-03-15 19:58:22+00:00,web,1.0,2026-03-15,19,home,Aster,36.67,0.966,0.395,0.2791666666666667,0.9521800281293952,0.45299145299145305
U0110,I0106,rating,4.0,1,26.93,2026-04-26 05:19:22+00:00,web,4.0,2026-04-26,5,sports,Nova,26.93,0.41400000000000003,0.40700000000000003,0.18898148148148147,0.1758087201125177,0.4676434676434677
U0062,I0072,cart,,1,21.99,2026-02-25 23:07:22+00:00,mobile,3.0,2026-02-25,23,electronics,Pulse,21.99,1.0,0.748,0.14324074074074072,0.9999999999999999,0.8840048840048841
U0138,I0019,view,,1,35.63,2026-03-04 03:56:22+00:00,web,1.0,2026-03-04,3,beauty,UrbanLeaf,35.63,0.65,0.368,0.2695370370370371,0.5077355836849508,0.42002442002442003
U0174,I0040,purchase,,1,56.71,2026-04-19 16:27:22+00:00,mobile,5.0,2026-04-19,16,books,Orion,56.71,0.612,0.625,0.4647222222222222,0.45428973277074536,0.7338217338217339
U0179,I0081,rating,4.0,1,60.65,2026-02-07 15:34:22+00:00,web,4.0,2026-02-07,15,home,Orion,60.65,0.7010000000000001,0.10300000000000001,0.5012037037037036,0.579465541490858,0.09645909645909648
U0113,I0097,rating,4.0,1,42.6,2026-02-11 00:05:22+00:00,web,4.0,2026-02-11,0,fashion,ZenCo,42.6,0.549,0.041,0.3340740740740741,0.3656821378340366,0.020757020757020763
U0085,I0054,cart,,1,35.21,2026-04-17 13:07:22+00:00,mobile,3.0,2026-04-17,13,beauty,UrbanLeaf,35.21,0.667,0.323,0.26564814814814813,0.5316455696202532,0.3650793650793651
U0168,I0097,view,,1,42.6,2026-04-06 14:20:22+00:00,mobile,1.0,2026-04-06,14,fashion,ZenCo,42.6,0.549,0.041,0.3340740740740741,0.3656821378340366,0.020757020757020763
U0018,I0022,purchase,,1,23.73,2026-03-28 23:22:22+00:00,mobile,5.0,2026-03-28,23,fashion,Orion,23.73,0.511,0.524,0.15935185185185186,0.3122362869198312,0.6105006105006106
U0214,I0083,view,,1,17.83,2026-03-25 03:29:22+00:00,mobile,1.0,2026-03-25,3,sports,Aster,17.83,0.483,0.085,0.1047222222222222,0.2728551336146273,0.0744810744810745
U0207,I0017,view,,1,25.29,2026-04-09 17:35:22+00:00,web,1.0,2026-04-09,17,beauty,UrbanLeaf,25.29,0.804,0.343,0.17379629629629628,0.7243319268635725,0.38949938949938956
U0129,I0085,view,,1,64.61,2026-04-23 04:02:22+00:00,web,1.0,2026-04-23,4,electronics,UrbanLeaf,64.61,1.0,0.157,0.5378703703703703,0.9999999999999999,0.1623931623931624
U0202,I0114,rating,5.0,1,33.44,2026-03-17 20:49:22+00:00,web,5.0,2026-03-17,20,fashion,Nova,33.44,0.752,0.39,0.24925925925925924,0.6511954992967651,0.4468864468864469
U0035,I0001,view,,1,31.44,2026-03-27 17:13:22+00:00,web,1.0,2026-03-27,17,home,Aster,31.44,0.778,0.255,0.23074074074074075,0.6877637130801687,0.28205128205128205
U0056,I0094,view,,1,20.46,2026-02-03 21:01:22+00:00,web,1.0,2026-02-03,21,sports,Pulse,20.46,0.762,0.843,0.12907407407407406,0.6652601969057664,1.0000000000000002
U0096,I0110,view,,1,26.64,2026-03-30 12:07:22+00:00,mobile,1.0,2026-03-30,12,sports,Aster,26.64,0.805,0.6900000000000001,0.1862962962962963,0.7257383966244725,0.8131868131868133
U0039,I0091,view,,1,42.99,2026-02-02 04:06:22+00:00,mobile,1.0,2026-02-02,4,beauty,ZenCo,42.99,0.592,0.222,0.3376851851851852,0.4261603375527425,0.2417582417582418
U0109,I0042,purchase,,1,34.64,2026-03-27 00:30:22+00:00,mobile,5.0,2026-03-27,0,home,Nova,34.64,0.5740000000000001,0.15,0.26037037037037036,0.4008438818565402,0.15384615384615385
U0215,I0042,view,,1,34.64,2026-02-03 06:10:22+00:00,web,1.0,2026-02-03,6,home,Nova,34.64,0.5740000000000001,0.15,0.26037037037037036,0.4008438818565402,0.15384615384615385
U0141,I0116,view,,1,59.11,2026-04-26 21:56:22+00:00,web,1.0,2026-04-26,21,electronics,Aster,59.11,0.622,0.58,0.48694444444444446,0.4683544303797468,0.6788766788766789
U0145,I0085,cart,,1,64.61,2026-03-02 23:15:22+00:00,mobile,3.0,2026-03-02,23,electronics,UrbanLeaf,64.61,1.0,0.157,0.5378703703703703,0.9999999999999999,0.1623931623931624
U0018,I0001,view,,1,31.44,2026-03-22 20:59:22+00:00,web,1.0,2026-03-22,20,home,Aster,31.44,0.778,0.255,0.23074074074074075,0.6877637130801687,0.28205128205128205
U0160,I0078,view,,1,41.4,2026-04-21 06:52:22+00:00,mobile,1.0,2026-04-21,6,beauty,Pulse,41.4,0.875,0.403,0.32296296296296295,0.8241912798874823,0.46275946275946284
U0115,I0042,view,,1,34.64,2026-04-27 16:56:22+00:00,mobile,1.0,2026-04-27,16,home,Nova,34.64,0.5740000000000001,0.15,0.26037037037037036,0.4008438818565402,0.15384615384615385
U0167,I0120,view,,1,26.42,2026-03-06 20:51:22+00:00,web,1.0,2026-03-06,20,electronics,Nova,26.42,0.501,0.108,0.1842592592592593,0.29817158931082977,0.10256410256410256
U0126,I0072,rating,4.0,1,21.99,2026-04-02 07:10:22+00:00,mobile,4.0,2026-04-02,7,electronics,Pulse,21.99,1.0,0.748,0.14324074074074072,0.9999999999999999,0.8840048840048841
U0225,I0044,view,,1,16.15,2026-04-14 21:11:22+00:00,web,1.0,2026-04-14,21,home,Aster,16.15,0.797,0.046,0.08916666666666666,0.7144866385372713,0.02686202686202686
U0157,I0098,view,,1,35.06,2026-02-03 09:50:22+00:00,mobile,1.0,2026-02-03,9,books,Pulse,35.06,0.709,0.449,0.2642592592592593,0.590717299578059,0.518925518925519
U0093,I0070,cart,,1,26.73,2026-02-22 03:46:22+00:00,mobile,3.0,2026-02-22,3,home,Nova,26.73,0.365,0.634,0.18712962962962965,0.10689170182841068,0.7448107448107448
U0061,I0081,view,,1,60.65,2026-03-14 20:02:22+00:00,mobile,1.0,2026-03-14,20,home,Orion,60.65,0.7010000000000001,0.10300000000000001,0.5012037037037036,0.579465541490858,0.09645909645909648
U0049,I0058,view,,1,18.03,2026-04-06 05:22:22+00:00,web,1.0,2026-04-06,5,home,UrbanLeaf,18.03,0.771,0.47300000000000003,0.10657407407407408,0.6779184247538678,0.5482295482295483
U0062,I0025,cart,,1,15.52,2026-02-24 09:20:22+00:00,web,3.0,2026-02-24,9,beauty,Nova,15.52,0.76,0.761,0.08333333333333333,0.6624472573839663,0.8998778998779
U0029,I0080,view,,1,16.0,2026-04-16 01:45:22+00:00,web,1.0,2026-04-16,1,home,Nova,16.0,0.681,0.432,0.08777777777777777,0.5513361462728552,0.4981684981684982
U0120,I0093,purchase,,2,35.82,2026-03-27 01:04:22+00:00,mobile,5.0,2026-03-27,1,fashion,UrbanLeaf,35.82,0.616,0.268,0.2712962962962963,0.4599156118143459,0.297924297924298
U0179,I0051,view,,1,24.93,2026-02-05 03:44:22+00:00,web,1.0,2026-02-05,3,fashion,Pulse,24.93,0.607,0.373,0.17046296296296293,0.4472573839662447,0.42612942612942617
U0194,I0069,view,,1,41.22,2026-03-22 04:50:22+00:00,mobile,1.0,2026-03-22,4,books,UrbanLeaf,41.22,0.896,0.375,0.3212962962962963,0.8537271448663853,0.4285714285714286
U0030,I0104,rating,3.0,1,41.88,2026-03-27 22:05:22+00:00,mobile,3.0,2026-03-27,22,electronics,Aster,41.88,0.799,0.487,0.3274074074074074,0.7172995780590717,0.5653235653235653
U0022,I0069,view,,1,41.22,2026-03-26 21:37:22+00:00,web,1.0,2026-03-26,21,books,UrbanLeaf,41.22,0.896,0.375,0.3212962962962963,0.8537271448663853,0.4285714285714286
U0220,I0110,view,,1,26.64,2026-03-07 08:47:22+00:00,web,1.0,2026-03-07,8,sports,Aster,26.64,0.805,0.6900000000000001,0.1862962962962963,0.7257383966244725,0.8131868131868133
U0045,I0020,rating,4.0,1,27.33,2026-04-19 16:10:22+00:00,web,4.0,2026-04-19,16,beauty,Pulse,27.33,0.731,0.223,0.19268518518518518,0.6216596343178621,0.242979242979243
U0083,I0077,view,,1,43.74,2026-03-29 14:00:22+00:00,web,1.0,2026-03-29,14,home,Orion,43.74,0.756,0.41600000000000004,0.3446296296296296,0.6568213783403657,0.4786324786324787
U0062,I0116,view,,1,59.11,2026-04-18 21:12:22+00:00,mobile,1.0,2026-04-18,21,electronics,Aster,59.11,0.622,0.58,0.48694444444444446,0.4683544303797468,0.6788766788766789
U0091,I0003,cart,,1,12.56,2026-03-07 04:14:22+00:00,web,3.0,2026-03-07,4,home,Pulse,12.56,0.686,0.39,0.055925925925925934,0.5583684950773559,0.4468864468864469
U0092,I0003,purchase,,1,12.56,2026-04-22 07:02:22+00:00,mobile,5.0,2026-04-22,7,home,Pulse,12.56,0.686,0.39,0.055925925925925934,0.5583684950773559,0.4468864468864469
U0136,I0035,view,,1,26.96,2026-03-15 04:27:22+00:00,web,1.0,2026-03-15,4,books,Pulse,26.96,0.93,0.305,0.18925925925925924,0.9015471167369901,0.3431013431013431
U0224,I0081,view,,1,60.65,2026-04-26 10:08:22+00:00,mobile,1.0,2026-04-26,10,home,Orion,60.65,0.7010000000000001,0.10300000000000001,0.5012037037037036,0.579465541490858,0.09645909645909648
U0044,I0071,cart,,1,31.77,2026-02-26 21:00:22+00:00,mobile,3.0,2026-02-26,21,electronics,ZenCo,31.77,0.595,0.32,0.23379629629629628,0.430379746835443,0.36141636141636146
U0134,I0017,view,,1,25.29,2026-02-14 03:24:22+00:00,web,1.0,2026-02-14,3,beauty,UrbanLeaf,25.29,0.804,0.343,0.17379629629629628,0.7243319268635725,0.38949938949938956
U0021,I0036,purchase,,1,74.72,2026-04-25 06:03:22+00:00,mobile,5.0,2026-04-25,6,fashion,Orion,74.72,0.598,0.393,0.6314814814814814,0.43459915611814337,0.4505494505494506
U0076,I0062,cart,,1,23.59,2026-03-09 23:57:22+00:00,mobile,3.0,2026-03-09,23,beauty,ZenCo,23.59,0.8150000000000001,0.304,0.15805555555555556,0.739803094233474,0.3418803418803419
U0104,I0064,cart,,1,28.05,2026-02-09 10:55:22+00:00,mobile,3.0,2026-02-09,10,sports,Nova,28.05,0.641,0.34500000000000003,0.19935185185185184,0.49507735583684953,0.391941391941392
U0222,I0044,purchase,,1,16.15,2026-03-10 20:23:22+00:00,mobile,5.0,2026-03-10,20,home,Aster,16.15,0.797,0.046,0.08916666666666666,0.7144866385372713,0.02686202686202686
U0178,I0113,rating,4.0,1,36.16,2026-04-21 08:11:22+00:00,mobile,4.0,2026-04-21,8,sports,Nova,36.16,0.528,0.402,0.27444444444444444,0.33614627285513365,0.4615384615384616
U0239,I0017,cart,,1,25.29,2026-03-28 22:06:22+00:00,mobile,3.0,2026-03-28,22,beauty,UrbanLeaf,25.29,0.804,0.343,0.17379629629629628,0.7243319268635725,0.38949938949938956
U0173,I0021,cart,,1,19.0,2026-04-22 13:14:22+00:00,web,3.0,2026-04-22,13,beauty,UrbanLeaf,19.0,0.844,0.467,0.11555555555555556,0.780590717299578,0.540903540903541
U0100,I0074,cart,,1,19.52,2026-04-29 02:04:22+00:00,web,3.0,2026-04-29,2,electronics,Nova,19.52,0.645,0.212,0.12037037037037036,0.5007032348804501,0.22954822954822957
U0132,I0021,purchase,,1,19.0,2026-02-17 22:57:22+00:00,mobile,5.0,2026-02-17,22,beauty,UrbanLeaf,19.0,0.844,0.467,0.11555555555555556,0.780590717299578,0.540903540903541
U0161,I0006,view,,1,21.38,2026-04-24 12:19:22+00:00,mobile,1.0,2026-04-24,12,electronics,UrbanLeaf,21.38,0.626,0.395,0.1375925925925926,0.47398030942334735,0.45299145299145305
U0125,I0035,purchase,,1,26.96,2026-04-23 23:55:22+00:00,mobile,5.0,2026-04-23,23,books,Pulse,26.96,0.93,0.305,0.18925925925925924,0.9015471167369901,0.3431013431013431
U0176,I0061,rating,4.0,1,17.75,2026-04-05 14:02:22+00:00,web,4.0,2026-04-05,14,books,ZenCo,17.75,0.625,0.234,0.10398148148148147,0.47257383966244726,0.25641025641025644
U0104,I0018,purchase,,1,34.0,2026-03-09 01:07:22+00:00,web,5.0,2026-03-09,1,books,Nova,34.0,0.517,0.384,0.2544444444444444,0.32067510548523204,0.4395604395604396
U0038,I0089,view,,1,40.79,2026-03-18 17:16:22+00:00,web,1.0,2026-03-18,17,sports,Pulse,40.79,0.627,0.22,0.3173148148148148,0.47538677918424754,0.23931623931623935
U0224,I0067,rating,3.0,1,77.25,2026-02-21 17:32:22+00:00,mobile,3.0,2026-02-21,17,fashion,Nova,77.25,0.665,0.28700000000000003,0.6549074074074074,0.5288326300984529,0.3211233211233212
U0013,I0096,rating,5.0,1,36.87,2026-02-19 19:15:22+00:00,web,5.0,2026-02-19,19,home,UrbanLeaf,36.87,0.675,0.17,0.2810185185185185,0.5428973277074544,0.1782661782661783
U0158,I0036,view,,1,74.72,2026-02-24 22:43:22+00:00,web,1.0,2026-02-24,22,fashion,Orion,74.72,0.598,0.393,0.6314814814814814,0.43459915611814337,0.4505494505494506
U0206,I0049,purchase,,1,10.95,2026-04-10 01:32:22+00:00,mobile,5.0,2026-04-10,1,books,UrbanLeaf,10.95,0.716,0.125,0.04101851851851851,0.60056258790436,0.12332112332112333
U0235,I0013,cart,,1,28.54,2026-04-11 05:22:22+00:00,web,3.0,2026-04-11,5,electronics,ZenCo,28.54,0.846,0.024,0.2038888888888889,0.7834036568213781,0.0
U0138,I0014,rating,5.0,1,30.5,2026-02-09 15:52:22+00:00,mobile,5.0,2026-02-09,15,electronics,ZenCo,30.5,0.544,0.221,0.22203703703703703,0.3586497890295359,0.24053724053724057
U0074,I0065,view,,1,45.15,2026-04-01 12:48:22+00:00,web,1.0,2026-04-01,12,fashion,Nova,45.15,0.521,0.28700000000000003,0.35768518518518516,0.3263009845288326,0.3211233211233212
U0152,I0018,view,,1,34.0,2026-04-28 04:34:22+00:00,web,1.0,2026-04-28,4,books,Nova,34.0,0.517,0.384,0.2544444444444444,0.32067510548523204,0.4395604395604396
U0059,I0115,rating,4.0,1,29.97,2026-02-05 17:02:22+00:00,mobile,4.0,2026-02-05,17,beauty,Nova,29.97,0.788,0.161,0.21712962962962962,0.7018284106891702,0.1672771672771673
U0212,I0014,view,,1,30.5,2026-04-08 10:00:22+00:00,web,1.0,2026-04-08,10,electronics,ZenCo,30.5,0.544,0.221,0.22203703703703703,0.3586497890295359,0.24053724053724057
U0146,I0120,view,,1,26.42,2026-03-07 02:44:22+00:00,web,1.0,2026-03-07,2,electronics,Nova,26.42,0.501,0.108,0.1842592592592593,0.29817158931082977,0.10256410256410256
U0021,I0068,cart,,1,16.18,2026-02-15 11:18:22+00:00,web,3.0,2026-02-15,11,electronics,ZenCo,16.18,0.66,0.20500000000000002,0.08944444444444445,0.5218002812939522,0.22100122100122105
U0182,I0107,purchase,,2,14.01,2026-03-01 05:34:22+00:00,web,5.0,2026-03-01,5,electronics,Orion,14.01,0.914,0.24,0.06935185185185185,0.8790436005625878,0.26373626373626374
U0104,I0086,cart,,1,33.96,2026-04-19 22:34:22+00:00,mobile,3.0,2026-04-19,22,books,Aster,33.96,0.299,0.062,0.25407407407407406,0.01406469760900142,0.0463980463980464
U0142,I0086,purchase,,1,33.96,2026-04-14 22:16:22+00:00,web,5.0,2026-04-14,22,books,Aster,33.96,0.299,0.062,0.25407407407407406,0.01406469760900142,0.0463980463980464
U0012,I0096,rating,4.0,1,36.87,2026-02-04 08:05:22+00:00,mobile,4.0,2026-02-04,8,home,UrbanLeaf,36.87,0.675,0.17,0.2810185185185185,0.5428973277074544,0.1782661782661783
U0094,I0066,cart,,1,22.7,2026-02-15 09:23:22+00:00,mobile,3.0,2026-02-15,9,sports,UrbanLeaf,22.7,0.8230000000000001,0.216,0.1498148148148148,0.7510548523206751,0.23443223443223443
U0036,I0093,cart,,1,35.82,2026-02-17 15:49:22+00:00,web,3.0,2026-02-17,15,fashion,UrbanLeaf,35.82,0.616,0.268,0.2712962962962963,0.4599156118143459,0.297924297924298
U0150,I0029,view,,1,83.41,2026-02-05 13:31:22+00:00,web,1.0,2026-02-05,13,home,Orion,83.41,1.0,0.71,0.7119444444444444,0.9999999999999999,0.8376068376068376
U0128,I0080,cart,,1,16.0,2026-02-17 12:40:22+00:00,web,3.0,2026-02-17,12,home,Nova,16.0,0.681,0.432,0.08777777777777777,0.5513361462728552,0.4981684981684982
U0208,I0111,cart,,1,114.52,2026-03-15 10:16:22+00:00,web,3.0,2026-03-15,10,books,Nova,114.52,0.649,0.314,0.9999999999999998,0.5063291139240507,0.3540903540903541
U0215,I0042,rating,1.0,1,34.64,2026-04-23 14:15:22+00:00,web,1.0,2026-04-23,14,home,Nova,34.64,0.5740000000000001,0.15,0.26037037037037036,0.4008438818565402,0.15384615384615385
U0239,I0045,rating,5.0,1,27.1,2026-02-23 15:55:22+00:00,mobile,5.0,2026-02-23,15,beauty,ZenCo,27.1,0.927,0.165,0.1905555555555556,0.8973277074542897,0.1721611721611722
U0124,I0058,purchase,,2,18.03,2026-02-24 08:43:22+00:00,web,5.0,2026-02-24,8,home,UrbanLeaf,18.03,0.771,0.47300000000000003,0.10657407407407408,0.6779184247538678,0.5482295482295483
U0147,I0003,view,,1,12.56,2026-02-26 12:09:22+00:00,mobile,1.0,2026-02-26,12,home,Pulse,12.56,0.686,0.39,0.055925925925925934,0.5583684950773559,0.4468864468864469
U0034,I0104,view,,1,41.88,2026-04-20 12:07:22+00:00,mobile,1.0,2026-04-20,12,electronics,Aster,41.88,0.799,0.487,0.3274074074074074,0.7172995780590717,0.5653235653235653
U0052,I0096,rating,5.0,1,36.87,2026-03-29 09:25:22+00:00,mobile,5.0,2026-03-29,9,home,UrbanLeaf,36.87,0.675,0.17,0.2810185185185185,0.5428973277074544,0.1782661782661783
U0040,I0064,view,,1,28.05,2026-04-22 20:29:22+00:00,mobile,1.0,2026-04-22,20,sports,Nova,28.05,0.641,0.34500000000000003,0.19935185185185184,0.49507735583684953,0.391941391941392
U0093,I0044,view,,1,16.15,2026-02-12 18:38:22+00:00,mobile,1.0,2026-02-12,18,home,Aster,16.15,0.797,0.046,0.08916666666666666,0.7144866385372713,0.02686202686202686
U0125,I0014,view,,1,30.5,2026-02-09 22:59:22+00:00,mobile,1.0,2026-02-09,22,electronics,ZenCo,30.5,0.544,0.221,0.22203703703703703,0.3586497890295359,0.24053724053724057
U0223,I0038,purchase,,1,23.01,2026-02-13 01:40:22+00:00,mobile,5.0,2026-02-13,1,home,Nova,23.01,0.809,0.228,0.1526851851851852,0.731364275668073,0.2490842490842491
U0130,I0011,cart,,1,15.55,2026-02-09 06:05:22+00:00,mobile,3.0,2026-02-09,6,sports,UrbanLeaf,15.55,0.673,0.613,0.08361111111111112,0.5400843881856541,0.7191697191697192
U0197,I0044,view,,1,16.15,2026-02-17 21:15:22+00:00,mobile,1.0,2026-02-17,21,home,Aster,16.15,0.797,0.046,0.08916666666666666,0.7144866385372713,0.02686202686202686
U0099,I0097,view,,1,42.6,2026-04-24 22:54:22+00:00,web,1.0,2026-04-24,22,fashion,ZenCo,42.6,0.549,0.041,0.3340740740740741,0.3656821378340366,0.020757020757020763
U0223,I0075,view,,1,25.5,2026-03-02 16:15:22+00:00,web,1.0,2026-03-02,16,sports,ZenCo,25.5,0.7000000000000001,0.32,0.17574074074074075,0.5780590717299579,0.36141636141636146
U0022,I0048,view,,1,22.53,2026-03-11 17:29:22+00:00,mobile,1.0,2026-03-11,17,books,Nova,22.53,0.897,0.2,0.14824074074074073,0.8551336146272855,0.2148962148962149
U0145,I0015,view,,1,19.27,2026-03-14 23:00:22+00:00,web,1.0,2026-03-14,23,electronics,Orion,19.27,0.914,0.342,0.11805555555555554,0.8790436005625878,0.38827838827838834
U0013,I0009,rating,1.0,1,26.36,2026-04-16 06:58:22+00:00,mobile,1.0,2026-04-16,6,home,Orion,26.36,0.492,0.5650000000000001,0.1837037037037037,0.28551336146272854,0.6605616605616607
U0077,I0063,cart,,1,17.91,2026-04-24 21:07:22+00:00,web,3.0,2026-04-24,21,beauty,Nova,17.91,0.875,0.47300000000000003,0.10546296296296297,0.8241912798874823,0.5482295482295483
U0188,I0031,purchase,,1,6.52,2026-03-15 04:04:22+00:00,mobile,5.0,2026-03-15,4,books,UrbanLeaf,6.52,0.8240000000000001,0.45,0.0,0.7524613220815753,0.5201465201465202
U0187,I0062,rating,5.0,1,23.59,2026-03-20 23:58:22+00:00,web,5.0,2026-03-20,23,beauty,ZenCo,23.59,0.8150000000000001,0.304,0.15805555555555556,0.739803094233474,0.3418803418803419
U0134,I0065,view,,1,45.15,2026-02-25 00:27:22+00:00,web,1.0,2026-02-25,0,fashion,Nova,45.15,0.521,0.28700000000000003,0.35768518518518516,0.3263009845288326,0.3211233211233212
U0054,I0029,rating,5.0,1,83.41,2026-04-24 23:36:22+00:00,mobile,5.0,2026-04-24,23,home,Orion,83.41,1.0,0.71,0.7119444444444444,0.9999999999999999,0.8376068376068376
U0191,I0111,view,,1,114.52,2026-04-05 05:29:22+00:00,web,1.0,2026-04-05,5,books,Nova,114.52,0.649,0.314,0.9999999999999998,0.5063291139240507,0.3540903540903541
U0237,I0076,view,,1,36.2,2026-03-18 10:59:22+00:00,mobile,1.0,2026-03-18,10,books,Pulse,36.2,0.8180000000000001,0.057,0.27481481481481485,0.7440225035161744,0.04029304029304029
U0072,I0040,view,,1,56.71,2026-02-10 07:44:22+00:00,mobile,1.0,2026-02-10,7,books,Orion,56.71,0.612,0.625,0.4647222222222222,0.45428973277074536,0.7338217338217339
U0131,I0076,cart,,1,36.2,2026-04-26 19:56:22+00:00,web,3.0,2026-04-26,19,books,Pulse,36.2,0.8180000000000001,0.057,0.27481481481481485,0.7440225035161744,0.04029304029304029
U0069,I0065,view,,1,45.15,2026-04-07 06:36:22+00:00,mobile,1.0,2026-04-07,6,fashion,Nova,45.15,0.521,0.28700000000000003,0.35768518518518516,0.3263009845288326,0.3211233211233212
U0213,I0103,cart,,1,51.23,2026-04-27 06:09:22+00:00,web,3.0,2026-04-27,6,beauty,ZenCo,51.23,0.537,0.259,0.41398148148148145,0.3488045007032349,0.28693528693528697
U0045,I0114,view,,1,33.44,2026-02-15 05:21:22+00:00,web,1.0,2026-02-15,5,fashion,Nova,33.44,0.752,0.39,0.24925925925925924,0.6511954992967651,0.4468864468864469
U0081,I0006,cart,,1,21.38,2026-03-09 14:18:22+00:00,web,3.0,2026-03-09,14,electronics,UrbanLeaf,21.38,0.626,0.395,0.1375925925925926,0.47398030942334735,0.45299145299145305
U0152,I0086,rating,5.0,1,33.96,2026-03-25 12:05:22+00:00,mobile,5.0,2026-03-25,12,books,Aster,33.96,0.299,0.062,0.25407407407407406,0.01406469760900142,0.0463980463980464
U0059,I0062,view,,1,23.59,2026-04-06 17:02:22+00:00,mobile,1.0,2026-04-06,17,beauty,ZenCo,23.59,0.8150000000000001,0.304,0.15805555555555556,0.739803094233474,0.3418803418803419
U0217,I0119,view,,1,34.0,2026-04-11 20:15:22+00:00,web,1.0,2026-04-11,20,beauty,Pulse,34.0,0.9460000000000001,0.10400000000000001,0.2544444444444444,0.9240506329113923,0.0976800976800977
U0145,I0013,purchase,,1,28.54,2026-02-25 14:35:22+00:00,mobile,5.0,2026-02-25,14,electronics,ZenCo,28.54,0.846,0.024,0.2038888888888889,0.7834036568213781,0.0
U0013,I0094,view,,1,20.46,2026-03-29 05:24:22+00:00,web,1.0,2026-03-29,5,sports,Pulse,20.46,0.762,0.843,0.12907407407407406,0.6652601969057664,1.0000000000000002
U0168,I0114,rating,4.0,1,33.44,2026-04-15 22:36:22+00:00,web,4.0,2026-04-15,22,fashion,Nova,33.44,0.752,0.39,0.24925925925925924,0.6511954992967651,0.4468864468864469
U0215,I0001,purchase,,2,31.44,2026-05-02 05:16:22+00:00,web,5.0,2026-05-02,5,home,Aster,31.44,0.778,0.255,0.23074074074074075,0.6877637130801687,0.28205128205128205
U0044,I0018,view,,1,34.0,2026-02-27 12:29:22+00:00,web,1.0,2026-02-27,12,books,Nova,34.0,0.517,0.384,0.2544444444444444,0.32067510548523204,0.4395604395604396
U0140,I0078,rating,3.0,1,41.4,2026-02-14 15:04:22+00:00,mobile,3.0,2026-02-14,15,beauty,Pulse,41.4,0.875,0.403,0.32296296296296295,0.8241912798874823,0.46275946275946284
U0012,I0038,view,,1,23.01,2026-03-14 12:16:22+00:00,web,1.0,2026-03-14,12,home,Nova,23.01,0.809,0.228,0.1526851851851852,0.731364275668073,0.2490842490842491
U0103,I0091,view,,1,42.99,2026-04-30 04:23:22+00:00,web,1.0,2026-04-30,4,beauty,ZenCo,42.99,0.592,0.222,0.3376851851851852,0.4261603375527425,0.2417582417582418
U0213,I0051,rating,4.0,1,24.93,2026-04-20 07:15:22+00:00,web,4.0,2026-04-20,7,fashion,Pulse,24.93,0.607,0.373,0.17046296296296293,0.4472573839662447,0.42612942612942617
U0237,I0054,view,,1,35.21,2026-04-18 09:34:22+00:00,web,1.0,2026-04-18,9,beauty,UrbanLeaf,35.21,0.667,0.323,0.26564814814814813,0.5316455696202532,0.3650793650793651
U0115,I0081,view,,1,60.65,2026-03-14 22:07:22+00:00,web,1.0,2026-03-14,22,home,Orion,60.65,0.7010000000000001,0.10300000000000001,0.5012037037037036,0.579465541490858,0.09645909645909648
U0104,I0028,cart,,1,23.83,2026-02-08 11:31:22+00:00,web,3.0,2026-02-08,11,sports,Nova,23.83,0.467,0.08700000000000001,0.16027777777777774,0.25035161744022505,0.07692307692307694
U0184,I0010,cart,,1,50.12,2026-03-28 07:46:22+00:00,web,3.0,2026-03-28,7,electronics,Pulse,50.12,0.591,0.252,0.4037037037037037,0.42475386779184243,0.2783882783882784
U0068,I0091,view,,1,42.99,2026-03-09 16:07:22+00:00,web,1.0,2026-03-09,16,beauty,ZenCo,42.99,0.592,0.222,0.3376851851851852,0.4261603375527425,0.2417582417582418
U0052,I0081,cart,,1,60.65,2026-02-28 13:24:22+00:00,mobile,3.0,2026-02-28,13,home,Orion,60.65,0.7010000000000001,0.10300000000000001,0.5012037037037036,0.579465541490858,0.09645909645909648
U0238,I0099,view,,1,19.36,2026-04-09 16:37:22+00:00,web,1.0,2026-04-09,16,fashion,ZenCo,19.36,0.81,0.17,0.11888888888888889,0.7327707454289732,0.1782661782661783
U0028,I0023,rating,4.0,1,51.99,2026-03-12 19:05:22+00:00,mobile,4.0,2026-03-12,19,fashion,Pulse,51.99,0.717,0.455,0.4210185185185185,0.6019690576652602,0.5262515262515263
U0216,I0024,view,,1,24.65,2026-04-29 01:12:22+00:00,web,1.0,2026-04-29,1,sports,ZenCo,24.65,0.79,0.5750000000000001,0.16787037037037034,0.7046413502109704,0.6727716727716729
U0111,I0058,view,,1,18.03,2026-04-18 00:04:22+00:00,mobile,1.0,2026-04-18,0,home,UrbanLeaf,18.03,0.771,0.47300000000000003,0.10657407407407408,0.6779184247538678,0.5482295482295483
U0237,I0018,view,,1,34.0,2026-04-07 17:09:22+00:00,mobile,1.0,2026-04-07,17,books,Nova,34.0,0.517,0.384,0.2544444444444444,0.32067510548523204,0.4395604395604396
U0118,I0026,cart,,1,13.5,2026-03-04 15:51:22+00:00,web,3.0,2026-03-04,15,home,ZenCo,13.5,0.481,0.19,0.06462962962962963,0.27004219409282704,0.2026862026862027
U0067,I0005,purchase,,1,20.52,2026-03-08 09:32:22+00:00,web,5.0,2026-03-08,9,home,ZenCo,20.52,0.669,0.275,0.1296296296296296,0.5344585091420535,0.3064713064713065
U0204,I0044,view,,1,16.15,2026-02-06 10:55:22+00:00,web,1.0,2026-02-06,10,home,Aster,16.15,0.797,0.046,0.08916666666666666,0.7144866385372713,0.02686202686202686
U0095,I0073,rating,4.0,1,25.28,2026-03-21 03:16:22+00:00,mobile,4.0,2026-03-21,3,electronics,Pulse,25.28,0.545,0.116,0.1737037037037037,0.360056258790436,0.11233211233211235
U0129,I0003,view,,1,12.56,2026-02-18 16:39:22+00:00,web,1.0,2026-02-18,16,home,Pulse,12.56,0.686,0.39,0.055925925925925934,0.5583684950773559,0.4468864468864469
U0217,I0116,view,,1,59.11,2026-02-06 15:39:22+00:00,web,1.0,2026-02-06,15,electronics,Aster,59.11,0.622,0.58,0.48694444444444446,0.4683544303797468,0.6788766788766789
U0225,I0079,rating,3.0,1,55.92,2026-04-23 09:32:22+00:00,mobile,3.0,2026-04-23,9,home,Aster,55.92,0.534,0.374,0.45740740740740743,0.3445850914205345,0.4273504273504274
U0025,I0065,view,,1,45.15,2026-04-29 21:07:22+00:00,web,1.0,2026-04-29,21,fashion,Nova,45.15,0.521,0.28700000000000003,0.35768518518518516,0.3263009845288326,0.3211233211233212
U0107,I0078,view,,1,41.4,2026-04-22 18:48:22+00:00,mobile,1.0,2026-04-22,18,beauty,Pulse,41.4,0.875,0.403,0.32296296296296295,0.8241912798874823,0.46275946275946284
U0149,I0086,view,,1,33.96,2026-03-14 00:45:22+00:00,web,1.0,2026-03-14,0,books,Aster,33.96,0.299,0.062,0.25407407407407406,0.01406469760900142,0.0463980463980464
U0040,I0110,view,,1,26.64,2026-02-05 01:28:22+00:00,web,1.0,2026-02-05,1,sports,Aster,26.64,0.805,0.6900000000000001,0.1862962962962963,0.7257383966244725,0.8131868131868133
U0192,I0062,view,,1,23.59,2026-05-03 01:22:22+00:00,mobile,1.0,2026-05-03,1,beauty,ZenCo,23.59,0.8150000000000001,0.304,0.15805555555555556,0.739803094233474,0.3418803418803419
U0187,I0093,view,,1,35.82,2026-02-23 02:16:22+00:00,mobile,1.0,2026-02-23,2,fashion,UrbanLeaf,35.82,0.616,0.268,0.2712962962962963,0.4599156118143459,0.297924297924298
U0002,I0060,cart,,1,48.07,2026-02-06 04:08:22+00:00,mobile,3.0,2026-02-06,4,fashion,ZenCo,48.07,0.742,0.151,0.38472222222222224,0.6371308016877636,0.15506715506715507
U0108,I0059,cart,,1,24.91,2026-02-06 07:08:22+00:00,mobile,3.0,2026-02-06,7,books,Pulse,24.91,0.758,0.376,0.17027777777777775,0.6596343178621659,0.4297924297924298
U0189,I0066,view,,1,22.7,2026-02-23 21:27:22+00:00,web,1.0,2026-02-23,21,sports,UrbanLeaf,22.7,0.8230000000000001,0.216,0.1498148148148148,0.7510548523206751,0.23443223443223443
U0184,I0116,view,,1,59.11,2026-04-23 08:14:22+00:00,web,1.0,2026-04-23,8,electronics,Aster,59.11,0.622,0.58,0.48694444444444446,0.4683544303797468,0.6788766788766789
U0022,I0069,cart,,1,41.22,2026-02-22 12:22:22+00:00,web,3.0,2026-02-22,12,books,UrbanLeaf,41.22,0.896,0.375,0.3212962962962963,0.8537271448663853,0.4285714285714286
U0234,I0109,purchase,,1,70.56,2026-03-04 08:48:22+00:00,web,5.0,2026-03-04,8,home,Aster,70.56,0.78,0.5680000000000001,0.5929629629629629,0.6905766526019691,0.6642246642246643
U0208,I0100,view,,1,54.26,2026-04-29 19:47:22+00:00,mobile,1.0,2026-04-29,19,sports,UrbanLeaf,54.26,0.5670000000000001,0.527,0.44203703703703706,0.39099859353023914,0.6141636141636142
U0141,I0110,view,,1,26.64,2026-04-03 02:34:22+00:00,mobile,1.0,2026-04-03,2,sports,Aster,26.64,0.805,0.6900000000000001,0.1862962962962963,0.7257383966244725,0.8131868131868133
U0163,I0100,view,,1,54.26,2026-04-20 07:56:22+00:00,mobile,1.0,2026-04-20,7,sports,UrbanLeaf,54.26,0.5670000000000001,0.527,0.44203703703703706,0.39099859353023914,0.6141636141636142
U0027,I0031,view,,1,6.52,2026-04-30 07:12:22+00:00,mobile,1.0,2026-04-30,7,books,UrbanLeaf,6.52,0.8240000000000001,0.45,0.0,0.7524613220815753,0.5201465201465202
U0006,I0058,cart,,1,18.03,2026-03-24 17:10:22+00:00,mobile,3.0,2026-03-24,17,home,UrbanLeaf,18.03,0.771,0.47300000000000003,0.10657407407407408,0.6779184247538678,0.5482295482295483
U0026,I0090,view,,1,12.85,2026-04-17 12:35:22+00:00,web,1.0,2026-04-17,12,home,Orion,12.85,0.41200000000000003,0.123,0.0586111111111111,0.1729957805907174,0.1208791208791209
U0192,I0019,cart,,1,35.63,2026-02-05 06:51:22+00:00,mobile,3.0,2026-02-05,6,beauty,UrbanLeaf,35.63,0.65,0.368,0.2695370370370371,0.5077355836849508,0.42002442002442003
U0013,I0058,view,,1,18.03,2026-02-10 14:56:22+00:00,web,1.0,2026-02-10,14,home,UrbanLeaf,18.03,0.771,0.47300000000000003,0.10657407407407408,0.6779184247538678,0.5482295482295483
U0235,I0013,view,,1,28.54,2026-04-07 00:00:22+00:00,mobile,1.0,2026-04-07,0,electronics,ZenCo,28.54,0.846,0.024,0.2038888888888889,0.7834036568213781,0.0
U0100,I0048,view,,1,22.53,2026-03-06 17:09:22+00:00,web,1.0,2026-03-06,17,books,Nova,22.53,0.897,0.2,0.14824074074074073,0.8551336146272855,0.2148962148962149
U0125,I0072,rating,4.0,1,21.99,2026-04-27 19:29:22+00:00,web,4.0,2026-04-27,19,electronics,Pulse,21.99,1.0,0.748,0.14324074074074072,0.9999999999999999,0.8840048840048841
U0198,I0014,view,,1,30.5,2026-02-22 07:24:22+00:00,web,1.0,2026-02-22,7,electronics,ZenCo,30.5,0.544,0.221,0.22203703703703703,0.3586497890295359,0.24053724053724057
U0068,I0088,purchase,,1,30.05,2026-04-14 11:38:22+00:00,mobile,5.0,2026-04-14,11,beauty,ZenCo,30.05,0.594,0.149,0.21787037037037038,0.4289732770745428,0.15262515262515264
U0028,I0023,cart,,1,51.99,2026-04-23 05:55:22+00:00,mobile,3.0,2026-04-23,5,fashion,Pulse,51.99,0.717,0.455,0.4210185185185185,0.6019690576652602,0.5262515262515263
U0024,I0031,rating,3.0,1,6.52,2026-03-10 21:09:22+00:00,web,3.0,2026-03-10,21,books,UrbanLeaf,6.52,0.8240000000000001,0.45,0.0,0.7524613220815753,0.5201465201465202
U0108,I0106,view,,1,26.93,2026-04-16 06:53:22+00:00,web,1.0,2026-04-16,6,sports,Nova,26.93,0.41400000000000003,0.40700000000000003,0.18898148148148147,0.1758087201125177,0.4676434676434677
U0030,I0018,view,,1,34.0,2026-03-30 20:50:22+00:00,web,1.0,2026-03-30,20,books,Nova,34.0,0.517,0.384,0.2544444444444444,0.32067510548523204,0.4395604395604396
U0167,I0043,rating,4.0,1,34.18,2026-02-09 10:19:22+00:00,mobile,4.0,2026-02-09,10,electronics,Aster,34.18,0.937,0.405,0.2561111111111111,0.9113924050632912,0.46520146520146527
U0184,I0110,view,,1,26.64,2026-02-04 06:34:22+00:00,web,1.0,2026-02-04,6,sports,Aster,26.64,0.805,0.6900000000000001,0.1862962962962963,0.7257383966244725,0.8131868131868133
U0006,I0082,view,,1,27.22,2026-03-23 18:15:22+00:00,mobile,1.0,2026-03-23,18,home,Nova,27.22,0.41300000000000003,0.363,0.19166666666666665,0.1744022503516175,0.41391941391941395
U0201,I0108,view,,1,101.53,2026-03-24 02:45:22+00:00,web,1.0,2026-03-24,2,beauty,UrbanLeaf,101.53,0.485,0.212,0.8797222222222222,0.2756680731364276,0.22954822954822957
U0191,I0055,cart,,1,14.43,2026-03-01 21:01:22+00:00,mobile,3.0,2026-03-01,21,books,Aster,14.43,0.875,0.322,0.07324074074074073,0.8241912798874823,0.3638583638583639
U0191,I0049,view,,1,10.95,2026-03-15 14:37:22+00:00,mobile,1.0,2026-03-15,14,books,UrbanLeaf,10.95,0.716,0.125,0.04101851851851851,0.60056258790436,0.12332112332112333
U0198,I0007,view,,1,50.51,2026-02-11 22:21:22+00:00,web,1.0,2026-02-11,22,books,UrbanLeaf,50.51,0.41300000000000003,0.309,0.4073148148148148,0.1744022503516175,0.347985347985348
U0011,I0075,view,,1,25.5,2026-03-13 09:45:22+00:00,mobile,1.0,2026-03-13,9,sports,ZenCo,25.5,0.7000000000000001,0.32,0.17574074074074075,0.5780590717299579,0.36141636141636146
U0087,I0086,view,,1,33.96,2026-04-10 19:02:22+00:00,web,1.0,2026-04-10,19,books,Aster,33.96,0.299,0.062,0.25407407407407406,0.01406469760900142,0.0463980463980464
U0023,I0087,view,,1,58.68,2026-02-26 20:49:22+00:00,mobile,1.0,2026-02-26,20,electronics,UrbanLeaf,58.68,0.7000000000000001,0.155,0.482962962962963,0.5780590717299579,0.15995115995115997
U0215,I0003,view,,1,12.56,2026-04-13 00:29:22+00:00,web,1.0,2026-04-13,0,home,Pulse,12.56,0.686,0.39,0.055925925925925934,0.5583684950773559,0.4468864468864469
U0025,I0106,view,,1,26.93,2026-02-22 21:59:22+00:00,mobile,1.0,2026-02-22,21,sports,Nova,26.93,0.41400000000000003,0.40700000000000003,0.18898148148148147,0.1758087201125177,0.4676434676434677
U0119,I0025,cart,,1,15.52,2026-02-07 20:17:22+00:00,mobile,3.0,2026-02-07,20,beauty,Nova,15.52,0.76,0.761,0.08333333333333333,0.6624472573839663,0.8998778998779
U0226,I0055,view,,1,14.43,2026-03-24 03:14:22+00:00,mobile,1.0,2026-03-24,3,books,Aster,14.43,0.875,0.322,0.07324074074074073,0.8241912798874823,0.3638583638583639
U0173,I0091,view,,1,42.99,2026-02-06 00:45:22+00:00,mobile,1.0,2026-02-06,0,beauty,ZenCo,42.99,0.592,0.222,0.3376851851851852,0.4261603375527425,0.2417582417582418
U0076,I0092,view,,1,16.23,2026-04-15 03:04:22+00:00,mobile,1.0,2026-04-15,3,beauty,ZenCo,16.23,0.8140000000000001,0.035,0.0899074074074074,0.7383966244725738,0.013431013431013435
U0018,I0059,cart,,1,24.91,2026-03-06 23:15:22+00:00,web,3.0,2026-03-06,23,books,Pulse,24.91,0.758,0.376,0.17027777777777775,0.6596343178621659,0.4297924297924298
U0108,I0069,view,,1,41.22,2026-02-13 12:09:22+00:00,mobile,1.0,2026-02-13,12,books,UrbanLeaf,41.22,0.896,0.375,0.3212962962962963,0.8537271448663853,0.4285714285714286
U0077,I0003,view,,1,12.56,2026-04-28 08:08:22+00:00,web,1.0,2026-04-28,8,home,Pulse,12.56,0.686,0.39,0.055925925925925934,0.5583684950773559,0.4468864468864469
U0079,I0046,view,,1,32.06,2026-05-02 13:56:22+00:00,mobile,1.0,2026-05-02,13,books,Pulse,32.06,0.972,0.131,0.23648148148148151,0.9606188466947959,0.13064713064713065
U0063,I0058,view,,1,18.03,2026-02-21 15:52:22+00:00,web,1.0,2026-02-21,15,home,UrbanLeaf,18.03,0.771,0.47300000000000003,0.10657407407407408,0.6779184247538678,0.5482295482295483
U0063,I0009,purchase,,2,26.36,2026-04-14 16:29:22+00:00,mobile,5.0,2026-04-14,16,home,Orion,26.36,0.492,0.5650000000000001,0.1837037037037037,0.28551336146272854,0.6605616605616607
U0028,I0114,purchase,,1,33.44,2026-02-17 23:57:22+00:00,mobile,5.0,2026-02-17,23,fashion,Nova,33.44,0.752,0.39,0.24925925925925924,0.6511954992967651,0.4468864468864469
U0202,I0052,view,,1,30.37,2026-04-30 17:54:22+00:00,web,1.0,2026-04-30,17,beauty,Nova,30.37,0.934,0.362,0.22083333333333333,0.9071729957805906,0.41269841269841273
U0195,I0100,view,,1,54.26,2026-04-05 11:44:22+00:00,web,1.0,2026-04-05,11,sports,UrbanLeaf,54.26,0.5670000000000001,0.527,0.44203703703703706,0.39099859353023914,0.6141636141636142
U0106,I0015,purchase,,1,19.27,2026-03-29 06:57:22+00:00,web,5.0,2026-03-29,6,electronics,Orion,19.27,0.914,0.342,0.11805555555555554,0.8790436005625878,0.38827838827838834
U0070,I0004,view,,1,24.4,2026-03-03 01:33:22+00:00,mobile,1.0,2026-03-03,1,beauty,Orion,24.4,0.794,0.045,0.1655555555555555,0.710267229254571,0.025641025641025644
U0197,I0030,view,,1,19.11,2026-04-03 03:16:22+00:00,mobile,1.0,2026-04-03,3,fashion,Orion,19.11,0.679,0.384,0.11657407407407407,0.5485232067510549,0.4395604395604396
U0141,I0024,rating,5.0,1,24.65,2026-03-20 05:37:22+00:00,web,5.0,2026-03-20,5,sports,ZenCo,24.65,0.79,0.5750000000000001,0.16787037037037034,0.7046413502109704,0.6727716727716729
U0231,I0021,view,,1,19.0,2026-04-04 09:32:22+00:00,web,1.0,2026-04-04,9,beauty,UrbanLeaf,19.0,0.844,0.467,0.11555555555555556,0.780590717299578,0.540903540903541
U0185,I0019,view,,1,35.63,2026-02-21 15:14:22+00:00,mobile,1.0,2026-02-21,15,beauty,UrbanLeaf,35.63,0.65,0.368,0.2695370370370371,0.5077355836849508,0.42002442002442003
U0087,I0037,view,,1,17.51,2026-04-24 00:17:22+00:00,web,1.0,2026-04-24,0,sports,ZenCo,17.51,0.519,0.554,0.10175925925925926,0.3234880450070323,0.6471306471306473
U0044,I0053,view,,1,18.65,2026-03-06 11:56:22+00:00,web,1.0,2026-03-06,11,books,Pulse,18.65,0.745,0.249,0.1123148148148148,0.6413502109704642,0.27472527472527475
U0068,I0094,view,,1,20.46,2026-03-28 05:36:22+00:00,web,1.0,2026-03-28,5,sports,Pulse,20.46,0.762,0.843,0.12907407407407406,0.6652601969057664,1.0000000000000002
U0085,I0083,rating,5.0,1,17.83,2026-02-16 10:16:22+00:00,mobile,5.0,2026-02-16,10,sports,Aster,17.83,0.483,0.085,0.1047222222222222,0.2728551336146273,0.0744810744810745
U0138,I0102,view,,1,45.37,2026-04-17 01:01:22+00:00,mobile,1.0,2026-04-17,1,electronics,UrbanLeaf,45.37,0.5690000000000001,0.498,0.3597222222222222,0.3938115330520394,0.5787545787545788
U0167,I0107,view,,1,14.01,2026-04-14 19:36:22+00:00,web,1.0,2026-04-14,19,electronics,Orion,14.01,0.914,0.24,0.06935185185185185,0.8790436005625878,0.26373626373626374
U0085,I0026,view,,1,13.5,2026-03-14 12:41:22+00:00,web,1.0,2026-03-14,12,home,ZenCo,13.5,0.481,0.19,0.06462962962962963,0.27004219409282704,0.2026862026862027
U0209,I0092,view,,1,16.23,2026-04-14 13:48:22+00:00,mobile,1.0,2026-04-14,13,beauty,ZenCo,16.23,0.8140000000000001,0.035,0.0899074074074074,0.7383966244725738,0.013431013431013435
U0181,I0002,cart,,1,22.56,2026-03-08 00:49:22+00:00,mobile,3.0,2026-03-08,0,beauty,ZenCo,22.56,0.848,0.169,0.1485185185185185,0.7862165963431785,0.17704517704517708
U0019,I0043,view,,1,34.18,2026-03-24 19:04:22+00:00,web,1.0,2026-03-24,19,electronics,Aster,34.18,0.937,0.405,0.2561111111111111,0.9113924050632912,0.46520146520146527
U0195,I0075,rating,5.0,1,25.5,2026-04-05 12:14:22+00:00,mobile,5.0,2026-04-05,12,sports,ZenCo,25.5,0.7000000000000001,0.32,0.17574074074074075,0.5780590717299579,0.36141636141636146
U0130,I0112,view,,1,53.68,2026-04-14 00:41:22+00:00,web,1.0,2026-04-14,0,fashion,Pulse,53.68,0.342,0.187,0.43666666666666665,0.07454289732770752,0.19902319902319904
U0096,I0052,view,,1,30.37,2026-04-17 14:50:22+00:00,mobile,1.0,2026-04-17,14,beauty,Nova,30.37,0.934,0.362,0.22083333333333333,0.9071729957805906,0.41269841269841273
U0105,I0047,view,,1,36.67,2026-04-11 03:09:22+00:00,web,1.0,2026-04-11,3,home,Aster,36.67,0.966,0.395,0.2791666666666667,0.9521800281293952,0.45299145299145305
U0022,I0086,view,,1,33.96,2026-04-03 21:42:22+00:00,mobile,1.0,2026-04-03,21,books,Aster,33.96,0.299,0.062,0.25407407407407406,0.01406469760900142,0.0463980463980464
U0162,I0003,view,,1,12.56,2026-03-13 05:42:22+00:00,mobile,1.0,2026-03-13,5,home,Pulse,12.56,0.686,0.39,0.055925925925925934,0.5583684950773559,0.4468864468864469
U0090,I0003,purchase,,1,12.56,2026-04-03 05:03:22+00:00,web,5.0,2026-04-03,5,home,Pulse,12.56,0.686,0.39,0.055925925925925934,0.5583684950773559,0.4468864468864469
U0179,I0060,view,,1,48.07,2026-03-31 22:39:22+00:00,web,1.0,2026-03-31,22,fashion,ZenCo,48.07,0.742,0.151,0.38472222222222224,0.6371308016877636,0.15506715506715507
U0057,I0029,purchase,,1,83.41,2026-02-24 08:33:22+00:00,web,5.0,2026-02-24,8,home,Orion,83.41,1.0,0.71,0.7119444444444444,0.9999999999999999,0.8376068376068376
U0103,I0052,view,,1,30.37,2026-02-23 07:14:22+00:00,mobile,1.0,2026-02-23,7,beauty,Nova,30.37,0.934,0.362,0.22083333333333333,0.9071729957805906,0.41269841269841273
U0216,I0089,view,,1,40.79,2026-02-05 22:43:22+00:00,mobile,1.0,2026-02-05,22,sports,Pulse,40.79,0.627,0.22,0.3173148148148148,0.47538677918424754,0.23931623931623935
U0173,I0063,purchase,,3,17.91,2026-03-11 08:37:22+00:00,web,5.0,2026-03-11,8,beauty,Nova,17.91,0.875,0.47300000000000003,0.10546296296296297,0.8241912798874823,0.5482295482295483
U0096,I0036,cart,,1,74.72,2026-03-29 17:55:22+00:00,web,3.0,2026-03-29,17,fashion,Orion,74.72,0.598,0.393,0.6314814814814814,0.43459915611814337,0.4505494505494506
U0151,I0106,view,,1,26.93,2026-03-27 03:46:22+00:00,mobile,1.0,2026-03-27,3,sports,Nova,26.93,0.41400000000000003,0.40700000000000003,0.18898148148148147,0.1758087201125177,0.4676434676434677
U0206,I0112,cart,,1,53.68,2026-03-14 12:45:22+00:00,web,3.0,2026-03-14,12,fashion,Pulse,53.68,0.342,0.187,0.43666666666666665,0.07454289732770752,0.19902319902319904
U0237,I0061,view,,1,17.75,2026-04-15 10:53:22+00:00,web,1.0,2026-04-15,10,books,ZenCo,17.75,0.625,0.234,0.10398148148148147,0.47257383966244726,0.25641025641025644
U0044,I0054,rating,4.0,1,35.21,2026-03-04 00:26:22+00:00,web,4.0,2026-03-04,0,beauty,UrbanLeaf,35.21,0.667,0.323,0.26564814814814813,0.5316455696202532,0.3650793650793651
U0116,I0063,view,,1,17.91,2026-02-02 16:14:22+00:00,web,1.0,2026-02-02,16,beauty,Nova,17.91,0.875,0.47300000000000003,0.10546296296296297,0.8241912798874823,0.5482295482295483
U0031,I0090,view,,1,12.85,2026-04-24 06:35:22+00:00,web,1.0,2026-04-24,6,home,Orion,12.85,0.41200000000000003,0.123,0.0586111111111111,0.1729957805907174,0.1208791208791209
U0032,I0084,cart,,1,27.83,2026-04-22 03:34:22+00:00,web,3.0,2026-04-22,3,books,ZenCo,27.83,0.8260000000000001,0.037,0.19731481481481478,0.7552742616033755,0.01587301587301587
U0070,I0095,view,,1,11.84,2026-03-29 11:38:22+00:00,web,1.0,2026-03-29,11,sports,UrbanLeaf,11.84,0.886,0.197,0.04925925925925925,0.8396624472573838,0.21123321123321126
U0219,I0008,view,,1,36.94,2026-04-21 04:20:22+00:00,mobile,1.0,2026-04-21,4,sports,Orion,36.94,0.289,0.317,0.2816666666666666,0.0,0.35775335775335776
U0075,I0054,view,,1,35.21,2026-03-08 03:22:22+00:00,mobile,1.0,2026-03-08,3,beauty,UrbanLeaf,35.21,0.667,0.323,0.26564814814814813,0.5316455696202532,0.3650793650793651
U0218,I0116,cart,,1,59.11,2026-02-15 00:14:22+00:00,web,3.0,2026-02-15,0,electronics,Aster,59.11,0.622,0.58,0.48694444444444446,0.4683544303797468,0.6788766788766789
U0058,I0008,view,,1,36.94,2026-04-08 10:18:22+00:00,mobile,1.0,2026-04-08,10,sports,Orion,36.94,0.289,0.317,0.2816666666666666,0.0,0.35775335775335776
U0070,I0088,view,,1,30.05,2026-03-06 21:04:22+00:00,mobile,1.0,2026-03-06,21,beauty,ZenCo,30.05,0.594,0.149,0.21787037037037038,0.4289732770745428,0.15262515262515264
U0163,I0108,cart,,1,101.53,2026-04-01 02:34:22+00:00,mobile,3.0,2026-04-01,2,beauty,UrbanLeaf,101.53,0.485,0.212,0.8797222222222222,0.2756680731364276,0.22954822954822957
U0073,I0115,view,,1,29.97,2026-04-16 09:23:22+00:00,web,1.0,2026-04-16,9,beauty,Nova,29.97,0.788,0.161,0.21712962962962962,0.7018284106891702,0.1672771672771673
U0173,I0013,view,,1,28.54,2026-04-20 15:31:22+00:00,mobile,1.0,2026-04-20,15,electronics,ZenCo,28.54,0.846,0.024,0.2038888888888889,0.7834036568213781,0.0
U0052,I0070,purchase,,1,26.73,2026-02-03 11:45:22+00:00,mobile,5.0,2026-02-03,11,home,Nova,26.73,0.365,0.634,0.18712962962962965,0.10689170182841068,0.7448107448107448
U0042,I0030,view,,1,19.11,2026-04-11 13:12:22+00:00,web,1.0,2026-04-11,13,fashion,Orion,19.11,0.679,0.384,0.11657407407407407,0.5485232067510549,0.4395604395604396
U0156,I0056,view,,1,21.96,2026-03-17 20:04:22+00:00,web,1.0,2026-03-17,20,books,Nova,21.96,0.606,0.146,0.14296296296296296,0.4458509142053445,0.14896214896214896
U0012,I0077,view,,1,43.74,2026-03-06 02:31:22+00:00,web,1.0,2026-03-06,2,home,Orion,43.74,0.756,0.41600000000000004,0.3446296296296296,0.6568213783403657,0.4786324786324787
U0011,I0083,view,,1,17.83,2026-04-24 18:27:22+00:00,mobile,1.0,2026-04-24,18,sports,Aster,17.83,0.483,0.085,0.1047222222222222,0.2728551336146273,0.0744810744810745
U0116,I0052,view,,1,30.37,2026-03-08 02:24:22+00:00,mobile,1.0,2026-03-08,2,beauty,Nova,30.37,0.934,0.362,0.22083333333333333,0.9071729957805906,0.41269841269841273
U0072,I0118,rating,2.0,1,24.81,2026-04-04 11:32:22+00:00,web,2.0,2026-04-04,11,books,Nova,24.81,1.0,0.20500000000000002,0.1693518518518518,0.9999999999999999,0.22100122100122105
U0068,I0021,cart,,1,19.0,2026-03-02 11:04:22+00:00,web,3.0,2026-03-02,11,beauty,UrbanLeaf,19.0,0.844,0.467,0.11555555555555556,0.780590717299578,0.540903540903541
U0117,I0109,view,,1,70.56,2026-04-24 01:10:22+00:00,web,1.0,2026-04-24,1,home,Aster,70.56,0.78,0.5680000000000001,0.5929629629629629,0.6905766526019691,0.6642246642246643
U0089,I0054,view,,1,35.21,2026-02-13 04:19:22+00:00,mobile,1.0,2026-02-13,4,beauty,UrbanLeaf,35.21,0.667,0.323,0.26564814814814813,0.5316455696202532,0.3650793650793651
U0075,I0007,view,,1,50.51,2026-03-27 01:28:22+00:00,mobile,1.0,2026-03-27,1,books,UrbanLeaf,50.51,0.41300000000000003,0.309,0.4073148148148148,0.1744022503516175,0.347985347985348
U0182,I0074,view,,1,19.52,2026-03-02 04:25:22+00:00,web,1.0,2026-03-02,4,electronics,Nova,19.52,0.645,0.212,0.12037037037037036,0.5007032348804501,0.22954822954822957
U0111,I0090,view,,1,12.85,2026-02-21 02:35:22+00:00,mobile,1.0,2026-02-21,2,home,Orion,12.85,0.41200000000000003,0.123,0.0586111111111111,0.1729957805907174,0.1208791208791209
U0035,I0017,view,,1,25.29,2026-02-14 16:27:22+00:00,mobile,1.0,2026-02-14,16,beauty,UrbanLeaf,25.29,0.804,0.343,0.17379629629629628,0.7243319268635725,0.38949938949938956
U0093,I0110,rating,4.0,1,26.64,2026-02-20 23:51:22+00:00,web,4.0,2026-02-20,23,sports,Aster,26.64,0.805,0.6900000000000001,0.1862962962962963,0.7257383966244725,0.8131868131868133
U0047,I0041,cart,,1,35.48,2026-03-17 00:51:22+00:00,mobile,3.0,2026-03-17,0,fashion,UrbanLeaf,35.48,0.656,0.211,0.26814814814814814,0.5161744022503516,0.22832722832722835
U0087,I0046,cart,,1,32.06,2026-02-21 18:39:22+00:00,web,3.0,2026-02-21,18,books,Pulse,32.06,0.972,0.131,0.23648148148148151,0.9606188466947959,0.13064713064713065
U0169,I0037,view,,1,17.51,2026-02-10 02:39:22+00:00,mobile,1.0,2026-02-10,2,sports,ZenCo,17.51,0.519,0.554,0.10175925925925926,0.3234880450070323,0.6471306471306473
U0219,I0008,view,,1,36.94,2026-04-12 04:25:22+00:00,mobile,1.0,2026-04-12,4,sports,Orion,36.94,0.289,0.317,0.2816666666666666,0.0,0.35775335775335776
U0004,I0043,cart,,1,34.18,2026-03-09 02:25:22+00:00,web,3.0,2026-03-09,2,electronics,Aster,34.18,0.937,0.405,0.2561111111111111,0.9113924050632912,0.46520146520146527
U0071,I0065,view,,1,45.15,2026-04-10 23:49:22+00:00,web,1.0,2026-04-10,23,fashion,Nova,45.15,0.521,0.28700000000000003,0.35768518518518516,0.3263009845288326,0.3211233211233212
U0152,I0050,view,,1,15.33,2026-03-23 16:56:22+00:00,web,1.0,2026-03-23,16,beauty,UrbanLeaf,15.33,0.7010000000000001,0.115,0.08157407407407406,0.579465541490858,0.11111111111111113
U0032,I0018,view,,1,34.0,2026-03-20 14:02:22+00:00,mobile,1.0,2026-03-20,14,books,Nova,34.0,0.517,0.384,0.2544444444444444,0.32067510548523204,0.4395604395604396
U0099,I0093,view,,1,35.82,2026-04-03 02:26:22+00:00,web,1.0,2026-04-03,2,fashion,UrbanLeaf,35.82,0.616,0.268,0.2712962962962963,0.4599156118143459,0.297924297924298
U0039,I0090,view,,1,12.85,2026-03-30 14:14:22+00:00,mobile,1.0,2026-03-30,14,home,Orion,12.85,0.41200000000000003,0.123,0.0586111111111111,0.1729957805907174,0.1208791208791209
U0030,I0072,purchase,,2,21.99,2026-04-09 18:25:22+00:00,mobile,5.0,2026-04-09,18,electronics,Pulse,21.99,1.0,0.748,0.14324074074074072,0.9999999999999999,0.8840048840048841
U0090,I0029,cart,,1,83.41,2026-03-04 05:00:22+00:00,mobile,3.0,2026-03-04,5,home,Orion,83.41,1.0,0.71,0.7119444444444444,0.9999999999999999,0.8376068376068376
U0090,I0109,view,,1,70.56,2026-02-07 02:01:22+00:00,mobile,1.0,2026-02-07,2,home,Aster,70.56,0.78,0.5680000000000001,0.5929629629629629,0.6905766526019691,0.6642246642246643
U0152,I0035,view,,1,26.96,2026-02-07 14:03:22+00:00,web,1.0,2026-02-07,14,books,Pulse,26.96,0.93,0.305,0.18925925925925924,0.9015471167369901,0.3431013431013431
U0030,I0033,view,,1,24.72,2026-02-20 05:13:22+00:00,mobile,1.0,2026-02-20,5,books,Orion,24.72,0.727,0.5650000000000001,0.1685185185185185,0.6160337552742615,0.6605616605616607
U0094,I0042,purchase,,1,34.64,2026-02-20 05:30:22+00:00,web,5.0,2026-02-20,5,home,Nova,34.64,0.5740000000000001,0.15,0.26037037037037036,0.4008438818565402,0.15384615384615385
U0235,I0087,cart,,1,58.68,2026-02-05 23:16:22+00:00,web,3.0,2026-02-05,23,electronics,UrbanLeaf,58.68,0.7000000000000001,0.155,0.482962962962963,0.5780590717299579,0.15995115995115997
U0172,I0013,view,,1,28.54,2026-03-07 23:59:22+00:00,mobile,1.0,2026-03-07,23,electronics,ZenCo,28.54,0.846,0.024,0.2038888888888889,0.7834036568213781,0.0
U0166,I0006,purchase,,1,21.38,2026-03-30 14:48:22+00:00,mobile,5.0,2026-03-30,14,electronics,UrbanLeaf,21.38,0.626,0.395,0.1375925925925926,0.47398030942334735,0.45299145299145305
U0123,I0110,view,,1,26.64,2026-04-15 13:57:22+00:00,mobile,1.0,2026-04-15,13,sports,Aster,26.64,0.805,0.6900000000000001,0.1862962962962963,0.7257383966244725,0.8131868131868133
U0194,I0006,view,,1,21.38,2026-03-12 19:48:22+00:00,web,1.0,2026-03-12,19,electronics,UrbanLeaf,21.38,0.626,0.395,0.1375925925925926,0.47398030942334735,0.45299145299145305
U0085,I0088,purchase,,1,30.05,2026-04-17 04:29:22+00:00,mobile,5.0,2026-04-17,4,beauty,ZenCo,30.05,0.594,0.149,0.21787037037037038,0.4289732770745428,0.15262515262515264
U0179,I0065,view,,1,45.15,2026-05-01 00:03:22+00:00,mobile,1.0,2026-05-01,0,fashion,Nova,45.15,0.521,0.28700000000000003,0.35768518518518516,0.3263009845288326,0.3211233211233212
U0197,I0044,view,,1,16.15,2026-03-27 17:12:22+00:00,mobile,1.0,2026-03-27,17,home,Aster,16.15,0.797,0.046,0.08916666666666666,0.7144866385372713,0.02686202686202686
U0039,I0025,view,,1,15.52,2026-02-20 11:08:22+00:00,web,1.0,2026-02-20,11,beauty,Nova,15.52,0.76,0.761,0.08333333333333333,0.6624472573839663,0.8998778998779
U0083,I0029,view,,1,83.41,2026-02-10 06:11:22+00:00,mobile,1.0,2026-02-10,6,home,Orion,83.41,1.0,0.71,0.7119444444444444,0.9999999999999999,0.8376068376068376
U0111,I0093,view,,1,35.82,2026-02-08 09:25:22+00:00,mobile,1.0,2026-02-08,9,fashion,UrbanLeaf,35.82,0.616,0.268,0.2712962962962963,0.4599156118143459,0.297924297924298
U0122,I0024,view,,1,24.65,2026-04-08 19:28:22+00:00,web,1.0,2026-04-08,19,sports,ZenCo,24.65,0.79,0.5750000000000001,0.16787037037037034,0.7046413502109704,0.6727716727716729
U0136,I0059,rating,3.0,1,24.91,2026-03-24 02:03:22+00:00,web,3.0,2026-03-24,2,books,Pulse,24.91,0.758,0.376,0.17027777777777775,0.6596343178621659,0.4297924297924298
U0071,I0041,purchase,,2,35.48,2026-04-27 01:34:22+00:00,web,5.0,2026-04-27,1,fashion,UrbanLeaf,35.48,0.656,0.211,0.26814814814814814,0.5161744022503516,0.22832722832722835
U0172,I0072,cart,,1,21.99,2026-04-15 09:25:22+00:00,mobile,3.0,2026-04-15,9,electronics,Pulse,21.99,1.0,0.748,0.14324074074074072,0.9999999999999999,0.8840048840048841
U0113,I0058,rating,5.0,1,18.03,2026-03-14 22:51:22+00:00,mobile,5.0,2026-03-14,22,home,UrbanLeaf,18.03,0.771,0.47300000000000003,0.10657407407407408,0.6779184247538678,0.5482295482295483
U0078,I0047,cart,,1,36.67,2026-04-21 23:14:22+00:00,web,3.0,2026-04-21,23,home,Aster,36.67,0.966,0.395,0.2791666666666667,0.9521800281293952,0.45299145299145305
U0025,I0099,view,,1,19.36,2026-03-09 11:21:22+00:00,mobile,1.0,2026-03-09,11,fashion,ZenCo,19.36,0.81,0.17,0.11888888888888889,0.7327707454289732,0.1782661782661783
U0059,I0103,view,,1,51.23,2026-03-06 13:01:22+00:00,web,1.0,2026-03-06,13,beauty,ZenCo,51.23,0.537,0.259,0.41398148148148145,0.3488045007032349,0.28693528693528697
U0137,I0096,cart,,1,36.87,2026-02-07 02:25:22+00:00,mobile,3.0,2026-02-07,2,home,UrbanLeaf,36.87,0.675,0.17,0.2810185185185185,0.5428973277074544,0.1782661782661783
U0226,I0048,view,,1,22.53,2026-04-15 10:45:22+00:00,mobile,1.0,2026-04-15,10,books,Nova,22.53,0.897,0.2,0.14824074074074073,0.8551336146272855,0.2148962148962149
U0231,I0062,view,,1,23.59,2026-03-05 11:13:22+00:00,mobile,1.0,2026-03-05,11,beauty,ZenCo,23.59,0.8150000000000001,0.304,0.15805555555555556,0.739803094233474,0.3418803418803419
U0082,I0066,cart,,1,22.7,2026-04-30 09:30:22+00:00,mobile,3.0,2026-04-30,9,sports,UrbanLeaf,22.7,0.8230000000000001,0.216,0.1498148148148148,0.7510548523206751,0.23443223443223443
U0175,I0111,view,,1,114.52,2026-04-30 14:52:22+00:00,web,1.0,2026-04-30,14,books,Nova,114.52,0.649,0.314,0.9999999999999998,0.5063291139240507,0.3540903540903541
U0183,I0035,view,,1,26.96,2026-03-01 11:19:22+00:00,mobile,1.0,2026-03-01,11,books,Pulse,26.96,0.93,0.305,0.18925925925925924,0.9015471167369901,0.3431013431013431
U0014,I0044,view,,1,16.15,2026-03-05 20:30:22+00:00,web,1.0,2026-03-05,20,home,Aster,16.15,0.797,0.046,0.08916666666666666,0.7144866385372713,0.02686202686202686
U0171,I0023,view,,1,51.99,2026-03-04 20:16:22+00:00,mobile,1.0,2026-03-04,20,fashion,Pulse,51.99,0.717,0.455,0.4210185185185185,0.6019690576652602,0.5262515262515263
U0076,I0092,purchase,,1,16.23,2026-02-11 16:41:22+00:00,web,5.0,2026-02-11,16,beauty,ZenCo,16.23,0.8140000000000001,0.035,0.0899074074074074,0.7383966244725738,0.013431013431013435
U0180,I0049,rating,5.0,1,10.95,2026-04-11 10:20:22+00:00,web,5.0,2026-04-11,10,books,UrbanLeaf,10.95,0.716,0.125,0.04101851851851851,0.60056258790436,0.12332112332112333
U0168,I0099,cart,,1,19.36,2026-03-03 05:29:22+00:00,mobile,3.0,2026-03-03,5,fashion,ZenCo,19.36,0.81,0.17,0.11888888888888889,0.7327707454289732,0.1782661782661783
U0150,I0101,purchase,,3,48.0,2026-02-04 01:57:22+00:00,mobile,5.0,2026-02-04,1,electronics,UrbanLeaf,48.0,0.773,0.338,0.38407407407407407,0.6807313642756679,0.3833943833943835
U0183,I0085,view,,1,64.61,2026-02-22 01:06:22+00:00,web,1.0,2026-02-22,1,electronics,UrbanLeaf,64.61,1.0,0.157,0.5378703703703703,0.9999999999999999,0.1623931623931624
U0233,I0098,cart,,1,35.06,2026-02-24 01:28:22+00:00,web,3.0,2026-02-24,1,books,Pulse,35.06,0.709,0.449,0.2642592592592593,0.590717299578059,0.518925518925519
U0151,I0094,cart,,1,20.46,2026-02-06 05:24:22+00:00,web,3.0,2026-02-06,5,sports,Pulse,20.46,0.762,0.843,0.12907407407407406,0.6652601969057664,1.0000000000000002
U0225,I0103,cart,,1,51.23,2026-02-16 20:42:22+00:00,mobile,3.0,2026-02-16,20,beauty,ZenCo,51.23,0.537,0.259,0.41398148148148145,0.3488045007032349,0.28693528693528697
U0210,I0069,view,,1,41.22,2026-02-13 22:15:22+00:00,web,1.0,2026-02-13,22,books,UrbanLeaf,41.22,0.896,0.375,0.3212962962962963,0.8537271448663853,0.4285714285714286
U0050,I0040,view,,1,56.71,2026-03-22 14:26:22+00:00,web,1.0,2026-03-22,14,books,Orion,56.71,0.612,0.625,0.4647222222222222,0.45428973277074536,0.7338217338217339
U0057,I0090,view,,1,12.85,2026-03-08 01:30:22+00:00,web,1.0,2026-03-08,1,home,Orion,12.85,0.41200000000000003,0.123,0.0586111111111111,0.1729957805907174,0.1208791208791209
U0177,I0020,rating,2.0,1,27.33,2026-03-25 07:05:22+00:00,web,2.0,2026-03-25,7,beauty,Pulse,27.33,0.731,0.223,0.19268518518518518,0.6216596343178621,0.242979242979243
U0194,I0086,view,,1,33.96,2026-04-19 09:28:22+00:00,web,1.0,2026-04-19,9,books,Aster,33.96,0.299,0.062,0.25407407407407406,0.01406469760900142,0.0463980463980464
U0038,I0083,cart,,1,17.83,2026-02-22 19:33:22+00:00,web,3.0,2026-02-22,19,sports,Aster,17.83,0.483,0.085,0.1047222222222222,0.2728551336146273,0.0744810744810745
U0117,I0090,cart,,1,12.85,2026-04-17 21:50:22+00:00,mobile,3.0,2026-04-17,21,home,Orion,12.85,0.41200000000000003,0.123,0.0586111111111111,0.1729957805907174,0.1208791208791209
U0125,I0013,rating,3.0,1,28.54,2026-03-09 22:18:22+00:00,web,3.0,2026-03-09,22,electronics,ZenCo,28.54,0.846,0.024,0.2038888888888889,0.7834036568213781,0.0
U0126,I0065,view,,1,45.15,2026-03-19 17:46:22+00:00,web,1.0,2026-03-19,17,fashion,Nova,45.15,0.521,0.28700000000000003,0.35768518518518516,0.3263009845288326,0.3211233211233212
U0151,I0106,view,,1,26.93,2026-02-21 03:34:22+00:00,web,1.0,2026-02-21,3,sports,Nova,26.93,0.41400000000000003,0.40700000000000003,0.18898148148148147,0.1758087201125177,0.4676434676434677
U0042,I0023,view,,1,51.99,2026-03-07 09:25:22+00:00,web,1.0,2026-03-07,9,fashion,Pulse,51.99,0.717,0.455,0.4210185185185185,0.6019690576652602,0.5262515262515263
U0146,I0074,cart,,1,19.52,2026-03-23 13:59:22+00:00,mobile,3.0,2026-03-23,13,electronics,Nova,19.52,0.645,0.212,0.12037037037037036,0.5007032348804501,0.22954822954822957
U0096,I0107,view,,1,14.01,2026-03-20 06:47:22+00:00,mobile,1.0,2026-03-20,6,electronics,Orion,14.01,0.914,0.24,0.06935185185185185,0.8790436005625878,0.26373626373626374
U0030,I0018,view,,1,34.0,2026-03-15 03:13:22+00:00,web,1.0,2026-03-15,3,books,Nova,34.0,0.517,0.384,0.2544444444444444,0.32067510548523204,0.4395604395604396
U0073,I0024,cart,,1,24.65,2026-04-10 23:50:22+00:00,web,3.0,2026-04-10,23,sports,ZenCo,24.65,0.79,0.5750000000000001,0.16787037037037034,0.7046413502109704,0.6727716727716729
U0137,I0081,view,,1,60.65,2026-02-18 20:32:22+00:00,web,1.0,2026-02-18,20,home,Orion,60.65,0.7010000000000001,0.10300000000000001,0.5012037037037036,0.579465541490858,0.09645909645909648
U0052,I0005,cart,,1,20.52,2026-02-08 22:23:22+00:00,web,3.0,2026-02-08,22,home,ZenCo,20.52,0.669,0.275,0.1296296296296296,0.5344585091420535,0.3064713064713065
U0002,I0004,rating,5.0,1,24.4,2026-04-03 14:04:22+00:00,web,5.0,2026-04-03,14,beauty,Orion,24.4,0.794,0.045,0.1655555555555555,0.710267229254571,0.025641025641025644
U0008,I0063,view,,1,17.91,2026-04-20 13:31:22+00:00,web,1.0,2026-04-20,13,beauty,Nova,17.91,0.875,0.47300000000000003,0.10546296296296297,0.8241912798874823,0.5482295482295483
U0011,I0075,purchase,,1,25.5,2026-04-25 00:57:22+00:00,web,5.0,2026-04-25,0,sports,ZenCo,25.5,0.7000000000000001,0.32,0.17574074074074075,0.5780590717299579,0.36141636141636146
U0074,I0073,purchase,,1,25.28,2026-02-24 16:37:22+00:00,mobile,5.0,2026-02-24,16,electronics,Pulse,25.28,0.545,0.116,0.1737037037037037,0.360056258790436,0.11233211233211235
U0023,I0039,view,,1,14.55,2026-03-16 11:54:22+00:00,mobile,1.0,2026-03-16,11,electronics,ZenCo,14.55,0.483,0.47100000000000003,0.07435185185185185,0.2728551336146273,0.5457875457875458
U0218,I0119,view,,1,34.0,2026-02-02 15:08:22+00:00,mobile,1.0,2026-02-02,15,beauty,Pulse,34.0,0.9460000000000001,0.10400000000000001,0.2544444444444444,0.9240506329113923,0.0976800976800977
U0020,I0091,view,,1,42.99,2026-02-04 05:14:22+00:00,mobile,1.0,2026-02-04,5,beauty,ZenCo,42.99,0.592,0.222,0.3376851851851852,0.4261603375527425,0.2417582417582418
U0103,I0021,view,,1,19.0,2026-03-04 17:20:22+00:00,mobile,1.0,2026-03-04,17,beauty,UrbanLeaf,19.0,0.844,0.467,0.11555555555555556,0.780590717299578,0.540903540903541
U0075,I0020,view,,1,27.33,2026-04-06 22:32:22+00:00,mobile,1.0,2026-04-06,22,beauty,Pulse,27.33,0.731,0.223,0.19268518518518518,0.6216596343178621,0.242979242979243
U0211,I0106,purchase,,2,26.93,2026-03-16 01:00:22+00:00,web,5.0,2026-03-16,1,sports,Nova,26.93,0.41400000000000003,0.40700000000000003,0.18898148148148147,0.1758087201125177,0.4676434676434677
U0236,I0055,view,,1,14.43,2026-02-05 22:56:22+00:00,mobile,1.0,2026-02-05,22,books,Aster,14.43,0.875,0.322,0.07324074074074073,0.8241912798874823,0.3638583638583639
U0100,I0030,purchase,,2,19.11,2026-04-03 12:19:22+00:00,mobile,5.0,2026-04-03,12,fashion,Orion,19.11,0.679,0.384,0.11657407407407407,0.5485232067510549,0.4395604395604396
U0179,I0097,cart,,1,42.6,2026-04-04 15:28:22+00:00,mobile,3.0,2026-04-04,15,fashion,ZenCo,42.6,0.549,0.041,0.3340740740740741,0.3656821378340366,0.020757020757020763
U0017,I0094,purchase,,2,20.46,2026-03-24 05:37:22+00:00,web,5.0,2026-03-24,5,sports,Pulse,20.46,0.762,0.843,0.12907407407407406,0.6652601969057664,1.0000000000000002
U0006,I0087,purchase,,1,58.68,2026-02-03 02:12:22+00:00,web,5.0,2026-02-03,2,electronics,UrbanLeaf,58.68,0.7000000000000001,0.155,0.482962962962963,0.5780590717299579,0.15995115995115997
U0174,I0098,view,,1,35.06,2026-04-17 22:33:22+00:00,web,1.0,2026-04-17,22,books,Pulse,35.06,0.709,0.449,0.2642592592592593,0.590717299578059,0.518925518925519
U0075,I0078,view,,1,41.4,2026-04-23 04:45:22+00:00,web,1.0,2026-04-23,4,beauty,Pulse,41.4,0.875,0.403,0.32296296296296295,0.8241912798874823,0.46275946275946284
U0054,I0094,rating,5.0,1,20.46,2026-03-10 10:05:22+00:00,mobile,5.0,2026-03-10,10,sports,Pulse,20.46,0.762,0.843,0.12907407407407406,0.6652601969057664,1.0000000000000002
U0214,I0009,rating,4.0,1,26.36,2026-04-20 17:25:22+00:00,mobile,4.0,2026-04-20,17,home,Orion,26.36,0.492,0.5650000000000001,0.1837037037037037,0.28551336146272854,0.6605616605616607
U0196,I0030,view,,1,19.11,2026-03-20 00:21:22+00:00,web,1.0,2026-03-20,0,fashion,Orion,19.11,0.679,0.384,0.11657407407407407,0.5485232067510549,0.4395604395604396
U0027,I0080,purchase,,1,16.0,2026-02-15 23:18:22+00:00,web,5.0,2026-02-15,23,home,Nova,16.0,0.681,0.432,0.08777777777777777,0.5513361462728552,0.4981684981684982
U0075,I0033,view,,1,24.72,2026-03-23 11:29:22+00:00,web,1.0,2026-03-23,11,books,Orion,24.72,0.727,0.5650000000000001,0.1685185185185185,0.6160337552742615,0.6605616605616607
U0233,I0084,view,,1,27.83,2026-02-14 10:26:22+00:00,mobile,1.0,2026-02-14,10,books,ZenCo,27.83,0.8260000000000001,0.037,0.19731481481481478,0.7552742616033755,0.01587301587301587
U0224,I0047,view,,1,36.67,2026-03-25 08:33:22+00:00,mobile,1.0,2026-03-25,8,home,Aster,36.67,0.966,0.395,0.2791666666666667,0.9521800281293952,0.45299145299145305
U0191,I0061,view,,1,17.75,2026-02-23 05:50:22+00:00,mobile,1.0,2026-02-23,5,books,ZenCo,17.75,0.625,0.234,0.10398148148148147,0.47257383966244726,0.25641025641025644
U0024,I0104,view,,1,41.88,2026-04-26 01:31:22+00:00,mobile,1.0,2026-04-26,1,electronics,Aster,41.88,0.799,0.487,0.3274074074074074,0.7172995780590717,0.5653235653235653
U0079,I0069,purchase,,1,41.22,2026-04-25 06:20:22+00:00,web,5.0,2026-04-25,6,books,UrbanLeaf,41.22,0.896,0.375,0.3212962962962963,0.8537271448663853,0.4285714285714286
U0190,I0105,view,,1,20.28,2026-04-03 20:37:22+00:00,mobile,1.0,2026-04-03,20,books,Aster,20.28,0.837,0.151,0.1274074074074074,0.770745428973277,0.15506715506715507
U0189,I0110,view,,1,26.64,2026-03-02 21:35:22+00:00,mobile,1.0,2026-03-02,21,sports,Aster,26.64,0.805,0.6900000000000001,0.1862962962962963,0.7257383966244725,0.8131868131868133
U0079,I0018,view,,1,34.0,2026-02-26 05:08:22+00:00,web,1.0,2026-02-26,5,books,Nova,34.0,0.517,0.384,0.2544444444444444,0.32067510548523204,0.4395604395604396
U0159,I0026,view,,1,13.5,2026-04-22 06:00:22+00:00,mobile,1.0,2026-04-22,6,home,ZenCo,13.5,0.481,0.19,0.06462962962962963,0.27004219409282704,0.2026862026862027
U0130,I0112,purchase,,1,53.68,2026-04-14 10:09:22+00:00,web,5.0,2026-04-14,10,fashion,Pulse,53.68,0.342,0.187,0.43666666666666665,0.07454289732770752,0.19902319902319904
U0189,I0035,rating,5.0,1,26.96,2026-04-13 13:33:22+00:00,web,5.0,2026-04-13,13,books,Pulse,26.96,0.93,0.305,0.18925925925925924,0.9015471167369901,0.3431013431013431
U0171,I0004,rating,4.0,1,24.4,2026-04-17 15:07:22+00:00,mobile,4.0,2026-04-17,15,beauty,Orion,24.4,0.794,0.045,0.1655555555555555,0.710267229254571,0.025641025641025644
U0081,I0069,view,,1,41.22,2026-04-21 14:37:22+00:00,mobile,1.0,2026-04-21,14,books,UrbanLeaf,41.22,0.896,0.375,0.3212962962962963,0.8537271448663853,0.4285714285714286
U0051,I0043,view,,1,34.18,2026-03-20 14:15:22+00:00,web,1.0,2026-03-20,14,electronics,Aster,34.18,0.937,0.405,0.2561111111111111,0.9113924050632912,0.46520146520146527
U0066,I0034,view,,1,32.38,2026-04-05 10:43:22+00:00,mobile,1.0,2026-04-05,10,fashion,Pulse,32.38,0.362,0.199,0.23944444444444446,0.10267229254571031,0.2136752136752137
U0162,I0026,purchase,,2,13.5,2026-02-20 19:00:22+00:00,web,5.0,2026-02-20,19,home,ZenCo,13.5,0.481,0.19,0.06462962962962963,0.27004219409282704,0.2026862026862027
U0127,I0060,view,,1,48.07,2026-03-26 18:50:22+00:00,mobile,1.0,2026-03-26,18,fashion,ZenCo,48.07,0.742,0.151,0.38472222222222224,0.6371308016877636,0.15506715506715507
U0027,I0001,cart,,1,31.44,2026-02-25 14:46:22+00:00,web,3.0,2026-02-25,14,home,Aster,31.44,0.778,0.255,0.23074074074074075,0.6877637130801687,0.28205128205128205
U0228,I0062,view,,1,23.59,2026-04-26 16:36:22+00:00,mobile,1.0,2026-04-26,16,beauty,ZenCo,23.59,0.8150000000000001,0.304,0.15805555555555556,0.739803094233474,0.3418803418803419
U0106,I0102,view,,1,45.37,2026-02-11 07:59:22+00:00,mobile,1.0,2026-02-11,7,electronics,UrbanLeaf,45.37,0.5690000000000001,0.498,0.3597222222222222,0.3938115330520394,0.5787545787545788
U0205,I0043,cart,,1,34.18,2026-03-14 04:39:22+00:00,web,3.0,2026-03-14,4,electronics,Aster,34.18,0.937,0.405,0.2561111111111111,0.9113924050632912,0.46520146520146527
U0079,I0054,view,,1,35.21,2026-02-04 00:39:22+00:00,mobile,1.0,2026-02-04,0,beauty,UrbanLeaf,35.21,0.667,0.323,0.26564814814814813,0.5316455696202532,0.3650793650793651
U0058,I0037,view,,1,17.51,2026-03-29 06:15:22+00:00,web,1.0,2026-03-29,6,sports,ZenCo,17.51,0.519,0.554,0.10175925925925926,0.3234880450070323,0.6471306471306473
U0040,I0008,rating,4.0,1,36.94,2026-02-24 00:31:22+00:00,web,4.0,2026-02-24,0,sports,Orion,36.94,0.289,0.317,0.2816666666666666,0.0,0.35775335775335776
U0029,I0078,purchase,,1,41.4,2026-02-07 06:15:22+00:00,web,5.0,2026-02-07,6,beauty,Pulse,41.4,0.875,0.403,0.32296296296296295,0.8241912798874823,0.46275946275946284
U0184,I0020,purchase,,1,27.33,2026-03-30 07:10:22+00:00,mobile,5.0,2026-03-30,7,beauty,Pulse,27.33,0.731,0.223,0.19268518518518518,0.6216596343178621,0.242979242979243
U0113,I0079,view,,1,55.92,2026-04-14 20:51:22+00:00,web,1.0,2026-04-14,20,home,Aster,55.92,0.534,0.374,0.45740740740740743,0.3445850914205345,0.4273504273504274
U0185,I0017,view,,1,25.29,2026-03-28 19:22:22+00:00,mobile,1.0,2026-03-28,19,beauty,UrbanLeaf,25.29,0.804,0.343,0.17379629629629628,0.7243319268635725,0.38949938949938956
U0203,I0029,purchase,,1,83.41,2026-02-06 07:10:22+00:00,web,5.0,2026-02-06,7,home,Orion,83.41,1.0,0.71,0.7119444444444444,0.9999999999999999,0.8376068376068376
U0158,I0051,rating,4.0,1,24.93,2026-02-20 21:24:22+00:00,web,4.0,2026-02-20,21,fashion,Pulse,24.93,0.607,0.373,0.17046296296296293,0.4472573839662447,0.42612942612942617
U0207,I0022,cart,,1,23.73,2026-02-26 03:48:22+00:00,web,3.0,2026-02-26,3,fashion,Orion,23.73,0.511,0.524,0.15935185185185186,0.3122362869198312,0.6105006105006106
U0057,I0012,purchase,,1,67.3,2026-04-27 13:54:22+00:00,web,5.0,2026-04-27,13,sports,Pulse,67.3,0.642,0.37,0.5627777777777777,0.4964838255977496,0.4224664224664225
U0198,I0098,view,,1,35.06,2026-04-21 20:18:22+00:00,web,1.0,2026-04-21,20,books,Pulse,35.06,0.709,0.449,0.2642592592592593,0.590717299578059,0.518925518925519
U0016,I0038,view,,1,23.01,2026-03-30 05:29:22+00:00,web,1.0,2026-03-30,5,home,Nova,23.01,0.809,0.228,0.1526851851851852,0.731364275668073,0.2490842490842491
U0100,I0043,view,,1,34.18,2026-02-10 09:12:22+00:00,web,1.0,2026-02-10,9,electronics,Aster,34.18,0.937,0.405,0.2561111111111111,0.9113924050632912,0.46520146520146527
U0135,I0051,view,,1,24.93,2026-04-27 19:27:22+00:00,mobile,1.0,2026-04-27,19,fashion,Pulse,24.93,0.607,0.373,0.17046296296296293,0.4472573839662447,0.42612942612942617
U0237,I0061,view,,1,17.75,2026-04-25 23:41:22+00:00,web,1.0,2026-04-25,23,books,ZenCo,17.75,0.625,0.234,0.10398148148148147,0.47257383966244726,0.25641025641025644
U0002,I0081,view,,1,60.65,2026-04-12 15:15:22+00:00,mobile,1.0,2026-04-12,15,home,Orion,60.65,0.7010000000000001,0.10300000000000001,0.5012037037037036,0.579465541490858,0.09645909645909648
U0032,I0001,view,,1,31.44,2026-03-27 01:06:22+00:00,mobile,1.0,2026-03-27,1,home,Aster,31.44,0.778,0.255,0.23074074074074075,0.6877637130801687,0.28205128205128205
U0198,I0006,view,,1,21.38,2026-03-23 08:04:22+00:00,web,1.0,2026-03-23,8,electronics,UrbanLeaf,21.38,0.626,0.395,0.1375925925925926,0.47398030942334735,0.45299145299145305
U0154,I0069,rating,4.0,1,41.22,2026-03-01 18:36:22+00:00,mobile,4.0,2026-03-01,18,books,UrbanLeaf,41.22,0.896,0.375,0.3212962962962963,0.8537271448663853,0.4285714285714286
U0109,I0091,rating,3.0,1,42.99,2026-04-23 19:48:22+00:00,mobile,3.0,2026-04-23,19,beauty,ZenCo,42.99,0.592,0.222,0.3376851851851852,0.4261603375527425,0.2417582417582418
U0097,I0021,view,,1,19.0,2026-04-23 15:55:22+00:00,web,1.0,2026-04-23,15,beauty,UrbanLeaf,19.0,0.844,0.467,0.11555555555555556,0.780590717299578,0.540903540903541
U0154,I0067,view,,1,77.25,2026-04-17 09:51:22+00:00,web,1.0,2026-04-17,9,fashion,Nova,77.25,0.665,0.28700000000000003,0.6549074074074074,0.5288326300984529,0.3211233211233212
U0169,I0037,rating,4.0,1,17.51,2026-03-04 08:31:22+00:00,web,4.0,2026-03-04,8,sports,ZenCo,17.51,0.519,0.554,0.10175925925925926,0.3234880450070323,0.6471306471306473
U0135,I0061,view,,1,17.75,2026-04-18 06:05:22+00:00,mobile,1.0,2026-04-18,6,books,ZenCo,17.75,0.625,0.234,0.10398148148148147,0.47257383966244726,0.25641025641025644
U0103,I0004,cart,,1,24.4,2026-04-20 12:18:22+00:00,mobile,3.0,2026-04-20,12,beauty,Orion,24.4,0.794,0.045,0.1655555555555555,0.710267229254571,0.025641025641025644
U0188,I0053,rating,4.0,1,18.65,2026-02-11 21:20:22+00:00,mobile,4.0,2026-02-11,21,books,Pulse,18.65,0.745,0.249,0.1123148148148148,0.6413502109704642,0.27472527472527475
U0204,I0066,view,,1,22.7,2026-02-11 00:11:22+00:00,web,1.0,2026-02-11,0,sports,UrbanLeaf,22.7,0.8230000000000001,0.216,0.1498148148148148,0.7510548523206751,0.23443223443223443
U0028,I0112,view,,1,53.68,2026-03-09 05:27:22+00:00,mobile,1.0,2026-03-09,5,fashion,Pulse,53.68,0.342,0.187,0.43666666666666665,0.07454289732770752,0.19902319902319904
U0127,I0051,view,,1,24.93,2026-02-16 00:06:22+00:00,web,1.0,2026-02-16,0,fashion,Pulse,24.93,0.607,0.373,0.17046296296296293,0.4472573839662447,0.42612942612942617
U0188,I0007,purchase,,1,50.51,2026-03-09 18:05:22+00:00,web,5.0,2026-03-09,18,books,UrbanLeaf,50.51,0.41300000000000003,0.309,0.4073148148148148,0.1744022503516175,0.347985347985348
U0117,I0070,view,,1,26.73,2026-04-20 03:07:22+00:00,mobile,1.0,2026-04-20,3,home,Nova,26.73,0.365,0.634,0.18712962962962965,0.10689170182841068,0.7448107448107448
U0097,I0020,purchase,,1,27.33,2026-02-20 13:29:22+00:00,mobile,5.0,2026-02-20,13,beauty,Pulse,27.33,0.731,0.223,0.19268518518518518,0.6216596343178621,0.242979242979243
U0216,I0110,view,,1,26.64,2026-02-18 06:55:22+00:00,mobile,1.0,2026-02-18,6,sports,Aster,26.64,0.805,0.6900000000000001,0.1862962962962963,0.7257383966244725,0.8131868131868133
U0094,I0047,view,,1,36.67,2026-03-19 12:15:22+00:00,web,1.0,2026-03-19,12,home,Aster,36.67,0.966,0.395,0.2791666666666667,0.9521800281293952,0.45299145299145305
U0157,I0059,purchase,,1,24.91,2026-03-05 03:45:22+00:00,web,5.0,2026-03-05,3,books,Pulse,24.91,0.758,0.376,0.17027777777777775,0.6596343178621659,0.4297924297924298
U0045,I0050,rating,2.0,1,15.33,2026-04-10 00:17:22+00:00,mobile,2.0,2026-04-10,0,beauty,UrbanLeaf,15.33,0.7010000000000001,0.115,0.08157407407407406,0.579465541490858,0.11111111111111113
U0148,I0114,rating,2.0,1,33.44,2026-03-13 05:48:22+00:00,web,2.0,2026-03-13,5,fashion,Nova,33.44,0.752,0.39,0.24925925925925924,0.6511954992967651,0.4468864468864469
U0015,I0103,view,,1,51.23,2026-03-29 21:59:22+00:00,web,1.0,2026-03-29,21,beauty,ZenCo,51.23,0.537,0.259,0.41398148148148145,0.3488045007032349,0.28693528693528697
U0154,I0084,view,,1,27.83,2026-02-14 15:30:22+00:00,web,1.0,2026-02-14,15,books,ZenCo,27.83,0.8260000000000001,0.037,0.19731481481481478,0.7552742616033755,0.01587301587301587
U0194,I0019,cart,,1,35.63,2026-04-28 08:14:22+00:00,mobile,3.0,2026-04-28,8,beauty,UrbanLeaf,35.63,0.65,0.368,0.2695370370370371,0.5077355836849508,0.42002442002442003
U0177,I0017,view,,1,25.29,2026-04-08 21:24:22+00:00,mobile,1.0,2026-04-08,21,beauty,UrbanLeaf,25.29,0.804,0.343,0.17379629629629628,0.7243319268635725,0.38949938949938956
U0099,I0100,rating,4.0,1,54.26,2026-04-01 14:19:22+00:00,mobile,4.0,2026-04-01,14,sports,UrbanLeaf,54.26,0.5670000000000001,0.527,0.44203703703703706,0.39099859353023914,0.6141636141636142
U0144,I0008,view,,1,36.94,2026-04-05 03:03:22+00:00,mobile,1.0,2026-04-05,3,sports,Orion,36.94,0.289,0.317,0.2816666666666666,0.0,0.35775335775335776
U0208,I0064,purchase,,1,28.05,2026-03-01 00:29:22+00:00,mobile,5.0,2026-03-01,0,sports,Nova,28.05,0.641,0.34500000000000003,0.19935185185185184,0.49507735583684953,0.391941391941392
U0080,I0078,view,,1,41.4,2026-04-14 05:59:22+00:00,mobile,1.0,2026-04-14,5,beauty,Pulse,41.4,0.875,0.403,0.32296296296296295,0.8241912798874823,0.46275946275946284
U0199,I0074,view,,1,19.52,2026-03-21 16:16:22+00:00,mobile,1.0,2026-03-21,16,electronics,Nova,19.52,0.645,0.212,0.12037037037037036,0.5007032348804501,0.22954822954822957
U0068,I0075,cart,,1,25.5,2026-05-01 16:25:22+00:00,mobile,3.0,2026-05-01,16,sports,ZenCo,25.5,0.7000000000000001,0.32,0.17574074074074075,0.5780590717299579,0.36141636141636146
U0049,I0044,view,,1,16.15,2026-02-15 23:55:22+00:00,mobile,1.0,2026-02-15,23,home,Aster,16.15,0.797,0.046,0.08916666666666666,0.7144866385372713,0.02686202686202686
U0126,I0067,view,,1,77.25,2026-04-11 04:45:22+00:00,mobile,1.0,2026-04-11,4,fashion,Nova,77.25,0.665,0.28700000000000003,0.6549074074074074,0.5288326300984529,0.3211233211233212
U0168,I0065,view,,1,45.15,2026-03-10 11:38:22+00:00,web,1.0,2026-03-10,11,fashion,Nova,45.15,0.521,0.28700000000000003,0.35768518518518516,0.3263009845288326,0.3211233211233212
U0081,I0002,view,,1,22.56,2026-04-26 18:16:22+00:00,mobile,1.0,2026-04-26,18,beauty,ZenCo,22.56,0.848,0.169,0.1485185185185185,0.7862165963431785,0.17704517704517708
U0131,I0038,purchase,,3,23.01,2026-03-21 13:17:22+00:00,web,5.0,2026-03-21,13,home,Nova,23.01,0.809,0.228,0.1526851851851852,0.731364275668073,0.2490842490842491
U0162,I0110,view,,1,26.64,2026-04-26 09:49:22+00:00,mobile,1.0,2026-04-26,9,sports,Aster,26.64,0.805,0.6900000000000001,0.1862962962962963,0.7257383966244725,0.8131868131868133
U0022,I0105,purchase,,1,20.28,2026-04-02 03:12:22+00:00,mobile,5.0,2026-04-02,3,books,Aster,20.28,0.837,0.151,0.1274074074074074,0.770745428973277,0.15506715506715507
U0071,I0030,view,,1,19.11,2026-04-05 01:12:22+00:00,web,1.0,2026-04-05,1,fashion,Orion,19.11,0.679,0.384,0.11657407407407407,0.5485232067510549,0.4395604395604396
U0107,I0025,purchase,,1,15.52,2026-03-28 06:05:22+00:00,web,5.0,2026-03-28,6,beauty,Nova,15.52,0.76,0.761,0.08333333333333333,0.6624472573839663,0.8998778998779
U0122,I0053,view,,1,18.65,2026-02-27 03:40:22+00:00,web,1.0,2026-02-27,3,books,Pulse,18.65,0.745,0.249,0.1123148148148148,0.6413502109704642,0.27472527472527475
U0093,I0109,purchase,,2,70.56,2026-04-03 02:27:22+00:00,mobile,5.0,2026-04-03,2,home,Aster,70.56,0.78,0.5680000000000001,0.5929629629629629,0.6905766526019691,0.6642246642246643
U0106,I0035,view,,1,26.96,2026-02-18 18:44:22+00:00,mobile,1.0,2026-02-18,18,books,Pulse,26.96,0.93,0.305,0.18925925925925924,0.9015471167369901,0.3431013431013431
U0010,I0108,view,,1,101.53,2026-04-23 02:23:22+00:00,web,1.0,2026-04-23,2,beauty,UrbanLeaf,101.53,0.485,0.212,0.8797222222222222,0.2756680731364276,0.22954822954822957
U0010,I0017,purchase,,2,25.29,2026-02-16 02:54:22+00:00,mobile,5.0,2026-02-16,2,beauty,UrbanLeaf,25.29,0.804,0.343,0.17379629629629628,0.7243319268635725,0.38949938949938956
U0103,I0062,cart,,1,23.59,2026-03-23 04:50:22+00:00,mobile,3.0,2026-03-23,4,beauty,ZenCo,23.59,0.8150000000000001,0.304,0.15805555555555556,0.739803094233474,0.3418803418803419
U0121,I0069,view,,1,41.22,2026-03-21 17:29:22+00:00,web,1.0,2026-03-21,17,books,UrbanLeaf,41.22,0.896,0.375,0.3212962962962963,0.8537271448663853,0.4285714285714286
U0074,I0060,view,,1,48.07,2026-04-30 17:28:22+00:00,web,1.0,2026-04-30,17,fashion,ZenCo,48.07,0.742,0.151,0.38472222222222224,0.6371308016877636,0.15506715506715507
U0185,I0050,view,,1,15.33,2026-02-13 06:31:22+00:00,web,1.0,2026-02-13,6,beauty,UrbanLeaf,15.33,0.7010000000000001,0.115,0.08157407407407406,0.579465541490858,0.11111111111111113
U0124,I0044,purchase,,1,16.15,2026-02-18 06:41:22+00:00,web,5.0,2026-02-18,6,home,Aster,16.15,0.797,0.046,0.08916666666666666,0.7144866385372713,0.02686202686202686
U0106,I0085,purchase,,1,64.61,2026-02-08 08:35:22+00:00,web,5.0,2026-02-08,8,electronics,UrbanLeaf,64.61,1.0,0.157,0.5378703703703703,0.9999999999999999,0.1623931623931624
U0236,I0051,rating,4.0,1,24.93,2026-02-24 00:54:22+00:00,web,4.0,2026-02-24,0,fashion,Pulse,24.93,0.607,0.373,0.17046296296296293,0.4472573839662447,0.42612942612942617
U0154,I0118,purchase,,1,24.81,2026-02-28 23:19:22+00:00,web,5.0,2026-02-28,23,books,Nova,24.81,1.0,0.20500000000000002,0.1693518518518518,0.9999999999999999,0.22100122100122105
U0190,I0081,cart,,1,60.65,2026-04-22 05:07:22+00:00,mobile,3.0,2026-04-22,5,home,Orion,60.65,0.7010000000000001,0.10300000000000001,0.5012037037037036,0.579465541490858,0.09645909645909648
U0051,I0043,view,,1,34.18,2026-02-13 12:03:22+00:00,web,1.0,2026-02-13,12,electronics,Aster,34.18,0.937,0.405,0.2561111111111111,0.9113924050632912,0.46520146520146527
U0057,I0008,view,,1,36.94,2026-02-19 02:13:22+00:00,mobile,1.0,2026-02-19,2,sports,Orion,36.94,0.289,0.317,0.2816666666666666,0.0,0.35775335775335776
U0057,I0089,view,,1,40.79,2026-03-09 19:52:22+00:00,mobile,1.0,2026-03-09,19,sports,Pulse,40.79,0.627,0.22,0.3173148148148148,0.47538677918424754,0.23931623931623935
U0110,I0042,view,,1,34.64,2026-04-19 17:11:22+00:00,web,1.0,2026-04-19,17,home,Nova,34.64,0.5740000000000001,0.15,0.26037037037037036,0.4008438818565402,0.15384615384615385
U0075,I0057,view,,1,46.42,2026-04-24 01:15:22+00:00,web,1.0,2026-04-24,1,beauty,Orion,46.42,0.791,0.304,0.36944444444444446,0.7060478199718706,0.3418803418803419
U0221,I0071,view,,1,31.77,2026-05-02 02:42:22+00:00,mobile,1.0,2026-05-02,2,electronics,ZenCo,31.77,0.595,0.32,0.23379629629629628,0.430379746835443,0.36141636141636146
U0018,I0016,view,,1,41.84,2026-03-10 21:36:22+00:00,web,1.0,2026-03-10,21,home,Aster,41.84,0.916,0.26,0.32703703703703707,0.8818565400843882,0.2881562881562882
U0114,I0113,view,,1,36.16,2026-03-09 16:37:22+00:00,mobile,1.0,2026-03-09,16,sports,Nova,36.16,0.528,0.402,0.27444444444444444,0.33614627285513365,0.4615384615384616
U0125,I0053,view,,1,18.65,2026-04-17 08:01:22+00:00,web,1.0,2026-04-17,8,books,Pulse,18.65,0.745,0.249,0.1123148148148148,0.6413502109704642,0.27472527472527475
U0139,I0090,purchase,,1,12.85,2026-05-01 02:29:22+00:00,web,5.0,2026-05-01,2,home,Orion,12.85,0.41200000000000003,0.123,0.0586111111111111,0.1729957805907174,0.1208791208791209
U0068,I0082,view,,1,27.22,2026-04-10 19:44:22+00:00,mobile,1.0,2026-04-10,19,home,Nova,27.22,0.41300000000000003,0.363,0.19166666666666665,0.1744022503516175,0.41391941391941395
U0023,I0101,view,,1,48.0,2026-04-03 08:37:22+00:00,mobile,1.0,2026-04-03,8,electronics,UrbanLeaf,48.0,0.773,0.338,0.38407407407407407,0.6807313642756679,0.3833943833943835
U0053,I0104,rating,4.0,1,41.88,2026-04-03 19:23:22+00:00,mobile,4.0,2026-04-03,19,electronics,Aster,41.88,0.799,0.487,0.3274074074074074,0.7172995780590717,0.5653235653235653
U0013,I0005,purchase,,1,20.52,2026-02-08 15:35:22+00:00,web,5.0,2026-02-08,15,home,ZenCo,20.52,0.669,0.275,0.1296296296296296,0.5344585091420535,0.3064713064713065
U0076,I0108,rating,4.0,1,101.53,2026-02-09 20:51:22+00:00,mobile,4.0,2026-02-09,20,beauty,UrbanLeaf,101.53,0.485,0.212,0.8797222222222222,0.2756680731364276,0.22954822954822957
U0002,I0029,rating,4.0,1,83.41,2026-03-23 20:45:22+00:00,web,4.0,2026-03-23,20,home,Orion,83.41,1.0,0.71,0.7119444444444444,0.9999999999999999,0.8376068376068376
U0168,I0073,view,,1,25.28,2026-03-21 16:50:22+00:00,web,1.0,2026-03-21,16,electronics,Pulse,25.28,0.545,0.116,0.1737037037037037,0.360056258790436,0.11233211233211235
U0005,I0108,cart,,1,101.53,2026-02-06 02:42:22+00:00,mobile,3.0,2026-02-06,2,beauty,UrbanLeaf,101.53,0.485,0.212,0.8797222222222222,0.2756680731364276,0.22954822954822957
U0178,I0120,rating,5.0,1,26.42,2026-02-22 06:37:22+00:00,web,5.0,2026-02-22,6,electronics,Nova,26.42,0.501,0.108,0.1842592592592593,0.29817158931082977,0.10256410256410256
U0143,I0036,view,,1,74.72,2026-04-09 02:57:22+00:00,web,1.0,2026-04-09,2,fashion,Orion,74.72,0.598,0.393,0.6314814814814814,0.43459915611814337,0.4505494505494506
U0108,I0035,rating,4.0,1,26.96,2026-04-26 10:34:22+00:00,web,4.0,2026-04-26,10,books,Pulse,26.96,0.93,0.305,0.18925925925925924,0.9015471167369901,0.3431013431013431
U0219,I0077,view,,1,43.74,2026-03-13 06:53:22+00:00,mobile,1.0,2026-03-13,6,home,Orion,43.74,0.756,0.41600000000000004,0.3446296296296296,0.6568213783403657,0.4786324786324787
U0189,I0104,cart,,1,41.88,2026-03-13 01:06:22+00:00,mobile,3.0,2026-03-13,1,electronics,Aster,41.88,0.799,0.487,0.3274074074074074,0.7172995780590717,0.5653235653235653
U0153,I0016,view,,1,41.84,2026-03-12 17:18:22+00:00,mobile,1.0,2026-03-12,17,home,Aster,41.84,0.916,0.26,0.32703703703703707,0.8818565400843882,0.2881562881562882
U0009,I0119,cart,,1,34.0,2026-02-05 02:49:22+00:00,mobile,3.0,2026-02-05,2,beauty,Pulse,34.0,0.9460000000000001,0.10400000000000001,0.2544444444444444,0.9240506329113923,0.0976800976800977
U0099,I0112,view,,1,53.68,2026-04-10 08:20:22+00:00,mobile,1.0,2026-04-10,8,fashion,Pulse,53.68,0.342,0.187,0.43666666666666665,0.07454289732770752,0.19902319902319904
U0109,I0078,view,,1,41.4,2026-04-17 07:47:22+00:00,mobile,1.0,2026-04-17,7,beauty,Pulse,41.4,0.875,0.403,0.32296296296296295,0.8241912798874823,0.46275946275946284
U0181,I0042,purchase,,2,34.64,2026-04-30 22:47:22+00:00,web,5.0,2026-04-30,22,home,Nova,34.64,0.5740000000000001,0.15,0.26037037037037036,0.4008438818565402,0.15384615384615385
U0121,I0079,view,,1,55.92,2026-03-22 03:12:22+00:00,mobile,1.0,2026-03-22,3,home,Aster,55.92,0.534,0.374,0.45740740740740743,0.3445850914205345,0.4273504273504274
U0051,I0120,rating,4.0,1,26.42,2026-04-17 00:21:22+00:00,mobile,4.0,2026-04-17,0,electronics,Nova,26.42,0.501,0.108,0.1842592592592593,0.29817158931082977,0.10256410256410256
U0025,I0023,purchase,,1,51.99,2026-04-23 02:50:22+00:00,web,5.0,2026-04-23,2,fashion,Pulse,51.99,0.717,0.455,0.4210185185185185,0.6019690576652602,0.5262515262515263
U0146,I0063,cart,,1,17.91,2026-02-07 22:07:22+00:00,web,3.0,2026-02-07,22,beauty,Nova,17.91,0.875,0.47300000000000003,0.10546296296296297,0.8241912798874823,0.5482295482295483
U0206,I0065,view,,1,45.15,2026-04-05 22:55:22+00:00,web,1.0,2026-04-05,22,fashion,Nova,45.15,0.521,0.28700000000000003,0.35768518518518516,0.3263009845288326,0.3211233211233212
U0028,I0097,view,,1,42.6,2026-04-29 00:15:22+00:00,mobile,1.0,2026-04-29,0,fashion,ZenCo,42.6,0.549,0.041,0.3340740740740741,0.3656821378340366,0.020757020757020763
U0001,I0102,view,,1,45.37,2026-03-30 03:20:22+00:00,mobile,1.0,2026-03-30,3,electronics,UrbanLeaf,45.37,0.5690000000000001,0.498,0.3597222222222222,0.3938115330520394,0.5787545787545788
U0163,I0037,view,,1,17.51,2026-03-23 10:51:22+00:00,mobile,1.0,2026-03-23,10,sports,ZenCo,17.51,0.519,0.554,0.10175925925925926,0.3234880450070323,0.6471306471306473
U0151,I0110,view,,1,26.64,2026-02-02 15:45:22+00:00,web,1.0,2026-02-02,15,sports,Aster,26.64,0.805,0.6900000000000001,0.1862962962962963,0.7257383966244725,0.8131868131868133
U0215,I0038,cart,,1,23.01,2026-03-03 05:00:22+00:00,web,3.0,2026-03-03,5,home,Nova,23.01,0.809,0.228,0.1526851851851852,0.731364275668073,0.2490842490842491
U0159,I0048,view,,1,22.53,2026-04-11 01:19:22+00:00,web,1.0,2026-04-11,1,books,Nova,22.53,0.897,0.2,0.14824074074074073,0.8551336146272855,0.2148962148962149
U0216,I0106,view,,1,26.93,2026-03-23 11:06:22+00:00,web,1.0,2026-03-23,11,sports,Nova,26.93,0.41400000000000003,0.40700000000000003,0.18898148148148147,0.1758087201125177,0.4676434676434677
U0027,I0058,view,,1,18.03,2026-02-02 13:36:22+00:00,mobile,1.0,2026-02-02,13,home,UrbanLeaf,18.03,0.771,0.47300000000000003,0.10657407407407408,0.6779184247538678,0.5482295482295483
U0113,I0082,view,,1,27.22,2026-04-27 13:18:22+00:00,mobile,1.0,2026-04-27,13,home,Nova,27.22,0.41300000000000003,0.363,0.19166666666666665,0.1744022503516175,0.41391941391941395
U0055,I0019,purchase,,1,35.63,2026-03-28 00:04:22+00:00,mobile,5.0,2026-03-28,0,beauty,UrbanLeaf,35.63,0.65,0.368,0.2695370370370371,0.5077355836849508,0.42002442002442003
U0181,I0080,view,,1,16.0,2026-03-15 06:52:22+00:00,web,1.0,2026-03-15,6,home,Nova,16.0,0.681,0.432,0.08777777777777777,0.5513361462728552,0.4981684981684982
U0037,I0030,cart,,1,19.11,2026-03-12 14:51:22+00:00,mobile,3.0,2026-03-12,14,fashion,Orion,19.11,0.679,0.384,0.11657407407407407,0.5485232067510549,0.4395604395604396
U0164,I0094,view,,1,20.46,2026-04-08 07:34:22+00:00,mobile,1.0,2026-04-08,7,sports,Pulse,20.46,0.762,0.843,0.12907407407407406,0.6652601969057664,1.0000000000000002
U0117,I0003,purchase,,1,12.56,2026-02-15 13:33:22+00:00,mobile,5.0,2026-02-15,13,home,Pulse,12.56,0.686,0.39,0.055925925925925934,0.5583684950773559,0.4468864468864469
U0041,I0015,view,,1,19.27,2026-03-29 04:39:22+00:00,mobile,1.0,2026-03-29,4,electronics,Orion,19.27,0.914,0.342,0.11805555555555554,0.8790436005625878,0.38827838827838834
U0219,I0051,view,,1,24.93,2026-03-14 17:50:22+00:00,mobile,1.0,2026-03-14,17,fashion,Pulse,24.93,0.607,0.373,0.17046296296296293,0.4472573839662447,0.42612942612942617
U0113,I0109,purchase,,1,70.56,2026-02-02 21:18:22+00:00,web,5.0,2026-02-02,21,home,Aster,70.56,0.78,0.5680000000000001,0.5929629629629629,0.6905766526019691,0.6642246642246643
U0058,I0064,view,,1,28.05,2026-02-23 02:20:22+00:00,web,1.0,2026-02-23,2,sports,Nova,28.05,0.641,0.34500000000000003,0.19935185185185184,0.49507735583684953,0.391941391941392
U0228,I0099,purchase,,2,19.36,2026-03-01 06:02:22+00:00,web,5.0,2026-03-01,6,fashion,ZenCo,19.36,0.81,0.17,0.11888888888888889,0.7327707454289732,0.1782661782661783
U0177,I0108,view,,1,101.53,2026-02-13 15:15:22+00:00,web,1.0,2026-02-13,15,beauty,UrbanLeaf,101.53,0.485,0.212,0.8797222222222222,0.2756680731364276,0.22954822954822957
U0129,I0091,cart,,1,42.99,2026-04-25 15:40:22+00:00,mobile,3.0,2026-04-25,15,beauty,ZenCo,42.99,0.592,0.222,0.3376851851851852,0.4261603375527425,0.2417582417582418
U0056,I0116,view,,1,59.11,2026-02-25 07:31:22+00:00,web,1.0,2026-02-25,7,electronics,Aster,59.11,0.622,0.58,0.48694444444444446,0.4683544303797468,0.6788766788766789
U0156,I0111,cart,,1,114.52,2026-03-29 07:47:22+00:00,web,3.0,2026-03-29,7,books,Nova,114.52,0.649,0.314,0.9999999999999998,0.5063291139240507,0.3540903540903541
U0093,I0097,rating,2.0,1,42.6,2026-04-03 00:02:22+00:00,web,2.0,2026-04-03,0,fashion,ZenCo,42.6,0.549,0.041,0.3340740740740741,0.3656821378340366,0.020757020757020763
U0233,I0059,view,,1,24.91,2026-02-12 01:40:22+00:00,mobile,1.0,2026-02-12,1,books,Pulse,24.91,0.758,0.376,0.17027777777777775,0.6596343178621659,0.4297924297924298
U0180,I0023,view,,1,51.99,2026-02-19 02:12:22+00:00,mobile,1.0,2026-02-19,2,fashion,Pulse,51.99,0.717,0.455,0.4210185185185185,0.6019690576652602,0.5262515262515263
U0215,I0109,cart,,1,70.56,2026-03-30 16:04:22+00:00,web,3.0,2026-03-30,16,home,Aster,70.56,0.78,0.5680000000000001,0.5929629629629629,0.6905766526019691,0.6642246642246643
U0081,I0107,rating,2.0,1,14.01,2026-03-03 00:12:22+00:00,mobile,2.0,2026-03-03,0,electronics,Orion,14.01,0.914,0.24,0.06935185185185185,0.8790436005625878,0.26373626373626374
U0042,I0073,view,,1,25.28,2026-02-09 20:12:22+00:00,mobile,1.0,2026-02-09,20,electronics,Pulse,25.28,0.545,0.116,0.1737037037037037,0.360056258790436,0.11233211233211235
U0063,I0019,purchase,,3,35.63,2026-02-17 06:26:22+00:00,mobile,5.0,2026-02-17,6,beauty,UrbanLeaf,35.63,0.65,0.368,0.2695370370370371,0.5077355836849508,0.42002442002442003
U0199,I0014,view,,1,30.5,2026-03-10 14:41:22+00:00,mobile,1.0,2026-03-10,14,electronics,ZenCo,30.5,0.544,0.221,0.22203703703703703,0.3586497890295359,0.24053724053724057
U0153,I0076,purchase,,1,36.2,2026-04-24 06:41:22+00:00,web,5.0,2026-04-24,6,books,Pulse,36.2,0.8180000000000001,0.057,0.27481481481481485,0.7440225035161744,0.04029304029304029
U0152,I0018,view,,1,34.0,2026-02-13 22:56:22+00:00,mobile,1.0,2026-02-13,22,books,Nova,34.0,0.517,0.384,0.2544444444444444,0.32067510548523204,0.4395604395604396
U0210,I0055,view,,1,14.43,2026-04-17 04:14:22+00:00,web,1.0,2026-04-17,4,books,Aster,14.43,0.875,0.322,0.07324074074074073,0.8241912798874823,0.3638583638583639
U0079,I0049,purchase,,1,10.95,2026-02-26 06:02:22+00:00,web,5.0,2026-02-26,6,books,UrbanLeaf,10.95,0.716,0.125,0.04101851851851851,0.60056258790436,0.12332112332112333
U0214,I0109,purchase,,1,70.56,2026-03-26 23:58:22+00:00,web,5.0,2026-03-26,23,home,Aster,70.56,0.78,0.5680000000000001,0.5929629629629629,0.6905766526019691,0.6642246642246643
U0129,I0029,view,,1,83.41,2026-04-09 07:27:22+00:00,mobile,1.0,2026-04-09,7,home,Orion,83.41,1.0,0.71,0.7119444444444444,0.9999999999999999,0.8376068376068376
U0174,I0086,cart,,1,33.96,2026-04-09 20:46:22+00:00,web,3.0,2026-04-09,20,books,Aster,33.96,0.299,0.062,0.25407407407407406,0.01406469760900142,0.0463980463980464
U0082,I0054,rating,4.0,1,35.21,2026-02-16 22:41:22+00:00,mobile,4.0,2026-02-16,22,beauty,UrbanLeaf,35.21,0.667,0.323,0.26564814814814813,0.5316455696202532,0.3650793650793651
U0038,I0066,purchase,,1,22.7,2026-04-29 07:08:22+00:00,web,5.0,2026-04-29,7,sports,UrbanLeaf,22.7,0.8230000000000001,0.216,0.1498148148148148,0.7510548523206751,0.23443223443223443
U0035,I0085,view,,1,64.61,2026-03-25 23:45:22+00:00,web,1.0,2026-03-25,23,electronics,UrbanLeaf,64.61,1.0,0.157,0.5378703703703703,0.9999999999999999,0.1623931623931624
U0212,I0073,view,,1,25.28,2026-04-01 21:15:22+00:00,mobile,1.0,2026-04-01,21,electronics,Pulse,25.28,0.545,0.116,0.1737037037037037,0.360056258790436,0.11233211233211235
U0159,I0096,view,,1,36.87,2026-04-25 01:40:22+00:00,mobile,1.0,2026-04-25,1,home,UrbanLeaf,36.87,0.675,0.17,0.2810185185185185,0.5428973277074544,0.1782661782661783
U0207,I0002,purchase,,1,22.56,2026-02-12 11:03:22+00:00,web,5.0,2026-02-12,11,beauty,ZenCo,22.56,0.848,0.169,0.1485185185185185,0.7862165963431785,0.17704517704517708
U0108,I0040,purchase,,1,56.71,2026-02-23 17:19:22+00:00,mobile,5.0,2026-02-23,17,books,Orion,56.71,0.612,0.625,0.4647222222222222,0.45428973277074536,0.7338217338217339
U0207,I0091,view,,1,42.99,2026-02-25 01:15:22+00:00,web,1.0,2026-02-25,1,beauty,ZenCo,42.99,0.592,0.222,0.3376851851851852,0.4261603375527425,0.2417582417582418
U0223,I0119,view,,1,34.0,2026-03-19 08:15:22+00:00,mobile,1.0,2026-03-19,8,beauty,Pulse,34.0,0.9460000000000001,0.10400000000000001,0.2544444444444444,0.9240506329113923,0.0976800976800977
U0230,I0051,view,,1,24.93,2026-02-26 15:21:22+00:00,web,1.0,2026-02-26,15,fashion,Pulse,24.93,0.607,0.373,0.17046296296296293,0.4472573839662447,0.42612942612942617
U0078,I0101,view,,1,48.0,2026-04-26 22:40:22+00:00,web,1.0,2026-04-26,22,electronics,UrbanLeaf,48.0,0.773,0.338,0.38407407407407407,0.6807313642756679,0.3833943833943835
U0214,I0051,view,,1,24.93,2026-04-24 08:57:22+00:00,web,1.0,2026-04-24,8,fashion,Pulse,24.93,0.607,0.373,0.17046296296296293,0.4472573839662447,0.42612942612942617
U0176,I0059,view,,1,24.91,2026-02-09 21:37:22+00:00,mobile,1.0,2026-02-09,21,books,Pulse,24.91,0.758,0.376,0.17027777777777775,0.6596343178621659,0.4297924297924298
U0231,I0052,view,,1,30.37,2026-03-08 10:26:22+00:00,mobile,1.0,2026-03-08,10,beauty,Nova,30.37,0.934,0.362,0.22083333333333333,0.9071729957805906,0.41269841269841273
U0202,I0074,view,,1,19.52,2026-03-27 01:41:22+00:00,mobile,1.0,2026-03-27,1,electronics,Nova,19.52,0.645,0.212,0.12037037037037036,0.5007032348804501,0.22954822954822957
U0004,I0099,purchase,,1,19.36,2026-03-14 17:25:22+00:00,mobile,5.0,2026-03-14,17,fashion,ZenCo,19.36,0.81,0.17,0.11888888888888889,0.7327707454289732,0.1782661782661783
U0054,I0058,view,,1,18.03,2026-04-21 14:50:22+00:00,mobile,1.0,2026-04-21,14,home,UrbanLeaf,18.03,0.771,0.47300000000000003,0.10657407407407408,0.6779184247538678,0.5482295482295483
U0046,I0027,cart,,1,58.32,2026-02-11 14:41:22+00:00,mobile,3.0,2026-02-11,14,sports,Orion,58.32,0.791,0.039,0.4796296296296296,0.7060478199718706,0.018315018315018316
U0099,I0023,view,,1,51.99,2026-02-10 17:37:22+00:00,mobile,1.0,2026-02-10,17,fashion,Pulse,51.99,0.717,0.455,0.4210185185185185,0.6019690576652602,0.5262515262515263
U0052,I0079,view,,1,55.92,2026-04-28 23:44:22+00:00,web,1.0,2026-04-28,23,home,Aster,55.92,0.534,0.374,0.45740740740740743,0.3445850914205345,0.4273504273504274
U0188,I0035,cart,,1,26.96,2026-02-10 06:44:22+00:00,web,3.0,2026-02-10,6,books,Pulse,26.96,0.93,0.305,0.18925925925925924,0.9015471167369901,0.3431013431013431
U0041,I0074,cart,,1,19.52,2026-04-29 04:53:22+00:00,mobile,3.0,2026-04-29,4,electronics,Nova,19.52,0.645,0.212,0.12037037037037036,0.5007032348804501,0.22954822954822957
U0097,I0119,cart,,1,34.0,2026-02-24 22:50:22+00:00,web,3.0,2026-02-24,22,beauty,Pulse,34.0,0.9460000000000001,0.10400000000000001,0.2544444444444444,0.9240506329113923,0.0976800976800977
U0003,I0055,cart,,1,14.43,2026-04-12 20:18:22+00:00,mobile,3.0,2026-04-12,20,books,Aster,14.43,0.875,0.322,0.07324074074074073,0.8241912798874823,0.3638583638583639
U0138,I0010,view,,1,50.12,2026-03-10 00:12:22+00:00,web,1.0,2026-03-10,0,electronics,Pulse,50.12,0.591,0.252,0.4037037037037037,0.42475386779184243,0.2783882783882784
U0237,I0018,rating,3.0,1,34.0,2026-03-04 07:29:22+00:00,web,3.0,2026-03-04,7,books,Nova,34.0,0.517,0.384,0.2544444444444444,0.32067510548523204,0.4395604395604396
U0226,I0056,view,,1,21.96,2026-03-07 22:54:22+00:00,web,1.0,2026-03-07,22,books,Nova,21.96,0.606,0.146,0.14296296296296296,0.4458509142053445,0.14896214896214896
U0139,I0063,purchase,,2,17.91,2026-02-12 04:19:22+00:00,mobile,5.0,2026-02-12,4,beauty,Nova,17.91,0.875,0.47300000000000003,0.10546296296296297,0.8241912798874823,0.5482295482295483
U0089,I0022,purchase,,1,23.73,2026-03-17 11:45:22+00:00,web,5.0,2026-03-17,11,fashion,Orion,23.73,0.511,0.524,0.15935185185185186,0.3122362869198312,0.6105006105006106
U0022,I0005,view,,1,20.52,2026-03-23 06:11:22+00:00,mobile,1.0,2026-03-23,6,home,ZenCo,20.52,0.669,0.275,0.1296296296296296,0.5344585091420535,0.3064713064713065
U0117,I0115,view,,1,29.97,2026-03-27 03:35:22+00:00,web,1.0,2026-03-27,3,beauty,Nova,29.97,0.788,0.161,0.21712962962962962,0.7018284106891702,0.1672771672771673
U0170,I0097,purchase,,1,42.6,2026-02-14 00:35:22+00:00,mobile,5.0,2026-02-14,0,fashion,ZenCo,42.6,0.549,0.041,0.3340740740740741,0.3656821378340366,0.020757020757020763
U0163,I0011,view,,1,15.55,2026-02-21 00:54:22+00:00,mobile,1.0,2026-02-21,0,sports,UrbanLeaf,15.55,0.673,0.613,0.08361111111111112,0.5400843881856541,0.7191697191697192
U0059,I0092,purchase,,2,16.23,2026-03-25 02:45:22+00:00,web,5.0,2026-03-25,2,beauty,ZenCo,16.23,0.8140000000000001,0.035,0.0899074074074074,0.7383966244725738,0.013431013431013435
U0091,I0070,view,,1,26.73,2026-02-09 06:37:22+00:00,web,1.0,2026-02-09,6,home,Nova,26.73,0.365,0.634,0.18712962962962965,0.10689170182841068,0.7448107448107448
U0170,I0059,view,,1,24.91,2026-04-03 03:16:22+00:00,mobile,1.0,2026-04-03,3,books,Pulse,24.91,0.758,0.376,0.17027777777777775,0.6596343178621659,0.4297924297924298
U0226,I0096,cart,,1,36.87,2026-03-19 19:56:22+00:00,web,3.0,2026-03-19,19,home,UrbanLeaf,36.87,0.675,0.17,0.2810185185185185,0.5428973277074544,0.1782661782661783
U0137,I0054,cart,,1,35.21,2026-04-01 12:16:22+00:00,web,3.0,2026-04-01,12,beauty,UrbanLeaf,35.21,0.667,0.323,0.26564814814814813,0.5316455696202532,0.3650793650793651
U0004,I0083,view,,1,17.83,2026-02-11 15:03:22+00:00,web,1.0,2026-02-11,15,sports,Aster,17.83,0.483,0.085,0.1047222222222222,0.2728551336146273,0.0744810744810745
U0155,I0025,rating,5.0,1,15.52,2026-03-07 14:41:22+00:00,web,5.0,2026-03-07,14,beauty,Nova,15.52,0.76,0.761,0.08333333333333333,0.6624472573839663,0.8998778998779
U0111,I0001,view,,1,31.44,2026-02-21 11:28:22+00:00,web,1.0,2026-02-21,11,home,Aster,31.44,0.778,0.255,0.23074074074074075,0.6877637130801687,0.28205128205128205
U0156,I0025,purchase,,1,15.52,2026-03-27 04:28:22+00:00,web,5.0,2026-03-27,4,beauty,Nova,15.52,0.76,0.761,0.08333333333333333,0.6624472573839663,0.8998778998779
U0130,I0108,cart,,1,101.53,2026-04-12 00:23:22+00:00,web,3.0,2026-04-12,0,beauty,UrbanLeaf,101.53,0.485,0.212,0.8797222222222222,0.2756680731364276,0.22954822954822957
U0009,I0021,rating,4.0,1,19.0,2026-02-24 04:09:22+00:00,mobile,4.0,2026-02-24,4,beauty,UrbanLeaf,19.0,0.844,0.467,0.11555555555555556,0.780590717299578,0.540903540903541
U0085,I0021,rating,5.0,1,19.0,2026-02-21 13:06:22+00:00,mobile,5.0,2026-02-21,13,beauty,UrbanLeaf,19.0,0.844,0.467,0.11555555555555556,0.780590717299578,0.540903540903541
U0218,I0109,cart,,1,70.56,2026-03-21 04:28:22+00:00,mobile,3.0,2026-03-21,4,home,Aster,70.56,0.78,0.5680000000000001,0.5929629629629629,0.6905766526019691,0.6642246642246643
U0026,I0079,cart,,1,55.92,2026-02-08 15:42:22+00:00,mobile,3.0,2026-02-08,15,home,Aster,55.92,0.534,0.374,0.45740740740740743,0.3445850914205345,0.4273504273504274
U0165,I0069,rating,4.0,1,41.22,2026-03-16 05:56:22+00:00,web,4.0,2026-03-16,5,books,UrbanLeaf,41.22,0.896,0.375,0.3212962962962963,0.8537271448663853,0.4285714285714286
U0149,I0027,purchase,,1,58.32,2026-02-19 03:20:22+00:00,mobile,5.0,2026-02-19,3,sports,Orion,58.32,0.791,0.039,0.4796296296296296,0.7060478199718706,0.018315018315018316
U0174,I0072,view,,1,21.99,2026-02-11 01:06:22+00:00,web,1.0,2026-02-11,1,electronics,Pulse,21.99,1.0,0.748,0.14324074074074072,0.9999999999999999,0.8840048840048841
U0064,I0045,rating,5.0,1,27.1,2026-04-18 01:17:22+00:00,mobile,5.0,2026-04-18,1,beauty,ZenCo,27.1,0.927,0.165,0.1905555555555556,0.8973277074542897,0.1721611721611722
U0020,I0063,view,,1,17.91,2026-03-29 00:06:22+00:00,web,1.0,2026-03-29,0,beauty,Nova,17.91,0.875,0.47300000000000003,0.10546296296296297,0.8241912798874823,0.5482295482295483
U0240,I0044,cart,,1,16.15,2026-02-18 20:13:22+00:00,mobile,3.0,2026-02-18,20,home,Aster,16.15,0.797,0.046,0.08916666666666666,0.7144866385372713,0.02686202686202686
U0084,I0015,view,,1,19.27,2026-05-02 05:56:22+00:00,web,1.0,2026-05-02,5,electronics,Orion,19.27,0.914,0.342,0.11805555555555554,0.8790436005625878,0.38827838827838834
U0232,I0021,view,,1,19.0,2026-03-22 21:39:22+00:00,web,1.0,2026-03-22,21,beauty,UrbanLeaf,19.0,0.844,0.467,0.11555555555555556,0.780590717299578,0.540903540903541
U0014,I0073,view,,1,25.28,2026-04-14 14:32:22+00:00,mobile,1.0,2026-04-14,14,electronics,Pulse,25.28,0.545,0.116,0.1737037037037037,0.360056258790436,0.11233211233211235
U0205,I0107,view,,1,14.01,2026-04-04 22:01:22+00:00,mobile,1.0,2026-04-04,22,electronics,Orion,14.01,0.914,0.24,0.06935185185185185,0.8790436005625878,0.26373626373626374
U0072,I0005,rating,5.0,1,20.52,2026-03-18 18:30:22+00:00,web,5.0,2026-03-18,18,home,ZenCo,20.52,0.669,0.275,0.1296296296296296,0.5344585091420535,0.3064713064713065
U0058,I0066,purchase,,3,22.7,2026-04-04 19:35:22+00:00,mobile,5.0,2026-04-04,19,sports,UrbanLeaf,22.7,0.8230000000000001,0.216,0.1498148148148148,0.7510548523206751,0.23443223443223443
U0180,I0099,purchase,,1,19.36,2026-04-30 18:27:22+00:00,web,5.0,2026-04-30,18,fashion,ZenCo,19.36,0.81,0.17,0.11888888888888889,0.7327707454289732,0.1782661782661783
U0066,I0023,purchase,,1,51.99,2026-04-11 21:38:22+00:00,mobile,5.0,2026-04-11,21,fashion,Pulse,51.99,0.717,0.455,0.4210185185185185,0.6019690576652602,0.5262515262515263
U0103,I0084,cart,,1,27.83,2026-03-16 04:14:22+00:00,web,3.0,2026-03-16,4,books,ZenCo,27.83,0.8260000000000001,0.037,0.19731481481481478,0.7552742616033755,0.01587301587301587
U0129,I0070,cart,,1,26.73,2026-05-03 00:28:22+00:00,web,3.0,2026-05-03,0,home,Nova,26.73,0.365,0.634,0.18712962962962965,0.10689170182841068,0.7448107448107448
U0046,I0088,view,,1,30.05,2026-03-23 11:37:22+00:00,web,1.0,2026-03-23,11,beauty,ZenCo,30.05,0.594,0.149,0.21787037037037038,0.4289732770745428,0.15262515262515264
U0154,I0053,purchase,,1,18.65,2026-03-08 04:13:22+00:00,mobile,5.0,2026-03-08,4,books,Pulse,18.65,0.745,0.249,0.1123148148148148,0.6413502109704642,0.27472527472527475
U0016,I0115,view,,1,29.97,2026-04-09 03:09:22+00:00,web,1.0,2026-04-09,3,beauty,Nova,29.97,0.788,0.161,0.21712962962962962,0.7018284106891702,0.1672771672771673
U0226,I0069,view,,1,41.22,2026-03-09 07:45:22+00:00,web,1.0,2026-03-09,7,books,UrbanLeaf,41.22,0.896,0.375,0.3212962962962963,0.8537271448663853,0.4285714285714286
U0069,I0067,view,,1,77.25,2026-03-14 22:39:22+00:00,web,1.0,2026-03-14,22,fashion,Nova,77.25,0.665,0.28700000000000003,0.6549074074074074,0.5288326300984529,0.3211233211233212
U0041,I0039,view,,1,14.55,2026-02-22 04:00:22+00:00,mobile,1.0,2026-02-22,4,electronics,ZenCo,14.55,0.483,0.47100000000000003,0.07435185185185185,0.2728551336146273,0.5457875457875458
U0007,I0033,view,,1,24.72,2026-02-24 12:44:22+00:00,mobile,1.0,2026-02-24,12,books,Orion,24.72,0.727,0.5650000000000001,0.1685185185185185,0.6160337552742615,0.6605616605616607
U0233,I0033,view,,1,24.72,2026-03-19 07:30:22+00:00,mobile,1.0,2026-03-19,7,books,Orion,24.72,0.727,0.5650000000000001,0.1685185185185185,0.6160337552742615,0.6605616605616607
U0032,I0001,view,,1,31.44,2026-04-11 17:20:22+00:00,mobile,1.0,2026-04-11,17,home,Aster,31.44,0.778,0.255,0.23074074074074075,0.6877637130801687,0.28205128205128205
U0030,I0101,view,,1,48.0,2026-03-20 16:46:22+00:00,web,1.0,2026-03-20,16,electronics,UrbanLeaf,48.0,0.773,0.338,0.38407407407407407,0.6807313642756679,0.3833943833943835
U0128,I0047,purchase,,2,36.67,2026-05-02 05:05:22+00:00,mobile,5.0,2026-05-02,5,home,Aster,36.67,0.966,0.395,0.2791666666666667,0.9521800281293952,0.45299145299145305
U0068,I0053,view,,1,18.65,2026-03-09 05:49:22+00:00,web,1.0,2026-03-09,5,books,Pulse,18.65,0.745,0.249,0.1123148148148148,0.6413502109704642,0.27472527472527475
U0146,I0117,view,,1,42.8,2026-02-18 23:53:22+00:00,web,1.0,2026-02-18,23,electronics,Pulse,42.8,0.8160000000000001,0.231,0.3359259259259259,0.7412095639943742,0.2527472527472528
U0047,I0041,view,,1,35.48,2026-03-17 06:54:22+00:00,mobile,1.0,2026-03-17,6,fashion,UrbanLeaf,35.48,0.656,0.211,0.26814814814814814,0.5161744022503516,0.22832722832722835
U0188,I0049,view,,1,10.95,2026-03-12 20:46:22+00:00,web,1.0,2026-03-12,20,books,UrbanLeaf,10.95,0.716,0.125,0.04101851851851851,0.60056258790436,0.12332112332112333
U0002,I0110,view,,1,26.64,2026-03-13 18:54:22+00:00,web,1.0,2026-03-13,18,sports,Aster,26.64,0.805,0.6900000000000001,0.1862962962962963,0.7257383966244725,0.8131868131868133
U0186,I0111,rating,3.0,1,114.52,2026-03-04 20:38:22+00:00,web,3.0,2026-03-04,20,books,Nova,114.52,0.649,0.314,0.9999999999999998,0.5063291139240507,0.3540903540903541
U0123,I0016,view,,1,41.84,2026-03-08 14:02:22+00:00,web,1.0,2026-03-08,14,home,Aster,41.84,0.916,0.26,0.32703703703703707,0.8818565400843882,0.2881562881562882
U0014,I0030,cart,,1,19.11,2026-03-25 15:03:22+00:00,mobile,3.0,2026-03-25,15,fashion,Orion,19.11,0.679,0.384,0.11657407407407407,0.5485232067510549,0.4395604395604396
U0032,I0081,rating,3.0,1,60.65,2026-04-29 10:06:22+00:00,web,3.0,2026-04-29,10,home,Orion,60.65,0.7010000000000001,0.10300000000000001,0.5012037037037036,0.579465541490858,0.09645909645909648
U0228,I0065,view,,1,45.15,2026-03-03 06:02:22+00:00,web,1.0,2026-03-03,6,fashion,Nova,45.15,0.521,0.28700000000000003,0.35768518518518516,0.3263009845288326,0.3211233211233212
U0114,I0015,view,,1,19.27,2026-03-08 16:23:22+00:00,web,1.0,2026-03-08,16,electronics,Orion,19.27,0.914,0.342,0.11805555555555554,0.8790436005625878,0.38827838827838834
U0079,I0086,view,,1,33.96,2026-02-27 14:54:22+00:00,mobile,1.0,2026-02-27,14,books,Aster,33.96,0.299,0.062,0.25407407407407406,0.01406469760900142,0.0463980463980464
U0231,I0063,rating,5.0,1,17.91,2026-03-05 23:19:22+00:00,mobile,5.0,2026-03-05,23,beauty,Nova,17.91,0.875,0.47300000000000003,0.10546296296296297,0.8241912798874823,0.5482295482295483
U0102,I0023,rating,3.0,1,51.99,2026-04-14 06:21:22+00:00,web,3.0,2026-04-14,6,fashion,Pulse,51.99,0.717,0.455,0.4210185185185185,0.6019690576652602,0.5262515262515263
U0057,I0024,view,,1,24.65,2026-04-14 01:50:22+00:00,mobile,1.0,2026-04-14,1,sports,ZenCo,24.65,0.79,0.5750000000000001,0.16787037037037034,0.7046413502109704,0.6727716727716729
U0052,I0044,purchase,,1,16.15,2026-04-20 23:46:22+00:00,web,5.0,2026-04-20,23,home,Aster,16.15,0.797,0.046,0.08916666666666666,0.7144866385372713,0.02686202686202686
U0045,I0032,purchase,,1,68.88,2026-02-26 07:59:22+00:00,mobile,5.0,2026-02-26,7,electronics,ZenCo,68.88,0.794,0.11,0.5774074074074073,0.710267229254571,0.10500610500610502
U0029,I0057,view,,1,46.42,2026-05-01 21:10:22+00:00,mobile,1.0,2026-05-01,21,beauty,Orion,46.42,0.791,0.304,0.36944444444444446,0.7060478199718706,0.3418803418803419
U0130,I0046,view,,1,32.06,2026-03-05 03:12:22+00:00,web,1.0,2026-03-05,3,books,Pulse,32.06,0.972,0.131,0.23648148148148151,0.9606188466947959,0.13064713064713065
U0231,I0055,view,,1,14.43,2026-02-23 03:27:22+00:00,web,1.0,2026-02-23,3,books,Aster,14.43,0.875,0.322,0.07324074074074073,0.8241912798874823,0.3638583638583639
U0041,I0031,cart,,1,6.52,2026-04-08 14:07:22+00:00,mobile,3.0,2026-04-08,14,books,UrbanLeaf,6.52,0.8240000000000001,0.45,0.0,0.7524613220815753,0.5201465201465202
U0210,I0035,view,,1,26.96,2026-04-21 20:41:22+00:00,mobile,1.0,2026-04-21,20,books,Pulse,26.96,0.93,0.305,0.18925925925925924,0.9015471167369901,0.3431013431013431
U0056,I0011,cart,,1,15.55,2026-03-27 11:00:22+00:00,web,3.0,2026-03-27,11,sports,UrbanLeaf,15.55,0.673,0.613,0.08361111111111112,0.5400843881856541,0.7191697191697192
U0198,I0031,rating,4.0,1,6.52,2026-03-23 22:35:22+00:00,mobile,4.0,2026-03-23,22,books,UrbanLeaf,6.52,0.8240000000000001,0.45,0.0,0.7524613220815753,0.5201465201465202
U0053,I0102,rating,4.0,1,45.37,2026-04-20 04:31:22+00:00,web,4.0,2026-04-20,4,electronics,UrbanLeaf,45.37,0.5690000000000001,0.498,0.3597222222222222,0.3938115330520394,0.5787545787545788
U0103,I0018,view,,1,34.0,2026-04-11 18:29:22+00:00,mobile,1.0,2026-04-11,18,books,Nova,34.0,0.517,0.384,0.2544444444444444,0.32067510548523204,0.4395604395604396
U0046,I0113,view,,1,36.16,2026-04-24 09:46:22+00:00,mobile,1.0,2026-04-24,9,sports,Nova,36.16,0.528,0.402,0.27444444444444444,0.33614627285513365,0.4615384615384616
U0030,I0087,rating,5.0,1,58.68,2026-04-03 00:06:22+00:00,web,5.0,2026-04-03,0,electronics,UrbanLeaf,58.68,0.7000000000000001,0.155,0.482962962962963,0.5780590717299579,0.15995115995115997
U0005,I0045,cart,,1,27.1,2026-05-01 21:28:22+00:00,mobile,3.0,2026-05-01,21,beauty,ZenCo,27.1,0.927,0.165,0.1905555555555556,0.8973277074542897,0.1721611721611722
U0224,I0090,view,,1,12.85,2026-03-24 07:51:22+00:00,web,1.0,2026-03-24,7,home,Orion,12.85,0.41200000000000003,0.123,0.0586111111111111,0.1729957805907174,0.1208791208791209
U0167,I0033,view,,1,24.72,2026-03-06 18:08:22+00:00,web,1.0,2026-03-06,18,books,Orion,24.72,0.727,0.5650000000000001,0.1685185185185185,0.6160337552742615,0.6605616605616607
U0111,I0007,cart,,1,50.51,2026-02-28 00:57:22+00:00,mobile,3.0,2026-02-28,0,books,UrbanLeaf,50.51,0.41300000000000003,0.309,0.4073148148148148,0.1744022503516175,0.347985347985348
U0133,I0117,purchase,,1,42.8,2026-05-03 01:07:22+00:00,web,5.0,2026-05-03,1,electronics,Pulse,42.8,0.8160000000000001,0.231,0.3359259259259259,0.7412095639943742,0.2527472527472528
U0013,I0047,view,,1,36.67,2026-03-20 19:36:22+00:00,mobile,1.0,2026-03-20,19,home,Aster,36.67,0.966,0.395,0.2791666666666667,0.9521800281293952,0.45299145299145305
U0117,I0080,cart,,1,16.0,2026-02-15 12:30:22+00:00,mobile,3.0,2026-02-15,12,home,Nova,16.0,0.681,0.432,0.08777777777777777,0.5513361462728552,0.4981684981684982
U0176,I0040,view,,1,56.71,2026-02-06 18:59:22+00:00,mobile,1.0,2026-02-06,18,books,Orion,56.71,0.612,0.625,0.4647222222222222,0.45428973277074536,0.7338217338217339
U0050,I0086,cart,,1,33.96,2026-04-23 11:33:22+00:00,mobile,3.0,2026-04-23,11,books,Aster,33.96,0.299,0.062,0.25407407407407406,0.01406469760900142,0.0463980463980464
U0074,I0112,view,,1,53.68,2026-03-23 21:39:22+00:00,mobile,1.0,2026-03-23,21,fashion,Pulse,53.68,0.342,0.187,0.43666666666666665,0.07454289732770752,0.19902319902319904
U0150,I0039,rating,4.0,1,14.55,2026-03-23 12:48:22+00:00,web,4.0,2026-03-23,12,electronics,ZenCo,14.55,0.483,0.47100000000000003,0.07435185185185185,0.2728551336146273,0.5457875457875458
U0176,I0086,rating,4.0,1,33.96,2026-04-06 15:19:22+00:00,web,4.0,2026-04-06,15,books,Aster,33.96,0.299,0.062,0.25407407407407406,0.01406469760900142,0.0463980463980464
U0183,I0069,view,,1,41.22,2026-03-01 17:42:22+00:00,web,1.0,2026-03-01,17,books,UrbanLeaf,41.22,0.896,0.375,0.3212962962962963,0.8537271448663853,0.4285714285714286
U0226,I0034,view,,1,32.38,2026-02-14 23:12:22+00:00,web,1.0,2026-02-14,23,fashion,Pulse,32.38,0.362,0.199,0.23944444444444446,0.10267229254571031,0.2136752136752137
U0234,I0070,view,,1,26.73,2026-03-14 09:17:22+00:00,web,1.0,2026-03-14,9,home,Nova,26.73,0.365,0.634,0.18712962962962965,0.10689170182841068,0.7448107448107448
U0147,I0029,view,,1,83.41,2026-04-15 05:13:22+00:00,web,1.0,2026-04-15,5,home,Orion,83.41,1.0,0.71,0.7119444444444444,0.9999999999999999,0.8376068376068376
U0067,I0009,purchase,,1,26.36,2026-04-26 16:12:22+00:00,web,5.0,2026-04-26,16,home,Orion,26.36,0.492,0.5650000000000001,0.1837037037037037,0.28551336146272854,0.6605616605616607
U0210,I0049,view,,1,10.95,2026-04-23 13:14:22+00:00,mobile,1.0,2026-04-23,13,books,UrbanLeaf,10.95,0.716,0.125,0.04101851851851851,0.60056258790436,0.12332112332112333
U0176,I0118,purchase,,1,24.81,2026-03-17 13:47:22+00:00,web,5.0,2026-03-17,13,books,Nova,24.81,1.0,0.20500000000000002,0.1693518518518518,0.9999999999999999,0.22100122100122105
U0163,I0100,view,,1,54.26,2026-03-07 04:07:22+00:00,web,1.0,2026-03-07,4,sports,UrbanLeaf,54.26,0.5670000000000001,0.527,0.44203703703703706,0.39099859353023914,0.6141636141636142
U0043,I0081,rating,4.0,1,60.65,2026-02-19 16:15:22+00:00,mobile,4.0,2026-02-19,16,home,Orion,60.65,0.7010000000000001,0.10300000000000001,0.5012037037037036,0.579465541490858,0.09645909645909648
U0215,I0031,purchase,,1,6.52,2026-04-29 06:08:22+00:00,mobile,5.0,2026-04-29,6,books,UrbanLeaf,6.52,0.8240000000000001,0.45,0.0,0.7524613220815753,0.5201465201465202
U0078,I0048,view,,1,22.53,2026-03-30 11:28:22+00:00,mobile,1.0,2026-03-30,11,books,Nova,22.53,0.897,0.2,0.14824074074074073,0.8551336146272855,0.2148962148962149
U0090,I0038,purchase,,2,23.01,2026-04-23 17:06:22+00:00,web,5.0,2026-04-23,17,home,Nova,23.01,0.809,0.228,0.1526851851851852,0.731364275668073,0.2490842490842491
U0106,I0073,view,,1,25.28,2026-03-04 22:50:22+00:00,web,1.0,2026-03-04,22,electronics,Pulse,25.28,0.545,0.116,0.1737037037037037,0.360056258790436,0.11233211233211235
U0127,I0116,view,,1,59.11,2026-04-02 23:16:22+00:00,mobile,1.0,2026-04-02,23,electronics,Aster,59.11,0.622,0.58,0.48694444444444446,0.4683544303797468,0.6788766788766789
U0194,I0118,rating,3.0,1,24.81,2026-03-31 17:38:22+00:00,web,3.0,2026-03-31,17,books,Nova,24.81,1.0,0.20500000000000002,0.1693518518518518,0.9999999999999999,0.22100122100122105
U0069,I0022,view,,1,23.73,2026-04-14 02:52:22+00:00,web,1.0,2026-04-14,2,fashion,Orion,23.73,0.511,0.524,0.15935185185185186,0.3122362869198312,0.6105006105006106
U0167,I0015,rating,4.0,1,19.27,2026-02-18 19:04:22+00:00,web,4.0,2026-02-18,19,electronics,Orion,19.27,0.914,0.342,0.11805555555555554,0.8790436005625878,0.38827838827838834
U0121,I0042,view,,1,34.64,2026-03-13 04:31:22+00:00,web,1.0,2026-03-13,4,home,Nova,34.64,0.5740000000000001,0.15,0.26037037037037036,0.4008438818565402,0.15384615384615385
U0101,I0005,rating,5.0,1,20.52,2026-04-09 05:21:22+00:00,web,5.0,2026-04-09,5,home,ZenCo,20.52,0.669,0.275,0.1296296296296296,0.5344585091420535,0.3064713064713065
U0061,I0082,view,,1,27.22,2026-03-03 16:06:22+00:00,mobile,1.0,2026-03-03,16,home,Nova,27.22,0.41300000000000003,0.363,0.19166666666666665,0.1744022503516175,0.41391941391941395
U0026,I0005,cart,,1,20.52,2026-04-11 21:52:22+00:00,web,3.0,2026-04-11,21,home,ZenCo,20.52,0.669,0.275,0.1296296296296296,0.5344585091420535,0.3064713064713065
U0013,I0080,view,,1,16.0,2026-04-24 09:36:22+00:00,web,1.0,2026-04-24,9,home,Nova,16.0,0.681,0.432,0.08777777777777777,0.5513361462728552,0.4981684981684982
U0076,I0098,cart,,1,35.06,2026-04-17 21:14:22+00:00,web,3.0,2026-04-17,21,books,Pulse,35.06,0.709,0.449,0.2642592592592593,0.590717299578059,0.518925518925519
U0175,I0097,rating,4.0,1,42.6,2026-02-04 12:53:22+00:00,mobile,4.0,2026-02-04,12,fashion,ZenCo,42.6,0.549,0.041,0.3340740740740741,0.3656821378340366,0.020757020757020763
U0161,I0104,cart,,1,41.88,2026-03-12 11:41:22+00:00,mobile,3.0,2026-03-12,11,electronics,Aster,41.88,0.799,0.487,0.3274074074074074,0.7172995780590717,0.5653235653235653
U0116,I0062,view,,1,23.59,2026-04-03 22:30:22+00:00,mobile,1.0,2026-04-03,22,beauty,ZenCo,23.59,0.8150000000000001,0.304,0.15805555555555556,0.739803094233474,0.3418803418803419
U0224,I0112,purchase,,1,53.68,2026-04-20 22:23:22+00:00,web,5.0,2026-04-20,22,fashion,Pulse,53.68,0.342,0.187,0.43666666666666665,0.07454289732770752,0.19902319902319904
U0128,I0082,cart,,1,27.22,2026-04-08 11:42:22+00:00,web,3.0,2026-04-08,11,home,Nova,27.22,0.41300000000000003,0.363,0.19166666666666665,0.1744022503516175,0.41391941391941395
U0069,I0065,purchase,,2,45.15,2026-02-16 09:35:22+00:00,web,5.0,2026-02-16,9,fashion,Nova,45.15,0.521,0.28700000000000003,0.35768518518518516,0.3263009845288326,0.3211233211233212
U0004,I0106,view,,1,26.93,2026-03-01 10:15:22+00:00,mobile,1.0,2026-03-01,10,sports,Nova,26.93,0.41400000000000003,0.40700000000000003,0.18898148148148147,0.1758087201125177,0.4676434676434677
U0029,I0014,cart,,1,30.5,2026-03-08 01:18:22+00:00,web,3.0,2026-03-08,1,electronics,ZenCo,30.5,0.544,0.221,0.22203703703703703,0.3586497890295359,0.24053724053724057
U0021,I0057,view,,1,46.42,2026-04-12 21:27:22+00:00,mobile,1.0,2026-04-12,21,beauty,Orion,46.42,0.791,0.304,0.36944444444444446,0.7060478199718706,0.3418803418803419
U0093,I0090,purchase,,1,12.85,2026-03-21 07:59:22+00:00,web,5.0,2026-03-21,7,home,Orion,12.85,0.41200000000000003,0.123,0.0586111111111111,0.1729957805907174,0.1208791208791209
U0190,I0103,cart,,1,51.23,2026-03-08 23:18:22+00:00,web,3.0,2026-03-08,23,beauty,ZenCo,51.23,0.537,0.259,0.41398148148148145,0.3488045007032349,0.28693528693528697
U0160,I0102,rating,5.0,1,45.37,2026-04-05 09:09:22+00:00,web,5.0,2026-04-05,9,electronics,UrbanLeaf,45.37,0.5690000000000001,0.498,0.3597222222222222,0.3938115330520394,0.5787545787545788
U0034,I0014,rating,5.0,1,30.5,2026-02-13 02:32:22+00:00,web,5.0,2026-02-13,2,electronics,ZenCo,30.5,0.544,0.221,0.22203703703703703,0.3586497890295359,0.24053724053724057
U0144,I0110,view,,1,26.64,2026-04-17 22:21:22+00:00,web,1.0,2026-04-17,22,sports,Aster,26.64,0.805,0.6900000000000001,0.1862962962962963,0.7257383966244725,0.8131868131868133
U0016,I0058,view,,1,18.03,2026-04-29 20:18:22+00:00,mobile,1.0,2026-04-29,20,home,UrbanLeaf,18.03,0.771,0.47300000000000003,0.10657407407407408,0.6779184247538678,0.5482295482295483
U0171,I0091,view,,1,42.99,2026-03-30 08:19:22+00:00,mobile,1.0,2026-03-30,8,beauty,ZenCo,42.99,0.592,0.222,0.3376851851851852,0.4261603375527425,0.2417582417582418
U0027,I0066,view,,1,22.7,2026-02-05 05:22:22+00:00,web,1.0,2026-02-05,5,sports,UrbanLeaf,22.7,0.8230000000000001,0.216,0.1498148148148148,0.7510548523206751,0.23443223443223443
U0166,I0032,view,,1,68.88,2026-04-05 08:04:22+00:00,web,1.0,2026-04-05,8,electronics,ZenCo,68.88,0.794,0.11,0.5774074074074073,0.710267229254571,0.10500610500610502
U0101,I0004,cart,,1,24.4,2026-04-17 04:42:22+00:00,mobile,3.0,2026-04-17,4,beauty,Orion,24.4,0.794,0.045,0.1655555555555555,0.710267229254571,0.025641025641025644
U0121,I0029,view,,1,83.41,2026-04-24 13:59:22+00:00,web,1.0,2026-04-24,13,home,Orion,83.41,1.0,0.71,0.7119444444444444,0.9999999999999999,0.8376068376068376
U0216,I0075,view,,1,25.5,2026-03-08 03:07:22+00:00,mobile,1.0,2026-03-08,3,sports,ZenCo,25.5,0.7000000000000001,0.32,0.17574074074074075,0.5780590717299579,0.36141636141636146
U0164,I0106,view,,1,26.93,2026-04-15 09:16:22+00:00,mobile,1.0,2026-04-15,9,sports,Nova,26.93,0.41400000000000003,0.40700000000000003,0.18898148148148147,0.1758087201125177,0.4676434676434677
U0091,I0096,view,,1,36.87,2026-04-26 21:51:22+00:00,web,1.0,2026-04-26,21,home,UrbanLeaf,36.87,0.675,0.17,0.2810185185185185,0.5428973277074544,0.1782661782661783
U0026,I0005,rating,3.0,1,20.52,2026-02-06 05:43:22+00:00,mobile,3.0,2026-02-06,5,home,ZenCo,20.52,0.669,0.275,0.1296296296296296,0.5344585091420535,0.3064713064713065
U0211,I0012,view,,1,67.3,2026-02-13 06:48:22+00:00,web,1.0,2026-02-13,6,sports,Pulse,67.3,0.642,0.37,0.5627777777777777,0.4964838255977496,0.4224664224664225
U0177,I0100,cart,,1,54.26,2026-03-12 18:08:22+00:00,mobile,3.0,2026-03-12,18,sports,UrbanLeaf,54.26,0.5670000000000001,0.527,0.44203703703703706,0.39099859353023914,0.6141636141636142
U0015,I0020,view,,1,27.33,2026-04-25 22:34:22+00:00,mobile,1.0,2026-04-25,22,beauty,Pulse,27.33,0.731,0.223,0.19268518518518518,0.6216596343178621,0.242979242979243
U0107,I0004,cart,,1,24.4,2026-03-15 11:45:22+00:00,mobile,3.0,2026-03-15,11,beauty,Orion,24.4,0.794,0.045,0.1655555555555555,0.710267229254571,0.025641025641025644
U0214,I0023,purchase,,1,51.99,2026-02-26 21:29:22+00:00,mobile,5.0,2026-02-26,21,fashion,Pulse,51.99,0.717,0.455,0.4210185185185185,0.6019690576652602,0.5262515262515263
U0194,I0055,purchase,,1,14.43,2026-04-11 17:35:22+00:00,mobile,5.0,2026-04-11,17,books,Aster,14.43,0.875,0.322,0.07324074074074073,0.8241912798874823,0.3638583638583639
U0118,I0050,rating,4.0,1,15.33,2026-04-19 11:37:22+00:00,web,4.0,2026-04-19,11,beauty,UrbanLeaf,15.33,0.7010000000000001,0.115,0.08157407407407406,0.579465541490858,0.11111111111111113
U0181,I0056,view,,1,21.96,2026-02-02 06:44:22+00:00,web,1.0,2026-02-02,6,books,Nova,21.96,0.606,0.146,0.14296296296296296,0.4458509142053445,0.14896214896214896
U0021,I0015,view,,1,19.27,2026-03-31 17:39:22+00:00,web,1.0,2026-03-31,17,electronics,Orion,19.27,0.914,0.342,0.11805555555555554,0.8790436005625878,0.38827838827838834
U0188,I0096,view,,1,36.87,2026-04-12 03:38:22+00:00,web,1.0,2026-04-12,3,home,UrbanLeaf,36.87,0.675,0.17,0.2810185185185185,0.5428973277074544,0.1782661782661783
U0004,I0064,view,,1,28.05,2026-04-25 19:44:22+00:00,web,1.0,2026-04-25,19,sports,Nova,28.05,0.641,0.34500000000000003,0.19935185185185184,0.49507735583684953,0.391941391941392
U0101,I0092,view,,1,16.23,2026-03-25 10:40:22+00:00,web,1.0,2026-03-25,10,beauty,ZenCo,16.23,0.8140000000000001,0.035,0.0899074074074074,0.7383966244725738,0.013431013431013435
U0081,I0098,rating,1.0,1,35.06,2026-04-14 11:05:22+00:00,mobile,1.0,2026-04-14,11,books,Pulse,35.06,0.709,0.449,0.2642592592592593,0.590717299578059,0.518925518925519
U0012,I0003,cart,,1,12.56,2026-02-04 03:22:22+00:00,web,3.0,2026-02-04,3,home,Pulse,12.56,0.686,0.39,0.055925925925925934,0.5583684950773559,0.4468864468864469
U0224,I0077,view,,1,43.74,2026-04-14 20:46:22+00:00,mobile,1.0,2026-04-14,20,home,Orion,43.74,0.756,0.41600000000000004,0.3446296296296296,0.6568213783403657,0.4786324786324787
U0238,I0021,view,,1,19.0,2026-03-27 07:01:22+00:00,web,1.0,2026-03-27,7,beauty,UrbanLeaf,19.0,0.844,0.467,0.11555555555555556,0.780590717299578,0.540903540903541
U0120,I0018,rating,1.0,1,34.0,2026-02-04 08:35:22+00:00,mobile,1.0,2026-02-04,8,books,Nova,34.0,0.517,0.384,0.2544444444444444,0.32067510548523204,0.4395604395604396
U0024,I0073,view,,1,25.28,2026-03-20 13:12:22+00:00,mobile,1.0,2026-03-20,13,electronics,Pulse,25.28,0.545,0.116,0.1737037037037037,0.360056258790436,0.11233211233211235
U0232,I0023,rating,4.0,1,51.99,2026-02-16 19:35:22+00:00,web,4.0,2026-02-16,19,fashion,Pulse,51.99,0.717,0.455,0.4210185185185185,0.6019690576652602,0.5262515262515263
U0116,I0028,view,,1,23.83,2026-02-07 04:43:22+00:00,mobile,1.0,2026-02-07,4,sports,Nova,23.83,0.467,0.08700000000000001,0.16027777777777774,0.25035161744022505,0.07692307692307694
U0220,I0075,rating,5.0,1,25.5,2026-04-28 07:45:22+00:00,web,5.0,2026-04-28,7,sports,ZenCo,25.5,0.7000000000000001,0.32,0.17574074074074075,0.5780590717299579,0.36141636141636146
U0100,I0049,view,,1,10.95,2026-04-10 03:33:22+00:00,web,1.0,2026-04-10,3,books,UrbanLeaf,10.95,0.716,0.125,0.04101851851851851,0.60056258790436,0.12332112332112333
U0063,I0016,purchase,,1,41.84,2026-03-13 06:01:22+00:00,web,5.0,2026-03-13,6,home,Aster,41.84,0.916,0.26,0.32703703703703707,0.8818565400843882,0.2881562881562882
U0190,I0077,view,,1,43.74,2026-02-05 06:11:22+00:00,mobile,1.0,2026-02-05,6,home,Orion,43.74,0.756,0.41600000000000004,0.3446296296296296,0.6568213783403657,0.4786324786324787
U0234,I0112,view,,1,53.68,2026-04-18 06:11:22+00:00,mobile,1.0,2026-04-18,6,fashion,Pulse,53.68,0.342,0.187,0.43666666666666665,0.07454289732770752,0.19902319902319904
U0197,I0079,view,,1,55.92,2026-02-17 15:29:22+00:00,web,1.0,2026-02-17,15,home,Aster,55.92,0.534,0.374,0.45740740740740743,0.3445850914205345,0.4273504273504274
U0240,I0038,purchase,,2,23.01,2026-04-12 12:58:22+00:00,web,5.0,2026-04-12,12,home,Nova,23.01,0.809,0.228,0.1526851851851852,0.731364275668073,0.2490842490842491
U0110,I0066,purchase,,1,22.7,2026-02-28 05:49:22+00:00,web,5.0,2026-02-28,5,sports,UrbanLeaf,22.7,0.8230000000000001,0.216,0.1498148148148148,0.7510548523206751,0.23443223443223443
U0234,I0077,view,,1,43.74,2026-02-13 00:32:22+00:00,web,1.0,2026-02-13,0,home,Orion,43.74,0.756,0.41600000000000004,0.3446296296296296,0.6568213783403657,0.4786324786324787
U0119,I0038,view,,1,23.01,2026-04-03 00:49:22+00:00,web,1.0,2026-04-03,0,home,Nova,23.01,0.809,0.228,0.1526851851851852,0.731364275668073,0.2490842490842491
U0147,I0109,cart,,1,70.56,2026-04-21 02:03:22+00:00,web,3.0,2026-04-21,2,home,Aster,70.56,0.78,0.5680000000000001,0.5929629629629629,0.6905766526019691,0.6642246642246643
U0240,I0005,view,,1,20.52,2026-02-11 15:27:22+00:00,web,1.0,2026-02-11,15,home,ZenCo,20.52,0.669,0.275,0.1296296296296296,0.5344585091420535,0.3064713064713065
U0176,I0118,purchase,,1,24.81,2026-02-23 09:29:22+00:00,web,5.0,2026-02-23,9,books,Nova,24.81,1.0,0.20500000000000002,0.1693518518518518,0.9999999999999999,0.22100122100122105
U0123,I0066,cart,,1,22.7,2026-04-20 19:54:22+00:00,web,3.0,2026-04-20,19,sports,UrbanLeaf,22.7,0.8230000000000001,0.216,0.1498148148148148,0.7510548523206751,0.23443223443223443
U0202,I0043,view,,1,34.18,2026-02-12 08:09:22+00:00,web,1.0,2026-02-12,8,electronics,Aster,34.18,0.937,0.405,0.2561111111111111,0.9113924050632912,0.46520146520146527
U0111,I0104,purchase,,1,41.88,2026-02-17 21:34:22+00:00,web,5.0,2026-02-17,21,electronics,Aster,41.88,0.799,0.487,0.3274074074074074,0.7172995780590717,0.5653235653235653
U0033,I0027,view,,1,58.32,2026-02-12 13:41:22+00:00,web,1.0,2026-02-12,13,sports,Orion,58.32,0.791,0.039,0.4796296296296296,0.7060478199718706,0.018315018315018316
U0042,I0060,purchase,,3,48.07,2026-02-18 18:04:22+00:00,web,5.0,2026-02-18,18,fashion,ZenCo,48.07,0.742,0.151,0.38472222222222224,0.6371308016877636,0.15506715506715507
U0054,I0025,view,,1,15.52,2026-04-17 12:27:22+00:00,web,1.0,2026-04-17,12,beauty,Nova,15.52,0.76,0.761,0.08333333333333333,0.6624472573839663,0.8998778998779
U0174,I0046,view,,1,32.06,2026-03-15 02:05:22+00:00,mobile,1.0,2026-03-15,2,books,Pulse,32.06,0.972,0.131,0.23648148148148151,0.9606188466947959,0.13064713064713065
U0039,I0091,view,,1,42.99,2026-04-06 11:01:22+00:00,mobile,1.0,2026-04-06,11,beauty,ZenCo,42.99,0.592,0.222,0.3376851851851852,0.4261603375527425,0.2417582417582418
U0165,I0048,view,,1,22.53,2026-03-24 14:52:22+00:00,mobile,1.0,2026-03-24,14,books,Nova,22.53,0.897,0.2,0.14824074074074073,0.8551336146272855,0.2148962148962149
U0127,I0114,view,,1,33.44,2026-04-29 09:07:22+00:00,mobile,1.0,2026-04-29,9,fashion,Nova,33.44,0.752,0.39,0.24925925925925924,0.6511954992967651,0.4468864468864469
U0221,I0110,cart,,1,26.64,2026-02-25 02:42:22+00:00,mobile,3.0,2026-02-25,2,sports,Aster,26.64,0.805,0.6900000000000001,0.1862962962962963,0.7257383966244725,0.8131868131868133
U0085,I0021,cart,,1,19.0,2026-03-27 11:50:22+00:00,web,3.0,2026-03-27,11,beauty,UrbanLeaf,19.0,0.844,0.467,0.11555555555555556,0.780590717299578,0.540903540903541
U0065,I0114,view,,1,33.44,2026-03-05 00:23:22+00:00,web,1.0,2026-03-05,0,fashion,Nova,33.44,0.752,0.39,0.24925925925925924,0.6511954992967651,0.4468864468864469
U0113,I0047,view,,1,36.67,2026-02-19 18:46:22+00:00,web,1.0,2026-02-19,18,home,Aster,36.67,0.966,0.395,0.2791666666666667,0.9521800281293952,0.45299145299145305
U0177,I0062,view,,1,23.59,2026-02-27 08:20:22+00:00,web,1.0,2026-02-27,8,beauty,ZenCo,23.59,0.8150000000000001,0.304,0.15805555555555556,0.739803094233474,0.3418803418803419
U0218,I0043,view,,1,34.18,2026-04-14 06:27:22+00:00,mobile,1.0,2026-04-14,6,electronics,Aster,34.18,0.937,0.405,0.2561111111111111,0.9113924050632912,0.46520146520146527
U0030,I0035,cart,,1,26.96,2026-02-05 22:04:22+00:00,mobile,3.0,2026-02-05,22,books,Pulse,26.96,0.93,0.305,0.18925925925925924,0.9015471167369901,0.3431013431013431
U0235,I0052,view,,1,30.37,2026-03-19 14:27:22+00:00,web,1.0,2026-03-19,14,beauty,Nova,30.37,0.934,0.362,0.22083333333333333,0.9071729957805906,0.41269841269841273
U0075,I0058,cart,,1,18.03,2026-02-11 07:36:22+00:00,web,3.0,2026-02-11,7,home,UrbanLeaf,18.03,0.771,0.47300000000000003,0.10657407407407408,0.6779184247538678,0.5482295482295483
U0140,I0046,rating,5.0,1,32.06,2026-04-18 14:45:22+00:00,web,5.0,2026-04-18,14,books,Pulse,32.06,0.972,0.131,0.23648148148148151,0.9606188466947959,0.13064713064713065
U0233,I0077,cart,,1,43.74,2026-03-30 10:57:22+00:00,web,3.0,2026-03-30,10,home,Orion,43.74,0.756,0.41600000000000004,0.3446296296296296,0.6568213783403657,0.4786324786324787
U0152,I0002,view,,1,22.56,2026-04-06 10:18:22+00:00,mobile,1.0,2026-04-06,10,beauty,ZenCo,22.56,0.848,0.169,0.1485185185185185,0.7862165963431785,0.17704517704517708
U0028,I0015,view,,1,19.27,2026-04-23 01:00:22+00:00,web,1.0,2026-04-23,1,electronics,Orion,19.27,0.914,0.342,0.11805555555555554,0.8790436005625878,0.38827838827838834
U0020,I0101,view,,1,48.0,2026-02-21 22:45:22+00:00,mobile,1.0,2026-02-21,22,electronics,UrbanLeaf,48.0,0.773,0.338,0.38407407407407407,0.6807313642756679,0.3833943833943835
U0112,I0025,view,,1,15.52,2026-02-20 14:58:22+00:00,web,1.0,2026-02-20,14,beauty,Nova,15.52,0.76,0.761,0.08333333333333333,0.6624472573839663,0.8998778998779
U0031,I0107,view,,1,14.01,2026-04-22 11:06:22+00:00,mobile,1.0,2026-04-22,11,electronics,Orion,14.01,0.914,0.24,0.06935185185185185,0.8790436005625878,0.26373626373626374
U0043,I0005,rating,5.0,1,20.52,2026-04-15 05:33:22+00:00,web,5.0,2026-04-15,5,home,ZenCo,20.52,0.669,0.275,0.1296296296296296,0.5344585091420535,0.3064713064713065
U0062,I0037,purchase,,1,17.51,2026-04-11 14:45:22+00:00,web,5.0,2026-04-11,14,sports,ZenCo,17.51,0.519,0.554,0.10175925925925926,0.3234880450070323,0.6471306471306473
U0052,I0110,view,,1,26.64,2026-03-30 09:29:22+00:00,mobile,1.0,2026-03-30,9,sports,Aster,26.64,0.805,0.6900000000000001,0.1862962962962963,0.7257383966244725,0.8131868131868133
U0238,I0088,view,,1,30.05,2026-03-20 15:37:22+00:00,mobile,1.0,2026-03-20,15,beauty,ZenCo,30.05,0.594,0.149,0.21787037037037038,0.4289732770745428,0.15262515262515264
U0125,I0093,cart,,1,35.82,2026-03-12 20:13:22+00:00,web,3.0,2026-03-12,20,fashion,UrbanLeaf,35.82,0.616,0.268,0.2712962962962963,0.4599156118143459,0.297924297924298
U0208,I0120,view,,1,26.42,2026-02-20 05:39:22+00:00,web,1.0,2026-02-20,5,electronics,Nova,26.42,0.501,0.108,0.1842592592592593,0.29817158931082977,0.10256410256410256
U0093,I0090,view,,1,12.85,2026-04-02 09:45:22+00:00,mobile,1.0,2026-04-02,9,home,Orion,12.85,0.41200000000000003,0.123,0.0586111111111111,0.1729957805907174,0.1208791208791209
U0145,I0037,view,,1,17.51,2026-04-14 11:05:22+00:00,mobile,1.0,2026-04-14,11,sports,ZenCo,17.51,0.519,0.554,0.10175925925925926,0.3234880450070323,0.6471306471306473
U0089,I0079,view,,1,55.92,2026-04-27 10:15:22+00:00,mobile,1.0,2026-04-27,10,home,Aster,55.92,0.534,0.374,0.45740740740740743,0.3445850914205345,0.4273504273504274
U0171,I0004,view,,1,24.4,2026-02-16 10:11:22+00:00,web,1.0,2026-02-16,10,beauty,Orion,24.4,0.794,0.045,0.1655555555555555,0.710267229254571,0.025641025641025644
U0062,I0016,purchase,,1,41.84,2026-03-18 01:11:22+00:00,mobile,5.0,2026-03-18,1,home,Aster,41.84,0.916,0.26,0.32703703703703707,0.8818565400843882,0.2881562881562882
U0086,I0010,rating,4.0,1,50.12,2026-04-17 10:49:22+00:00,mobile,4.0,2026-04-17,10,electronics,Pulse,50.12,0.591,0.252,0.4037037037037037,0.42475386779184243,0.2783882783882784
U0148,I0065,rating,5.0,1,45.15,2026-04-16 14:59:22+00:00,mobile,5.0,2026-04-16,14,fashion,Nova,45.15,0.521,0.28700000000000003,0.35768518518518516,0.3263009845288326,0.3211233211233212
U0022,I0105,view,,1,20.28,2026-02-04 22:44:22+00:00,web,1.0,2026-02-04,22,books,Aster,20.28,0.837,0.151,0.1274074074074074,0.770745428973277,0.15506715506715507
U0178,I0118,view,,1,24.81,2026-02-10 10:52:22+00:00,web,1.0,2026-02-10,10,books,Nova,24.81,1.0,0.20500000000000002,0.1693518518518518,0.9999999999999999,0.22100122100122105
U0054,I0082,rating,4.0,1,27.22,2026-03-24 01:47:22+00:00,web,4.0,2026-03-24,1,home,Nova,27.22,0.41300000000000003,0.363,0.19166666666666665,0.1744022503516175,0.41391941391941395
U0046,I0012,view,,1,67.3,2026-04-05 02:09:22+00:00,mobile,1.0,2026-04-05,2,sports,Pulse,67.3,0.642,0.37,0.5627777777777777,0.4964838255977496,0.4224664224664225
U0113,I0058,rating,5.0,1,18.03,2026-04-21 04:32:22+00:00,mobile,5.0,2026-04-21,4,home,UrbanLeaf,18.03,0.771,0.47300000000000003,0.10657407407407408,0.6779184247538678,0.5482295482295483
U0146,I0091,view,,1,42.99,2026-03-09 20:24:22+00:00,web,1.0,2026-03-09,20,beauty,ZenCo,42.99,0.592,0.222,0.3376851851851852,0.4261603375527425,0.2417582417582418
U0228,I0032,purchase,,1,68.88,2026-03-07 18:16:22+00:00,web,5.0,2026-03-07,18,electronics,ZenCo,68.88,0.794,0.11,0.5774074074074073,0.710267229254571,0.10500610500610502
U0190,I0009,view,,1,26.36,2026-05-01 01:25:22+00:00,mobile,1.0,2026-05-01,1,home,Orion,26.36,0.492,0.5650000000000001,0.1837037037037037,0.28551336146272854,0.6605616605616607
U0182,I0040,cart,,1,56.71,2026-03-04 08:31:22+00:00,web,3.0,2026-03-04,8,books,Orion,56.71,0.612,0.625,0.4647222222222222,0.45428973277074536,0.7338217338217339
U0064,I0021,view,,1,19.0,2026-03-07 15:57:22+00:00,mobile,1.0,2026-03-07,15,beauty,UrbanLeaf,19.0,0.844,0.467,0.11555555555555556,0.780590717299578,0.540903540903541
U0180,I0051,view,,1,24.93,2026-02-24 17:34:22+00:00,mobile,1.0,2026-02-24,17,fashion,Pulse,24.93,0.607,0.373,0.17046296296296293,0.4472573839662447,0.42612942612942617
U0237,I0061,view,,1,17.75,2026-02-10 15:26:22+00:00,mobile,1.0,2026-02-10,15,books,ZenCo,17.75,0.625,0.234,0.10398148148148147,0.47257383966244726,0.25641025641025644
U0021,I0039,view,,1,14.55,2026-03-17 14:22:22+00:00,web,1.0,2026-03-17,14,electronics,ZenCo,14.55,0.483,0.47100000000000003,0.07435185185185185,0.2728551336146273,0.5457875457875458
U0094,I0029,view,,1,83.41,2026-04-04 05:44:22+00:00,web,1.0,2026-04-04,5,home,Orion,83.41,1.0,0.71,0.7119444444444444,0.9999999999999999,0.8376068376068376
U0012,I0068,purchase,,2,16.18,2026-04-12 10:12:22+00:00,web,5.0,2026-04-12,10,electronics,ZenCo,16.18,0.66,0.20500000000000002,0.08944444444444445,0.5218002812939522,0.22100122100122105
U0234,I0088,purchase,,2,30.05,2026-03-03 13:08:22+00:00,web,5.0,2026-03-03,13,beauty,ZenCo,30.05,0.594,0.149,0.21787037037037038,0.4289732770745428,0.15262515262515264
U0159,I0062,purchase,,1,23.59,2026-03-27 01:32:22+00:00,web,5.0,2026-03-27,1,beauty,ZenCo,23.59,0.8150000000000001,0.304,0.15805555555555556,0.739803094233474,0.3418803418803419
U0075,I0068,view,,1,16.18,2026-04-28 21:35:22+00:00,web,1.0,2026-04-28,21,electronics,ZenCo,16.18,0.66,0.20500000000000002,0.08944444444444445,0.5218002812939522,0.22100122100122105
U0016,I0037,rating,1.0,1,17.51,2026-02-27 08:00:22+00:00,web,1.0,2026-02-27,8,sports,ZenCo,17.51,0.519,0.554,0.10175925925925926,0.3234880450070323,0.6471306471306473
U0102,I0036,cart,,1,74.72,2026-04-02 10:51:22+00:00,web,3.0,2026-04-02,10,fashion,Orion,74.72,0.598,0.393,0.6314814814814814,0.43459915611814337,0.4505494505494506
U0216,I0037,rating,5.0,1,17.51,2026-03-30 12:08:22+00:00,web,5.0,2026-03-30,12,sports,ZenCo,17.51,0.519,0.554,0.10175925925925926,0.3234880450070323,0.6471306471306473
U0107,I0103,cart,,1,51.23,2026-02-14 09:23:22+00:00,web,3.0,2026-02-14,9,beauty,ZenCo,51.23,0.537,0.259,0.41398148148148145,0.3488045007032349,0.28693528693528697
U0057,I0092,view,,1,16.23,2026-03-19 13:10:22+00:00,web,1.0,2026-03-19,13,beauty,ZenCo,16.23,0.8140000000000001,0.035,0.0899074074074074,0.7383966244725738,0.013431013431013435
U0225,I0090,view,,1,12.85,2026-03-07 12:07:22+00:00,mobile,1.0,2026-03-07,12,home,Orion,12.85,0.41200000000000003,0.123,0.0586111111111111,0.1729957805907174,0.1208791208791209
U0139,I0062,view,,1,23.59,2026-03-25 05:34:22+00:00,mobile,1.0,2026-03-25,5,beauty,ZenCo,23.59,0.8150000000000001,0.304,0.15805555555555556,0.739803094233474,0.3418803418803419
U0195,I0078,view,,1,41.4,2026-03-18 10:38:22+00:00,web,1.0,2026-03-18,10,beauty,Pulse,41.4,0.875,0.403,0.32296296296296295,0.8241912798874823,0.46275946275946284
U0110,I0101,rating,4.0,1,48.0,2026-03-14 23:06:22+00:00,web,4.0,2026-03-14,23,electronics,UrbanLeaf,48.0,0.773,0.338,0.38407407407407407,0.6807313642756679,0.3833943833943835
U0002,I0016,view,,1,41.84,2026-04-06 08:51:22+00:00,mobile,1.0,2026-04-06,8,home,Aster,41.84,0.916,0.26,0.32703703703703707,0.8818565400843882,0.2881562881562882
U0149,I0016,view,,1,41.84,2026-03-20 01:11:22+00:00,web,1.0,2026-03-20,1,home,Aster,41.84,0.916,0.26,0.32703703703703707,0.8818565400843882,0.2881562881562882
U0167,I0085,view,,1,64.61,2026-03-07 09:02:22+00:00,web,1.0,2026-03-07,9,electronics,UrbanLeaf,64.61,1.0,0.157,0.5378703703703703,0.9999999999999999,0.1623931623931624
U0046,I0016,view,,1,41.84,2026-02-27 23:06:22+00:00,mobile,1.0,2026-02-27,23,home,Aster,41.84,0.916,0.26,0.32703703703703707,0.8818565400843882,0.2881562881562882
U0008,I0103,rating,5.0,1,51.23,2026-03-06 12:25:22+00:00,mobile,5.0,2026-03-06,12,beauty,ZenCo,51.23,0.537,0.259,0.41398148148148145,0.3488045007032349,0.28693528693528697
U0210,I0084,view,,1,27.83,2026-03-19 01:50:22+00:00,web,1.0,2026-03-19,1,books,ZenCo,27.83,0.8260000000000001,0.037,0.19731481481481478,0.7552742616033755,0.01587301587301587
U0218,I0085,view,,1,64.61,2026-03-22 22:52:22+00:00,web,1.0,2026-03-22,22,electronics,UrbanLeaf,64.61,1.0,0.157,0.5378703703703703,0.9999999999999999,0.1623931623931624
U0063,I0005,view,,1,20.52,2026-03-01 10:03:22+00:00,mobile,1.0,2026-03-01,10,home,ZenCo,20.52,0.669,0.275,0.1296296296296296,0.5344585091420535,0.3064713064713065
U0156,I0043,cart,,1,34.18,2026-02-09 07:26:22+00:00,web,3.0,2026-02-09,7,electronics,Aster,34.18,0.937,0.405,0.2561111111111111,0.9113924050632912,0.46520146520146527
U0057,I0064,purchase,,1,28.05,2026-03-28 06:15:22+00:00,mobile,5.0,2026-03-28,6,sports,Nova,28.05,0.641,0.34500000000000003,0.19935185185185184,0.49507735583684953,0.391941391941392
U0107,I0100,rating,4.0,1,54.26,2026-02-13 11:16:22+00:00,web,4.0,2026-02-13,11,sports,UrbanLeaf,54.26,0.5670000000000001,0.527,0.44203703703703706,0.39099859353023914,0.6141636141636142
U0186,I0027,view,,1,58.32,2026-03-04 05:07:22+00:00,mobile,1.0,2026-03-04,5,sports,Orion,58.32,0.791,0.039,0.4796296296296296,0.7060478199718706,0.018315018315018316
U0022,I0025,view,,1,15.52,2026-04-04 19:51:22+00:00,mobile,1.0,2026-04-04,19,beauty,Nova,15.52,0.76,0.761,0.08333333333333333,0.6624472573839663,0.8998778998779
U0051,I0032,view,,1,68.88,2026-04-22 04:19:22+00:00,web,1.0,2026-04-22,4,electronics,ZenCo,68.88,0.794,0.11,0.5774074074074073,0.710267229254571,0.10500610500610502
U0106,I0046,view,,1,32.06,2026-02-03 23:53:22+00:00,mobile,1.0,2026-02-03,23,books,Pulse,32.06,0.972,0.131,0.23648148148148151,0.9606188466947959,0.13064713064713065
U0011,I0113,cart,,1,36.16,2026-02-28 14:09:22+00:00,mobile,3.0,2026-02-28,14,sports,Nova,36.16,0.528,0.402,0.27444444444444444,0.33614627285513365,0.4615384615384616
U0031,I0018,rating,2.0,1,34.0,2026-04-11 20:06:22+00:00,mobile,2.0,2026-04-11,20,books,Nova,34.0,0.517,0.384,0.2544444444444444,0.32067510548523204,0.4395604395604396
U0031,I0042,view,,1,34.64,2026-02-26 12:31:22+00:00,mobile,1.0,2026-02-26,12,home,Nova,34.64,0.5740000000000001,0.15,0.26037037037037036,0.4008438818565402,0.15384615384615385
U0015,I0031,cart,,1,6.52,2026-03-08 23:01:22+00:00,web,3.0,2026-03-08,23,books,UrbanLeaf,6.52,0.8240000000000001,0.45,0.0,0.7524613220815753,0.5201465201465202
U0203,I0096,cart,,1,36.87,2026-03-06 08:51:22+00:00,web,3.0,2026-03-06,8,home,UrbanLeaf,36.87,0.675,0.17,0.2810185185185185,0.5428973277074544,0.1782661782661783
U0057,I0071,view,,1,31.77,2026-02-11 00:31:22+00:00,mobile,1.0,2026-02-11,0,electronics,ZenCo,31.77,0.595,0.32,0.23379629629629628,0.430379746835443,0.36141636141636146
U0105,I0048,cart,,1,22.53,2026-04-17 18:32:22+00:00,mobile,3.0,2026-04-17,18,books,Nova,22.53,0.897,0.2,0.14824074074074073,0.8551336146272855,0.2148962148962149
U0071,I0067,cart,,1,77.25,2026-04-17 18:54:22+00:00,mobile,3.0,2026-04-17,18,fashion,Nova,77.25,0.665,0.28700000000000003,0.6549074074074074,0.5288326300984529,0.3211233211233212
U0120,I0018,view,,1,34.0,2026-02-18 19:54:22+00:00,web,1.0,2026-02-18,19,books,Nova,34.0,0.517,0.384,0.2544444444444444,0.32067510548523204,0.4395604395604396
U0149,I0012,purchase,,1,67.3,2026-02-25 17:47:22+00:00,mobile,5.0,2026-02-25,17,sports,Pulse,67.3,0.642,0.37,0.5627777777777777,0.4964838255977496,0.4224664224664225
U0097,I0019,view,,1,35.63,2026-04-05 16:05:22+00:00,mobile,1.0,2026-04-05,16,beauty,UrbanLeaf,35.63,0.65,0.368,0.2695370370370371,0.5077355836849508,0.42002442002442003
U0095,I0101,cart,,1,48.0,2026-04-24 14:29:22+00:00,mobile,3.0,2026-04-24,14,electronics,UrbanLeaf,48.0,0.773,0.338,0.38407407407407407,0.6807313642756679,0.3833943833943835
U0026,I0026,cart,,1,13.5,2026-02-10 05:50:22+00:00,web,3.0,2026-02-10,5,home,ZenCo,13.5,0.481,0.19,0.06462962962962963,0.27004219409282704,0.2026862026862027
U0179,I0099,cart,,1,19.36,2026-03-07 23:35:22+00:00,mobile,3.0,2026-03-07,23,fashion,ZenCo,19.36,0.81,0.17,0.11888888888888889,0.7327707454289732,0.1782661782661783
U0039,I0054,view,,1,35.21,2026-04-29 05:11:22+00:00,web,1.0,2026-04-29,5,beauty,UrbanLeaf,35.21,0.667,0.323,0.26564814814814813,0.5316455696202532,0.3650793650793651
U0234,I0079,view,,1,55.92,2026-02-13 00:45:22+00:00,mobile,1.0,2026-02-13,0,home,Aster,55.92,0.534,0.374,0.45740740740740743,0.3445850914205345,0.4273504273504274
U0170,I0115,view,,1,29.97,2026-04-25 00:42:22+00:00,mobile,1.0,2026-04-25,0,beauty,Nova,29.97,0.788,0.161,0.21712962962962962,0.7018284106891702,0.1672771672771673
U0106,I0039,view,,1,14.55,2026-02-14 22:32:22+00:00,web,1.0,2026-02-14,22,electronics,ZenCo,14.55,0.483,0.47100000000000003,0.07435185185185185,0.2728551336146273,0.5457875457875458
U0022,I0084,purchase,,1,27.83,2026-02-11 06:56:22+00:00,mobile,5.0,2026-02-11,6,books,ZenCo,27.83,0.8260000000000001,0.037,0.19731481481481478,0.7552742616033755,0.01587301587301587
U0124,I0068,view,,1,16.18,2026-02-26 06:05:22+00:00,mobile,1.0,2026-02-26,6,electronics,ZenCo,16.18,0.66,0.20500000000000002,0.08944444444444445,0.5218002812939522,0.22100122100122105
U0146,I0043,view,,1,34.18,2026-02-08 05:07:22+00:00,web,1.0,2026-02-08,5,electronics,Aster,34.18,0.937,0.405,0.2561111111111111,0.9113924050632912,0.46520146520146527
U0048,I0039,view,,1,14.55,2026-04-11 21:17:22+00:00,web,1.0,2026-04-11,21,electronics,ZenCo,14.55,0.483,0.47100000000000003,0.07435185185185185,0.2728551336146273,0.5457875457875458
U0115,I0090,purchase,,1,12.85,2026-04-25 16:45:22+00:00,mobile,5.0,2026-04-25,16,home,Orion,12.85,0.41200000000000003,0.123,0.0586111111111111,0.1729957805907174,0.1208791208791209
U0214,I0008,purchase,,1,36.94,2026-03-24 08:09:22+00:00,mobile,5.0,2026-03-24,8,sports,Orion,36.94,0.289,0.317,0.2816666666666666,0.0,0.35775335775335776
U0107,I0024,view,,1,24.65,2026-04-08 12:34:22+00:00,mobile,1.0,2026-04-08,12,sports,ZenCo,24.65,0.79,0.5750000000000001,0.16787037037037034,0.7046413502109704,0.6727716727716729
U0077,I0018,rating,4.0,1,34.0,2026-04-13 14:21:22+00:00,web,4.0,2026-04-13,14,books,Nova,34.0,0.517,0.384,0.2544444444444444,0.32067510548523204,0.4395604395604396
U0058,I0012,purchase,,1,67.3,2026-04-23 07:10:22+00:00,mobile,5.0,2026-04-23,7,sports,Pulse,67.3,0.642,0.37,0.5627777777777777,0.4964838255977496,0.4224664224664225
U0085,I0078,rating,4.0,1,41.4,2026-03-29 06:14:22+00:00,mobile,4.0,2026-03-29,6,beauty,Pulse,41.4,0.875,0.403,0.32296296296296295,0.8241912798874823,0.46275946275946284
U0150,I0039,view,,1,14.55,2026-02-05 02:01:22+00:00,web,1.0,2026-02-05,2,electronics,ZenCo,14.55,0.483,0.47100000000000003,0.07435185185185185,0.2728551336146273,0.5457875457875458
U0219,I0119,rating,4.0,1,34.0,2026-03-24 11:22:22+00:00,web,4.0,2026-03-24,11,beauty,Pulse,34.0,0.9460000000000001,0.10400000000000001,0.2544444444444444,0.9240506329113923,0.0976800976800977
U0225,I0026,view,,1,13.5,2026-03-30 05:35:22+00:00,web,1.0,2026-03-30,5,home,ZenCo,13.5,0.481,0.19,0.06462962962962963,0.27004219409282704,0.2026862026862027
U0062,I0014,view,,1,30.5,2026-03-15 20:18:22+00:00,web,1.0,2026-03-15,20,electronics,ZenCo,30.5,0.544,0.221,0.22203703703703703,0.3586497890295359,0.24053724053724057
U0008,I0088,view,,1,30.05,2026-03-17 22:41:22+00:00,mobile,1.0,2026-03-17,22,beauty,ZenCo,30.05,0.594,0.149,0.21787037037037038,0.4289732770745428,0.15262515262515264
U0208,I0106,purchase,,1,26.93,2026-02-25 14:42:22+00:00,web,5.0,2026-02-25,14,sports,Nova,26.93,0.41400000000000003,0.40700000000000003,0.18898148148148147,0.1758087201125177,0.4676434676434677
U0127,I0106,view,,1,26.93,2026-02-18 06:06:22+00:00,web,1.0,2026-02-18,6,sports,Nova,26.93,0.41400000000000003,0.40700000000000003,0.18898148148148147,0.1758087201125177,0.4676434676434677
U0021,I0014,view,,1,30.5,2026-02-17 15:29:22+00:00,mobile,1.0,2026-02-17,15,electronics,ZenCo,30.5,0.544,0.221,0.22203703703703703,0.3586497890295359,0.24053724053724057
U0087,I0110,purchase,,1,26.64,2026-04-07 07:06:22+00:00,mobile,5.0,2026-04-07,7,sports,Aster,26.64,0.805,0.6900000000000001,0.1862962962962963,0.7257383966244725,0.8131868131868133
U0182,I0074,view,,1,19.52,2026-03-05 18:37:22+00:00,web,1.0,2026-03-05,18,electronics,Nova,19.52,0.645,0.212,0.12037037037037036,0.5007032348804501,0.22954822954822957
U0028,I0112,view,,1,53.68,2026-03-30 17:02:22+00:00,web,1.0,2026-03-30,17,fashion,Pulse,53.68,0.342,0.187,0.43666666666666665,0.07454289732770752,0.19902319902319904
U0098,I0083,cart,,1,17.83,2026-04-14 21:01:22+00:00,web,3.0,2026-04-14,21,sports,Aster,17.83,0.483,0.085,0.1047222222222222,0.2728551336146273,0.0744810744810745
U0061,I0081,purchase,,1,60.65,2026-04-17 16:02:22+00:00,web,5.0,2026-04-17,16,home,Orion,60.65,0.7010000000000001,0.10300000000000001,0.5012037037037036,0.579465541490858,0.09645909645909648
U0059,I0021,view,,1,19.0,2026-02-14 19:10:22+00:00,web,1.0,2026-02-14,19,beauty,UrbanLeaf,19.0,0.844,0.467,0.11555555555555556,0.780590717299578,0.540903540903541
U0020,I0002,view,,1,22.56,2026-02-04 07:13:22+00:00,mobile,1.0,2026-02-04,7,beauty,ZenCo,22.56,0.848,0.169,0.1485185185185185,0.7862165963431785,0.17704517704517708
U0054,I0003,cart,,1,12.56,2026-03-24 17:08:22+00:00,mobile,3.0,2026-03-24,17,home,Pulse,12.56,0.686,0.39,0.055925925925925934,0.5583684950773559,0.4468864468864469
U0202,I0074,rating,3.0,1,19.52,2026-02-27 01:19:22+00:00,mobile,3.0,2026-02-27,1,electronics,Nova,19.52,0.645,0.212,0.12037037037037036,0.5007032348804501,0.22954822954822957
U0194,I0076,cart,,1,36.2,2026-02-09 00:02:22+00:00,mobile,3.0,2026-02-09,0,books,Pulse,36.2,0.8180000000000001,0.057,0.27481481481481485,0.7440225035161744,0.04029304029304029
U0176,I0015,view,,1,19.27,2026-02-12 09:25:22+00:00,mobile,1.0,2026-02-12,9,electronics,Orion,19.27,0.914,0.342,0.11805555555555554,0.8790436005625878,0.38827838827838834
U0046,I0100,view,,1,54.26,2026-02-19 22:48:22+00:00,web,1.0,2026-02-19,22,sports,UrbanLeaf,54.26,0.5670000000000001,0.527,0.44203703703703706,0.39099859353023914,0.6141636141636142
U0043,I0021,cart,,1,19.0,2026-04-10 01:03:22+00:00,mobile,3.0,2026-04-10,1,beauty,UrbanLeaf,19.0,0.844,0.467,0.11555555555555556,0.780590717299578,0.540903540903541
U0098,I0066,view,,1,22.7,2026-03-27 21:00:22+00:00,mobile,1.0,2026-03-27,21,sports,UrbanLeaf,22.7,0.8230000000000001,0.216,0.1498148148148148,0.7510548523206751,0.23443223443223443
U0068,I0021,view,,1,19.0,2026-03-12 21:27:22+00:00,web,1.0,2026-03-12,21,beauty,UrbanLeaf,19.0,0.844,0.467,0.11555555555555556,0.780590717299578,0.540903540903541
U0112,I0090,purchase,,1,12.85,2026-03-06 15:40:22+00:00,web,5.0,2026-03-06,15,home,Orion,12.85,0.41200000000000003,0.123,0.0586111111111111,0.1729957805907174,0.1208791208791209
U0075,I0025,rating,4.0,1,15.52,2026-02-23 20:55:22+00:00,mobile,4.0,2026-02-23,20,beauty,Nova,15.52,0.76,0.761,0.08333333333333333,0.6624472573839663,0.8998778998779
U0022,I0031,view,,1,6.52,2026-03-08 16:22:22+00:00,mobile,1.0,2026-03-08,16,books,UrbanLeaf,6.52,0.8240000000000001,0.45,0.0,0.7524613220815753,0.5201465201465202
U0023,I0089,view,,1,40.79,2026-02-26 08:29:22+00:00,web,1.0,2026-02-26,8,sports,Pulse,40.79,0.627,0.22,0.3173148148148148,0.47538677918424754,0.23931623931623935
U0156,I0049,view,,1,10.95,2026-02-20 14:58:22+00:00,mobile,1.0,2026-02-20,14,books,UrbanLeaf,10.95,0.716,0.125,0.04101851851851851,0.60056258790436,0.12332112332112333
U0182,I0068,view,,1,16.18,2026-02-11 11:31:22+00:00,mobile,1.0,2026-02-11,11,electronics,ZenCo,16.18,0.66,0.20500000000000002,0.08944444444444445,0.5218002812939522,0.22100122100122105
U0182,I0028,view,,1,23.83,2026-03-15 02:22:22+00:00,web,1.0,2026-03-15,2,sports,Nova,23.83,0.467,0.08700000000000001,0.16027777777777774,0.25035161744022505,0.07692307692307694
U0074,I0030,purchase,,1,19.11,2026-03-21 04:43:22+00:00,mobile,5.0,2026-03-21,4,fashion,Orion,19.11,0.679,0.384,0.11657407407407407,0.5485232067510549,0.4395604395604396
U0140,I0076,view,,1,36.2,2026-04-17 23:20:22+00:00,web,1.0,2026-04-17,23,books,Pulse,36.2,0.8180000000000001,0.057,0.27481481481481485,0.7440225035161744,0.04029304029304029
U0169,I0018,purchase,,1,34.0,2026-02-13 09:34:22+00:00,mobile,5.0,2026-02-13,9,books,Nova,34.0,0.517,0.384,0.2544444444444444,0.32067510548523204,0.4395604395604396
U0031,I0042,purchase,,1,34.64,2026-04-07 23:34:22+00:00,web,5.0,2026-04-07,23,home,Nova,34.64,0.5740000000000001,0.15,0.26037037037037036,0.4008438818565402,0.15384615384615385
U0019,I0008,cart,,1,36.94,2026-04-28 08:48:22+00:00,mobile,3.0,2026-04-28,8,sports,Orion,36.94,0.289,0.317,0.2816666666666666,0.0,0.35775335775335776
U0086,I0081,purchase,,1,60.65,2026-03-20 21:31:22+00:00,web,5.0,2026-03-20,21,home,Orion,60.65,0.7010000000000001,0.10300000000000001,0.5012037037037036,0.579465541490858,0.09645909645909648
U0204,I0011,rating,4.0,1,15.55,2026-04-07 20:43:22+00:00,web,4.0,2026-04-07,20,sports,UrbanLeaf,15.55,0.673,0.613,0.08361111111111112,0.5400843881856541,0.7191697191697192
U0180,I0093,view,,1,35.82,2026-04-23 07:47:22+00:00,web,1.0,2026-04-23,7,fashion,UrbanLeaf,35.82,0.616,0.268,0.2712962962962963,0.4599156118143459,0.297924297924298
U0094,I0112,view,,1,53.68,2026-03-25 13:53:22+00:00,mobile,1.0,2026-03-25,13,fashion,Pulse,53.68,0.342,0.187,0.43666666666666665,0.07454289732770752,0.19902319902319904
U0068,I0050,view,,1,15.33,2026-04-11 05:10:22+00:00,web,1.0,2026-04-11,5,beauty,UrbanLeaf,15.33,0.7010000000000001,0.115,0.08157407407407406,0.579465541490858,0.11111111111111113
U0048,I0032,cart,,1,68.88,2026-04-15 23:48:22+00:00,mobile,3.0,2026-04-15,23,electronics,ZenCo,68.88,0.794,0.11,0.5774074074074073,0.710267229254571,0.10500610500610502
U0058,I0110,view,,1,26.64,2026-04-29 10:15:22+00:00,mobile,1.0,2026-04-29,10,sports,Aster,26.64,0.805,0.6900000000000001,0.1862962962962963,0.7257383966244725,0.8131868131868133
U0066,I0041,view,,1,35.48,2026-04-21 01:58:22+00:00,web,1.0,2026-04-21,1,fashion,UrbanLeaf,35.48,0.656,0.211,0.26814814814814814,0.5161744022503516,0.22832722832722835
U0142,I0084,view,,1,27.83,2026-04-14 13:34:22+00:00,web,1.0,2026-04-14,13,books,ZenCo,27.83,0.8260000000000001,0.037,0.19731481481481478,0.7552742616033755,0.01587301587301587
U0152,I0059,cart,,1,24.91,2026-02-27 04:12:22+00:00,mobile,3.0,2026-02-27,4,books,Pulse,24.91,0.758,0.376,0.17027777777777775,0.6596343178621659,0.4297924297924298
U0144,I0096,rating,2.0,1,36.87,2026-02-08 22:02:22+00:00,mobile,2.0,2026-02-08,22,home,UrbanLeaf,36.87,0.675,0.17,0.2810185185185185,0.5428973277074544,0.1782661782661783
U0084,I0101,view,,1,48.0,2026-04-24 06:22:22+00:00,web,1.0,2026-04-24,6,electronics,UrbanLeaf,48.0,0.773,0.338,0.38407407407407407,0.6807313642756679,0.3833943833943835
U0190,I0051,view,,1,24.93,2026-02-14 17:15:22+00:00,web,1.0,2026-02-14,17,fashion,Pulse,24.93,0.607,0.373,0.17046296296296293,0.4472573839662447,0.42612942612942617
U0076,I0063,rating,5.0,1,17.91,2026-04-03 20:12:22+00:00,web,5.0,2026-04-03,20,beauty,Nova,17.91,0.875,0.47300000000000003,0.10546296296296297,0.8241912798874823,0.5482295482295483
U0015,I0063,cart,,1,17.91,2026-03-31 14:51:22+00:00,mobile,3.0,2026-03-31,14,beauty,Nova,17.91,0.875,0.47300000000000003,0.10546296296296297,0.8241912798874823,0.5482295482295483
U0172,I0116,purchase,,1,59.11,2026-02-21 07:43:22+00:00,mobile,5.0,2026-02-21,7,electronics,Aster,59.11,0.622,0.58,0.48694444444444446,0.4683544303797468,0.6788766788766789
U0020,I0025,purchase,,2,15.52,2026-03-21 23:00:22+00:00,web,5.0,2026-03-21,23,beauty,Nova,15.52,0.76,0.761,0.08333333333333333,0.6624472573839663,0.8998778998779
U0055,I0045,view,,1,27.1,2026-02-05 18:05:22+00:00,web,1.0,2026-02-05,18,beauty,ZenCo,27.1,0.927,0.165,0.1905555555555556,0.8973277074542897,0.1721611721611722
U0116,I0065,view,,1,45.15,2026-02-17 01:55:22+00:00,mobile,1.0,2026-02-17,1,fashion,Nova,45.15,0.521,0.28700000000000003,0.35768518518518516,0.3263009845288326,0.3211233211233212
U0014,I0111,cart,,1,114.52,2026-03-24 06:08:22+00:00,mobile,3.0,2026-03-24,6,books,Nova,114.52,0.649,0.314,0.9999999999999998,0.5063291139240507,0.3540903540903541
U0049,I0065,view,,1,45.15,2026-02-16 20:24:22+00:00,web,1.0,2026-02-16,20,fashion,Nova,45.15,0.521,0.28700000000000003,0.35768518518518516,0.3263009845288326,0.3211233211233212
U0113,I0090,view,,1,12.85,2026-03-04 04:26:22+00:00,web,1.0,2026-03-04,4,home,Orion,12.85,0.41200000000000003,0.123,0.0586111111111111,0.1729957805907174,0.1208791208791209
U0227,I0119,view,,1,34.0,2026-03-05 00:33:22+00:00,web,1.0,2026-03-05,0,beauty,Pulse,34.0,0.9460000000000001,0.10400000000000001,0.2544444444444444,0.9240506329113923,0.0976800976800977
U0131,I0042,view,,1,34.64,2026-04-13 05:03:22+00:00,web,1.0,2026-04-13,5,home,Nova,34.64,0.5740000000000001,0.15,0.26037037037037036,0.4008438818565402,0.15384615384615385
U0023,I0101,view,,1,48.0,2026-03-17 09:13:22+00:00,web,1.0,2026-03-17,9,electronics,UrbanLeaf,48.0,0.773,0.338,0.38407407407407407,0.6807313642756679,0.3833943833943835
U0051,I0081,cart,,1,60.65,2026-04-05 10:22:22+00:00,mobile,3.0,2026-04-05,10,home,Orion,60.65,0.7010000000000001,0.10300000000000001,0.5012037037037036,0.579465541490858,0.09645909645909648
U0191,I0013,cart,,1,28.54,2026-04-17 11:06:22+00:00,web,3.0,2026-04-17,11,electronics,ZenCo,28.54,0.846,0.024,0.2038888888888889,0.7834036568213781,0.0
U0171,I0068,view,,1,16.18,2026-02-21 13:37:22+00:00,web,1.0,2026-02-21,13,electronics,ZenCo,16.18,0.66,0.20500000000000002,0.08944444444444445,0.5218002812939522,0.22100122100122105
U0128,I0100,cart,,1,54.26,2026-02-21 06:14:22+00:00,web,3.0,2026-02-21,6,sports,UrbanLeaf,54.26,0.5670000000000001,0.527,0.44203703703703706,0.39099859353023914,0.6141636141636142
U0108,I0062,view,,1,23.59,2026-04-15 05:45:22+00:00,mobile,1.0,2026-04-15,5,beauty,ZenCo,23.59,0.8150000000000001,0.304,0.15805555555555556,0.739803094233474,0.3418803418803419
U0229,I0025,purchase,,1,15.52,2026-04-03 17:49:22+00:00,web,5.0,2026-04-03,17,beauty,Nova,15.52,0.76,0.761,0.08333333333333333,0.6624472573839663,0.8998778998779
U0126,I0089,cart,,1,40.79,2026-02-11 13:33:22+00:00,web,3.0,2026-02-11,13,sports,Pulse,40.79,0.627,0.22,0.3173148148148148,0.47538677918424754,0.23931623931623935
U0014,I0065,view,,1,45.15,2026-04-09 01:54:22+00:00,web,1.0,2026-04-09,1,fashion,Nova,45.15,0.521,0.28700000000000003,0.35768518518518516,0.3263009845288326,0.3211233211233212
U0105,I0023,view,,1,51.99,2026-04-02 12:27:22+00:00,mobile,1.0,2026-04-02,12,fashion,Pulse,51.99,0.717,0.455,0.4210185185185185,0.6019690576652602,0.5262515262515263
U0144,I0014,cart,,1,30.5,2026-03-19 02:47:22+00:00,mobile,3.0,2026-03-19,2,electronics,ZenCo,30.5,0.544,0.221,0.22203703703703703,0.3586497890295359,0.24053724053724057
U0089,I0090,view,,1,12.85,2026-04-25 21:17:22+00:00,mobile,1.0,2026-04-25,21,home,Orion,12.85,0.41200000000000003,0.123,0.0586111111111111,0.1729957805907174,0.1208791208791209
U0221,I0100,view,,1,54.26,2026-02-24 09:51:22+00:00,mobile,1.0,2026-02-24,9,sports,UrbanLeaf,54.26,0.5670000000000001,0.527,0.44203703703703706,0.39099859353023914,0.6141636141636142
U0027,I0087,view,,1,58.68,2026-02-11 07:05:22+00:00,web,1.0,2026-02-11,7,electronics,UrbanLeaf,58.68,0.7000000000000001,0.155,0.482962962962963,0.5780590717299579,0.15995115995115997
U0068,I0117,view,,1,42.8,2026-02-25 18:22:22+00:00,mobile,1.0,2026-02-25,18,electronics,Pulse,42.8,0.8160000000000001,0.231,0.3359259259259259,0.7412095639943742,0.2527472527472528
U0128,I0097,cart,,1,42.6,2026-03-16 14:54:22+00:00,web,3.0,2026-03-16,14,fashion,ZenCo,42.6,0.549,0.041,0.3340740740740741,0.3656821378340366,0.020757020757020763
U0215,I0096,view,,1,36.87,2026-04-12 01:13:22+00:00,mobile,1.0,2026-04-12,1,home,UrbanLeaf,36.87,0.675,0.17,0.2810185185185185,0.5428973277074544,0.1782661782661783
U0124,I0070,cart,,1,26.73,2026-04-15 17:44:22+00:00,mobile,3.0,2026-04-15,17,home,Nova,26.73,0.365,0.634,0.18712962962962965,0.10689170182841068,0.7448107448107448
U0015,I0050,rating,5.0,1,15.33,2026-04-24 20:46:22+00:00,web,5.0,2026-04-24,20,beauty,UrbanLeaf,15.33,0.7010000000000001,0.115,0.08157407407407406,0.579465541490858,0.11111111111111113
U0172,I0015,purchase,,1,19.27,2026-02-28 04:36:22+00:00,web,5.0,2026-02-28,4,electronics,Orion,19.27,0.914,0.342,0.11805555555555554,0.8790436005625878,0.38827838827838834
U0070,I0115,rating,5.0,1,29.97,2026-03-27 10:43:22+00:00,mobile,5.0,2026-03-27,10,beauty,Nova,29.97,0.788,0.161,0.21712962962962962,0.7018284106891702,0.1672771672771673
U0079,I0049,view,,1,10.95,2026-03-22 01:33:22+00:00,web,1.0,2026-03-22,1,books,UrbanLeaf,10.95,0.716,0.125,0.04101851851851851,0.60056258790436,0.12332112332112333
U0039,I0037,rating,4.0,1,17.51,2026-04-13 19:08:22+00:00,web,4.0,2026-04-13,19,sports,ZenCo,17.51,0.519,0.554,0.10175925925925926,0.3234880450070323,0.6471306471306473
U0052,I0076,purchase,,1,36.2,2026-02-22 14:15:22+00:00,web,5.0,2026-02-22,14,books,Pulse,36.2,0.8180000000000001,0.057,0.27481481481481485,0.7440225035161744,0.04029304029304029
U0092,I0070,view,,1,26.73,2026-02-28 22:49:22+00:00,mobile,1.0,2026-02-28,22,home,Nova,26.73,0.365,0.634,0.18712962962962965,0.10689170182841068,0.7448107448107448
U0152,I0007,view,,1,50.51,2026-02-21 06:22:22+00:00,web,1.0,2026-02-21,6,books,UrbanLeaf,50.51,0.41300000000000003,0.309,0.4073148148148148,0.1744022503516175,0.347985347985348
U0062,I0104,view,,1,41.88,2026-04-11 01:11:22+00:00,mobile,1.0,2026-04-11,1,electronics,Aster,41.88,0.799,0.487,0.3274074074074074,0.7172995780590717,0.5653235653235653
U0070,I0119,purchase,,2,34.0,2026-02-26 01:58:22+00:00,web,5.0,2026-02-26,1,beauty,Pulse,34.0,0.9460000000000001,0.10400000000000001,0.2544444444444444,0.9240506329113923,0.0976800976800977
U0071,I0058,rating,3.0,1,18.03,2026-03-18 00:45:22+00:00,web,3.0,2026-03-18,0,home,UrbanLeaf,18.03,0.771,0.47300000000000003,0.10657407407407408,0.6779184247538678,0.5482295482295483
U0180,I0065,cart,,1,45.15,2026-05-01 03:49:22+00:00,mobile,3.0,2026-05-01,3,fashion,Nova,45.15,0.521,0.28700000000000003,0.35768518518518516,0.3263009845288326,0.3211233211233212
U0006,I0109,cart,,1,70.56,2026-03-19 04:17:22+00:00,web,3.0,2026-03-19,4,home,Aster,70.56,0.78,0.5680000000000001,0.5929629629629629,0.6905766526019691,0.6642246642246643
U0225,I0109,rating,3.0,1,70.56,2026-02-20 23:23:22+00:00,web,3.0,2026-02-20,23,home,Aster,70.56,0.78,0.5680000000000001,0.5929629629629629,0.6905766526019691,0.6642246642246643
U0107,I0021,view,,1,19.0,2026-02-18 07:46:22+00:00,mobile,1.0,2026-02-18,7,beauty,UrbanLeaf,19.0,0.844,0.467,0.11555555555555556,0.780590717299578,0.540903540903541
U0098,I0113,cart,,1,36.16,2026-02-09 21:24:22+00:00,web,3.0,2026-02-09,21,sports,Nova,36.16,0.528,0.402,0.27444444444444444,0.33614627285513365,0.4615384615384616
U0073,I0028,purchase,,1,23.83,2026-04-15 01:46:22+00:00,web,5.0,2026-04-15,1,sports,Nova,23.83,0.467,0.08700000000000001,0.16027777777777774,0.25035161744022505,0.07692307692307694
U0043,I0019,purchase,,1,35.63,2026-04-20 18:45:22+00:00,mobile,5.0,2026-04-20,18,beauty,UrbanLeaf,35.63,0.65,0.368,0.2695370370370371,0.5077355836849508,0.42002442002442003
U0173,I0120,view,,1,26.42,2026-02-23 15:45:22+00:00,mobile,1.0,2026-02-23,15,electronics,Nova,26.42,0.501,0.108,0.1842592592592593,0.29817158931082977,0.10256410256410256
U0157,I0056,view,,1,21.96,2026-03-22 12:24:22+00:00,web,1.0,2026-03-22,12,books,Nova,21.96,0.606,0.146,0.14296296296296296,0.4458509142053445,0.14896214896214896
U0196,I0114,view,,1,33.44,2026-02-09 17:19:22+00:00,web,1.0,2026-02-09,17,fashion,Nova,33.44,0.752,0.39,0.24925925925925924,0.6511954992967651,0.4468864468864469
U0089,I0067,rating,2.0,1,77.25,2026-03-01 21:51:22+00:00,mobile,2.0,2026-03-01,21,fashion,Nova,77.25,0.665,0.28700000000000003,0.6549074074074074,0.5288326300984529,0.3211233211233212
U0001,I0039,rating,3.0,1,14.55,2026-03-07 06:10:22+00:00,web,3.0,2026-03-07,6,electronics,ZenCo,14.55,0.483,0.47100000000000003,0.07435185185185185,0.2728551336146273,0.5457875457875458
U0015,I0114,purchase,,1,33.44,2026-03-28 08:52:22+00:00,mobile,5.0,2026-03-28,8,fashion,Nova,33.44,0.752,0.39,0.24925925925925924,0.6511954992967651,0.4468864468864469
U0102,I0065,view,,1,45.15,2026-02-08 15:46:22+00:00,web,1.0,2026-02-08,15,fashion,Nova,45.15,0.521,0.28700000000000003,0.35768518518518516,0.3263009845288326,0.3211233211233212
U0223,I0037,view,,1,17.51,2026-04-09 21:58:22+00:00,web,1.0,2026-04-09,21,sports,ZenCo,17.51,0.519,0.554,0.10175925925925926,0.3234880450070323,0.6471306471306473
U0048,I0032,view,,1,68.88,2026-04-09 19:29:22+00:00,web,1.0,2026-04-09,19,electronics,ZenCo,68.88,0.794,0.11,0.5774074074074073,0.710267229254571,0.10500610500610502
U0203,I0081,rating,5.0,1,60.65,2026-02-02 14:30:22+00:00,web,5.0,2026-02-02,14,home,Orion,60.65,0.7010000000000001,0.10300000000000001,0.5012037037037036,0.579465541490858,0.09645909645909648
U0110,I0094,rating,3.0,1,20.46,2026-03-06 05:30:22+00:00,web,3.0,2026-03-06,5,sports,Pulse,20.46,0.762,0.843,0.12907407407407406,0.6652601969057664,1.0000000000000002
U0234,I0077,view,,1,43.74,2026-02-09 07:57:22+00:00,web,1.0,2026-02-09,7,home,Orion,43.74,0.756,0.41600000000000004,0.3446296296296296,0.6568213783403657,0.4786324786324787
U0093,I0010,view,,1,50.12,2026-04-10 07:08:22+00:00,mobile,1.0,2026-04-10,7,electronics,Pulse,50.12,0.591,0.252,0.4037037037037037,0.42475386779184243,0.2783882783882784
U0060,I0119,purchase,,1,34.0,2026-04-26 04:44:22+00:00,mobile,5.0,2026-04-26,4,beauty,Pulse,34.0,0.9460000000000001,0.10400000000000001,0.2544444444444444,0.9240506329113923,0.0976800976800977
U0024,I0112,view,,1,53.68,2026-03-08 15:27:22+00:00,mobile,1.0,2026-03-08,15,fashion,Pulse,53.68,0.342,0.187,0.43666666666666665,0.07454289732770752,0.19902319902319904
U0155,I0094,cart,,1,20.46,2026-02-26 22:04:22+00:00,web,3.0,2026-02-26,22,sports,Pulse,20.46,0.762,0.843,0.12907407407407406,0.6652601969057664,1.0000000000000002
U0026,I0009,purchase,,2,26.36,2026-04-21 12:15:22+00:00,mobile,5.0,2026-04-21,12,home,Orion,26.36,0.492,0.5650000000000001,0.1837037037037037,0.28551336146272854,0.6605616605616607
U0214,I0110,view,,1,26.64,2026-04-24 13:48:22+00:00,mobile,1.0,2026-04-24,13,sports,Aster,26.64,0.805,0.6900000000000001,0.1862962962962963,0.7257383966244725,0.8131868131868133
U0240,I0009,view,,1,26.36,2026-03-16 18:59:22+00:00,web,1.0,2026-03-16,18,home,Orion,26.36,0.492,0.5650000000000001,0.1837037037037037,0.28551336146272854,0.6605616605616607
U0118,I0119,purchase,,1,34.0,2026-04-09 16:28:22+00:00,web,5.0,2026-04-09,16,beauty,Pulse,34.0,0.9460000000000001,0.10400000000000001,0.2544444444444444,0.9240506329113923,0.0976800976800977
U0114,I0100,rating,3.0,1,54.26,2026-04-12 23:09:22+00:00,mobile,3.0,2026-04-12,23,sports,UrbanLeaf,54.26,0.5670000000000001,0.527,0.44203703703703706,0.39099859353023914,0.6141636141636142
U0064,I0088,view,,1,30.05,2026-03-30 03:10:22+00:00,mobile,1.0,2026-03-30,3,beauty,ZenCo,30.05,0.594,0.149,0.21787037037037038,0.4289732770745428,0.15262515262515264
U0149,I0001,rating,4.0,1,31.44,2026-03-03 23:02:22+00:00,mobile,4.0,2026-03-03,23,home,Aster,31.44,0.778,0.255,0.23074074074074075,0.6877637130801687,0.28205128205128205
U0205,I0006,view,,1,21.38,2026-02-26 02:30:22+00:00,mobile,1.0,2026-02-26,2,electronics,UrbanLeaf,21.38,0.626,0.395,0.1375925925925926,0.47398030942334735,0.45299145299145305
U0057,I0064,rating,4.0,1,28.05,2026-03-24 00:57:22+00:00,web,4.0,2026-03-24,0,sports,Nova,28.05,0.641,0.34500000000000003,0.19935185185185184,0.49507735583684953,0.391941391941392
U0216,I0008,view,,1,36.94,2026-02-25 07:09:22+00:00,mobile,1.0,2026-02-25,7,sports,Orion,36.94,0.289,0.317,0.2816666666666666,0.0,0.35775335775335776
U0234,I0019,view,,1,35.63,2026-03-21 07:06:22+00:00,mobile,1.0,2026-03-21,7,beauty,UrbanLeaf,35.63,0.65,0.368,0.2695370370370371,0.5077355836849508,0.42002442002442003
U0002,I0017,view,,1,25.29,2026-03-22 17:21:22+00:00,web,1.0,2026-03-22,17,beauty,UrbanLeaf,25.29,0.804,0.343,0.17379629629629628,0.7243319268635725,0.38949938949938956
U0017,I0060,rating,5.0,1,48.07,2026-04-15 15:34:22+00:00,mobile,5.0,2026-04-15,15,fashion,ZenCo,48.07,0.742,0.151,0.38472222222222224,0.6371308016877636,0.15506715506715507
U0196,I0036,rating,4.0,1,74.72,2026-04-26 03:41:22+00:00,web,4.0,2026-04-26,3,fashion,Orion,74.72,0.598,0.393,0.6314814814814814,0.43459915611814337,0.4505494505494506
U0148,I0099,rating,4.0,1,19.36,2026-03-28 15:11:22+00:00,web,4.0,2026-03-28,15,fashion,ZenCo,19.36,0.81,0.17,0.11888888888888889,0.7327707454289732,0.1782661782661783
U0088,I0086,view,,1,33.96,2026-05-02 05:31:22+00:00,web,1.0,2026-05-02,5,books,Aster,33.96,0.299,0.062,0.25407407407407406,0.01406469760900142,0.0463980463980464
U0220,I0094,purchase,,1,20.46,2026-02-03 12:58:22+00:00,mobile,5.0,2026-02-03,12,sports,Pulse,20.46,0.762,0.843,0.12907407407407406,0.6652601969057664,1.0000000000000002
U0031,I0077,cart,,1,43.74,2026-04-26 09:17:22+00:00,web,3.0,2026-04-26,9,home,Orion,43.74,0.756,0.41600000000000004,0.3446296296296296,0.6568213783403657,0.4786324786324787
U0237,I0061,rating,5.0,1,17.75,2026-04-05 11:29:22+00:00,web,5.0,2026-04-05,11,books,ZenCo,17.75,0.625,0.234,0.10398148148148147,0.47257383966244726,0.25641025641025644
U0052,I0031,view,,1,6.52,2026-03-28 02:09:22+00:00,mobile,1.0,2026-03-28,2,books,UrbanLeaf,6.52,0.8240000000000001,0.45,0.0,0.7524613220815753,0.5201465201465202
U0182,I0017,view,,1,25.29,2026-03-13 02:51:22+00:00,web,1.0,2026-03-13,2,beauty,UrbanLeaf,25.29,0.804,0.343,0.17379629629629628,0.7243319268635725,0.38949938949938956
U0105,I0111,cart,,1,114.52,2026-04-24 05:20:22+00:00,web,3.0,2026-04-24,5,books,Nova,114.52,0.649,0.314,0.9999999999999998,0.5063291139240507,0.3540903540903541
U0037,I0012,view,,1,67.3,2026-04-25 19:09:22+00:00,web,1.0,2026-04-25,19,sports,Pulse,67.3,0.642,0.37,0.5627777777777777,0.4964838255977496,0.4224664224664225
U0154,I0098,rating,5.0,1,35.06,2026-04-13 05:23:22+00:00,web,5.0,2026-04-13,5,books,Pulse,35.06,0.709,0.449,0.2642592592592593,0.590717299578059,0.518925518925519
U0058,I0008,cart,,1,36.94,2026-03-04 22:48:22+00:00,web,3.0,2026-03-04,22,sports,Orion,36.94,0.289,0.317,0.2816666666666666,0.0,0.35775335775335776
U0066,I0041,view,,1,35.48,2026-04-09 15:50:22+00:00,web,1.0,2026-04-09,15,fashion,UrbanLeaf,35.48,0.656,0.211,0.26814814814814814,0.5161744022503516,0.22832722832722835
U0203,I0080,cart,,1,16.0,2026-04-28 03:03:22+00:00,mobile,3.0,2026-04-28,3,home,Nova,16.0,0.681,0.432,0.08777777777777777,0.5513361462728552,0.4981684981684982
U0072,I0053,view,,1,18.65,2026-04-18 16:30:22+00:00,web,1.0,2026-04-18,16,books,Pulse,18.65,0.745,0.249,0.1123148148148148,0.6413502109704642,0.27472527472527475
U0216,I0094,cart,,1,20.46,2026-03-31 14:14:22+00:00,web,3.0,2026-03-31,14,sports,Pulse,20.46,0.762,0.843,0.12907407407407406,0.6652601969057664,1.0000000000000002
U0237,I0118,rating,4.0,1,24.81,2026-04-27 19:43:22+00:00,mobile,4.0,2026-04-27,19,books,Nova,24.81,1.0,0.20500000000000002,0.1693518518518518,0.9999999999999999,0.22100122100122105
U0203,I0077,rating,3.0,1,43.74,2026-03-05 15:09:22+00:00,web,3.0,2026-03-05,15,home,Orion,43.74,0.756,0.41600000000000004,0.3446296296296296,0.6568213783403657,0.4786324786324787
U0128,I0080,purchase,,1,16.0,2026-03-30 14:01:22+00:00,web,5.0,2026-03-30,14,home,Nova,16.0,0.681,0.432,0.08777777777777777,0.5513361462728552,0.4981684981684982
U0107,I0081,rating,5.0,1,60.65,2026-04-14 01:02:22+00:00,web,5.0,2026-04-14,1,home,Orion,60.65,0.7010000000000001,0.10300000000000001,0.5012037037037036,0.579465541490858,0.09645909645909648
U0050,I0056,cart,,1,21.96,2026-03-01 00:03:22+00:00,mobile,3.0,2026-03-01,0,books,Nova,21.96,0.606,0.146,0.14296296296296296,0.4458509142053445,0.14896214896214896
U0197,I0009,view,,1,26.36,2026-02-05 01:41:22+00:00,web,1.0,2026-02-05,1,home,Orion,26.36,0.492,0.5650000000000001,0.1837037037037037,0.28551336146272854,0.6605616605616607
U0057,I0024,view,,1,24.65,2026-04-24 19:37:22+00:00,web,1.0,2026-04-24,19,sports,ZenCo,24.65,0.79,0.5750000000000001,0.16787037037037034,0.7046413502109704,0.6727716727716729
U0021,I0116,view,,1,59.11,2026-03-11 00:01:22+00:00,web,1.0,2026-03-11,0,electronics,Aster,59.11,0.622,0.58,0.48694444444444446,0.4683544303797468,0.6788766788766789
U0113,I0044,cart,,1,16.15,2026-02-26 22:20:22+00:00,web,3.0,2026-02-26,22,home,Aster,16.15,0.797,0.046,0.08916666666666666,0.7144866385372713,0.02686202686202686
U0068,I0115,view,,1,29.97,2026-03-03 17:06:22+00:00,mobile,1.0,2026-03-03,17,beauty,Nova,29.97,0.788,0.161,0.21712962962962962,0.7018284106891702,0.1672771672771673
U0079,I0031,view,,1,6.52,2026-04-17 17:27:22+00:00,mobile,1.0,2026-04-17,17,books,UrbanLeaf,6.52,0.8240000000000001,0.45,0.0,0.7524613220815753,0.5201465201465202
U0023,I0013,view,,1,28.54,2026-04-01 12:23:22+00:00,web,1.0,2026-04-01,12,electronics,ZenCo,28.54,0.846,0.024,0.2038888888888889,0.7834036568213781,0.0
U0059,I0017,view,,1,25.29,2026-02-06 16:00:22+00:00,web,1.0,2026-02-06,16,beauty,UrbanLeaf,25.29,0.804,0.343,0.17379629629629628,0.7243319268635725,0.38949938949938956
U0089,I0099,rating,5.0,1,19.36,2026-04-10 02:06:22+00:00,mobile,5.0,2026-04-10,2,fashion,ZenCo,19.36,0.81,0.17,0.11888888888888889,0.7327707454289732,0.1782661782661783
U0219,I0048,cart,,1,22.53,2026-04-06 05:54:22+00:00,web,3.0,2026-04-06,5,books,Nova,22.53,0.897,0.2,0.14824074074074073,0.8551336146272855,0.2148962148962149
U0151,I0027,view,,1,58.32,2026-02-10 18:10:22+00:00,mobile,1.0,2026-02-10,18,sports,Orion,58.32,0.791,0.039,0.4796296296296296,0.7060478199718706,0.018315018315018316
U0041,I0032,cart,,1,68.88,2026-04-21 06:46:22+00:00,web,3.0,2026-04-21,6,electronics,ZenCo,68.88,0.794,0.11,0.5774074074074073,0.710267229254571,0.10500610500610502
U0239,I0017,view,,1,25.29,2026-03-27 10:50:22+00:00,mobile,1.0,2026-03-27,10,beauty,UrbanLeaf,25.29,0.804,0.343,0.17379629629629628,0.7243319268635725,0.38949938949938956
U0147,I0022,view,,1,23.73,2026-04-22 16:06:22+00:00,web,1.0,2026-04-22,16,fashion,Orion,23.73,0.511,0.524,0.15935185185185186,0.3122362869198312,0.6105006105006106
U0142,I0097,view,,1,42.6,2026-03-07 20:14:22+00:00,mobile,1.0,2026-03-07,20,fashion,ZenCo,42.6,0.549,0.041,0.3340740740740741,0.3656821378340366,0.020757020757020763
U0055,I0039,view,,1,14.55,2026-02-09 17:46:22+00:00,web,1.0,2026-02-09,17,electronics,ZenCo,14.55,0.483,0.47100000000000003,0.07435185185185185,0.2728551336146273,0.5457875457875458
U0198,I0076,view,,1,36.2,2026-02-18 05:14:22+00:00,mobile,1.0,2026-02-18,5,books,Pulse,36.2,0.8180000000000001,0.057,0.27481481481481485,0.7440225035161744,0.04029304029304029
U0138,I0068,purchase,,1,16.18,2026-03-03 20:15:22+00:00,mobile,5.0,2026-03-03,20,electronics,ZenCo,16.18,0.66,0.20500000000000002,0.08944444444444445,0.5218002812939522,0.22100122100122105
U0162,I0083,view,,1,17.83,2026-04-06 08:13:22+00:00,web,1.0,2026-04-06,8,sports,Aster,17.83,0.483,0.085,0.1047222222222222,0.2728551336146273,0.0744810744810745
U0225,I0120,rating,4.0,1,26.42,2026-03-13 20:25:22+00:00,web,4.0,2026-03-13,20,electronics,Nova,26.42,0.501,0.108,0.1842592592592593,0.29817158931082977,0.10256410256410256
U0152,I0109,view,,1,70.56,2026-04-15 19:23:22+00:00,mobile,1.0,2026-04-15,19,home,Aster,70.56,0.78,0.5680000000000001,0.5929629629629629,0.6905766526019691,0.6642246642246643
U0146,I0117,view,,1,42.8,2026-02-21 05:38:22+00:00,web,1.0,2026-02-21,5,electronics,Pulse,42.8,0.8160000000000001,0.231,0.3359259259259259,0.7412095639943742,0.2527472527472528
U0220,I0079,view,,1,55.92,2026-02-25 11:27:22+00:00,web,1.0,2026-02-25,11,home,Aster,55.92,0.534,0.374,0.45740740740740743,0.3445850914205345,0.4273504273504274
U0161,I0032,cart,,1,68.88,2026-04-28 05:59:22+00:00,web,3.0,2026-04-28,5,electronics,ZenCo,68.88,0.794,0.11,0.5774074074074073,0.710267229254571,0.10500610500610502
U0004,I0008,rating,5.0,1,36.94,2026-02-02 17:06:22+00:00,web,5.0,2026-02-02,17,sports,Orion,36.94,0.289,0.317,0.2816666666666666,0.0,0.35775335775335776
U0127,I0082,purchase,,1,27.22,2026-03-16 18:01:22+00:00,web,5.0,2026-03-16,18,home,Nova,27.22,0.41300000000000003,0.363,0.19166666666666665,0.1744022503516175,0.41391941391941395
U0234,I0115,cart,,1,29.97,2026-03-12 13:11:22+00:00,web,3.0,2026-03-12,13,beauty,Nova,29.97,0.788,0.161,0.21712962962962962,0.7018284106891702,0.1672771672771673
U0016,I0078,purchase,,1,41.4,2026-04-15 10:07:22+00:00,mobile,5.0,2026-04-15,10,beauty,Pulse,41.4,0.875,0.403,0.32296296296296295,0.8241912798874823,0.46275946275946284
U0201,I0025,view,,1,15.52,2026-02-18 10:42:22+00:00,web,1.0,2026-02-18,10,beauty,Nova,15.52,0.76,0.761,0.08333333333333333,0.6624472573839663,0.8998778998779
U0089,I0093,view,,1,35.82,2026-03-26 07:09:22+00:00,mobile,1.0,2026-03-26,7,fashion,UrbanLeaf,35.82,0.616,0.268,0.2712962962962963,0.4599156118143459,0.297924297924298
U0085,I0084,purchase,,2,27.83,2026-04-21 03:18:22+00:00,web,5.0,2026-04-21,3,books,ZenCo,27.83,0.8260000000000001,0.037,0.19731481481481478,0.7552742616033755,0.01587301587301587
U0225,I0077,view,,1,43.74,2026-04-13 23:50:22+00:00,mobile,1.0,2026-04-13,23,home,Orion,43.74,0.756,0.41600000000000004,0.3446296296296296,0.6568213783403657,0.4786324786324787
U0221,I0028,rating,4.0,1,23.83,2026-03-04 00:04:22+00:00,web,4.0,2026-03-04,0,sports,Nova,23.83,0.467,0.08700000000000001,0.16027777777777774,0.25035161744022505,0.07692307692307694
U0082,I0033,purchase,,1,24.72,2026-03-15 14:42:22+00:00,web,5.0,2026-03-15,14,books,Orion,24.72,0.727,0.5650000000000001,0.1685185185185185,0.6160337552742615,0.6605616605616607
U0121,I0070,view,,1,26.73,2026-04-01 02:53:22+00:00,mobile,1.0,2026-04-01,2,home,Nova,26.73,0.365,0.634,0.18712962962962965,0.10689170182841068,0.7448107448107448
U0224,I0099,cart,,1,19.36,2026-02-20 23:16:22+00:00,web,3.0,2026-02-20,23,fashion,ZenCo,19.36,0.81,0.17,0.11888888888888889,0.7327707454289732,0.1782661782661783
U0031,I0058,view,,1,18.03,2026-04-16 21:41:22+00:00,mobile,1.0,2026-04-16,21,home,UrbanLeaf,18.03,0.771,0.47300000000000003,0.10657407407407408,0.6779184247538678,0.5482295482295483
U0057,I0086,view,,1,33.96,2026-03-06 12:17:22+00:00,mobile,1.0,2026-03-06,12,books,Aster,33.96,0.299,0.062,0.25407407407407406,0.01406469760900142,0.0463980463980464
U0184,I0071,view,,1,31.77,2026-03-26 22:05:22+00:00,mobile,1.0,2026-03-26,22,electronics,ZenCo,31.77,0.595,0.32,0.23379629629629628,0.430379746835443,0.36141636141636146
U0068,I0054,rating,5.0,1,35.21,2026-04-21 15:25:22+00:00,web,5.0,2026-04-21,15,beauty,UrbanLeaf,35.21,0.667,0.323,0.26564814814814813,0.5316455696202532,0.3650793650793651
U0149,I0009,view,,1,26.36,2026-02-27 20:46:22+00:00,mobile,1.0,2026-02-27,20,home,Orion,26.36,0.492,0.5650000000000001,0.1837037037037037,0.28551336146272854,0.6605616605616607
U0045,I0092,purchase,,1,16.23,2026-03-22 13:45:22+00:00,mobile,5.0,2026-03-22,13,beauty,ZenCo,16.23,0.8140000000000001,0.035,0.0899074074074074,0.7383966244725738,0.013431013431013435
U0041,I0059,purchase,,3,24.91,2026-03-03 02:22:22+00:00,web,5.0,2026-03-03,2,books,Pulse,24.91,0.758,0.376,0.17027777777777775,0.6596343178621659,0.4297924297924298
U0182,I0013,view,,1,28.54,2026-03-27 01:11:22+00:00,web,1.0,2026-03-27,1,electronics,ZenCo,28.54,0.846,0.024,0.2038888888888889,0.7834036568213781,0.0
U0183,I0082,purchase,,1,27.22,2026-03-12 21:48:22+00:00,mobile,5.0,2026-03-12,21,home,Nova,27.22,0.41300000000000003,0.363,0.19166666666666665,0.1744022503516175,0.41391941391941395
U0125,I0016,purchase,,2,41.84,2026-04-08 01:58:22+00:00,web,5.0,2026-04-08,1,home,Aster,41.84,0.916,0.26,0.32703703703703707,0.8818565400843882,0.2881562881562882
U0078,I0080,rating,4.0,1,16.0,2026-03-02 12:24:22+00:00,mobile,4.0,2026-03-02,12,home,Nova,16.0,0.681,0.432,0.08777777777777777,0.5513361462728552,0.4981684981684982
U0052,I0058,purchase,,3,18.03,2026-03-18 09:42:22+00:00,web,5.0,2026-03-18,9,home,UrbanLeaf,18.03,0.771,0.47300000000000003,0.10657407407407408,0.6779184247538678,0.5482295482295483
U0072,I0012,view,,1,67.3,2026-03-03 17:52:22+00:00,web,1.0,2026-03-03,17,sports,Pulse,67.3,0.642,0.37,0.5627777777777777,0.4964838255977496,0.4224664224664225
U0121,I0056,rating,4.0,1,21.96,2026-04-14 20:15:22+00:00,web,4.0,2026-04-14,20,books,Nova,21.96,0.606,0.146,0.14296296296296296,0.4458509142053445,0.14896214896214896
U0039,I0062,cart,,1,23.59,2026-04-01 13:03:22+00:00,mobile,3.0,2026-04-01,13,beauty,ZenCo,23.59,0.8150000000000001,0.304,0.15805555555555556,0.739803094233474,0.3418803418803419
U0067,I0067,view,,1,77.25,2026-04-11 01:15:22+00:00,mobile,1.0,2026-04-11,1,fashion,Nova,77.25,0.665,0.28700000000000003,0.6549074074074074,0.5288326300984529,0.3211233211233212
U0237,I0118,rating,5.0,1,24.81,2026-04-25 22:46:22+00:00,mobile,5.0,2026-04-25,22,books,Nova,24.81,1.0,0.20500000000000002,0.1693518518518518,0.9999999999999999,0.22100122100122105
U0183,I0118,cart,,1,24.81,2026-03-16 12:52:22+00:00,mobile,3.0,2026-03-16,12,books,Nova,24.81,1.0,0.20500000000000002,0.1693518518518518,0.9999999999999999,0.22100122100122105
U0100,I0034,cart,,1,32.38,2026-04-16 22:29:22+00:00,mobile,3.0,2026-04-16,22,fashion,Pulse,32.38,0.362,0.199,0.23944444444444446,0.10267229254571031,0.2136752136752137
U0123,I0094,purchase,,2,20.46,2026-02-10 10:33:22+00:00,mobile,5.0,2026-02-10,10,sports,Pulse,20.46,0.762,0.843,0.12907407407407406,0.6652601969057664,1.0000000000000002
U0117,I0041,cart,,1,35.48,2026-02-04 22:12:22+00:00,web,3.0,2026-02-04,22,fashion,UrbanLeaf,35.48,0.656,0.211,0.26814814814814814,0.5161744022503516,0.22832722832722835
U0216,I0069,view,,1,41.22,2026-03-27 14:11:22+00:00,web,1.0,2026-03-27,14,books,UrbanLeaf,41.22,0.896,0.375,0.3212962962962963,0.8537271448663853,0.4285714285714286
U0147,I0003,purchase,,1,12.56,2026-03-24 02:02:22+00:00,web,5.0,2026-03-24,2,home,Pulse,12.56,0.686,0.39,0.055925925925925934,0.5583684950773559,0.4468864468864469
U0032,I0077,rating,5.0,1,43.74,2026-02-05 22:09:22+00:00,mobile,5.0,2026-02-05,22,home,Orion,43.74,0.756,0.41600000000000004,0.3446296296296296,0.6568213783403657,0.4786324786324787
U0010,I0029,view,,1,83.41,2026-04-11 21:02:22+00:00,web,1.0,2026-04-11,21,home,Orion,83.41,1.0,0.71,0.7119444444444444,0.9999999999999999,0.8376068376068376
U0232,I0071,cart,,1,31.77,2026-03-14 14:52:22+00:00,mobile,3.0,2026-03-14,14,electronics,ZenCo,31.77,0.595,0.32,0.23379629629629628,0.430379746835443,0.36141636141636146
U0195,I0037,view,,1,17.51,2026-04-14 11:36:22+00:00,web,1.0,2026-04-14,11,sports,ZenCo,17.51,0.519,0.554,0.10175925925925926,0.3234880450070323,0.6471306471306473
U0060,I0002,cart,,1,22.56,2026-02-28 21:29:22+00:00,web,3.0,2026-02-28,21,beauty,ZenCo,22.56,0.848,0.169,0.1485185185185185,0.7862165963431785,0.17704517704517708
U0223,I0024,cart,,1,24.65,2026-03-12 10:54:22+00:00,web,3.0,2026-03-12,10,sports,ZenCo,24.65,0.79,0.5750000000000001,0.16787037037037034,0.7046413502109704,0.6727716727716729
U0235,I0101,view,,1,48.0,2026-02-20 14:57:22+00:00,web,1.0,2026-02-20,14,electronics,UrbanLeaf,48.0,0.773,0.338,0.38407407407407407,0.6807313642756679,0.3833943833943835
U0161,I0085,cart,,1,64.61,2026-02-13 23:55:22+00:00,mobile,3.0,2026-02-13,23,electronics,UrbanLeaf,64.61,1.0,0.157,0.5378703703703703,0.9999999999999999,0.1623931623931624
U0196,I0083,cart,,1,17.83,2026-02-28 07:13:22+00:00,mobile,3.0,2026-02-28,7,sports,Aster,17.83,0.483,0.085,0.1047222222222222,0.2728551336146273,0.0744810744810745
U0211,I0066,view,,1,22.7,2026-04-09 16:59:22+00:00,web,1.0,2026-04-09,16,sports,UrbanLeaf,22.7,0.8230000000000001,0.216,0.1498148148148148,0.7510548523206751,0.23443223443223443
U0060,I0052,view,,1,30.37,2026-05-02 18:58:22+00:00,web,1.0,2026-05-02,18,beauty,Nova,30.37,0.934,0.362,0.22083333333333333,0.9071729957805906,0.41269841269841273
U0027,I0066,view,,1,22.7,2026-04-02 16:26:22+00:00,web,1.0,2026-04-02,16,sports,UrbanLeaf,22.7,0.8230000000000001,0.216,0.1498148148148148,0.7510548523206751,0.23443223443223443
U0050,I0007,view,,1,50.51,2026-02-28 09:39:22+00:00,mobile,1.0,2026-02-28,9,books,UrbanLeaf,50.51,0.41300000000000003,0.309,0.4073148148148148,0.1744022503516175,0.347985347985348
U0221,I0038,view,,1,23.01,2026-03-10 00:56:22+00:00,web,1.0,2026-03-10,0,home,Nova,23.01,0.809,0.228,0.1526851851851852,0.731364275668073,0.2490842490842491
U0183,I0048,view,,1,22.53,2026-05-02 13:12:22+00:00,mobile,1.0,2026-05-02,13,books,Nova,22.53,0.897,0.2,0.14824074074074073,0.8551336146272855,0.2148962148962149
U0137,I0080,purchase,,1,16.0,2026-04-20 07:03:22+00:00,web,5.0,2026-04-20,7,home,Nova,16.0,0.681,0.432,0.08777777777777777,0.5513361462728552,0.4981684981684982
U0147,I0014,view,,1,30.5,2026-02-11 21:13:22+00:00,web,1.0,2026-02-11,21,electronics,ZenCo,30.5,0.544,0.221,0.22203703703703703,0.3586497890295359,0.24053724053724057
U0056,I0120,rating,4.0,1,26.42,2026-04-12 08:47:22+00:00,web,4.0,2026-04-12,8,electronics,Nova,26.42,0.501,0.108,0.1842592592592593,0.29817158931082977,0.10256410256410256
U0116,I0066,rating,3.0,1,22.7,2026-02-27 08:57:22+00:00,web,3.0,2026-02-27,8,sports,UrbanLeaf,22.7,0.8230000000000001,0.216,0.1498148148148148,0.7510548523206751,0.23443223443223443
U0164,I0028,view,,1,23.83,2026-04-12 06:34:22+00:00,mobile,1.0,2026-04-12,6,sports,Nova,23.83,0.467,0.08700000000000001,0.16027777777777774,0.25035161744022505,0.07692307692307694
U0214,I0018,rating,3.0,1,34.0,2026-03-19 22:52:22+00:00,mobile,3.0,2026-03-19,22,books,Nova,34.0,0.517,0.384,0.2544444444444444,0.32067510548523204,0.4395604395604396
U0200,I0055,cart,,1,14.43,2026-05-02 08:38:22+00:00,web,3.0,2026-05-02,8,books,Aster,14.43,0.875,0.322,0.07324074074074073,0.8241912798874823,0.3638583638583639
U0017,I0094,cart,,1,20.46,2026-03-13 01:15:22+00:00,mobile,3.0,2026-03-13,1,sports,Pulse,20.46,0.762,0.843,0.12907407407407406,0.6652601969057664,1.0000000000000002
U0029,I0029,view,,1,83.41,2026-03-25 19:19:22+00:00,web,1.0,2026-03-25,19,home,Orion,83.41,1.0,0.71,0.7119444444444444,0.9999999999999999,0.8376068376068376
U0202,I0039,purchase,,1,14.55,2026-04-14 06:47:22+00:00,mobile,5.0,2026-04-14,6,electronics,ZenCo,14.55,0.483,0.47100000000000003,0.07435185185185185,0.2728551336146273,0.5457875457875458
U0198,I0056,view,,1,21.96,2026-03-26 00:21:22+00:00,web,1.0,2026-03-26,0,books,Nova,21.96,0.606,0.146,0.14296296296296296,0.4458509142053445,0.14896214896214896
U0174,I0061,rating,1.0,1,17.75,2026-02-13 23:42:22+00:00,web,1.0,2026-02-13,23,books,ZenCo,17.75,0.625,0.234,0.10398148148148147,0.47257383966244726,0.25641025641025644
U0147,I0001,view,,1,31.44,2026-03-09 06:40:22+00:00,web,1.0,2026-03-09,6,home,Aster,31.44,0.778,0.255,0.23074074074074075,0.6877637130801687,0.28205128205128205
U0052,I0026,purchase,,1,13.5,2026-04-16 07:00:22+00:00,mobile,5.0,2026-04-16,7,home,ZenCo,13.5,0.481,0.19,0.06462962962962963,0.27004219409282704,0.2026862026862027
U0225,I0016,rating,4.0,1,41.84,2026-02-19 00:25:22+00:00,web,4.0,2026-02-19,0,home,Aster,41.84,0.916,0.26,0.32703703703703707,0.8818565400843882,0.2881562881562882
U0101,I0092,purchase,,1,16.23,2026-02-16 21:36:22+00:00,mobile,5.0,2026-02-16,21,beauty,ZenCo,16.23,0.8140000000000001,0.035,0.0899074074074074,0.7383966244725738,0.013431013431013435
U0121,I0090,view,,1,12.85,2026-04-02 23:10:22+00:00,web,1.0,2026-04-02,23,home,Orion,12.85,0.41200000000000003,0.123,0.0586111111111111,0.1729957805907174,0.1208791208791209
U0056,I0011,rating,5.0,1,15.55,2026-02-11 09:28:22+00:00,web,5.0,2026-02-11,9,sports,UrbanLeaf,15.55,0.673,0.613,0.08361111111111112,0.5400843881856541,0.7191697191697192
U0224,I0098,view,,1,35.06,2026-03-03 03:03:22+00:00,mobile,1.0,2026-03-03,3,books,Pulse,35.06,0.709,0.449,0.2642592592592593,0.590717299578059,0.518925518925519
U0227,I0035,view,,1,26.96,2026-02-04 18:33:22+00:00,web,1.0,2026-02-04,18,books,Pulse,26.96,0.93,0.305,0.18925925925925924,0.9015471167369901,0.3431013431013431
U0068,I0108,view,,1,101.53,2026-04-20 12:01:22+00:00,mobile,1.0,2026-04-20,12,beauty,UrbanLeaf,101.53,0.485,0.212,0.8797222222222222,0.2756680731364276,0.22954822954822957
U0166,I0087,view,,1,58.68,2026-03-24 08:50:22+00:00,mobile,1.0,2026-03-24,8,electronics,UrbanLeaf,58.68,0.7000000000000001,0.155,0.482962962962963,0.5780590717299579,0.15995115995115997
U0062,I0078,view,,1,41.4,2026-04-21 03:28:22+00:00,mobile,1.0,2026-04-21,3,beauty,Pulse,41.4,0.875,0.403,0.32296296296296295,0.8241912798874823,0.46275946275946284
U0013,I0003,cart,,1,12.56,2026-03-31 11:06:22+00:00,mobile,3.0,2026-03-31,11,home,Pulse,12.56,0.686,0.39,0.055925925925925934,0.5583684950773559,0.4468864468864469
U0051,I0018,view,,1,34.0,2026-04-29 14:09:22+00:00,web,1.0,2026-04-29,14,books,Nova,34.0,0.517,0.384,0.2544444444444444,0.32067510548523204,0.4395604395604396
U0222,I0025,purchase,,1,15.52,2026-03-27 13:44:22+00:00,web,5.0,2026-03-27,13,beauty,Nova,15.52,0.76,0.761,0.08333333333333333,0.6624472573839663,0.8998778998779
U0194,I0059,cart,,1,24.91,2026-02-20 21:44:22+00:00,web,3.0,2026-02-20,21,books,Pulse,24.91,0.758,0.376,0.17027777777777775,0.6596343178621659,0.4297924297924298
U0122,I0075,view,,1,25.5,2026-02-02 08:57:22+00:00,web,1.0,2026-02-02,8,sports,ZenCo,25.5,0.7000000000000001,0.32,0.17574074074074075,0.5780590717299579,0.36141636141636146
U0134,I0097,view,,1,42.6,2026-02-12 03:11:22+00:00,mobile,1.0,2026-02-12,3,fashion,ZenCo,42.6,0.549,0.041,0.3340740740740741,0.3656821378340366,0.020757020757020763
U0127,I0023,purchase,,1,51.99,2026-04-17 01:26:22+00:00,mobile,5.0,2026-04-17,1,fashion,Pulse,51.99,0.717,0.455,0.4210185185185185,0.6019690576652602,0.5262515262515263
U0003,I0069,view,,1,41.22,2026-02-15 03:09:22+00:00,mobile,1.0,2026-02-15,3,books,UrbanLeaf,41.22,0.896,0.375,0.3212962962962963,0.8537271448663853,0.4285714285714286
U0150,I0116,view,,1,59.11,2026-04-26 07:03:22+00:00,web,1.0,2026-04-26,7,electronics,Aster,59.11,0.622,0.58,0.48694444444444446,0.4683544303797468,0.6788766788766789
U0218,I0013,view,,1,28.54,2026-03-22 01:39:22+00:00,web,1.0,2026-03-22,1,electronics,ZenCo,28.54,0.846,0.024,0.2038888888888889,0.7834036568213781,0.0
U0144,I0113,view,,1,36.16,2026-02-28 06:53:22+00:00,mobile,1.0,2026-02-28,6,sports,Nova,36.16,0.528,0.402,0.27444444444444444,0.33614627285513365,0.4615384615384616
U0112,I0027,purchase,,1,58.32,2026-03-12 19:47:22+00:00,web,5.0,2026-03-12,19,sports,Orion,58.32,0.791,0.039,0.4796296296296296,0.7060478199718706,0.018315018315018316
U0028,I0102,view,,1,45.37,2026-02-17 15:24:22+00:00,web,1.0,2026-02-17,15,electronics,UrbanLeaf,45.37,0.5690000000000001,0.498,0.3597222222222222,0.3938115330520394,0.5787545787545788
U0052,I0001,view,,1,31.44,2026-03-21 01:08:22+00:00,web,1.0,2026-03-21,1,home,Aster,31.44,0.778,0.255,0.23074074074074075,0.6877637130801687,0.28205128205128205
U0077,I0001,rating,3.0,1,31.44,2026-03-26 06:30:22+00:00,web,3.0,2026-03-26,6,home,Aster,31.44,0.778,0.255,0.23074074074074075,0.6877637130801687,0.28205128205128205
U0215,I0080,rating,4.0,1,16.0,2026-03-28 06:08:22+00:00,web,4.0,2026-03-28,6,home,Nova,16.0,0.681,0.432,0.08777777777777777,0.5513361462728552,0.4981684981684982
U0001,I0049,view,,1,10.95,2026-03-05 15:38:22+00:00,mobile,1.0,2026-03-05,15,books,UrbanLeaf,10.95,0.716,0.125,0.04101851851851851,0.60056258790436,0.12332112332112333
U0087,I0105,view,,1,20.28,2026-04-21 04:04:22+00:00,mobile,1.0,2026-04-21,4,books,Aster,20.28,0.837,0.151,0.1274074074074074,0.770745428973277,0.15506715506715507
U0095,I0116,view,,1,59.11,2026-04-11 09:34:22+00:00,mobile,1.0,2026-04-11,9,electronics,Aster,59.11,0.622,0.58,0.48694444444444446,0.4683544303797468,0.6788766788766789
U0067,I0027,cart,,1,58.32,2026-02-27 10:29:22+00:00,web,3.0,2026-02-27,10,sports,Orion,58.32,0.791,0.039,0.4796296296296296,0.7060478199718706,0.018315018315018316
U0212,I0069,view,,1,41.22,2026-02-19 20:25:22+00:00,mobile,1.0,2026-02-19,20,books,UrbanLeaf,41.22,0.896,0.375,0.3212962962962963,0.8537271448663853,0.4285714285714286
U0079,I0098,view,,1,35.06,2026-04-18 11:22:22+00:00,web,1.0,2026-04-18,11,books,Pulse,35.06,0.709,0.449,0.2642592592592593,0.590717299578059,0.518925518925519
U0198,I0024,view,,1,24.65,2026-03-18 08:23:22+00:00,mobile,1.0,2026-03-18,8,sports,ZenCo,24.65,0.79,0.5750000000000001,0.16787037037037034,0.7046413502109704,0.6727716727716729
U0105,I0084,view,,1,27.83,2026-05-02 11:37:22+00:00,web,1.0,2026-05-02,11,books,ZenCo,27.83,0.8260000000000001,0.037,0.19731481481481478,0.7552742616033755,0.01587301587301587
U0158,I0074,rating,3.0,1,19.52,2026-03-21 11:29:22+00:00,web,3.0,2026-03-21,11,electronics,Nova,19.52,0.645,0.212,0.12037037037037036,0.5007032348804501,0.22954822954822957
U0135,I0114,view,,1,33.44,2026-02-19 14:08:22+00:00,mobile,1.0,2026-02-19,14,fashion,Nova,33.44,0.752,0.39,0.24925925925925924,0.6511954992967651,0.4468864468864469
U0208,I0092,rating,3.0,1,16.23,2026-02-07 21:31:22+00:00,web,3.0,2026-02-07,21,beauty,ZenCo,16.23,0.8140000000000001,0.035,0.0899074074074074,0.7383966244725738,0.013431013431013435
U0228,I0034,rating,5.0,1,32.38,2026-02-20 10:01:22+00:00,web,5.0,2026-02-20,10,fashion,Pulse,32.38,0.362,0.199,0.23944444444444446,0.10267229254571031,0.2136752136752137
U0055,I0103,rating,5.0,1,51.23,2026-04-13 13:20:22+00:00,web,5.0,2026-04-13,13,beauty,ZenCo,51.23,0.537,0.259,0.41398148148148145,0.3488045007032349,0.28693528693528697
U0158,I0067,view,,1,77.25,2026-02-07 07:38:22+00:00,web,1.0,2026-02-07,7,fashion,Nova,77.25,0.665,0.28700000000000003,0.6549074074074074,0.5288326300984529,0.3211233211233212
U0121,I0042,purchase,,1,34.64,2026-04-10 00:12:22+00:00,web,5.0,2026-04-10,0,home,Nova,34.64,0.5740000000000001,0.15,0.26037037037037036,0.4008438818565402,0.15384615384615385
U0221,I0027,view,,1,58.32,2026-03-09 22:57:22+00:00,mobile,1.0,2026-03-09,22,sports,Orion,58.32,0.791,0.039,0.4796296296296296,0.7060478199718706,0.018315018315018316
U0138,I0013,view,,1,28.54,2026-02-14 08:21:22+00:00,web,1.0,2026-02-14,8,electronics,ZenCo,28.54,0.846,0.024,0.2038888888888889,0.7834036568213781,0.0
U0095,I0086,rating,4.0,1,33.96,2026-03-05 03:11:22+00:00,web,4.0,2026-03-05,3,books,Aster,33.96,0.299,0.062,0.25407407407407406,0.01406469760900142,0.0463980463980464
U0194,I0076,view,,1,36.2,2026-02-08 08:36:22+00:00,web,1.0,2026-02-08,8,books,Pulse,36.2,0.8180000000000001,0.057,0.27481481481481485,0.7440225035161744,0.04029304029304029
U0212,I0082,cart,,1,27.22,2026-04-04 09:14:22+00:00,web,3.0,2026-04-04,9,home,Nova,27.22,0.41300000000000003,0.363,0.19166666666666665,0.1744022503516175,0.41391941391941395
U0154,I0105,purchase,,1,20.28,2026-04-27 18:13:22+00:00,web,5.0,2026-04-27,18,books,Aster,20.28,0.837,0.151,0.1274074074074074,0.770745428973277,0.15506715506715507
U0155,I0063,view,,1,17.91,2026-02-16 00:58:22+00:00,mobile,1.0,2026-02-16,0,beauty,Nova,17.91,0.875,0.47300000000000003,0.10546296296296297,0.8241912798874823,0.5482295482295483
U0163,I0064,view,,1,28.05,2026-04-04 14:36:22+00:00,mobile,1.0,2026-04-04,14,sports,Nova,28.05,0.641,0.34500000000000003,0.19935185185185184,0.49507735583684953,0.391941391941392
U0138,I0106,view,,1,26.93,2026-03-09 08:48:22+00:00,mobile,1.0,2026-03-09,8,sports,Nova,26.93,0.41400000000000003,0.40700000000000003,0.18898148148148147,0.1758087201125177,0.4676434676434677
U0148,I0065,view,,1,45.15,2026-03-19 12:43:22+00:00,mobile,1.0,2026-03-19,12,fashion,Nova,45.15,0.521,0.28700000000000003,0.35768518518518516,0.3263009845288326,0.3211233211233212
U0101,I0045,purchase,,1,27.1,2026-02-21 21:13:22+00:00,mobile,5.0,2026-02-21,21,beauty,ZenCo,27.1,0.927,0.165,0.1905555555555556,0.8973277074542897,0.1721611721611722
U0234,I0089,purchase,,1,40.79,2026-03-31 00:31:22+00:00,mobile,5.0,2026-03-31,0,sports,Pulse,40.79,0.627,0.22,0.3173148148148148,0.47538677918424754,0.23931623931623935
U0111,I0027,rating,5.0,1,58.32,2026-04-22 03:25:22+00:00,mobile,5.0,2026-04-22,3,sports,Orion,58.32,0.791,0.039,0.4796296296296296,0.7060478199718706,0.018315018315018316
U0114,I0115,view,,1,29.97,2026-03-16 18:51:22+00:00,web,1.0,2026-03-16,18,beauty,Nova,29.97,0.788,0.161,0.21712962962962962,0.7018284106891702,0.1672771672771673
U0047,I0022,purchase,,1,23.73,2026-04-11 20:54:22+00:00,web,5.0,2026-04-11,20,fashion,Orion,23.73,0.511,0.524,0.15935185185185186,0.3122362869198312,0.6105006105006106
U0025,I0063,cart,,1,17.91,2026-03-05 05:46:22+00:00,mobile,3.0,2026-03-05,5,beauty,Nova,17.91,0.875,0.47300000000000003,0.10546296296296297,0.8241912798874823,0.5482295482295483
U0001,I0043,view,,1,34.18,2026-04-22 16:38:22+00:00,mobile,1.0,2026-04-22,16,electronics,Aster,34.18,0.937,0.405,0.2561111111111111,0.9113924050632912,0.46520146520146527
U0220,I0068,view,,1,16.18,2026-03-19 07:39:22+00:00,web,1.0,2026-03-19,7,electronics,ZenCo,16.18,0.66,0.20500000000000002,0.08944444444444445,0.5218002812939522,0.22100122100122105
U0021,I0105,view,,1,20.28,2026-03-26 12:36:22+00:00,web,1.0,2026-03-26,12,books,Aster,20.28,0.837,0.151,0.1274074074074074,0.770745428973277,0.15506715506715507
U0016,I0003,view,,1,12.56,2026-03-11 16:46:22+00:00,mobile,1.0,2026-03-11,16,home,Pulse,12.56,0.686,0.39,0.055925925925925934,0.5583684950773559,0.4468864468864469
U0066,I0087,view,,1,58.68,2026-03-17 05:27:22+00:00,mobile,1.0,2026-03-17,5,electronics,UrbanLeaf,58.68,0.7000000000000001,0.155,0.482962962962963,0.5780590717299579,0.15995115995115997
U0124,I0079,rating,5.0,1,55.92,2026-03-19 05:28:22+00:00,web,5.0,2026-03-19,5,home,Aster,55.92,0.534,0.374,0.45740740740740743,0.3445850914205345,0.4273504273504274
U0188,I0033,rating,4.0,1,24.72,2026-03-23 17:04:22+00:00,web,4.0,2026-03-23,17,books,Orion,24.72,0.727,0.5650000000000001,0.1685185185185185,0.6160337552742615,0.6605616605616607
U0119,I0074,view,,1,19.52,2026-04-14 17:07:22+00:00,mobile,1.0,2026-04-14,17,electronics,Nova,19.52,0.645,0.212,0.12037037037037036,0.5007032348804501,0.22954822954822957
U0077,I0026,view,,1,13.5,2026-04-21 12:53:22+00:00,web,1.0,2026-04-21,12,home,ZenCo,13.5,0.481,0.19,0.06462962962962963,0.27004219409282704,0.2026862026862027
U0003,I0007,view,,1,50.51,2026-02-11 07:03:22+00:00,mobile,1.0,2026-02-11,7,books,UrbanLeaf,50.51,0.41300000000000003,0.309,0.4073148148148148,0.1744022503516175,0.347985347985348
U0076,I0045,rating,5.0,1,27.1,2026-04-04 03:35:22+00:00,web,5.0,2026-04-04,3,beauty,ZenCo,27.1,0.927,0.165,0.1905555555555556,0.8973277074542897,0.1721611721611722
U0057,I0011,cart,,1,15.55,2026-04-01 22:55:22+00:00,mobile,3.0,2026-04-01,22,sports,UrbanLeaf,15.55,0.673,0.613,0.08361111111111112,0.5400843881856541,0.7191697191697192
U0016,I0042,cart,,1,34.64,2026-02-13 15:31:22+00:00,mobile,3.0,2026-02-13,15,home,Nova,34.64,0.5740000000000001,0.15,0.26037037037037036,0.4008438818565402,0.15384615384615385
U0019,I0073,view,,1,25.28,2026-03-28 01:01:22+00:00,mobile,1.0,2026-03-28,1,electronics,Pulse,25.28,0.545,0.116,0.1737037037037037,0.360056258790436,0.11233211233211235
U0153,I0023,cart,,1,51.99,2026-03-29 23:52:22+00:00,web,3.0,2026-03-29,23,fashion,Pulse,51.99,0.717,0.455,0.4210185185185185,0.6019690576652602,0.5262515262515263
U0105,I0059,view,,1,24.91,2026-04-04 20:22:22+00:00,web,1.0,2026-04-04,20,books,Pulse,24.91,0.758,0.376,0.17027777777777775,0.6596343178621659,0.4297924297924298
U0100,I0065,cart,,1,45.15,2026-04-15 22:43:22+00:00,web,3.0,2026-04-15,22,fashion,Nova,45.15,0.521,0.28700000000000003,0.35768518518518516,0.3263009845288326,0.3211233211233212
U0190,I0016,view,,1,41.84,2026-02-12 04:58:22+00:00,web,1.0,2026-02-12,4,home,Aster,41.84,0.916,0.26,0.32703703703703707,0.8818565400843882,0.2881562881562882
U0093,I0044,purchase,,1,16.15,2026-02-17 09:46:22+00:00,web,5.0,2026-02-17,9,home,Aster,16.15,0.797,0.046,0.08916666666666666,0.7144866385372713,0.02686202686202686
U0010,I0091,cart,,1,42.99,2026-04-25 21:07:22+00:00,web,3.0,2026-04-25,21,beauty,ZenCo,42.99,0.592,0.222,0.3376851851851852,0.4261603375527425,0.2417582417582418
U0123,I0063,view,,1,17.91,2026-04-18 14:00:22+00:00,web,1.0,2026-04-18,14,beauty,Nova,17.91,0.875,0.47300000000000003,0.10546296296296297,0.8241912798874823,0.5482295482295483
U0178,I0104,rating,2.0,1,41.88,2026-02-22 11:12:22+00:00,mobile,2.0,2026-02-22,11,electronics,Aster,41.88,0.799,0.487,0.3274074074074074,0.7172995780590717,0.5653235653235653
U0099,I0036,view,,1,74.72,2026-02-25 19:07:22+00:00,mobile,1.0,2026-02-25,19,fashion,Orion,74.72,0.598,0.393,0.6314814814814814,0.43459915611814337,0.4505494505494506
U0059,I0098,view,,1,35.06,2026-04-10 12:46:22+00:00,web,1.0,2026-04-10,12,books,Pulse,35.06,0.709,0.449,0.2642592592592593,0.590717299578059,0.518925518925519
U0081,I0039,view,,1,14.55,2026-03-04 13:00:22+00:00,web,1.0,2026-03-04,13,electronics,ZenCo,14.55,0.483,0.47100000000000003,0.07435185185185185,0.2728551336146273,0.5457875457875458
U0062,I0006,purchase,,2,21.38,2026-02-09 10:29:22+00:00,web,5.0,2026-02-09,10,electronics,UrbanLeaf,21.38,0.626,0.395,0.1375925925925926,0.47398030942334735,0.45299145299145305
U0055,I0057,view,,1,46.42,2026-03-20 07:17:22+00:00,web,1.0,2026-03-20,7,beauty,Orion,46.42,0.791,0.304,0.36944444444444446,0.7060478199718706,0.3418803418803419
U0051,I0087,view,,1,58.68,2026-04-01 13:26:22+00:00,web,1.0,2026-04-01,13,electronics,UrbanLeaf,58.68,0.7000000000000001,0.155,0.482962962962963,0.5780590717299579,0.15995115995115997
U0083,I0044,view,,1,16.15,2026-02-21 13:34:22+00:00,mobile,1.0,2026-02-21,13,home,Aster,16.15,0.797,0.046,0.08916666666666666,0.7144866385372713,0.02686202686202686
U0071,I0099,view,,1,19.36,2026-03-06 19:03:22+00:00,web,1.0,2026-03-06,19,fashion,ZenCo,19.36,0.81,0.17,0.11888888888888889,0.7327707454289732,0.1782661782661783
U0060,I0092,view,,1,16.23,2026-02-23 08:43:22+00:00,mobile,1.0,2026-02-23,8,beauty,ZenCo,16.23,0.8140000000000001,0.035,0.0899074074074074,0.7383966244725738,0.013431013431013435
U0118,I0062,view,,1,23.59,2026-04-05 02:13:22+00:00,mobile,1.0,2026-04-05,2,beauty,ZenCo,23.59,0.8150000000000001,0.304,0.15805555555555556,0.739803094233474,0.3418803418803419
U0011,I0035,rating,2.0,1,26.96,2026-05-01 09:27:22+00:00,web,2.0,2026-05-01,9,books,Pulse,26.96,0.93,0.305,0.18925925925925924,0.9015471167369901,0.3431013431013431
U0090,I0001,view,,1,31.44,2026-04-14 22:07:22+00:00,web,1.0,2026-04-14,22,home,Aster,31.44,0.778,0.255,0.23074074074074075,0.6877637130801687,0.28205128205128205
U0010,I0007,purchase,,1,50.51,2026-03-03 09:45:22+00:00,mobile,5.0,2026-03-03,9,books,UrbanLeaf,50.51,0.41300000000000003,0.309,0.4073148148148148,0.1744022503516175,0.347985347985348
U0145,I0106,cart,,1,26.93,2026-03-22 22:52:22+00:00,mobile,3.0,2026-03-22,22,sports,Nova,26.93,0.41400000000000003,0.40700000000000003,0.18898148148148147,0.1758087201125177,0.4676434676434677
U0149,I0058,purchase,,1,18.03,2026-04-25 19:38:22+00:00,web,5.0,2026-04-25,19,home,UrbanLeaf,18.03,0.771,0.47300000000000003,0.10657407407407408,0.6779184247538678,0.5482295482295483
U0015,I0017,cart,,1,25.29,2026-03-25 07:36:22+00:00,web,3.0,2026-03-25,7,beauty,UrbanLeaf,25.29,0.804,0.343,0.17379629629629628,0.7243319268635725,0.38949938949938956
U0079,I0040,view,,1,56.71,2026-03-13 01:41:22+00:00,web,1.0,2026-03-13,1,books,Orion,56.71,0.612,0.625,0.4647222222222222,0.45428973277074536,0.7338217338217339
U0071,I0093,view,,1,35.82,2026-03-21 14:37:22+00:00,mobile,1.0,2026-03-21,14,fashion,UrbanLeaf,35.82,0.616,0.268,0.2712962962962963,0.4599156118143459,0.297924297924298
U0053,I0069,view,,1,41.22,2026-03-31 17:39:22+00:00,mobile,1.0,2026-03-31,17,books,UrbanLeaf,41.22,0.896,0.375,0.3212962962962963,0.8537271448663853,0.4285714285714286
U0227,I0114,cart,,1,33.44,2026-02-20 01:51:22+00:00,web,3.0,2026-02-20,1,fashion,Nova,33.44,0.752,0.39,0.24925925925925924,0.6511954992967651,0.4468864468864469
U0062,I0015,view,,1,19.27,2026-04-04 10:26:22+00:00,web,1.0,2026-04-04,10,electronics,Orion,19.27,0.914,0.342,0.11805555555555554,0.8790436005625878,0.38827838827838834
U0131,I0052,purchase,,2,30.37,2026-04-12 13:31:22+00:00,mobile,5.0,2026-04-12,13,beauty,Nova,30.37,0.934,0.362,0.22083333333333333,0.9071729957805906,0.41269841269841273
U0122,I0008,rating,2.0,1,36.94,2026-04-30 00:30:22+00:00,mobile,2.0,2026-04-30,0,sports,Orion,36.94,0.289,0.317,0.2816666666666666,0.0,0.35775335775335776
U0135,I0036,view,,1,74.72,2026-03-23 23:08:22+00:00,web,1.0,2026-03-23,23,fashion,Orion,74.72,0.598,0.393,0.6314814814814814,0.43459915611814337,0.4505494505494506
U0058,I0031,purchase,,1,6.52,2026-03-16 20:36:22+00:00,mobile,5.0,2026-03-16,20,books,UrbanLeaf,6.52,0.8240000000000001,0.45,0.0,0.7524613220815753,0.5201465201465202
U0148,I0065,cart,,1,45.15,2026-02-22 19:47:22+00:00,mobile,3.0,2026-02-22,19,fashion,Nova,45.15,0.521,0.28700000000000003,0.35768518518518516,0.3263009845288326,0.3211233211233212
U0078,I0044,rating,4.0,1,16.15,2026-02-07 23:51:22+00:00,web,4.0,2026-02-07,23,home,Aster,16.15,0.797,0.046,0.08916666666666666,0.7144866385372713,0.02686202686202686
U0184,I0068,cart,,1,16.18,2026-02-18 08:47:22+00:00,web,3.0,2026-02-18,8,electronics,ZenCo,16.18,0.66,0.20500000000000002,0.08944444444444445,0.5218002812939522,0.22100122100122105
U0216,I0016,cart,,1,41.84,2026-02-03 22:43:22+00:00,mobile,3.0,2026-02-03,22,home,Aster,41.84,0.916,0.26,0.32703703703703707,0.8818565400843882,0.2881562881562882
U0139,I0052,view,,1,30.37,2026-03-24 00:44:22+00:00,web,1.0,2026-03-24,0,beauty,Nova,30.37,0.934,0.362,0.22083333333333333,0.9071729957805906,0.41269841269841273
U0202,I0014,view,,1,30.5,2026-05-02 00:18:22+00:00,web,1.0,2026-05-02,0,electronics,ZenCo,30.5,0.544,0.221,0.22203703703703703,0.3586497890295359,0.24053724053724057
U0140,I0040,cart,,1,56.71,2026-02-22 19:43:22+00:00,web,3.0,2026-02-22,19,books,Orion,56.71,0.612,0.625,0.4647222222222222,0.45428973277074536,0.7338217338217339
U0045,I0009,view,,1,26.36,2026-04-27 05:23:22+00:00,web,1.0,2026-04-27,5,home,Orion,26.36,0.492,0.5650000000000001,0.1837037037037037,0.28551336146272854,0.6605616605616607
U0005,I0057,purchase,,3,46.42,2026-02-07 13:17:22+00:00,web,5.0,2026-02-07,13,beauty,Orion,46.42,0.791,0.304,0.36944444444444446,0.7060478199718706,0.3418803418803419
U0115,I0044,rating,4.0,1,16.15,2026-04-14 01:11:22+00:00,mobile,4.0,2026-04-14,1,home,Aster,16.15,0.797,0.046,0.08916666666666666,0.7144866385372713,0.02686202686202686
U0067,I0005,purchase,,1,20.52,2026-02-25 21:13:22+00:00,web,5.0,2026-02-25,21,home,ZenCo,20.52,0.669,0.275,0.1296296296296296,0.5344585091420535,0.3064713064713065
U0091,I0038,view,,1,23.01,2026-03-10 06:42:22+00:00,mobile,1.0,2026-03-10,6,home,Nova,23.01,0.809,0.228,0.1526851851851852,0.731364275668073,0.2490842490842491
U0117,I0080,cart,,1,16.0,2026-04-28 08:02:22+00:00,mobile,3.0,2026-04-28,8,home,Nova,16.0,0.681,0.432,0.08777777777777777,0.5513361462728552,0.4981684981684982
U0040,I0028,view,,1,23.83,2026-02-13 06:26:22+00:00,web,1.0,2026-02-13,6,sports,Nova,23.83,0.467,0.08700000000000001,0.16027777777777774,0.25035161744022505,0.07692307692307694
U0170,I0004,rating,4.0,1,24.4,2026-02-11 22:23:22+00:00,web,4.0,2026-02-11,22,beauty,Orion,24.4,0.794,0.045,0.1655555555555555,0.710267229254571,0.025641025641025644
U0057,I0106,cart,,1,26.93,2026-03-30 01:12:22+00:00,mobile,3.0,2026-03-30,1,sports,Nova,26.93,0.41400000000000003,0.40700000000000003,0.18898148148148147,0.1758087201125177,0.4676434676434677
U0218,I0031,view,,1,6.52,2026-04-02 13:07:22+00:00,mobile,1.0,2026-04-02,13,books,UrbanLeaf,6.52,0.8240000000000001,0.45,0.0,0.7524613220815753,0.5201465201465202
U0072,I0056,view,,1,21.96,2026-04-10 19:41:22+00:00,web,1.0,2026-04-10,19,books,Nova,21.96,0.606,0.146,0.14296296296296296,0.4458509142053445,0.14896214896214896
U0116,I0081,view,,1,60.65,2026-04-17 14:43:22+00:00,web,1.0,2026-04-17,14,home,Orion,60.65,0.7010000000000001,0.10300000000000001,0.5012037037037036,0.579465541490858,0.09645909645909648
U0235,I0029,view,,1,83.41,2026-04-26 03:50:22+00:00,web,1.0,2026-04-26,3,home,Orion,83.41,1.0,0.71,0.7119444444444444,0.9999999999999999,0.8376068376068376
U0192,I0016,view,,1,41.84,2026-02-06 10:27:22+00:00,web,1.0,2026-02-06,10,home,Aster,41.84,0.916,0.26,0.32703703703703707,0.8818565400843882,0.2881562881562882
U0213,I0092,view,,1,16.23,2026-02-27 22:01:22+00:00,web,1.0,2026-02-27,22,beauty,ZenCo,16.23,0.8140000000000001,0.035,0.0899074074074074,0.7383966244725738,0.013431013431013435
U0142,I0098,view,,1,35.06,2026-04-08 17:05:22+00:00,web,1.0,2026-04-08,17,books,Pulse,35.06,0.709,0.449,0.2642592592592593,0.590717299578059,0.518925518925519
U0030,I0104,cart,,1,41.88,2026-03-05 11:23:22+00:00,mobile,3.0,2026-03-05,11,electronics,Aster,41.88,0.799,0.487,0.3274074074074074,0.7172995780590717,0.5653235653235653
U0042,I0060,cart,,1,48.07,2026-02-24 04:05:22+00:00,web,3.0,2026-02-24,4,fashion,ZenCo,48.07,0.742,0.151,0.38472222222222224,0.6371308016877636,0.15506715506715507
U0018,I0090,view,,1,12.85,2026-03-27 04:14:22+00:00,mobile,1.0,2026-03-27,4,home,Orion,12.85,0.41200000000000003,0.123,0.0586111111111111,0.1729957805907174,0.1208791208791209
U0159,I0058,cart,,1,18.03,2026-03-06 03:06:22+00:00,web,3.0,2026-03-06,3,home,UrbanLeaf,18.03,0.771,0.47300000000000003,0.10657407407407408,0.6779184247538678,0.5482295482295483
U0108,I0046,purchase,,3,32.06,2026-02-25 22:56:22+00:00,mobile,5.0,2026-02-25,22,books,Pulse,32.06,0.972,0.131,0.23648148148148151,0.9606188466947959,0.13064713064713065
U0115,I0036,cart,,1,74.72,2026-04-10 15:04:22+00:00,web,3.0,2026-04-10,15,fashion,Orion,74.72,0.598,0.393,0.6314814814814814,0.43459915611814337,0.4505494505494506
U0152,I0069,view,,1,41.22,2026-03-23 06:15:22+00:00,web,1.0,2026-03-23,6,books,UrbanLeaf,41.22,0.896,0.375,0.3212962962962963,0.8537271448663853,0.4285714285714286
U0045,I0014,view,,1,30.5,2026-04-28 18:09:22+00:00,mobile,1.0,2026-04-28,18,electronics,ZenCo,30.5,0.544,0.221,0.22203703703703703,0.3586497890295359,0.24053724053724057
U0135,I0023,view,,1,51.99,2026-03-22 02:27:22+00:00,web,1.0,2026-03-22,2,fashion,Pulse,51.99,0.717,0.455,0.4210185185185185,0.6019690576652602,0.5262515262515263
U0129,I0058,view,,1,18.03,2026-02-13 23:00:22+00:00,web,1.0,2026-02-13,23,home,UrbanLeaf,18.03,0.771,0.47300000000000003,0.10657407407407408,0.6779184247538678,0.5482295482295483
U0060,I0008,cart,,1,36.94,2026-04-13 14:53:22+00:00,web,3.0,2026-04-13,14,sports,Orion,36.94,0.289,0.317,0.2816666666666666,0.0,0.35775335775335776
U0131,I0096,view,,1,36.87,2026-02-13 21:01:22+00:00,mobile,1.0,2026-02-13,21,home,UrbanLeaf,36.87,0.675,0.17,0.2810185185185185,0.5428973277074544,0.1782661782661783
U0111,I0009,view,,1,26.36,2026-02-14 18:48:22+00:00,web,1.0,2026-02-14,18,home,Orion,26.36,0.492,0.5650000000000001,0.1837037037037037,0.28551336146272854,0.6605616605616607
U0077,I0001,view,,1,31.44,2026-03-20 22:59:22+00:00,web,1.0,2026-03-20,22,home,Aster,31.44,0.778,0.255,0.23074074074074075,0.6877637130801687,0.28205128205128205
U0181,I0038,view,,1,23.01,2026-03-24 05:29:22+00:00,mobile,1.0,2026-03-24,5,home,Nova,23.01,0.809,0.228,0.1526851851851852,0.731364275668073,0.2490842490842491
U0237,I0105,view,,1,20.28,2026-02-27 04:27:22+00:00,web,1.0,2026-02-27,4,books,Aster,20.28,0.837,0.151,0.1274074074074074,0.770745428973277,0.15506715506715507
U0045,I0025,view,,1,15.52,2026-03-13 05:13:22+00:00,mobile,1.0,2026-03-13,5,beauty,Nova,15.52,0.76,0.761,0.08333333333333333,0.6624472573839663,0.8998778998779
U0225,I0038,view,,1,23.01,2026-03-25 14:06:22+00:00,mobile,1.0,2026-03-25,14,home,Nova,23.01,0.809,0.228,0.1526851851851852,0.731364275668073,0.2490842490842491
U0082,I0088,cart,,1,30.05,2026-02-07 05:20:22+00:00,web,3.0,2026-02-07,5,beauty,ZenCo,30.05,0.594,0.149,0.21787037037037038,0.4289732770745428,0.15262515262515264
U0141,I0056,purchase,,1,21.96,2026-04-02 20:53:22+00:00,web,5.0,2026-04-02,20,books,Nova,21.96,0.606,0.146,0.14296296296296296,0.4458509142053445,0.14896214896214896
U0144,I0094,rating,3.0,1,20.46,2026-03-15 16:04:22+00:00,mobile,3.0,2026-03-15,16,sports,Pulse,20.46,0.762,0.843,0.12907407407407406,0.6652601969057664,1.0000000000000002
U0187,I0053,view,,1,18.65,2026-02-27 18:48:22+00:00,web,1.0,2026-02-27,18,books,Pulse,18.65,0.745,0.249,0.1123148148148148,0.6413502109704642,0.27472527472527475
U0080,I0055,view,,1,14.43,2026-03-20 07:27:22+00:00,mobile,1.0,2026-03-20,7,books,Aster,14.43,0.875,0.322,0.07324074074074073,0.8241912798874823,0.3638583638583639
U0012,I0038,cart,,1,23.01,2026-03-12 10:51:22+00:00,mobile,3.0,2026-03-12,10,home,Nova,23.01,0.809,0.228,0.1526851851851852,0.731364275668073,0.2490842490842491
U0022,I0117,view,,1,42.8,2026-02-13 19:54:22+00:00,mobile,1.0,2026-02-13,19,electronics,Pulse,42.8,0.8160000000000001,0.231,0.3359259259259259,0.7412095639943742,0.2527472527472528
U0045,I0050,view,,1,15.33,2026-02-13 22:09:22+00:00,web,1.0,2026-02-13,22,beauty,UrbanLeaf,15.33,0.7010000000000001,0.115,0.08157407407407406,0.579465541490858,0.11111111111111113
U0091,I0071,purchase,,1,31.77,2026-03-29 19:19:22+00:00,mobile,5.0,2026-03-29,19,electronics,ZenCo,31.77,0.595,0.32,0.23379629629629628,0.430379746835443,0.36141636141636146
U0164,I0104,rating,5.0,1,41.88,2026-03-18 10:19:22+00:00,web,5.0,2026-03-18,10,electronics,Aster,41.88,0.799,0.487,0.3274074074074074,0.7172995780590717,0.5653235653235653
U0001,I0068,view,,1,16.18,2026-03-17 05:02:22+00:00,web,1.0,2026-03-17,5,electronics,ZenCo,16.18,0.66,0.20500000000000002,0.08944444444444445,0.5218002812939522,0.22100122100122105
U0193,I0089,cart,,1,40.79,2026-03-31 17:48:22+00:00,mobile,3.0,2026-03-31,17,sports,Pulse,40.79,0.627,0.22,0.3173148148148148,0.47538677918424754,0.23931623931623935
U0208,I0093,cart,,1,35.82,2026-03-09 10:59:22+00:00,web,3.0,2026-03-09,10,fashion,UrbanLeaf,35.82,0.616,0.268,0.2712962962962963,0.4599156118143459,0.297924297924298
U0017,I0110,view,,1,26.64,2026-02-24 05:51:22+00:00,web,1.0,2026-02-24,5,sports,Aster,26.64,0.805,0.6900000000000001,0.1862962962962963,0.7257383966244725,0.8131868131868133
U0184,I0039,view,,1,14.55,2026-02-17 09:33:22+00:00,web,1.0,2026-02-17,9,electronics,ZenCo,14.55,0.483,0.47100000000000003,0.07435185185185185,0.2728551336146273,0.5457875457875458
U0057,I0012,view,,1,67.3,2026-02-09 09:54:22+00:00,web,1.0,2026-02-09,9,sports,Pulse,67.3,0.642,0.37,0.5627777777777777,0.4964838255977496,0.4224664224664225
U0179,I0051,view,,1,24.93,2026-03-17 04:35:22+00:00,web,1.0,2026-03-17,4,fashion,Pulse,24.93,0.607,0.373,0.17046296296296293,0.4472573839662447,0.42612942612942617
U0026,I0038,view,,1,23.01,2026-03-17 19:29:22+00:00,web,1.0,2026-03-17,19,home,Nova,23.01,0.809,0.228,0.1526851851851852,0.731364275668073,0.2490842490842491
U0159,I0029,view,,1,83.41,2026-02-06 06:40:22+00:00,web,1.0,2026-02-06,6,home,Orion,83.41,1.0,0.71,0.7119444444444444,0.9999999999999999,0.8376068376068376
U0043,I0057,view,,1,46.42,2026-02-23 19:53:22+00:00,web,1.0,2026-02-23,19,beauty,Orion,46.42,0.791,0.304,0.36944444444444446,0.7060478199718706,0.3418803418803419
U0142,I0084,purchase,,1,27.83,2026-02-08 09:37:22+00:00,web,5.0,2026-02-08,9,books,ZenCo,27.83,0.8260000000000001,0.037,0.19731481481481478,0.7552742616033755,0.01587301587301587
U0230,I0107,cart,,1,14.01,2026-02-07 14:41:22+00:00,mobile,3.0,2026-02-07,14,electronics,Orion,14.01,0.914,0.24,0.06935185185185185,0.8790436005625878,0.26373626373626374
U0208,I0046,purchase,,1,32.06,2026-02-04 17:33:22+00:00,web,5.0,2026-02-04,17,books,Pulse,32.06,0.972,0.131,0.23648148148148151,0.9606188466947959,0.13064713064713065
U0093,I0081,view,,1,60.65,2026-03-04 15:55:22+00:00,mobile,1.0,2026-03-04,15,home,Orion,60.65,0.7010000000000001,0.10300000000000001,0.5012037037037036,0.579465541490858,0.09645909645909648
U0236,I0067,cart,,1,77.25,2026-04-28 10:16:22+00:00,web,3.0,2026-04-28,10,fashion,Nova,77.25,0.665,0.28700000000000003,0.6549074074074074,0.5288326300984529,0.3211233211233212
U0093,I0052,rating,4.0,1,30.37,2026-03-30 08:05:22+00:00,mobile,4.0,2026-03-30,8,beauty,Nova,30.37,0.934,0.362,0.22083333333333333,0.9071729957805906,0.41269841269841273
U0107,I0115,rating,5.0,1,29.97,2026-03-04 14:48:22+00:00,web,5.0,2026-03-04,14,beauty,Nova,29.97,0.788,0.161,0.21712962962962962,0.7018284106891702,0.1672771672771673
U0233,I0041,view,,1,35.48,2026-02-06 23:13:22+00:00,web,1.0,2026-02-06,23,fashion,UrbanLeaf,35.48,0.656,0.211,0.26814814814814814,0.5161744022503516,0.22832722832722835
U0002,I0082,view,,1,27.22,2026-04-30 18:00:22+00:00,web,1.0,2026-04-30,18,home,Nova,27.22,0.41300000000000003,0.363,0.19166666666666665,0.1744022503516175,0.41391941391941395
U0082,I0009,view,,1,26.36,2026-03-19 05:59:22+00:00,mobile,1.0,2026-03-19,5,home,Orion,26.36,0.492,0.5650000000000001,0.1837037037037037,0.28551336146272854,0.6605616605616607
U0083,I0009,view,,1,26.36,2026-03-22 19:42:22+00:00,web,1.0,2026-03-22,19,home,Orion,26.36,0.492,0.5650000000000001,0.1837037037037037,0.28551336146272854,0.6605616605616607
U0063,I0003,purchase,,1,12.56,2026-02-06 02:36:22+00:00,web,5.0,2026-02-06,2,home,Pulse,12.56,0.686,0.39,0.055925925925925934,0.5583684950773559,0.4468864468864469
U0211,I0028,view,,1,23.83,2026-03-23 14:36:22+00:00,web,1.0,2026-03-23,14,sports,Nova,23.83,0.467,0.08700000000000001,0.16027777777777774,0.25035161744022505,0.07692307692307694
U0187,I0055,view,,1,14.43,2026-04-09 13:42:22+00:00,web,1.0,2026-04-09,13,books,Aster,14.43,0.875,0.322,0.07324074074074073,0.8241912798874823,0.3638583638583639
U0118,I0078,view,,1,41.4,2026-03-07 18:52:22+00:00,mobile,1.0,2026-03-07,18,beauty,Pulse,41.4,0.875,0.403,0.32296296296296295,0.8241912798874823,0.46275946275946284
U0023,I0072,view,,1,21.99,2026-02-02 07:09:22+00:00,mobile,1.0,2026-02-02,7,electronics,Pulse,21.99,1.0,0.748,0.14324074074074072,0.9999999999999999,0.8840048840048841
U0143,I0060,cart,,1,48.07,2026-03-25 17:37:22+00:00,web,3.0,2026-03-25,17,fashion,ZenCo,48.07,0.742,0.151,0.38472222222222224,0.6371308016877636,0.15506715506715507
U0047,I0036,rating,2.0,1,74.72,2026-04-05 14:35:22+00:00,mobile,2.0,2026-04-05,14,fashion,Orion,74.72,0.598,0.393,0.6314814814814814,0.43459915611814337,0.4505494505494506
U0072,I0026,view,,1,13.5,2026-03-16 22:20:22+00:00,mobile,1.0,2026-03-16,22,home,ZenCo,13.5,0.481,0.19,0.06462962962962963,0.27004219409282704,0.2026862026862027
U0129,I0092,view,,1,16.23,2026-04-29 17:36:22+00:00,mobile,1.0,2026-04-29,17,beauty,ZenCo,16.23,0.8140000000000001,0.035,0.0899074074074074,0.7383966244725738,0.013431013431013435
U0052,I0096,view,,1,36.87,2026-04-26 21:59:22+00:00,web,1.0,2026-04-26,21,home,UrbanLeaf,36.87,0.675,0.17,0.2810185185185185,0.5428973277074544,0.1782661782661783
U0200,I0111,view,,1,114.52,2026-02-18 18:18:22+00:00,web,1.0,2026-02-18,18,books,Nova,114.52,0.649,0.314,0.9999999999999998,0.5063291139240507,0.3540903540903541
U0166,I0085,purchase,,1,64.61,2026-03-30 03:12:22+00:00,mobile,5.0,2026-03-30,3,electronics,UrbanLeaf,64.61,1.0,0.157,0.5378703703703703,0.9999999999999999,0.1623931623931624
U0219,I0100,view,,1,54.26,2026-03-06 06:29:22+00:00,web,1.0,2026-03-06,6,sports,UrbanLeaf,54.26,0.5670000000000001,0.527,0.44203703703703706,0.39099859353023914,0.6141636141636142
U0224,I0070,cart,,1,26.73,2026-04-05 17:19:22+00:00,mobile,3.0,2026-04-05,17,home,Nova,26.73,0.365,0.634,0.18712962962962965,0.10689170182841068,0.7448107448107448
U0037,I0001,cart,,1,31.44,2026-04-08 22:49:22+00:00,web,3.0,2026-04-08,22,home,Aster,31.44,0.778,0.255,0.23074074074074075,0.6877637130801687,0.28205128205128205
U0139,I0058,view,,1,18.03,2026-04-22 01:31:22+00:00,mobile,1.0,2026-04-22,1,home,UrbanLeaf,18.03,0.771,0.47300000000000003,0.10657407407407408,0.6779184247538678,0.5482295482295483
U0162,I0009,view,,1,26.36,2026-03-15 05:24:22+00:00,mobile,1.0,2026-03-15,5,home,Orion,26.36,0.492,0.5650000000000001,0.1837037037037037,0.28551336146272854,0.6605616605616607
U0144,I0066,view,,1,22.7,2026-03-18 01:55:22+00:00,web,1.0,2026-03-18,1,sports,UrbanLeaf,22.7,0.8230000000000001,0.216,0.1498148148148148,0.7510548523206751,0.23443223443223443
U0187,I0115,cart,,1,29.97,2026-02-10 23:19:22+00:00,web,3.0,2026-02-10,23,beauty,Nova,29.97,0.788,0.161,0.21712962962962962,0.7018284106891702,0.1672771672771673
U0166,I0104,purchase,,2,41.88,2026-02-24 07:19:22+00:00,web,5.0,2026-02-24,7,electronics,Aster,41.88,0.799,0.487,0.3274074074074074,0.7172995780590717,0.5653235653235653
U0004,I0012,view,,1,67.3,2026-02-10 13:49:22+00:00,web,1.0,2026-02-10,13,sports,Pulse,67.3,0.642,0.37,0.5627777777777777,0.4964838255977496,0.4224664224664225
U0074,I0022,view,,1,23.73,2026-02-17 08:18:22+00:00,web,1.0,2026-02-17,8,fashion,Orion,23.73,0.511,0.524,0.15935185185185186,0.3122362869198312,0.6105006105006106
U0020,I0043,view,,1,34.18,2026-03-20 05:16:22+00:00,web,1.0,2026-03-20,5,electronics,Aster,34.18,0.937,0.405,0.2561111111111111,0.9113924050632912,0.46520146520146527
U0182,I0083,view,,1,17.83,2026-04-19 03:15:22+00:00,web,1.0,2026-04-19,3,sports,Aster,17.83,0.483,0.085,0.1047222222222222,0.2728551336146273,0.0744810744810745
U0101,I0002,view,,1,22.56,2026-04-01 14:13:22+00:00,web,1.0,2026-04-01,14,beauty,ZenCo,22.56,0.848,0.169,0.1485185185185185,0.7862165963431785,0.17704517704517708
U0140,I0053,view,,1,18.65,2026-03-07 13:27:22+00:00,web,1.0,2026-03-07,13,books,Pulse,18.65,0.745,0.249,0.1123148148148148,0.6413502109704642,0.27472527472527475
U0199,I0116,view,,1,59.11,2026-04-12 00:30:22+00:00,mobile,1.0,2026-04-12,0,electronics,Aster,59.11,0.622,0.58,0.48694444444444446,0.4683544303797468,0.6788766788766789
U0233,I0102,view,,1,45.37,2026-05-02 02:43:22+00:00,mobile,1.0,2026-05-02,2,electronics,UrbanLeaf,45.37,0.5690000000000001,0.498,0.3597222222222222,0.3938115330520394,0.5787545787545788
U0165,I0064,view,,1,28.05,2026-03-24 08:43:22+00:00,web,1.0,2026-03-24,8,sports,Nova,28.05,0.641,0.34500000000000003,0.19935185185185184,0.49507735583684953,0.391941391941392
U0168,I0097,view,,1,42.6,2026-02-08 15:35:22+00:00,mobile,1.0,2026-02-08,15,fashion,ZenCo,42.6,0.549,0.041,0.3340740740740741,0.3656821378340366,0.020757020757020763
U0117,I0019,purchase,,1,35.63,2026-02-25 04:26:22+00:00,mobile,5.0,2026-02-25,4,beauty,UrbanLeaf,35.63,0.65,0.368,0.2695370370370371,0.5077355836849508,0.42002442002442003
U0165,I0036,view,,1,74.72,2026-02-14 02:10:22+00:00,mobile,1.0,2026-02-14,2,fashion,Orion,74.72,0.598,0.393,0.6314814814814814,0.43459915611814337,0.4505494505494506
U0031,I0030,purchase,,1,19.11,2026-02-09 06:30:22+00:00,web,5.0,2026-02-09,6,fashion,Orion,19.11,0.679,0.384,0.11657407407407407,0.5485232067510549,0.4395604395604396
U0152,I0055,view,,1,14.43,2026-03-22 13:41:22+00:00,mobile,1.0,2026-03-22,13,books,Aster,14.43,0.875,0.322,0.07324074074074073,0.8241912798874823,0.3638583638583639
U0200,I0048,view,,1,22.53,2026-03-28 12:43:22+00:00,mobile,1.0,2026-03-28,12,books,Nova,22.53,0.897,0.2,0.14824074074074073,0.8551336146272855,0.2148962148962149
U0130,I0060,view,,1,48.07,2026-03-24 06:52:22+00:00,mobile,1.0,2026-03-24,6,fashion,ZenCo,48.07,0.742,0.151,0.38472222222222224,0.6371308016877636,0.15506715506715507
U0035,I0087,view,,1,58.68,2026-02-19 22:24:22+00:00,mobile,1.0,2026-02-19,22,electronics,UrbanLeaf,58.68,0.7000000000000001,0.155,0.482962962962963,0.5780590717299579,0.15995115995115997
U0064,I0019,view,,1,35.63,2026-02-22 09:20:22+00:00,web,1.0,2026-02-22,9,beauty,UrbanLeaf,35.63,0.65,0.368,0.2695370370370371,0.5077355836849508,0.42002442002442003
U0175,I0044,view,,1,16.15,2026-04-21 15:31:22+00:00,web,1.0,2026-04-21,15,home,Aster,16.15,0.797,0.046,0.08916666666666666,0.7144866385372713,0.02686202686202686
U0078,I0054,purchase,,1,35.21,2026-04-06 02:13:22+00:00,web,5.0,2026-04-06,2,beauty,UrbanLeaf,35.21,0.667,0.323,0.26564814814814813,0.5316455696202532,0.3650793650793651
U0153,I0029,view,,1,83.41,2026-03-09 06:58:22+00:00,mobile,1.0,2026-03-09,6,home,Orion,83.41,1.0,0.71,0.7119444444444444,0.9999999999999999,0.8376068376068376
U0092,I0096,view,,1,36.87,2026-02-06 19:15:22+00:00,web,1.0,2026-02-06,19,home,UrbanLeaf,36.87,0.675,0.17,0.2810185185185185,0.5428973277074544,0.1782661782661783
U0001,I0117,view,,1,42.8,2026-03-25 04:46:22+00:00,web,1.0,2026-03-25,4,electronics,Pulse,42.8,0.8160000000000001,0.231,0.3359259259259259,0.7412095639943742,0.2527472527472528
U0213,I0059,cart,,1,24.91,2026-02-12 09:29:22+00:00,mobile,3.0,2026-02-12,9,books,Pulse,24.91,0.758,0.376,0.17027777777777775,0.6596343178621659,0.4297924297924298
U0006,I0016,view,,1,41.84,2026-03-22 14:13:22+00:00,mobile,1.0,2026-03-22,14,home,Aster,41.84,0.916,0.26,0.32703703703703707,0.8818565400843882,0.2881562881562882
U0172,I0116,view,,1,59.11,2026-03-07 21:22:22+00:00,web,1.0,2026-03-07,21,electronics,Aster,59.11,0.622,0.58,0.48694444444444446,0.4683544303797468,0.6788766788766789
U0029,I0038,view,,1,23.01,2026-03-04 08:55:22+00:00,web,1.0,2026-03-04,8,home,Nova,23.01,0.809,0.228,0.1526851851851852,0.731364275668073,0.2490842490842491
U0223,I0027,rating,4.0,1,58.32,2026-04-11 20:55:22+00:00,mobile,4.0,2026-04-11,20,sports,Orion,58.32,0.791,0.039,0.4796296296296296,0.7060478199718706,0.018315018315018316
U0180,I0060,view,,1,48.07,2026-04-19 14:20:22+00:00,mobile,1.0,2026-04-19,14,fashion,ZenCo,48.07,0.742,0.151,0.38472222222222224,0.6371308016877636,0.15506715506715507
U0001,I0107,view,,1,14.01,2026-02-16 02:59:22+00:00,mobile,1.0,2026-02-16,2,electronics,Orion,14.01,0.914,0.24,0.06935185185185185,0.8790436005625878,0.26373626373626374
U0103,I0110,purchase,,1,26.64,2026-03-15 07:55:22+00:00,web,5.0,2026-03-15,7,sports,Aster,26.64,0.805,0.6900000000000001,0.1862962962962963,0.7257383966244725,0.8131868131868133
U0169,I0106,view,,1,26.93,2026-02-16 17:01:22+00:00,web,1.0,2026-02-16,17,sports,Nova,26.93,0.41400000000000003,0.40700000000000003,0.18898148148148147,0.1758087201125177,0.4676434676434677
U0155,I0057,cart,,1,46.42,2026-04-16 21:13:22+00:00,mobile,3.0,2026-04-16,21,beauty,Orion,46.42,0.791,0.304,0.36944444444444446,0.7060478199718706,0.3418803418803419
U0111,I0080,view,,1,16.0,2026-03-08 04:26:22+00:00,mobile,1.0,2026-03-08,4,home,Nova,16.0,0.681,0.432,0.08777777777777777,0.5513361462728552,0.4981684981684982
U0214,I0064,cart,,1,28.05,2026-02-12 14:11:22+00:00,mobile,3.0,2026-02-12,14,sports,Nova,28.05,0.641,0.34500000000000003,0.19935185185185184,0.49507735583684953,0.391941391941392
U0080,I0045,view,,1,27.1,2026-03-09 01:41:22+00:00,web,1.0,2026-03-09,1,beauty,ZenCo,27.1,0.927,0.165,0.1905555555555556,0.8973277074542897,0.1721611721611722
U0053,I0073,cart,,1,25.28,2026-04-19 06:43:22+00:00,mobile,3.0,2026-04-19,6,electronics,Pulse,25.28,0.545,0.116,0.1737037037037037,0.360056258790436,0.11233211233211235
U0018,I0103,view,,1,51.23,2026-04-09 19:06:22+00:00,web,1.0,2026-04-09,19,beauty,ZenCo,51.23,0.537,0.259,0.41398148148148145,0.3488045007032349,0.28693528693528697
U0104,I0049,view,,1,10.95,2026-04-26 17:30:22+00:00,mobile,1.0,2026-04-26,17,books,UrbanLeaf,10.95,0.716,0.125,0.04101851851851851,0.60056258790436,0.12332112332112333
U0100,I0065,view,,1,45.15,2026-03-03 15:45:22+00:00,mobile,1.0,2026-03-03,15,fashion,Nova,45.15,0.521,0.28700000000000003,0.35768518518518516,0.3263009845288326,0.3211233211233212
U0005,I0018,rating,4.0,1,34.0,2026-04-01 05:11:22+00:00,web,4.0,2026-04-01,5,books,Nova,34.0,0.517,0.384,0.2544444444444444,0.32067510548523204,0.4395604395604396
U0177,I0091,cart,,1,42.99,2026-04-19 19:37:22+00:00,mobile,3.0,2026-04-19,19,beauty,ZenCo,42.99,0.592,0.222,0.3376851851851852,0.4261603375527425,0.2417582417582418
U0046,I0037,view,,1,17.51,2026-03-15 02:49:22+00:00,mobile,1.0,2026-03-15,2,sports,ZenCo,17.51,0.519,0.554,0.10175925925925926,0.3234880450070323,0.6471306471306473
U0233,I0048,purchase,,2,22.53,2026-02-23 08:56:22+00:00,mobile,5.0,2026-02-23,8,books,Nova,22.53,0.897,0.2,0.14824074074074073,0.8551336146272855,0.2148962148962149
U0085,I0017,view,,1,25.29,2026-03-14 00:10:22+00:00,web,1.0,2026-03-14,0,beauty,UrbanLeaf,25.29,0.804,0.343,0.17379629629629628,0.7243319268635725,0.38949938949938956
U0146,I0077,view,,1,43.74,2026-03-20 09:03:22+00:00,web,1.0,2026-03-20,9,home,Orion,43.74,0.756,0.41600000000000004,0.3446296296296296,0.6568213783403657,0.4786324786324787
U0231,I0059,view,,1,24.91,2026-03-04 02:36:22+00:00,mobile,1.0,2026-03-04,2,books,Pulse,24.91,0.758,0.376,0.17027777777777775,0.6596343178621659,0.4297924297924298
U0047,I0099,purchase,,2,19.36,2026-02-23 07:02:22+00:00,web,5.0,2026-02-23,7,fashion,ZenCo,19.36,0.81,0.17,0.11888888888888889,0.7327707454289732,0.1782661782661783
U0097,I0088,view,,1,30.05,2026-03-02 18:45:22+00:00,mobile,1.0,2026-03-02,18,beauty,ZenCo,30.05,0.594,0.149,0.21787037037037038,0.4289732770745428,0.15262515262515264
U0134,I0015,view,,1,19.27,2026-04-07 07:09:22+00:00,mobile,1.0,2026-04-07,7,electronics,Orion,19.27,0.914,0.342,0.11805555555555554,0.8790436005625878,0.38827838827838834
U0222,I0095,purchase,,1,11.84,2026-04-11 22:57:22+00:00,web,5.0,2026-04-11,22,sports,UrbanLeaf,11.84,0.886,0.197,0.04925925925925925,0.8396624472573838,0.21123321123321126
U0191,I0061,rating,4.0,1,17.75,2026-03-18 13:45:22+00:00,web,4.0,2026-03-18,13,books,ZenCo,17.75,0.625,0.234,0.10398148148148147,0.47257383966244726,0.25641025641025644
U0130,I0004,purchase,,1,24.4,2026-03-15 05:28:22+00:00,mobile,5.0,2026-03-15,5,beauty,Orion,24.4,0.794,0.045,0.1655555555555555,0.710267229254571,0.025641025641025644
U0030,I0012,cart,,1,67.3,2026-04-17 05:27:22+00:00,mobile,3.0,2026-04-17,5,sports,Pulse,67.3,0.642,0.37,0.5627777777777777,0.4964838255977496,0.4224664224664225
U0002,I0077,purchase,,1,43.74,2026-02-05 10:51:22+00:00,web,5.0,2026-02-05,10,home,Orion,43.74,0.756,0.41600000000000004,0.3446296296296296,0.6568213783403657,0.4786324786324787
U0081,I0073,view,,1,25.28,2026-04-07 21:20:22+00:00,mobile,1.0,2026-04-07,21,electronics,Pulse,25.28,0.545,0.116,0.1737037037037037,0.360056258790436,0.11233211233211235
U0240,I0059,cart,,1,24.91,2026-03-03 10:05:22+00:00,web,3.0,2026-03-03,10,books,Pulse,24.91,0.758,0.376,0.17027777777777775,0.6596343178621659,0.4297924297924298
U0166,I0087,cart,,1,58.68,2026-04-16 07:02:22+00:00,web,3.0,2026-04-16,7,electronics,UrbanLeaf,58.68,0.7000000000000001,0.155,0.482962962962963,0.5780590717299579,0.15995115995115997
U0126,I0012,view,,1,67.3,2026-04-12 03:00:22+00:00,mobile,1.0,2026-04-12,3,sports,Pulse,67.3,0.642,0.37,0.5627777777777777,0.4964838255977496,0.4224664224664225
U0134,I0050,cart,,1,15.33,2026-04-14 05:09:22+00:00,mobile,3.0,2026-04-14,5,beauty,UrbanLeaf,15.33,0.7010000000000001,0.115,0.08157407407407406,0.579465541490858,0.11111111111111113
U0189,I0097,view,,1,42.6,2026-04-03 03:08:22+00:00,mobile,1.0,2026-04-03,3,fashion,ZenCo,42.6,0.549,0.041,0.3340740740740741,0.3656821378340366,0.020757020757020763
U0188,I0061,rating,4.0,1,17.75,2026-03-14 21:56:22+00:00,web,4.0,2026-03-14,21,books,ZenCo,17.75,0.625,0.234,0.10398148148148147,0.47257383966244726,0.25641025641025644
U0086,I0013,view,,1,28.54,2026-04-15 16:01:22+00:00,web,1.0,2026-04-15,16,electronics,ZenCo,28.54,0.846,0.024,0.2038888888888889,0.7834036568213781,0.0
U0208,I0011,cart,,1,15.55,2026-02-03 16:50:22+00:00,web,3.0,2026-02-03,16,sports,UrbanLeaf,15.55,0.673,0.613,0.08361111111111112,0.5400843881856541,0.7191697191697192
U0068,I0119,purchase,,1,34.0,2026-04-13 08:36:22+00:00,mobile,5.0,2026-04-13,8,beauty,Pulse,34.0,0.9460000000000001,0.10400000000000001,0.2544444444444444,0.9240506329113923,0.0976800976800977
U0015,I0050,cart,,1,15.33,2026-04-11 06:58:22+00:00,web,3.0,2026-04-11,6,beauty,UrbanLeaf,15.33,0.7010000000000001,0.115,0.08157407407407406,0.579465541490858,0.11111111111111113
U0089,I0085,view,,1,64.61,2026-03-13 12:45:22+00:00,mobile,1.0,2026-03-13,12,electronics,UrbanLeaf,64.61,1.0,0.157,0.5378703703703703,0.9999999999999999,0.1623931623931624
U0150,I0102,cart,,1,45.37,2026-03-11 14:20:22+00:00,web,3.0,2026-03-11,14,electronics,UrbanLeaf,45.37,0.5690000000000001,0.498,0.3597222222222222,0.3938115330520394,0.5787545787545788
U0054,I0096,view,,1,36.87,2026-04-27 07:53:22+00:00,mobile,1.0,2026-04-27,7,home,UrbanLeaf,36.87,0.675,0.17,0.2810185185185185,0.5428973277074544,0.1782661782661783
U0214,I0008,view,,1,36.94,2026-04-03 10:00:22+00:00,web,1.0,2026-04-03,10,sports,Orion,36.94,0.289,0.317,0.2816666666666666,0.0,0.35775335775335776
U0217,I0074,cart,,1,19.52,2026-02-21 19:25:22+00:00,mobile,3.0,2026-02-21,19,electronics,Nova,19.52,0.645,0.212,0.12037037037037036,0.5007032348804501,0.22954822954822957
U0124,I0051,rating,5.0,1,24.93,2026-03-26 04:14:22+00:00,web,5.0,2026-03-26,4,fashion,Pulse,24.93,0.607,0.373,0.17046296296296293,0.4472573839662447,0.42612942612942617
U0129,I0009,view,,1,26.36,2026-03-17 06:53:22+00:00,web,1.0,2026-03-17,6,home,Orion,26.36,0.492,0.5650000000000001,0.1837037037037037,0.28551336146272854,0.6605616605616607
U0076,I0109,rating,2.0,1,70.56,2026-04-29 03:51:22+00:00,mobile,2.0,2026-04-29,3,home,Aster,70.56,0.78,0.5680000000000001,0.5929629629629629,0.6905766526019691,0.6642246642246643
U0165,I0056,cart,,1,21.96,2026-03-13 06:30:22+00:00,web,3.0,2026-03-13,6,books,Nova,21.96,0.606,0.146,0.14296296296296296,0.4458509142053445,0.14896214896214896
U0034,I0101,view,,1,48.0,2026-03-13 13:21:22+00:00,web,1.0,2026-03-13,13,electronics,UrbanLeaf,48.0,0.773,0.338,0.38407407407407407,0.6807313642756679,0.3833943833943835
U0059,I0002,view,,1,22.56,2026-03-17 05:47:22+00:00,web,1.0,2026-03-17,5,beauty,ZenCo,22.56,0.848,0.169,0.1485185185185185,0.7862165963431785,0.17704517704517708
U0057,I0001,view,,1,31.44,2026-04-26 22:00:22+00:00,mobile,1.0,2026-04-26,22,home,Aster,31.44,0.778,0.255,0.23074074074074075,0.6877637130801687,0.28205128205128205
U0187,I0061,view,,1,17.75,2026-04-17 11:35:22+00:00,web,1.0,2026-04-17,11,books,ZenCo,17.75,0.625,0.234,0.10398148148148147,0.47257383966244726,0.25641025641025644
U0147,I0087,view,,1,58.68,2026-02-25 12:16:22+00:00,mobile,1.0,2026-02-25,12,electronics,UrbanLeaf,58.68,0.7000000000000001,0.155,0.482962962962963,0.5780590717299579,0.15995115995115997
U0219,I0024,purchase,,1,24.65,2026-03-25 08:29:22+00:00,web,5.0,2026-03-25,8,sports,ZenCo,24.65,0.79,0.5750000000000001,0.16787037037037034,0.7046413502109704,0.6727716727716729
U0199,I0120,cart,,1,26.42,2026-03-04 20:58:22+00:00,mobile,3.0,2026-03-04,20,electronics,Nova,26.42,0.501,0.108,0.1842592592592593,0.29817158931082977,0.10256410256410256
U0106,I0080,cart,,1,16.0,2026-04-17 11:47:22+00:00,web,3.0,2026-04-17,11,home,Nova,16.0,0.681,0.432,0.08777777777777777,0.5513361462728552,0.4981684981684982
U0140,I0048,view,,1,22.53,2026-04-20 18:39:22+00:00,mobile,1.0,2026-04-20,18,books,Nova,22.53,0.897,0.2,0.14824074074074073,0.8551336146272855,0.2148962148962149
U0176,I0031,view,,1,6.52,2026-02-23 00:34:22+00:00,mobile,1.0,2026-02-23,0,books,UrbanLeaf,6.52,0.8240000000000001,0.45,0.0,0.7524613220815753,0.5201465201465202
U0220,I0034,rating,4.0,1,32.38,2026-04-07 16:24:22+00:00,mobile,4.0,2026-04-07,16,fashion,Pulse,32.38,0.362,0.199,0.23944444444444446,0.10267229254571031,0.2136752136752137
U0054,I0079,rating,5.0,1,55.92,2026-04-11 22:43:22+00:00,web,5.0,2026-04-11,22,home,Aster,55.92,0.534,0.374,0.45740740740740743,0.3445850914205345,0.4273504273504274
U0062,I0013,rating,5.0,1,28.54,2026-03-08 16:45:22+00:00,web,5.0,2026-03-08,16,electronics,ZenCo,28.54,0.846,0.024,0.2038888888888889,0.7834036568213781,0.0
U0220,I0104,view,,1,41.88,2026-03-05 20:31:22+00:00,mobile,1.0,2026-03-05,20,electronics,Aster,41.88,0.799,0.487,0.3274074074074074,0.7172995780590717,0.5653235653235653
U0141,I0009,purchase,,1,26.36,2026-02-03 18:50:22+00:00,web,5.0,2026-02-03,18,home,Orion,26.36,0.492,0.5650000000000001,0.1837037037037037,0.28551336146272854,0.6605616605616607
U0171,I0025,cart,,1,15.52,2026-02-14 08:25:22+00:00,web,3.0,2026-02-14,8,beauty,Nova,15.52,0.76,0.761,0.08333333333333333,0.6624472573839663,0.8998778998779
U0207,I0013,view,,1,28.54,2026-04-24 13:33:22+00:00,web,1.0,2026-04-24,13,electronics,ZenCo,28.54,0.846,0.024,0.2038888888888889,0.7834036568213781,0.0
U0114,I0047,view,,1,36.67,2026-03-27 16:18:22+00:00,web,1.0,2026-03-27,16,home,Aster,36.67,0.966,0.395,0.2791666666666667,0.9521800281293952,0.45299145299145305
U0205,I0060,view,,1,48.07,2026-02-21 15:30:22+00:00,mobile,1.0,2026-02-21,15,fashion,ZenCo,48.07,0.742,0.151,0.38472222222222224,0.6371308016877636,0.15506715506715507
U0128,I0109,view,,1,70.56,2026-03-21 11:17:22+00:00,mobile,1.0,2026-03-21,11,home,Aster,70.56,0.78,0.5680000000000001,0.5929629629629629,0.6905766526019691,0.6642246642246643
U0111,I0096,view,,1,36.87,2026-02-21 10:48:22+00:00,mobile,1.0,2026-02-21,10,home,UrbanLeaf,36.87,0.675,0.17,0.2810185185185185,0.5428973277074544,0.1782661782661783
U0151,I0011,cart,,1,15.55,2026-03-06 17:13:22+00:00,web,3.0,2026-03-06,17,sports,UrbanLeaf,15.55,0.673,0.613,0.08361111111111112,0.5400843881856541,0.7191697191697192
U0099,I0051,view,,1,24.93,2026-02-12 09:19:22+00:00,mobile,1.0,2026-02-12,9,fashion,Pulse,24.93,0.607,0.373,0.17046296296296293,0.4472573839662447,0.42612942612942617
U0145,I0070,view,,1,26.73,2026-04-23 03:38:22+00:00,mobile,1.0,2026-04-23,3,home,Nova,26.73,0.365,0.634,0.18712962962962965,0.10689170182841068,0.7448107448107448
U0178,I0037,view,,1,17.51,2026-03-11 11:41:22+00:00,web,1.0,2026-03-11,11,sports,ZenCo,17.51,0.519,0.554,0.10175925925925926,0.3234880450070323,0.6471306471306473
U0155,I0057,rating,5.0,1,46.42,2026-02-04 15:21:22+00:00,web,5.0,2026-02-04,15,beauty,Orion,46.42,0.791,0.304,0.36944444444444446,0.7060478199718706,0.3418803418803419
U0002,I0081,rating,5.0,1,60.65,2026-04-22 02:59:22+00:00,web,5.0,2026-04-22,2,home,Orion,60.65,0.7010000000000001,0.10300000000000001,0.5012037037037036,0.579465541490858,0.09645909645909648
U0011,I0110,view,,1,26.64,2026-02-22 01:54:22+00:00,mobile,1.0,2026-02-22,1,sports,Aster,26.64,0.805,0.6900000000000001,0.1862962962962963,0.7257383966244725,0.8131868131868133
U0151,I0010,purchase,,1,50.12,2026-04-15 00:07:22+00:00,web,5.0,2026-04-15,0,electronics,Pulse,50.12,0.591,0.252,0.4037037037037037,0.42475386779184243,0.2783882783882784
U0048,I0104,rating,4.0,1,41.88,2026-02-04 02:31:22+00:00,web,4.0,2026-02-04,2,electronics,Aster,41.88,0.799,0.487,0.3274074074074074,0.7172995780590717,0.5653235653235653
U0202,I0032,view,,1,68.88,2026-04-30 06:04:22+00:00,mobile,1.0,2026-04-30,6,electronics,ZenCo,68.88,0.794,0.11,0.5774074074074073,0.710267229254571,0.10500610500610502
U0105,I0018,view,,1,34.0,2026-03-12 09:02:22+00:00,mobile,1.0,2026-03-12,9,books,Nova,34.0,0.517,0.384,0.2544444444444444,0.32067510548523204,0.4395604395604396
U0236,I0034,view,,1,32.38,2026-02-19 23:22:22+00:00,mobile,1.0,2026-02-19,23,fashion,Pulse,32.38,0.362,0.199,0.23944444444444446,0.10267229254571031,0.2136752136752137
U0075,I0047,cart,,1,36.67,2026-02-17 13:50:22+00:00,mobile,3.0,2026-02-17,13,home,Aster,36.67,0.966,0.395,0.2791666666666667,0.9521800281293952,0.45299145299145305
U0037,I0028,cart,,1,23.83,2026-02-16 11:44:22+00:00,mobile,3.0,2026-02-16,11,sports,Nova,23.83,0.467,0.08700000000000001,0.16027777777777774,0.25035161744022505,0.07692307692307694
U0040,I0012,purchase,,2,67.3,2026-03-16 02:32:22+00:00,mobile,5.0,2026-03-16,2,sports,Pulse,67.3,0.642,0.37,0.5627777777777777,0.4964838255977496,0.4224664224664225
U0065,I0034,view,,1,32.38,2026-02-03 09:54:22+00:00,mobile,1.0,2026-02-03,9,fashion,Pulse,32.38,0.362,0.199,0.23944444444444446,0.10267229254571031,0.2136752136752137
U0028,I0017,view,,1,25.29,2026-03-13 21:36:22+00:00,web,1.0,2026-03-13,21,beauty,UrbanLeaf,25.29,0.804,0.343,0.17379629629629628,0.7243319268635725,0.38949938949938956
U0218,I0101,cart,,1,48.0,2026-02-10 13:17:22+00:00,web,3.0,2026-02-10,13,electronics,UrbanLeaf,48.0,0.773,0.338,0.38407407407407407,0.6807313642756679,0.3833943833943835
U0193,I0066,view,,1,22.7,2026-04-17 04:14:22+00:00,mobile,1.0,2026-04-17,4,sports,UrbanLeaf,22.7,0.8230000000000001,0.216,0.1498148148148148,0.7510548523206751,0.23443223443223443
U0034,I0107,view,,1,14.01,2026-02-27 14:46:22+00:00,web,1.0,2026-02-27,14,electronics,Orion,14.01,0.914,0.24,0.06935185185185185,0.8790436005625878,0.26373626373626374
U0001,I0047,view,,1,36.67,2026-02-04 21:00:22+00:00,mobile,1.0,2026-02-04,21,home,Aster,36.67,0.966,0.395,0.2791666666666667,0.9521800281293952,0.45299145299145305
U0010,I0006,view,,1,21.38,2026-02-27 10:01:22+00:00,mobile,1.0,2026-02-27,10,electronics,UrbanLeaf,21.38,0.626,0.395,0.1375925925925926,0.47398030942334735,0.45299145299145305
U0180,I0112,cart,,1,53.68,2026-03-09 21:00:22+00:00,web,3.0,2026-03-09,21,fashion,Pulse,53.68,0.342,0.187,0.43666666666666665,0.07454289732770752,0.19902319902319904
U0199,I0101,view,,1,48.0,2026-02-21 12:46:22+00:00,web,1.0,2026-02-21,12,electronics,UrbanLeaf,48.0,0.773,0.338,0.38407407407407407,0.6807313642756679,0.3833943833943835
U0110,I0012,cart,,1,67.3,2026-03-11 23:46:22+00:00,mobile,3.0,2026-03-11,23,sports,Pulse,67.3,0.642,0.37,0.5627777777777777,0.4964838255977496,0.4224664224664225
U0233,I0099,cart,,1,19.36,2026-03-31 23:52:22+00:00,mobile,3.0,2026-03-31,23,fashion,ZenCo,19.36,0.81,0.17,0.11888888888888889,0.7327707454289732,0.1782661782661783
U0230,I0028,purchase,,1,23.83,2026-03-12 06:03:22+00:00,mobile,5.0,2026-03-12,6,sports,Nova,23.83,0.467,0.08700000000000001,0.16027777777777774,0.25035161744022505,0.07692307692307694
U0099,I0099,view,,1,19.36,2026-02-27 10:43:22+00:00,web,1.0,2026-02-27,10,fashion,ZenCo,19.36,0.81,0.17,0.11888888888888889,0.7327707454289732,0.1782661782661783
U0147,I0047,rating,4.0,1,36.67,2026-02-03 08:22:22+00:00,web,4.0,2026-02-03,8,home,Aster,36.67,0.966,0.395,0.2791666666666667,0.9521800281293952,0.45299145299145305
U0106,I0116,rating,4.0,1,59.11,2026-04-04 04:07:22+00:00,mobile,4.0,2026-04-04,4,electronics,Aster,59.11,0.622,0.58,0.48694444444444446,0.4683544303797468,0.6788766788766789
U0107,I0108,view,,1,101.53,2026-02-13 00:09:22+00:00,web,1.0,2026-02-13,0,beauty,UrbanLeaf,101.53,0.485,0.212,0.8797222222222222,0.2756680731364276,0.22954822954822957
U0021,I0104,cart,,1,41.88,2026-04-24 04:00:22+00:00,web,3.0,2026-04-24,4,electronics,Aster,41.88,0.799,0.487,0.3274074074074074,0.7172995780590717,0.5653235653235653
U0214,I0095,rating,4.0,1,11.84,2026-02-28 11:07:22+00:00,web,4.0,2026-02-28,11,sports,UrbanLeaf,11.84,0.886,0.197,0.04925925925925925,0.8396624472573838,0.21123321123321126
U0021,I0043,view,,1,34.18,2026-04-20 01:40:22+00:00,web,1.0,2026-04-20,1,electronics,Aster,34.18,0.937,0.405,0.2561111111111111,0.9113924050632912,0.46520146520146527
U0111,I0079,purchase,,1,55.92,2026-02-13 02:59:22+00:00,web,5.0,2026-02-13,2,home,Aster,55.92,0.534,0.374,0.45740740740740743,0.3445850914205345,0.4273504273504274
U0027,I0102,view,,1,45.37,2026-03-09 10:18:22+00:00,web,1.0,2026-03-09,10,electronics,UrbanLeaf,45.37,0.5690000000000001,0.498,0.3597222222222222,0.3938115330520394,0.5787545787545788
U0187,I0079,view,,1,55.92,2026-03-11 16:30:22+00:00,mobile,1.0,2026-03-11,16,home,Aster,55.92,0.534,0.374,0.45740740740740743,0.3445850914205345,0.4273504273504274
U0211,I0027,rating,4.0,1,58.32,2026-03-17 11:43:22+00:00,mobile,4.0,2026-03-17,11,sports,Orion,58.32,0.791,0.039,0.4796296296296296,0.7060478199718706,0.018315018315018316
U0072,I0076,view,,1,36.2,2026-03-28 17:22:22+00:00,mobile,1.0,2026-03-28,17,books,Pulse,36.2,0.8180000000000001,0.057,0.27481481481481485,0.7440225035161744,0.04029304029304029
U0105,I0048,view,,1,22.53,2026-02-14 14:20:22+00:00,mobile,1.0,2026-02-14,14,books,Nova,22.53,0.897,0.2,0.14824074074074073,0.8551336146272855,0.2148962148962149
U0070,I0100,rating,5.0,1,54.26,2026-04-09 15:34:22+00:00,mobile,5.0,2026-04-09,15,sports,UrbanLeaf,54.26,0.5670000000000001,0.527,0.44203703703703706,0.39099859353023914,0.6141636141636142
U0010,I0029,cart,,1,83.41,2026-03-06 19:37:22+00:00,mobile,3.0,2026-03-06,19,home,Orion,83.41,1.0,0.71,0.7119444444444444,0.9999999999999999,0.8376068376068376
U0042,I0023,view,,1,51.99,2026-03-14 17:31:22+00:00,web,1.0,2026-03-14,17,fashion,Pulse,51.99,0.717,0.455,0.4210185185185185,0.6019690576652602,0.5262515262515263
U0210,I0076,rating,5.0,1,36.2,2026-03-19 05:30:22+00:00,mobile,5.0,2026-03-19,5,books,Pulse,36.2,0.8180000000000001,0.057,0.27481481481481485,0.7440225035161744,0.04029304029304029
U0230,I0089,view,,1,40.79,2026-03-24 22:41:22+00:00,web,1.0,2026-03-24,22,sports,Pulse,40.79,0.627,0.22,0.3173148148148148,0.47538677918424754,0.23931623931623935
U0159,I0038,view,,1,23.01,2026-04-21 18:51:22+00:00,mobile,1.0,2026-04-21,18,home,Nova,23.01,0.809,0.228,0.1526851851851852,0.731364275668073,0.2490842490842491
U0128,I0058,rating,4.0,1,18.03,2026-04-14 14:09:22+00:00,mobile,4.0,2026-04-14,14,home,UrbanLeaf,18.03,0.771,0.47300000000000003,0.10657407407407408,0.6779184247538678,0.5482295482295483
U0037,I0083,cart,,1,17.83,2026-03-22 23:51:22+00:00,mobile,3.0,2026-03-22,23,sports,Aster,17.83,0.483,0.085,0.1047222222222222,0.2728551336146273,0.0744810744810745
U0152,I0084,rating,4.0,1,27.83,2026-04-28 23:29:22+00:00,mobile,4.0,2026-04-28,23,books,ZenCo,27.83,0.8260000000000001,0.037,0.19731481481481478,0.7552742616033755,0.01587301587301587
U0091,I0066,rating,4.0,1,22.7,2026-04-06 10:43:22+00:00,web,4.0,2026-04-06,10,sports,UrbanLeaf,22.7,0.8230000000000001,0.216,0.1498148148148148,0.7510548523206751,0.23443223443223443
U0208,I0007,view,,1,50.51,2026-02-11 14:43:22+00:00,mobile,1.0,2026-02-11,14,books,UrbanLeaf,50.51,0.41300000000000003,0.309,0.4073148148148148,0.1744022503516175,0.347985347985348
U0207,I0112,rating,4.0,1,53.68,2026-02-21 17:17:22+00:00,web,4.0,2026-02-21,17,fashion,Pulse,53.68,0.342,0.187,0.43666666666666665,0.07454289732770752,0.19902319902319904
U0229,I0111,cart,,1,114.52,2026-04-10 16:19:22+00:00,mobile,3.0,2026-04-10,16,books,Nova,114.52,0.649,0.314,0.9999999999999998,0.5063291139240507,0.3540903540903541
U0171,I0093,rating,4.0,1,35.82,2026-02-17 19:28:22+00:00,mobile,4.0,2026-02-17,19,fashion,UrbanLeaf,35.82,0.616,0.268,0.2712962962962963,0.4599156118143459,0.297924297924298
U0176,I0100,purchase,,1,54.26,2026-04-20 01:07:22+00:00,mobile,5.0,2026-04-20,1,sports,UrbanLeaf,54.26,0.5670000000000001,0.527,0.44203703703703706,0.39099859353023914,0.6141636141636142
U0051,I0043,purchase,,1,34.18,2026-04-19 06:33:22+00:00,web,5.0,2026-04-19,6,electronics,Aster,34.18,0.937,0.405,0.2561111111111111,0.9113924050632912,0.46520146520146527
U0186,I0089,view,,1,40.79,2026-02-23 22:31:22+00:00,web,1.0,2026-02-23,22,sports,Pulse,40.79,0.627,0.22,0.3173148148148148,0.47538677918424754,0.23931623931623935
U0042,I0030,view,,1,19.11,2026-02-24 17:06:22+00:00,mobile,1.0,2026-02-24,17,fashion,Orion,19.11,0.679,0.384,0.11657407407407407,0.5485232067510549,0.4395604395604396
U0024,I0107,purchase,,2,14.01,2026-02-15 06:26:22+00:00,mobile,5.0,2026-02-15,6,electronics,Orion,14.01,0.914,0.24,0.06935185185185185,0.8790436005625878,0.26373626373626374
U0106,I0101,cart,,1,48.0,2026-04-18 11:35:22+00:00,web,3.0,2026-04-18,11,electronics,UrbanLeaf,48.0,0.773,0.338,0.38407407407407407,0.6807313642756679,0.3833943833943835
U0104,I0008,view,,1,36.94,2026-03-02 10:33:22+00:00,web,1.0,2026-03-02,10,sports,Orion,36.94,0.289,0.317,0.2816666666666666,0.0,0.35775335775335776
U0179,I0023,view,,1,51.99,2026-04-23 07:08:22+00:00,web,1.0,2026-04-23,7,fashion,Pulse,51.99,0.717,0.455,0.4210185185185185,0.6019690576652602,0.5262515262515263
U0115,I0029,view,,1,83.41,2026-04-07 18:15:22+00:00,web,1.0,2026-04-07,18,home,Orion,83.41,1.0,0.71,0.7119444444444444,0.9999999999999999,0.8376068376068376
U0007,I0067,cart,,1,77.25,2026-04-01 04:47:22+00:00,web,3.0,2026-04-01,4,fashion,Nova,77.25,0.665,0.28700000000000003,0.6549074074074074,0.5288326300984529,0.3211233211233212
U0213,I0101,cart,,1,48.0,2026-02-08 05:58:22+00:00,web,3.0,2026-02-08,5,electronics,UrbanLeaf,48.0,0.773,0.338,0.38407407407407407,0.6807313642756679,0.3833943833943835
U0214,I0110,view,,1,26.64,2026-03-25 09:33:22+00:00,web,1.0,2026-03-25,9,sports,Aster,26.64,0.805,0.6900000000000001,0.1862962962962963,0.7257383966244725,0.8131868131868133
U0170,I0030,cart,,1,19.11,2026-03-21 01:34:22+00:00,web,3.0,2026-03-21,1,fashion,Orion,19.11,0.679,0.384,0.11657407407407407,0.5485232067510549,0.4395604395604396
U0138,I0102,view,,1,45.37,2026-02-21 11:46:22+00:00,web,1.0,2026-02-21,11,electronics,UrbanLeaf,45.37,0.5690000000000001,0.498,0.3597222222222222,0.3938115330520394,0.5787545787545788
U0230,I0110,view,,1,26.64,2026-04-26 17:24:22+00:00,web,1.0,2026-04-26,17,sports,Aster,26.64,0.805,0.6900000000000001,0.1862962962962963,0.7257383966244725,0.8131868131868133
U0048,I0013,purchase,,1,28.54,2026-03-30 16:51:22+00:00,web,5.0,2026-03-30,16,electronics,ZenCo,28.54,0.846,0.024,0.2038888888888889,0.7834036568213781,0.0
U0071,I0071,cart,,1,31.77,2026-02-08 20:29:22+00:00,web,3.0,2026-02-08,20,electronics,ZenCo,31.77,0.595,0.32,0.23379629629629628,0.430379746835443,0.36141636141636146
U0013,I0085,rating,4.0,1,64.61,2026-04-07 18:37:22+00:00,mobile,4.0,2026-04-07,18,electronics,UrbanLeaf,64.61,1.0,0.157,0.5378703703703703,0.9999999999999999,0.1623931623931624
U0020,I0082,rating,4.0,1,27.22,2026-02-06 19:50:22+00:00,web,4.0,2026-02-06,19,home,Nova,27.22,0.41300000000000003,0.363,0.19166666666666665,0.1744022503516175,0.41391941391941395
U0054,I0070,cart,,1,26.73,2026-04-22 14:25:22+00:00,mobile,3.0,2026-04-22,14,home,Nova,26.73,0.365,0.634,0.18712962962962965,0.10689170182841068,0.7448107448107448
U0118,I0088,view,,1,30.05,2026-04-04 21:03:22+00:00,web,1.0,2026-04-04,21,beauty,ZenCo,30.05,0.594,0.149,0.21787037037037038,0.4289732770745428,0.15262515262515264
U0078,I0096,view,,1,36.87,2026-04-29 12:09:22+00:00,web,1.0,2026-04-29,12,home,UrbanLeaf,36.87,0.675,0.17,0.2810185185185185,0.5428973277074544,0.1782661782661783
U0160,I0053,view,,1,18.65,2026-03-15 13:58:22+00:00,mobile,1.0,2026-03-15,13,books,Pulse,18.65,0.745,0.249,0.1123148148148148,0.6413502109704642,0.27472527472527475
U0008,I0119,view,,1,34.0,2026-03-17 12:53:22+00:00,mobile,1.0,2026-03-17,12,beauty,Pulse,34.0,0.9460000000000001,0.10400000000000001,0.2544444444444444,0.9240506329113923,0.0976800976800977
U0060,I0031,purchase,,1,6.52,2026-02-21 15:40:22+00:00,mobile,5.0,2026-02-21,15,books,UrbanLeaf,6.52,0.8240000000000001,0.45,0.0,0.7524613220815753,0.5201465201465202
U0234,I0036,purchase,,1,74.72,2026-03-06 04:01:22+00:00,web,5.0,2026-03-06,4,fashion,Orion,74.72,0.598,0.393,0.6314814814814814,0.43459915611814337,0.4505494505494506
U0009,I0045,rating,4.0,1,27.1,2026-02-14 12:52:22+00:00,mobile,4.0,2026-02-14,12,beauty,ZenCo,27.1,0.927,0.165,0.1905555555555556,0.8973277074542897,0.1721611721611722
U0022,I0048,rating,3.0,1,22.53,2026-03-06 05:39:22+00:00,web,3.0,2026-03-06,5,books,Nova,22.53,0.897,0.2,0.14824074074074073,0.8551336146272855,0.2148962148962149
U0208,I0037,rating,3.0,1,17.51,2026-04-30 18:02:22+00:00,mobile,3.0,2026-04-30,18,sports,ZenCo,17.51,0.519,0.554,0.10175925925925926,0.3234880450070323,0.6471306471306473
U0175,I0092,cart,,1,16.23,2026-05-01 05:14:22+00:00,mobile,3.0,2026-05-01,5,beauty,ZenCo,16.23,0.8140000000000001,0.035,0.0899074074074074,0.7383966244725738,0.013431013431013435
U0163,I0100,view,,1,54.26,2026-02-22 20:04:22+00:00,mobile,1.0,2026-02-22,20,sports,UrbanLeaf,54.26,0.5670000000000001,0.527,0.44203703703703706,0.39099859353023914,0.6141636141636142
U0016,I0009,view,,1,26.36,2026-02-05 14:29:22+00:00,web,1.0,2026-02-05,14,home,Orion,26.36,0.492,0.5650000000000001,0.1837037037037037,0.28551336146272854,0.6605616605616607
U0069,I0097,cart,,1,42.6,2026-02-27 06:42:22+00:00,web,3.0,2026-02-27,6,fashion,ZenCo,42.6,0.549,0.041,0.3340740740740741,0.3656821378340366,0.020757020757020763
U0039,I0054,rating,3.0,1,35.21,2026-02-07 00:50:22+00:00,web,3.0,2026-02-07,0,beauty,UrbanLeaf,35.21,0.667,0.323,0.26564814814814813,0.5316455696202532,0.3650793650793651
U0082,I0110,rating,4.0,1,26.64,2026-04-09 09:55:22+00:00,web,4.0,2026-04-09,9,sports,Aster,26.64,0.805,0.6900000000000001,0.1862962962962963,0.7257383966244725,0.8131868131868133
U0007,I0022,view,,1,23.73,2026-02-02 16:18:22+00:00,mobile,1.0,2026-02-02,16,fashion,Orion,23.73,0.511,0.524,0.15935185185185186,0.3122362869198312,0.6105006105006106
U0031,I0048,view,,1,22.53,2026-02-13 08:44:22+00:00,web,1.0,2026-02-13,8,books,Nova,22.53,0.897,0.2,0.14824074074074073,0.8551336146272855,0.2148962148962149
U0209,I0116,view,,1,59.11,2026-03-23 08:29:22+00:00,mobile,1.0,2026-03-23,8,electronics,Aster,59.11,0.622,0.58,0.48694444444444446,0.4683544303797468,0.6788766788766789
U0209,I0116,view,,1,59.11,2026-03-09 05:13:22+00:00,web,1.0,2026-03-09,5,electronics,Aster,59.11,0.622,0.58,0.48694444444444446,0.4683544303797468,0.6788766788766789
U0103,I0118,view,,1,24.81,2026-04-09 02:17:22+00:00,web,1.0,2026-04-09,2,books,Nova,24.81,1.0,0.20500000000000002,0.1693518518518518,0.9999999999999999,0.22100122100122105
U0204,I0002,rating,5.0,1,22.56,2026-04-24 19:48:22+00:00,mobile,5.0,2026-04-24,19,beauty,ZenCo,22.56,0.848,0.169,0.1485185185185185,0.7862165963431785,0.17704517704517708
U0180,I0030,view,,1,19.11,2026-04-25 01:18:22+00:00,web,1.0,2026-04-25,1,fashion,Orion,19.11,0.679,0.384,0.11657407407407407,0.5485232067510549,0.4395604395604396
U0075,I0050,view,,1,15.33,2026-03-22 20:00:22+00:00,web,1.0,2026-03-22,20,beauty,UrbanLeaf,15.33,0.7010000000000001,0.115,0.08157407407407406,0.579465541490858,0.11111111111111113
U0211,I0037,view,,1,17.51,2026-02-17 11:37:22+00:00,mobile,1.0,2026-02-17,11,sports,ZenCo,17.51,0.519,0.554,0.10175925925925926,0.3234880450070323,0.6471306471306473
U0210,I0035,view,,1,26.96,2026-04-06 10:11:22+00:00,mobile,1.0,2026-04-06,10,books,Pulse,26.96,0.93,0.305,0.18925925925925924,0.9015471167369901,0.3431013431013431
U0106,I0019,view,,1,35.63,2026-02-19 19:28:22+00:00,web,1.0,2026-02-19,19,beauty,UrbanLeaf,35.63,0.65,0.368,0.2695370370370371,0.5077355836849508,0.42002442002442003
U0146,I0010,view,,1,50.12,2026-03-18 01:18:22+00:00,mobile,1.0,2026-03-18,1,electronics,Pulse,50.12,0.591,0.252,0.4037037037037037,0.42475386779184243,0.2783882783882784
U0212,I0015,purchase,,2,19.27,2026-03-13 08:01:22+00:00,mobile,5.0,2026-03-13,8,electronics,Orion,19.27,0.914,0.342,0.11805555555555554,0.8790436005625878,0.38827838827838834
U0159,I0058,view,,1,18.03,2026-02-06 15:03:22+00:00,mobile,1.0,2026-02-06,15,home,UrbanLeaf,18.03,0.771,0.47300000000000003,0.10657407407407408,0.6779184247538678,0.5482295482295483
U0100,I0093,view,,1,35.82,2026-02-08 09:18:22+00:00,web,1.0,2026-02-08,9,fashion,UrbanLeaf,35.82,0.616,0.268,0.2712962962962963,0.4599156118143459,0.297924297924298
U0055,I0057,view,,1,46.42,2026-03-29 06:59:22+00:00,mobile,1.0,2026-03-29,6,beauty,Orion,46.42,0.791,0.304,0.36944444444444446,0.7060478199718706,0.3418803418803419
U0146,I0071,view,,1,31.77,2026-04-30 22:35:22+00:00,web,1.0,2026-04-30,22,electronics,ZenCo,31.77,0.595,0.32,0.23379629629629628,0.430379746835443,0.36141636141636146
U0208,I0066,view,,1,22.7,2026-02-19 02:34:22+00:00,mobile,1.0,2026-02-19,2,sports,UrbanLeaf,22.7,0.8230000000000001,0.216,0.1498148148148148,0.7510548523206751,0.23443223443223443
U0058,I0088,view,,1,30.05,2026-04-29 04:01:22+00:00,mobile,1.0,2026-04-29,4,beauty,ZenCo,30.05,0.594,0.149,0.21787037037037038,0.4289732770745428,0.15262515262515264
U0152,I0074,view,,1,19.52,2026-04-05 02:59:22+00:00,mobile,1.0,2026-04-05,2,electronics,Nova,19.52,0.645,0.212,0.12037037037037036,0.5007032348804501,0.22954822954822957
U0018,I0070,view,,1,26.73,2026-03-27 14:35:22+00:00,mobile,1.0,2026-03-27,14,home,Nova,26.73,0.365,0.634,0.18712962962962965,0.10689170182841068,0.7448107448107448
U0149,I0047,view,,1,36.67,2026-02-25 13:10:22+00:00,mobile,1.0,2026-02-25,13,home,Aster,36.67,0.966,0.395,0.2791666666666667,0.9521800281293952,0.45299145299145305
U0039,I0118,view,,1,24.81,2026-03-10 09:14:22+00:00,web,1.0,2026-03-10,9,books,Nova,24.81,1.0,0.20500000000000002,0.1693518518518518,0.9999999999999999,0.22100122100122105
U0133,I0004,view,,1,24.4,2026-03-20 00:39:22+00:00,web,1.0,2026-03-20,0,beauty,Orion,24.4,0.794,0.045,0.1655555555555555,0.710267229254571,0.025641025641025644
U0008,I0088,view,,1,30.05,2026-04-02 08:36:22+00:00,web,1.0,2026-04-02,8,beauty,ZenCo,30.05,0.594,0.149,0.21787037037037038,0.4289732770745428,0.15262515262515264
U0027,I0081,cart,,1,60.65,2026-03-11 19:23:22+00:00,mobile,3.0,2026-03-11,19,home,Orion,60.65,0.7010000000000001,0.10300000000000001,0.5012037037037036,0.579465541490858,0.09645909645909648
U0026,I0039,view,,1,14.55,2026-02-26 16:11:22+00:00,web,1.0,2026-02-26,16,electronics,ZenCo,14.55,0.483,0.47100000000000003,0.07435185185185185,0.2728551336146273,0.5457875457875458
U0115,I0070,view,,1,26.73,2026-03-30 13:01:22+00:00,web,1.0,2026-03-30,13,home,Nova,26.73,0.365,0.634,0.18712962962962965,0.10689170182841068,0.7448107448107448
U0019,I0120,view,,1,26.42,2026-03-30 11:29:22+00:00,web,1.0,2026-03-30,11,electronics,Nova,26.42,0.501,0.108,0.1842592592592593,0.29817158931082977,0.10256410256410256
U0232,I0020,cart,,1,27.33,2026-02-16 08:15:22+00:00,web,3.0,2026-02-16,8,beauty,Pulse,27.33,0.731,0.223,0.19268518518518518,0.6216596343178621,0.242979242979243
U0045,I0017,purchase,,2,25.29,2026-02-22 23:51:22+00:00,web,5.0,2026-02-22,23,beauty,UrbanLeaf,25.29,0.804,0.343,0.17379629629629628,0.7243319268635725,0.38949938949938956
U0168,I0060,view,,1,48.07,2026-03-24 01:25:22+00:00,mobile,1.0,2026-03-24,1,fashion,ZenCo,48.07,0.742,0.151,0.38472222222222224,0.6371308016877636,0.15506715506715507
U0194,I0040,view,,1,56.71,2026-04-28 16:04:22+00:00,mobile,1.0,2026-04-28,16,books,Orion,56.71,0.612,0.625,0.4647222222222222,0.45428973277074536,0.7338217338217339
U0035,I0039,view,,1,14.55,2026-02-13 09:22:22+00:00,web,1.0,2026-02-13,9,electronics,ZenCo,14.55,0.483,0.47100000000000003,0.07435185185185185,0.2728551336146273,0.5457875457875458
U0097,I0063,view,,1,17.91,2026-03-02 11:40:22+00:00,web,1.0,2026-03-02,11,beauty,Nova,17.91,0.875,0.47300000000000003,0.10546296296296297,0.8241912798874823,0.5482295482295483
U0024,I0071,rating,5.0,1,31.77,2026-04-29 10:24:22+00:00,mobile,5.0,2026-04-29,10,electronics,ZenCo,31.77,0.595,0.32,0.23379629629629628,0.430379746835443,0.36141636141636146
U0006,I0044,purchase,,1,16.15,2026-02-10 09:41:22+00:00,mobile,5.0,2026-02-10,9,home,Aster,16.15,0.797,0.046,0.08916666666666666,0.7144866385372713,0.02686202686202686
U0206,I0097,view,,1,42.6,2026-04-18 07:37:22+00:00,mobile,1.0,2026-04-18,7,fashion,ZenCo,42.6,0.549,0.041,0.3340740740740741,0.3656821378340366,0.020757020757020763
U0093,I0026,cart,,1,13.5,2026-03-11 23:54:22+00:00,web,3.0,2026-03-11,23,home,ZenCo,13.5,0.481,0.19,0.06462962962962963,0.27004219409282704,0.2026862026862027
U0026,I0009,cart,,1,26.36,2026-04-16 19:08:22+00:00,mobile,3.0,2026-04-16,19,home,Orion,26.36,0.492,0.5650000000000001,0.1837037037037037,0.28551336146272854,0.6605616605616607
U0158,I0034,view,,1,32.38,2026-03-06 15:00:22+00:00,web,1.0,2026-03-06,15,fashion,Pulse,32.38,0.362,0.199,0.23944444444444446,0.10267229254571031,0.2136752136752137
U0081,I0085,purchase,,1,64.61,2026-04-05 15:03:22+00:00,mobile,5.0,2026-04-05,15,electronics,UrbanLeaf,64.61,1.0,0.157,0.5378703703703703,0.9999999999999999,0.1623931623931624
U0210,I0069,view,,1,41.22,2026-05-02 09:11:22+00:00,mobile,1.0,2026-05-02,9,books,UrbanLeaf,41.22,0.896,0.375,0.3212962962962963,0.8537271448663853,0.4285714285714286
U0035,I0074,view,,1,19.52,2026-04-27 22:19:22+00:00,web,1.0,2026-04-27,22,electronics,Nova,19.52,0.645,0.212,0.12037037037037036,0.5007032348804501,0.22954822954822957
U0154,I0048,view,,1,22.53,2026-02-14 17:36:22+00:00,web,1.0,2026-02-14,17,books,Nova,22.53,0.897,0.2,0.14824074074074073,0.8551336146272855,0.2148962148962149
U0001,I0033,view,,1,24.72,2026-04-08 22:25:22+00:00,mobile,1.0,2026-04-08,22,books,Orion,24.72,0.727,0.5650000000000001,0.1685185185185185,0.6160337552742615,0.6605616605616607
U0120,I0014,view,,1,30.5,2026-02-24 20:43:22+00:00,mobile,1.0,2026-02-24,20,electronics,ZenCo,30.5,0.544,0.221,0.22203703703703703,0.3586497890295359,0.24053724053724057
U0238,I0063,view,,1,17.91,2026-03-21 11:02:22+00:00,web,1.0,2026-03-21,11,beauty,Nova,17.91,0.875,0.47300000000000003,0.10546296296296297,0.8241912798874823,0.5482295482295483
U0230,I0094,view,,1,20.46,2026-02-17 00:19:22+00:00,web,1.0,2026-02-17,0,sports,Pulse,20.46,0.762,0.843,0.12907407407407406,0.6652601969057664,1.0000000000000002
U0051,I0014,cart,,1,30.5,2026-03-06 23:53:22+00:00,mobile,3.0,2026-03-06,23,electronics,ZenCo,30.5,0.544,0.221,0.22203703703703703,0.3586497890295359,0.24053724053724057
U0237,I0086,purchase,,1,33.96,2026-03-15 02:26:22+00:00,mobile,5.0,2026-03-15,2,books,Aster,33.96,0.299,0.062,0.25407407407407406,0.01406469760900142,0.0463980463980464
U0088,I0021,view,,1,19.0,2026-03-30 03:29:22+00:00,mobile,1.0,2026-03-30,3,beauty,UrbanLeaf,19.0,0.844,0.467,0.11555555555555556,0.780590717299578,0.540903540903541
U0075,I0108,view,,1,101.53,2026-04-04 00:50:22+00:00,mobile,1.0,2026-04-04,0,beauty,UrbanLeaf,101.53,0.485,0.212,0.8797222222222222,0.2756680731364276,0.22954822954822957
U0019,I0072,view,,1,21.99,2026-03-04 02:52:22+00:00,web,1.0,2026-03-04,2,electronics,Pulse,21.99,1.0,0.748,0.14324074074074072,0.9999999999999999,0.8840048840048841
U0126,I0038,view,,1,23.01,2026-04-03 15:21:22+00:00,web,1.0,2026-04-03,15,home,Nova,23.01,0.809,0.228,0.1526851851851852,0.731364275668073,0.2490842490842491
U0217,I0063,cart,,1,17.91,2026-02-22 02:43:22+00:00,mobile,3.0,2026-02-22,2,beauty,Nova,17.91,0.875,0.47300000000000003,0.10546296296296297,0.8241912798874823,0.5482295482295483
U0127,I0051,purchase,,1,24.93,2026-03-20 00:47:22+00:00,web,5.0,2026-03-20,0,fashion,Pulse,24.93,0.607,0.373,0.17046296296296293,0.4472573839662447,0.42612942612942617
U0122,I0068,rating,3.0,1,16.18,2026-02-16 20:59:22+00:00,web,3.0,2026-02-16,20,electronics,ZenCo,16.18,0.66,0.20500000000000002,0.08944444444444445,0.5218002812939522,0.22100122100122105
U0017,I0066,view,,1,22.7,2026-02-08 00:54:22+00:00,mobile,1.0,2026-02-08,0,sports,UrbanLeaf,22.7,0.8230000000000001,0.216,0.1498148148148148,0.7510548523206751,0.23443223443223443
U0119,I0066,view,,1,22.7,2026-02-04 13:41:22+00:00,web,1.0,2026-02-04,13,sports,UrbanLeaf,22.7,0.8230000000000001,0.216,0.1498148148148148,0.7510548523206751,0.23443223443223443
U0224,I0020,view,,1,27.33,2026-02-03 21:41:22+00:00,mobile,1.0,2026-02-03,21,beauty,Pulse,27.33,0.731,0.223,0.19268518518518518,0.6216596343178621,0.242979242979243
U0113,I0109,view,,1,70.56,2026-03-11 20:48:22+00:00,web,1.0,2026-03-11,20,home,Aster,70.56,0.78,0.5680000000000001,0.5929629629629629,0.6905766526019691,0.6642246642246643
U0159,I0077,rating,4.0,1,43.74,2026-03-15 05:28:22+00:00,mobile,4.0,2026-03-15,5,home,Orion,43.74,0.756,0.41600000000000004,0.3446296296296296,0.6568213783403657,0.4786324786324787
U0209,I0009,cart,,1,26.36,2026-04-05 00:26:22+00:00,web,3.0,2026-04-05,0,home,Orion,26.36,0.492,0.5650000000000001,0.1837037037037037,0.28551336146272854,0.6605616605616607
U0092,I0042,view,,1,34.64,2026-02-22 17:12:22+00:00,mobile,1.0,2026-02-22,17,home,Nova,34.64,0.5740000000000001,0.15,0.26037037037037036,0.4008438818565402,0.15384615384615385
U0032,I0042,purchase,,1,34.64,2026-02-07 10:21:22+00:00,web,5.0,2026-02-07,10,home,Nova,34.64,0.5740000000000001,0.15,0.26037037037037036,0.4008438818565402,0.15384615384615385
U0009,I0021,purchase,,2,19.0,2026-03-26 04:02:22+00:00,web,5.0,2026-03-26,4,beauty,UrbanLeaf,19.0,0.844,0.467,0.11555555555555556,0.780590717299578,0.540903540903541
U0227,I0078,purchase,,3,41.4,2026-04-14 14:55:22+00:00,mobile,5.0,2026-04-14,14,beauty,Pulse,41.4,0.875,0.403,0.32296296296296295,0.8241912798874823,0.46275946275946284
U0217,I0071,view,,1,31.77,2026-03-27 03:32:22+00:00,mobile,1.0,2026-03-27,3,electronics,ZenCo,31.77,0.595,0.32,0.23379629629629628,0.430379746835443,0.36141636141636146
U0141,I0043,view,,1,34.18,2026-02-17 08:37:22+00:00,mobile,1.0,2026-02-17,8,electronics,Aster,34.18,0.937,0.405,0.2561111111111111,0.9113924050632912,0.46520146520146527
U0210,I0053,purchase,,1,18.65,2026-02-04 16:06:22+00:00,web,5.0,2026-02-04,16,books,Pulse,18.65,0.745,0.249,0.1123148148148148,0.6413502109704642,0.27472527472527475
U0090,I0009,cart,,1,26.36,2026-04-22 23:06:22+00:00,mobile,3.0,2026-04-22,23,home,Orion,26.36,0.492,0.5650000000000001,0.1837037037037037,0.28551336146272854,0.6605616605616607
U0213,I0016,rating,5.0,1,41.84,2026-04-19 11:12:22+00:00,mobile,5.0,2026-04-19,11,home,Aster,41.84,0.916,0.26,0.32703703703703707,0.8818565400843882,0.2881562881562882
U0186,I0106,view,,1,26.93,2026-03-01 17:19:22+00:00,mobile,1.0,2026-03-01,17,sports,Nova,26.93,0.41400000000000003,0.40700000000000003,0.18898148148148147,0.1758087201125177,0.4676434676434677
U0079,I0065,cart,,1,45.15,2026-03-03 10:11:22+00:00,web,3.0,2026-03-03,10,fashion,Nova,45.15,0.521,0.28700000000000003,0.35768518518518516,0.3263009845288326,0.3211233211233212
U0100,I0022,purchase,,1,23.73,2026-04-28 15:09:22+00:00,mobile,5.0,2026-04-28,15,fashion,Orion,23.73,0.511,0.524,0.15935185185185186,0.3122362869198312,0.6105006105006106
U0080,I0058,view,,1,18.03,2026-03-15 00:55:22+00:00,web,1.0,2026-03-15,0,home,UrbanLeaf,18.03,0.771,0.47300000000000003,0.10657407407407408,0.6779184247538678,0.5482295482295483
U0063,I0001,purchase,,1,31.44,2026-03-26 11:16:22+00:00,web,5.0,2026-03-26,11,home,Aster,31.44,0.778,0.255,0.23074074074074075,0.6877637130801687,0.28205128205128205
U0185,I0025,rating,4.0,1,15.52,2026-02-05 08:57:22+00:00,web,4.0,2026-02-05,8,beauty,Nova,15.52,0.76,0.761,0.08333333333333333,0.6624472573839663,0.8998778998779
U0046,I0038,purchase,,1,23.01,2026-02-08 22:04:22+00:00,web,5.0,2026-02-08,22,home,Nova,23.01,0.809,0.228,0.1526851851851852,0.731364275668073,0.2490842490842491
U0119,I0016,view,,1,41.84,2026-02-15 14:05:22+00:00,web,1.0,2026-02-15,14,home,Aster,41.84,0.916,0.26,0.32703703703703707,0.8818565400843882,0.2881562881562882
U0006,I0103,view,,1,51.23,2026-04-26 17:31:22+00:00,web,1.0,2026-04-26,17,beauty,ZenCo,51.23,0.537,0.259,0.41398148148148145,0.3488045007032349,0.28693528693528697
U0008,I0062,view,,1,23.59,2026-03-30 03:21:22+00:00,mobile,1.0,2026-03-30,3,beauty,ZenCo,23.59,0.8150000000000001,0.304,0.15805555555555556,0.739803094233474,0.3418803418803419
U0018,I0038,view,,1,23.01,2026-02-28 03:59:22+00:00,mobile,1.0,2026-02-28,3,home,Nova,23.01,0.809,0.228,0.1526851851851852,0.731364275668073,0.2490842490842491
U0205,I0072,cart,,1,21.99,2026-04-25 16:47:22+00:00,mobile,3.0,2026-04-25,16,electronics,Pulse,21.99,1.0,0.748,0.14324074074074072,0.9999999999999999,0.8840048840048841
U0209,I0102,view,,1,45.37,2026-04-01 14:42:22+00:00,mobile,1.0,2026-04-01,14,electronics,UrbanLeaf,45.37,0.5690000000000001,0.498,0.3597222222222222,0.3938115330520394,0.5787545787545788
U0040,I0013,rating,5.0,1,28.54,2026-04-02 20:28:22+00:00,mobile,5.0,2026-04-02,20,electronics,ZenCo,28.54,0.846,0.024,0.2038888888888889,0.7834036568213781,0.0
U0087,I0056,view,,1,21.96,2026-02-09 17:35:22+00:00,web,1.0,2026-02-09,17,books,Nova,21.96,0.606,0.146,0.14296296296296296,0.4458509142053445,0.14896214896214896
U0028,I0052,view,,1,30.37,2026-03-26 15:35:22+00:00,web,1.0,2026-03-26,15,beauty,Nova,30.37,0.934,0.362,0.22083333333333333,0.9071729957805906,0.41269841269841273
U0137,I0042,view,,1,34.64,2026-02-28 12:01:22+00:00,web,1.0,2026-02-28,12,home,Nova,34.64,0.5740000000000001,0.15,0.26037037037037036,0.4008438818565402,0.15384615384615385
U0175,I0097,cart,,1,42.6,2026-04-05 18:46:22+00:00,mobile,3.0,2026-04-05,18,fashion,ZenCo,42.6,0.549,0.041,0.3340740740740741,0.3656821378340366,0.020757020757020763
U0230,I0057,view,,1,46.42,2026-04-23 21:17:22+00:00,mobile,1.0,2026-04-23,21,beauty,Orion,46.42,0.791,0.304,0.36944444444444446,0.7060478199718706,0.3418803418803419
U0084,I0102,view,,1,45.37,2026-04-02 09:57:22+00:00,web,1.0,2026-04-02,9,electronics,UrbanLeaf,45.37,0.5690000000000001,0.498,0.3597222222222222,0.3938115330520394,0.5787545787545788
U0158,I0023,view,,1,51.99,2026-04-08 13:45:22+00:00,web,1.0,2026-04-08,13,fashion,Pulse,51.99,0.717,0.455,0.4210185185185185,0.6019690576652602,0.5262515262515263
U0015,I0062,purchase,,1,23.59,2026-03-21 21:30:22+00:00,web,5.0,2026-03-21,21,beauty,ZenCo,23.59,0.8150000000000001,0.304,0.15805555555555556,0.739803094233474,0.3418803418803419
U0186,I0106,view,,1,26.93,2026-04-14 14:52:22+00:00,web,1.0,2026-04-14,14,sports,Nova,26.93,0.41400000000000003,0.40700000000000003,0.18898148148148147,0.1758087201125177,0.4676434676434677
U0041,I0036,purchase,,1,74.72,2026-02-04 07:09:22+00:00,mobile,5.0,2026-02-04,7,fashion,Orion,74.72,0.598,0.393,0.6314814814814814,0.43459915611814337,0.4505494505494506
U0151,I0087,view,,1,58.68,2026-03-18 21:31:22+00:00,web,1.0,2026-03-18,21,electronics,UrbanLeaf,58.68,0.7000000000000001,0.155,0.482962962962963,0.5780590717299579,0.15995115995115997
U0045,I0088,purchase,,2,30.05,2026-02-14 18:18:22+00:00,mobile,5.0,2026-02-14,18,beauty,ZenCo,30.05,0.594,0.149,0.21787037037037038,0.4289732770745428,0.15262515262515264
U0184,I0013,view,,1,28.54,2026-04-08 17:32:22+00:00,mobile,1.0,2026-04-08,17,electronics,ZenCo,28.54,0.846,0.024,0.2038888888888889,0.7834036568213781,0.0
U0053,I0010,view,,1,50.12,2026-04-14 10:55:22+00:00,web,1.0,2026-04-14,10,electronics,Pulse,50.12,0.591,0.252,0.4037037037037037,0.42475386779184243,0.2783882783882784
U0111,I0051,view,,1,24.93,2026-04-20 11:13:22+00:00,mobile,1.0,2026-04-20,11,fashion,Pulse,24.93,0.607,0.373,0.17046296296296293,0.4472573839662447,0.42612942612942617
U0092,I0047,purchase,,1,36.67,2026-02-16 05:38:22+00:00,web,5.0,2026-02-16,5,home,Aster,36.67,0.966,0.395,0.2791666666666667,0.9521800281293952,0.45299145299145305
U0052,I0082,cart,,1,27.22,2026-03-13 15:15:22+00:00,mobile,3.0,2026-03-13,15,home,Nova,27.22,0.41300000000000003,0.363,0.19166666666666665,0.1744022503516175,0.41391941391941395
U0066,I0097,cart,,1,42.6,2026-04-06 16:58:22+00:00,mobile,3.0,2026-04-06,16,fashion,ZenCo,42.6,0.549,0.041,0.3340740740740741,0.3656821378340366,0.020757020757020763
U0231,I0063,view,,1,17.91,2026-02-26 07:20:22+00:00,mobile,1.0,2026-02-26,7,beauty,Nova,17.91,0.875,0.47300000000000003,0.10546296296296297,0.8241912798874823,0.5482295482295483
U0171,I0015,view,,1,19.27,2026-03-22 04:34:22+00:00,web,1.0,2026-03-22,4,electronics,Orion,19.27,0.914,0.342,0.11805555555555554,0.8790436005625878,0.38827838827838834
U0148,I0023,purchase,,3,51.99,2026-02-19 11:16:22+00:00,web,5.0,2026-02-19,11,fashion,Pulse,51.99,0.717,0.455,0.4210185185185185,0.6019690576652602,0.5262515262515263
U0196,I0051,view,,1,24.93,2026-02-11 06:12:22+00:00,web,1.0,2026-02-11,6,fashion,Pulse,24.93,0.607,0.373,0.17046296296296293,0.4472573839662447,0.42612942612942617
U0147,I0005,view,,1,20.52,2026-04-15 05:47:22+00:00,web,1.0,2026-04-15,5,home,ZenCo,20.52,0.669,0.275,0.1296296296296296,0.5344585091420535,0.3064713064713065
U0192,I0035,view,,1,26.96,2026-03-05 09:27:22+00:00,web,1.0,2026-03-05,9,books,Pulse,26.96,0.93,0.305,0.18925925925925924,0.9015471167369901,0.3431013431013431
U0029,I0017,purchase,,2,25.29,2026-04-09 01:35:22+00:00,web,5.0,2026-04-09,1,beauty,UrbanLeaf,25.29,0.804,0.343,0.17379629629629628,0.7243319268635725,0.38949938949938956
U0229,I0046,view,,1,32.06,2026-04-21 16:17:22+00:00,mobile,1.0,2026-04-21,16,books,Pulse,32.06,0.972,0.131,0.23648148148148151,0.9606188466947959,0.13064713064713065
U0037,I0027,view,,1,58.32,2026-02-28 11:56:22+00:00,mobile,1.0,2026-02-28,11,sports,Orion,58.32,0.791,0.039,0.4796296296296296,0.7060478199718706,0.018315018315018316
U0073,I0083,purchase,,1,17.83,2026-04-22 10:00:22+00:00,mobile,5.0,2026-04-22,10,sports,Aster,17.83,0.483,0.085,0.1047222222222222,0.2728551336146273,0.0744810744810745
U0132,I0063,view,,1,17.91,2026-02-17 04:40:22+00:00,web,1.0,2026-02-17,4,beauty,Nova,17.91,0.875,0.47300000000000003,0.10546296296296297,0.8241912798874823,0.5482295482295483
U0139,I0021,view,,1,19.0,2026-04-09 06:51:22+00:00,mobile,1.0,2026-04-09,6,beauty,UrbanLeaf,19.0,0.844,0.467,0.11555555555555556,0.780590717299578,0.540903540903541
U0138,I0043,rating,4.0,1,34.18,2026-02-26 03:48:22+00:00,mobile,4.0,2026-02-26,3,electronics,Aster,34.18,0.937,0.405,0.2561111111111111,0.9113924050632912,0.46520146520146527
U0144,I0087,cart,,1,58.68,2026-02-21 23:40:22+00:00,mobile,3.0,2026-02-21,23,electronics,UrbanLeaf,58.68,0.7000000000000001,0.155,0.482962962962963,0.5780590717299579,0.15995115995115997
U0224,I0081,rating,4.0,1,60.65,2026-04-06 21:33:22+00:00,web,4.0,2026-04-06,21,home,Orion,60.65,0.7010000000000001,0.10300000000000001,0.5012037037037036,0.579465541490858,0.09645909645909648
U0026,I0047,view,,1,36.67,2026-02-11 19:45:22+00:00,mobile,1.0,2026-02-11,19,home,Aster,36.67,0.966,0.395,0.2791666666666667,0.9521800281293952,0.45299145299145305
U0237,I0084,view,,1,27.83,2026-03-12 04:00:22+00:00,mobile,1.0,2026-03-12,4,books,ZenCo,27.83,0.8260000000000001,0.037,0.19731481481481478,0.7552742616033755,0.01587301587301587
U0090,I0047,cart,,1,36.67,2026-03-25 09:57:22+00:00,web,3.0,2026-03-25,9,home,Aster,36.67,0.966,0.395,0.2791666666666667,0.9521800281293952,0.45299145299145305
U0163,I0024,rating,5.0,1,24.65,2026-04-04 08:32:22+00:00,web,5.0,2026-04-04,8,sports,ZenCo,24.65,0.79,0.5750000000000001,0.16787037037037034,0.7046413502109704,0.6727716727716729
U0055,I0019,view,,1,35.63,2026-04-10 08:26:22+00:00,mobile,1.0,2026-04-10,8,beauty,UrbanLeaf,35.63,0.65,0.368,0.2695370370370371,0.5077355836849508,0.42002442002442003
U0240,I0083,view,,1,17.83,2026-03-03 19:50:22+00:00,mobile,1.0,2026-03-03,19,sports,Aster,17.83,0.483,0.085,0.1047222222222222,0.2728551336146273,0.0744810744810745
U0183,I0048,cart,,1,22.53,2026-03-01 22:18:22+00:00,web,3.0,2026-03-01,22,books,Nova,22.53,0.897,0.2,0.14824074074074073,0.8551336146272855,0.2148962148962149
U0016,I0013,purchase,,2,28.54,2026-03-12 02:44:22+00:00,web,5.0,2026-03-12,2,electronics,ZenCo,28.54,0.846,0.024,0.2038888888888889,0.7834036568213781,0.0
U0173,I0054,view,,1,35.21,2026-04-25 15:45:22+00:00,mobile,1.0,2026-04-25,15,beauty,UrbanLeaf,35.21,0.667,0.323,0.26564814814814813,0.5316455696202532,0.3650793650793651
U0183,I0018,view,,1,34.0,2026-03-24 07:12:22+00:00,web,1.0,2026-03-24,7,books,Nova,34.0,0.517,0.384,0.2544444444444444,0.32067510548523204,0.4395604395604396
U0225,I0080,cart,,1,16.0,2026-02-14 03:08:22+00:00,mobile,3.0,2026-02-14,3,home,Nova,16.0,0.681,0.432,0.08777777777777777,0.5513361462728552,0.4981684981684982
U0015,I0054,cart,,1,35.21,2026-03-27 08:59:22+00:00,web,3.0,2026-03-27,8,beauty,UrbanLeaf,35.21,0.667,0.323,0.26564814814814813,0.5316455696202532,0.3650793650793651
U0018,I0081,cart,,1,60.65,2026-03-30 06:44:22+00:00,mobile,3.0,2026-03-30,6,home,Orion,60.65,0.7010000000000001,0.10300000000000001,0.5012037037037036,0.579465541490858,0.09645909645909648
U0032,I0042,rating,5.0,1,34.64,2026-02-05 18:20:22+00:00,mobile,5.0,2026-02-05,18,home,Nova,34.64,0.5740000000000001,0.15,0.26037037037037036,0.4008438818565402,0.15384615384615385
U0191,I0049,view,,1,10.95,2026-03-31 11:11:22+00:00,mobile,1.0,2026-03-31,11,books,UrbanLeaf,10.95,0.716,0.125,0.04101851851851851,0.60056258790436,0.12332112332112333
U0023,I0074,view,,1,19.52,2026-03-09 09:47:22+00:00,mobile,1.0,2026-03-09,9,electronics,Nova,19.52,0.645,0.212,0.12037037037037036,0.5007032348804501,0.22954822954822957
U0148,I0034,view,,1,32.38,2026-03-29 07:12:22+00:00,web,1.0,2026-03-29,7,fashion,Pulse,32.38,0.362,0.199,0.23944444444444446,0.10267229254571031,0.2136752136752137
U0034,I0102,cart,,1,45.37,2026-02-17 03:55:22+00:00,web,3.0,2026-02-17,3,electronics,UrbanLeaf,45.37,0.5690000000000001,0.498,0.3597222222222222,0.3938115330520394,0.5787545787545788
U0015,I0063,view,,1,17.91,2026-02-27 03:10:22+00:00,mobile,1.0,2026-02-27,3,beauty,Nova,17.91,0.875,0.47300000000000003,0.10546296296296297,0.8241912798874823,0.5482295482295483
U0198,I0021,purchase,,1,19.0,2026-03-23 17:50:22+00:00,mobile,5.0,2026-03-23,17,beauty,UrbanLeaf,19.0,0.844,0.467,0.11555555555555556,0.780590717299578,0.540903540903541
U0039,I0054,view,,1,35.21,2026-04-03 04:10:22+00:00,mobile,1.0,2026-04-03,4,beauty,UrbanLeaf,35.21,0.667,0.323,0.26564814814814813,0.5316455696202532,0.3650793650793651
U0184,I0056,cart,,1,21.96,2026-03-01 19:53:22+00:00,mobile,3.0,2026-03-01,19,books,Nova,21.96,0.606,0.146,0.14296296296296296,0.4458509142053445,0.14896214896214896
U0071,I0060,cart,,1,48.07,2026-04-16 22:09:22+00:00,web,3.0,2026-04-16,22,fashion,ZenCo,48.07,0.742,0.151,0.38472222222222224,0.6371308016877636,0.15506715506715507
U0228,I0065,view,,1,45.15,2026-03-13 22:57:22+00:00,mobile,1.0,2026-03-13,22,fashion,Nova,45.15,0.521,0.28700000000000003,0.35768518518518516,0.3263009845288326,0.3211233211233212
U0184,I0039,view,,1,14.55,2026-02-13 01:07:22+00:00,mobile,1.0,2026-02-13,1,electronics,ZenCo,14.55,0.483,0.47100000000000003,0.07435185185185185,0.2728551336146273,0.5457875457875458
U0183,I0013,cart,,1,28.54,2026-02-11 00:27:22+00:00,mobile,3.0,2026-02-11,0,electronics,ZenCo,28.54,0.846,0.024,0.2038888888888889,0.7834036568213781,0.0
U0188,I0120,purchase,,1,26.42,2026-04-06 17:35:22+00:00,web,5.0,2026-04-06,17,electronics,Nova,26.42,0.501,0.108,0.1842592592592593,0.29817158931082977,0.10256410256410256
U0015,I0088,view,,1,30.05,2026-03-31 00:21:22+00:00,mobile,1.0,2026-03-31,0,beauty,ZenCo,30.05,0.594,0.149,0.21787037037037038,0.4289732770745428,0.15262515262515264
U0213,I0041,view,,1,35.48,2026-02-08 18:06:22+00:00,web,1.0,2026-02-08,18,fashion,UrbanLeaf,35.48,0.656,0.211,0.26814814814814814,0.5161744022503516,0.22832722832722835
U0099,I0051,purchase,,1,24.93,2026-03-02 08:35:22+00:00,web,5.0,2026-03-02,8,fashion,Pulse,24.93,0.607,0.373,0.17046296296296293,0.4472573839662447,0.42612942612942617
U0127,I0079,view,,1,55.92,2026-03-10 17:49:22+00:00,mobile,1.0,2026-03-10,17,home,Aster,55.92,0.534,0.374,0.45740740740740743,0.3445850914205345,0.4273504273504274
U0214,I0066,view,,1,22.7,2026-03-26 20:03:22+00:00,mobile,1.0,2026-03-26,20,sports,UrbanLeaf,22.7,0.8230000000000001,0.216,0.1498148148148148,0.7510548523206751,0.23443223443223443
U0207,I0015,purchase,,1,19.27,2026-04-21 08:53:22+00:00,mobile,5.0,2026-04-21,8,electronics,Orion,19.27,0.914,0.342,0.11805555555555554,0.8790436005625878,0.38827838827838834
U0168,I0051,view,,1,24.93,2026-03-22 06:22:22+00:00,web,1.0,2026-03-22,6,fashion,Pulse,24.93,0.607,0.373,0.17046296296296293,0.4472573839662447,0.42612942612942617
U0118,I0019,view,,1,35.63,2026-04-12 19:08:22+00:00,mobile,1.0,2026-04-12,19,beauty,UrbanLeaf,35.63,0.65,0.368,0.2695370370370371,0.5077355836849508,0.42002442002442003
U0064,I0050,view,,1,15.33,2026-03-06 17:06:22+00:00,mobile,1.0,2026-03-06,17,beauty,UrbanLeaf,15.33,0.7010000000000001,0.115,0.08157407407407406,0.579465541490858,0.11111111111111113
U0065,I0060,view,,1,48.07,2026-03-15 04:50:22+00:00,web,1.0,2026-03-15,4,fashion,ZenCo,48.07,0.742,0.151,0.38472222222222224,0.6371308016877636,0.15506715506715507
U0181,I0027,view,,1,58.32,2026-02-09 14:56:22+00:00,mobile,1.0,2026-02-09,14,sports,Orion,58.32,0.791,0.039,0.4796296296296296,0.7060478199718706,0.018315018315018316
U0179,I0060,view,,1,48.07,2026-04-05 04:39:22+00:00,mobile,1.0,2026-04-05,4,fashion,ZenCo,48.07,0.742,0.151,0.38472222222222224,0.6371308016877636,0.15506715506715507
U0197,I0072,purchase,,1,21.99,2026-03-18 20:21:22+00:00,web,5.0,2026-03-18,20,electronics,Pulse,21.99,1.0,0.748,0.14324074074074072,0.9999999999999999,0.8840048840048841
U0213,I0022,view,,1,23.73,2026-02-12 01:57:22+00:00,web,1.0,2026-02-12,1,fashion,Orion,23.73,0.511,0.524,0.15935185185185186,0.3122362869198312,0.6105006105006106
U0066,I0062,purchase,,1,23.59,2026-04-13 06:42:22+00:00,mobile,5.0,2026-04-13,6,beauty,ZenCo,23.59,0.8150000000000001,0.304,0.15805555555555556,0.739803094233474,0.3418803418803419
U0161,I0079,cart,,1,55.92,2026-04-29 05:04:22+00:00,web,3.0,2026-04-29,5,home,Aster,55.92,0.534,0.374,0.45740740740740743,0.3445850914205345,0.4273504273504274
U0221,I0011,cart,,1,15.55,2026-02-08 15:36:22+00:00,mobile,3.0,2026-02-08,15,sports,UrbanLeaf,15.55,0.673,0.613,0.08361111111111112,0.5400843881856541,0.7191697191697192
U0237,I0105,view,,1,20.28,2026-02-13 15:46:22+00:00,mobile,1.0,2026-02-13,15,books,Aster,20.28,0.837,0.151,0.1274074074074074,0.770745428973277,0.15506715506715507
U0027,I0005,purchase,,1,20.52,2026-03-30 07:28:22+00:00,web,5.0,2026-03-30,7,home,ZenCo,20.52,0.669,0.275,0.1296296296296296,0.5344585091420535,0.3064713064713065
U0146,I0039,view,,1,14.55,2026-03-27 08:10:22+00:00,web,1.0,2026-03-27,8,electronics,ZenCo,14.55,0.483,0.47100000000000003,0.07435185185185185,0.2728551336146273,0.5457875457875458
U0044,I0098,view,,1,35.06,2026-02-17 02:52:22+00:00,web,1.0,2026-02-17,2,books,Pulse,35.06,0.709,0.449,0.2642592592592593,0.590717299578059,0.518925518925519
U0212,I0027,rating,1.0,1,58.32,2026-04-09 13:19:22+00:00,web,1.0,2026-04-09,13,sports,Orion,58.32,0.791,0.039,0.4796296296296296,0.7060478199718706,0.018315018315018316
U0225,I0044,view,,1,16.15,2026-02-21 20:25:22+00:00,web,1.0,2026-02-21,20,home,Aster,16.15,0.797,0.046,0.08916666666666666,0.7144866385372713,0.02686202686202686
U0130,I0112,view,,1,53.68,2026-02-06 20:08:22+00:00,web,1.0,2026-02-06,20,fashion,Pulse,53.68,0.342,0.187,0.43666666666666665,0.07454289732770752,0.19902319902319904
U0235,I0074,cart,,1,19.52,2026-03-11 17:50:22+00:00,web,3.0,2026-03-11,17,electronics,Nova,19.52,0.645,0.212,0.12037037037037036,0.5007032348804501,0.22954822954822957
U0065,I0020,view,,1,27.33,2026-03-14 09:16:22+00:00,web,1.0,2026-03-14,9,beauty,Pulse,27.33,0.731,0.223,0.19268518518518518,0.6216596343178621,0.242979242979243
U0105,I0056,view,,1,21.96,2026-02-27 02:49:22+00:00,web,1.0,2026-02-27,2,books,Nova,21.96,0.606,0.146,0.14296296296296296,0.4458509142053445,0.14896214896214896
U0042,I0058,view,,1,18.03,2026-04-03 06:32:22+00:00,mobile,1.0,2026-04-03,6,home,UrbanLeaf,18.03,0.771,0.47300000000000003,0.10657407407407408,0.6779184247538678,0.5482295482295483
U0026,I0081,purchase,,1,60.65,2026-02-08 00:09:22+00:00,mobile,5.0,2026-02-08,0,home,Orion,60.65,0.7010000000000001,0.10300000000000001,0.5012037037037036,0.579465541490858,0.09645909645909648
U0058,I0110,purchase,,1,26.64,2026-02-23 08:14:22+00:00,web,5.0,2026-02-23,8,sports,Aster,26.64,0.805,0.6900000000000001,0.1862962962962963,0.7257383966244725,0.8131868131868133
U0072,I0105,cart,,1,20.28,2026-03-18 09:07:22+00:00,web,3.0,2026-03-18,9,books,Aster,20.28,0.837,0.151,0.1274074074074074,0.770745428973277,0.15506715506715507
U0011,I0011,view,,1,15.55,2026-02-18 23:21:22+00:00,mobile,1.0,2026-02-18,23,sports,UrbanLeaf,15.55,0.673,0.613,0.08361111111111112,0.5400843881856541,0.7191697191697192
U0194,I0119,purchase,,1,34.0,2026-03-19 20:51:22+00:00,mobile,5.0,2026-03-19,20,beauty,Pulse,34.0,0.9460000000000001,0.10400000000000001,0.2544444444444444,0.9240506329113923,0.0976800976800977
U0007,I0011,purchase,,1,15.55,2026-04-05 06:11:22+00:00,mobile,5.0,2026-04-05,6,sports,UrbanLeaf,15.55,0.673,0.613,0.08361111111111112,0.5400843881856541,0.7191697191697192
U0066,I0041,rating,3.0,1,35.48,2026-04-17 09:16:22+00:00,web,3.0,2026-04-17,9,fashion,UrbanLeaf,35.48,0.656,0.211,0.26814814814814814,0.5161744022503516,0.22832722832722835
U0090,I0082,view,,1,27.22,2026-02-18 22:26:22+00:00,mobile,1.0,2026-02-18,22,home,Nova,27.22,0.41300000000000003,0.363,0.19166666666666665,0.1744022503516175,0.41391941391941395
U0049,I0043,view,,1,34.18,2026-02-08 23:43:22+00:00,mobile,1.0,2026-02-08,23,electronics,Aster,34.18,0.937,0.405,0.2561111111111111,0.9113924050632912,0.46520146520146527
U0108,I0007,view,,1,50.51,2026-03-21 09:39:22+00:00,web,1.0,2026-03-21,9,books,UrbanLeaf,50.51,0.41300000000000003,0.309,0.4073148148148148,0.1744022503516175,0.347985347985348
U0049,I0101,view,,1,48.0,2026-04-06 10:47:22+00:00,mobile,1.0,2026-04-06,10,electronics,UrbanLeaf,48.0,0.773,0.338,0.38407407407407407,0.6807313642756679,0.3833943833943835
U0103,I0002,view,,1,22.56,2026-03-22 01:00:22+00:00,mobile,1.0,2026-03-22,1,beauty,ZenCo,22.56,0.848,0.169,0.1485185185185185,0.7862165963431785,0.17704517704517708
U0149,I0070,view,,1,26.73,2026-04-09 19:59:22+00:00,web,1.0,2026-04-09,19,home,Nova,26.73,0.365,0.634,0.18712962962962965,0.10689170182841068,0.7448107448107448
U0111,I0082,rating,5.0,1,27.22,2026-02-27 04:52:22+00:00,mobile,5.0,2026-02-27,4,home,Nova,27.22,0.41300000000000003,0.363,0.19166666666666665,0.1744022503516175,0.41391941391941395
U0030,I0068,view,,1,16.18,2026-04-11 08:07:22+00:00,mobile,1.0,2026-04-11,8,electronics,ZenCo,16.18,0.66,0.20500000000000002,0.08944444444444445,0.5218002812939522,0.22100122100122105
U0064,I0016,view,,1,41.84,2026-04-15 03:19:22+00:00,mobile,1.0,2026-04-15,3,home,Aster,41.84,0.916,0.26,0.32703703703703707,0.8818565400843882,0.2881562881562882
U0014,I0034,view,,1,32.38,2026-02-21 05:53:22+00:00,web,1.0,2026-02-21,5,fashion,Pulse,32.38,0.362,0.199,0.23944444444444446,0.10267229254571031,0.2136752136752137
U0206,I0025,view,,1,15.52,2026-03-31 17:55:22+00:00,mobile,1.0,2026-03-31,17,beauty,Nova,15.52,0.76,0.761,0.08333333333333333,0.6624472573839663,0.8998778998779
U0026,I0038,cart,,1,23.01,2026-02-15 04:59:22+00:00,mobile,3.0,2026-02-15,4,home,Nova,23.01,0.809,0.228,0.1526851851851852,0.731364275668073,0.2490842490842491
U0120,I0031,purchase,,1,6.52,2026-04-10 15:47:22+00:00,mobile,5.0,2026-04-10,15,books,UrbanLeaf,6.52,0.8240000000000001,0.45,0.0,0.7524613220815753,0.5201465201465202
U0185,I0019,cart,,1,35.63,2026-04-15 08:09:22+00:00,web,3.0,2026-04-15,8,beauty,UrbanLeaf,35.63,0.65,0.368,0.2695370370370371,0.5077355836849508,0.42002442002442003
U0092,I0006,view,,1,21.38,2026-02-06 12:44:22+00:00,mobile,1.0,2026-02-06,12,electronics,UrbanLeaf,21.38,0.626,0.395,0.1375925925925926,0.47398030942334735,0.45299145299145305
U0131,I0005,view,,1,20.52,2026-02-25 15:38:22+00:00,mobile,1.0,2026-02-25,15,home,ZenCo,20.52,0.669,0.275,0.1296296296296296,0.5344585091420535,0.3064713064713065
U0154,I0002,purchase,,1,22.56,2026-02-21 04:13:22+00:00,mobile,5.0,2026-02-21,4,beauty,ZenCo,22.56,0.848,0.169,0.1485185185185185,0.7862165963431785,0.17704517704517708
U0233,I0069,view,,1,41.22,2026-04-13 04:59:22+00:00,web,1.0,2026-04-13,4,books,UrbanLeaf,41.22,0.896,0.375,0.3212962962962963,0.8537271448663853,0.4285714285714286
U0085,I0057,rating,5.0,1,46.42,2026-03-23 18:10:22+00:00,mobile,5.0,2026-03-23,18,beauty,Orion,46.42,0.791,0.304,0.36944444444444446,0.7060478199718706,0.3418803418803419
U0149,I0096,purchase,,1,36.87,2026-04-30 08:38:22+00:00,mobile,5.0,2026-04-30,8,home,UrbanLeaf,36.87,0.675,0.17,0.2810185185185185,0.5428973277074544,0.1782661782661783
U0232,I0002,rating,4.0,1,22.56,2026-03-28 02:40:22+00:00,web,4.0,2026-03-28,2,beauty,ZenCo,22.56,0.848,0.169,0.1485185185185185,0.7862165963431785,0.17704517704517708
U0162,I0082,view,,1,27.22,2026-03-14 07:31:22+00:00,web,1.0,2026-03-14,7,home,Nova,27.22,0.41300000000000003,0.363,0.19166666666666665,0.1744022503516175,0.41391941391941395
U0210,I0049,purchase,,2,10.95,2026-03-12 21:46:22+00:00,web,5.0,2026-03-12,21,books,UrbanLeaf,10.95,0.716,0.125,0.04101851851851851,0.60056258790436,0.12332112332112333
U0068,I0036,cart,,1,74.72,2026-03-06 10:49:22+00:00,mobile,3.0,2026-03-06,10,fashion,Orion,74.72,0.598,0.393,0.6314814814814814,0.43459915611814337,0.4505494505494506
U0023,I0032,view,,1,68.88,2026-03-18 13:07:22+00:00,web,1.0,2026-03-18,13,electronics,ZenCo,68.88,0.794,0.11,0.5774074074074073,0.710267229254571,0.10500610500610502
U0228,I0053,purchase,,2,18.65,2026-02-05 06:25:22+00:00,web,5.0,2026-02-05,6,books,Pulse,18.65,0.745,0.249,0.1123148148148148,0.6413502109704642,0.27472527472527475
U0043,I0004,purchase,,1,24.4,2026-03-06 13:14:22+00:00,mobile,5.0,2026-03-06,13,beauty,Orion,24.4,0.794,0.045,0.1655555555555555,0.710267229254571,0.025641025641025644
U0153,I0029,rating,4.0,1,83.41,2026-03-10 23:33:22+00:00,web,4.0,2026-03-10,23,home,Orion,83.41,1.0,0.71,0.7119444444444444,0.9999999999999999,0.8376068376068376
U0167,I0014,view,,1,30.5,2026-03-20 22:21:22+00:00,mobile,1.0,2026-03-20,22,electronics,ZenCo,30.5,0.544,0.221,0.22203703703703703,0.3586497890295359,0.24053724053724057
U0230,I0028,rating,3.0,1,23.83,2026-04-29 16:08:22+00:00,web,3.0,2026-04-29,16,sports,Nova,23.83,0.467,0.08700000000000001,0.16027777777777774,0.25035161744022505,0.07692307692307694
U0155,I0063,view,,1,17.91,2026-04-30 04:54:22+00:00,mobile,1.0,2026-04-30,4,beauty,Nova,17.91,0.875,0.47300000000000003,0.10546296296296297,0.8241912798874823,0.5482295482295483
U0146,I0107,purchase,,2,14.01,2026-04-23 22:35:22+00:00,mobile,5.0,2026-04-23,22,electronics,Orion,14.01,0.914,0.24,0.06935185185185185,0.8790436005625878,0.26373626373626374
U0226,I0118,view,,1,24.81,2026-02-11 06:14:22+00:00,web,1.0,2026-02-11,6,books,Nova,24.81,1.0,0.20500000000000002,0.1693518518518518,0.9999999999999999,0.22100122100122105
U0137,I0016,view,,1,41.84,2026-02-07 02:30:22+00:00,mobile,1.0,2026-02-07,2,home,Aster,41.84,0.916,0.26,0.32703703703703707,0.8818565400843882,0.2881562881562882
U0167,I0013,view,,1,28.54,2026-02-19 22:20:22+00:00,mobile,1.0,2026-02-19,22,electronics,ZenCo,28.54,0.846,0.024,0.2038888888888889,0.7834036568213781,0.0
U0161,I0107,view,,1,14.01,2026-03-25 15:59:22+00:00,mobile,1.0,2026-03-25,15,electronics,Orion,14.01,0.914,0.24,0.06935185185185185,0.8790436005625878,0.26373626373626374
U0175,I0057,view,,1,46.42,2026-03-24 10:08:22+00:00,mobile,1.0,2026-03-24,10,beauty,Orion,46.42,0.791,0.304,0.36944444444444446,0.7060478199718706,0.3418803418803419
U0090,I0090,view,,1,12.85,2026-04-29 11:13:22+00:00,web,1.0,2026-04-29,11,home,Orion,12.85,0.41200000000000003,0.123,0.0586111111111111,0.1729957805907174,0.1208791208791209
U0147,I0007,purchase,,1,50.51,2026-02-28 19:23:22+00:00,web,5.0,2026-02-28,19,books,UrbanLeaf,50.51,0.41300000000000003,0.309,0.4073148148148148,0.1744022503516175,0.347985347985348
U0107,I0045,rating,4.0,1,27.1,2026-02-26 17:11:22+00:00,mobile,4.0,2026-02-26,17,beauty,ZenCo,27.1,0.927,0.165,0.1905555555555556,0.8973277074542897,0.1721611721611722
U0042,I0022,view,,1,23.73,2026-02-09 10:26:22+00:00,web,1.0,2026-02-09,10,fashion,Orion,23.73,0.511,0.524,0.15935185185185186,0.3122362869198312,0.6105006105006106
U0219,I0011,cart,,1,15.55,2026-02-23 00:53:22+00:00,web,3.0,2026-02-23,0,sports,UrbanLeaf,15.55,0.673,0.613,0.08361111111111112,0.5400843881856541,0.7191697191697192
U0059,I0068,view,,1,16.18,2026-04-01 01:42:22+00:00,web,1.0,2026-04-01,1,electronics,ZenCo,16.18,0.66,0.20500000000000002,0.08944444444444445,0.5218002812939522,0.22100122100122105
U0151,I0066,view,,1,22.7,2026-04-19 16:22:22+00:00,mobile,1.0,2026-04-19,16,sports,UrbanLeaf,22.7,0.8230000000000001,0.216,0.1498148148148148,0.7510548523206751,0.23443223443223443
U0055,I0091,view,,1,42.99,2026-03-24 14:46:22+00:00,web,1.0,2026-03-24,14,beauty,ZenCo,42.99,0.592,0.222,0.3376851851851852,0.4261603375527425,0.2417582417582418
U0167,I0015,cart,,1,19.27,2026-03-05 12:41:22+00:00,mobile,3.0,2026-03-05,12,electronics,Orion,19.27,0.914,0.342,0.11805555555555554,0.8790436005625878,0.38827838827838834
U0156,I0048,cart,,1,22.53,2026-02-02 02:16:22+00:00,mobile,3.0,2026-02-02,2,books,Nova,22.53,0.897,0.2,0.14824074074074073,0.8551336146272855,0.2148962148962149
U0196,I0112,purchase,,1,53.68,2026-04-11 08:25:22+00:00,web,5.0,2026-04-11,8,fashion,Pulse,53.68,0.342,0.187,0.43666666666666665,0.07454289732770752,0.19902319902319904
U0030,I0117,cart,,1,42.8,2026-04-20 20:05:22+00:00,web,3.0,2026-04-20,20,electronics,Pulse,42.8,0.8160000000000001,0.231,0.3359259259259259,0.7412095639943742,0.2527472527472528
U0146,I0101,purchase,,1,48.0,2026-02-03 11:34:22+00:00,web,5.0,2026-02-03,11,electronics,UrbanLeaf,48.0,0.773,0.338,0.38407407407407407,0.6807313642756679,0.3833943833943835
U0146,I0015,purchase,,2,19.27,2026-02-14 12:13:22+00:00,mobile,5.0,2026-02-14,12,electronics,Orion,19.27,0.914,0.342,0.11805555555555554,0.8790436005625878,0.38827838827838834
U0113,I0001,view,,1,31.44,2026-02-11 11:56:22+00:00,web,1.0,2026-02-11,11,home,Aster,31.44,0.778,0.255,0.23074074074074075,0.6877637130801687,0.28205128205128205
U0149,I0118,view,,1,24.81,2026-04-19 00:36:22+00:00,web,1.0,2026-04-19,0,books,Nova,24.81,1.0,0.20500000000000002,0.1693518518518518,0.9999999999999999,0.22100122100122105
U0110,I0037,view,,1,17.51,2026-04-05 07:00:22+00:00,web,1.0,2026-04-05,7,sports,ZenCo,17.51,0.519,0.554,0.10175925925925926,0.3234880450070323,0.6471306471306473
U0174,I0092,cart,,1,16.23,2026-03-27 04:15:22+00:00,mobile,3.0,2026-03-27,4,beauty,ZenCo,16.23,0.8140000000000001,0.035,0.0899074074074074,0.7383966244725738,0.013431013431013435
U0168,I0058,rating,4.0,1,18.03,2026-02-14 21:42:22+00:00,web,4.0,2026-02-14,21,home,UrbanLeaf,18.03,0.771,0.47300000000000003,0.10657407407407408,0.6779184247538678,0.5482295482295483
U0137,I0070,rating,4.0,1,26.73,2026-02-08 18:55:22+00:00,mobile,4.0,2026-02-08,18,home,Nova,26.73,0.365,0.634,0.18712962962962965,0.10689170182841068,0.7448107448107448
U0142,I0018,view,,1,34.0,2026-02-23 05:54:22+00:00,mobile,1.0,2026-02-23,5,books,Nova,34.0,0.517,0.384,0.2544444444444444,0.32067510548523204,0.4395604395604396
U0046,I0095,purchase,,1,11.84,2026-03-11 10:20:22+00:00,web,5.0,2026-03-11,10,sports,UrbanLeaf,11.84,0.886,0.197,0.04925925925925925,0.8396624472573838,0.21123321123321126
U0172,I0073,view,,1,25.28,2026-03-10 09:05:22+00:00,web,1.0,2026-03-10,9,electronics,Pulse,25.28,0.545,0.116,0.1737037037037037,0.360056258790436,0.11233211233211235
U0037,I0110,view,,1,26.64,2026-02-16 21:36:22+00:00,mobile,1.0,2026-02-16,21,sports,Aster,26.64,0.805,0.6900000000000001,0.1862962962962963,0.7257383966244725,0.8131868131868133
U0239,I0021,cart,,1,19.0,2026-04-30 01:54:22+00:00,web,3.0,2026-04-30,1,beauty,UrbanLeaf,19.0,0.844,0.467,0.11555555555555556,0.780590717299578,0.540903540903541
U0186,I0028,view,,1,23.83,2026-02-19 15:31:22+00:00,mobile,1.0,2026-02-19,15,sports,Nova,23.83,0.467,0.08700000000000001,0.16027777777777774,0.25035161744022505,0.07692307692307694
U0030,I0010,view,,1,50.12,2026-04-07 15:49:22+00:00,web,1.0,2026-04-07,15,electronics,Pulse,50.12,0.591,0.252,0.4037037037037037,0.42475386779184243,0.2783882783882784
U0234,I0001,rating,4.0,1,31.44,2026-03-22 03:27:22+00:00,web,4.0,2026-03-22,3,home,Aster,31.44,0.778,0.255,0.23074074074074075,0.6877637130801687,0.28205128205128205
U0125,I0054,purchase,,2,35.21,2026-04-18 00:42:22+00:00,web,5.0,2026-04-18,0,beauty,UrbanLeaf,35.21,0.667,0.323,0.26564814814814813,0.5316455696202532,0.3650793650793651
U0063,I0042,view,,1,34.64,2026-04-11 01:28:22+00:00,mobile,1.0,2026-04-11,1,home,Nova,34.64,0.5740000000000001,0.15,0.26037037037037036,0.4008438818565402,0.15384615384615385
U0052,I0009,rating,5.0,1,26.36,2026-03-23 10:24:22+00:00,mobile,5.0,2026-03-23,10,home,Orion,26.36,0.492,0.5650000000000001,0.1837037037037037,0.28551336146272854,0.6605616605616607
U0078,I0038,cart,,1,23.01,2026-02-12 12:49:22+00:00,web,3.0,2026-02-12,12,home,Nova,23.01,0.809,0.228,0.1526851851851852,0.731364275668073,0.2490842490842491
U0007,I0086,view,,1,33.96,2026-03-15 17:17:22+00:00,mobile,1.0,2026-03-15,17,books,Aster,33.96,0.299,0.062,0.25407407407407406,0.01406469760900142,0.0463980463980464
U0210,I0069,purchase,,1,41.22,2026-04-15 09:22:22+00:00,mobile,5.0,2026-04-15,9,books,UrbanLeaf,41.22,0.896,0.375,0.3212962962962963,0.8537271448663853,0.4285714285714286
U0128,I0105,rating,5.0,1,20.28,2026-02-04 12:01:22+00:00,web,5.0,2026-02-04,12,books,Aster,20.28,0.837,0.151,0.1274074074074074,0.770745428973277,0.15506715506715507
U0043,I0001,view,,1,31.44,2026-03-29 15:25:22+00:00,mobile,1.0,2026-03-29,15,home,Aster,31.44,0.778,0.255,0.23074074074074075,0.6877637130801687,0.28205128205128205
U0028,I0041,rating,5.0,1,35.48,2026-02-18 21:51:22+00:00,web,5.0,2026-02-18,21,fashion,UrbanLeaf,35.48,0.656,0.211,0.26814814814814814,0.5161744022503516,0.22832722832722835
U0069,I0051,purchase,,2,24.93,2026-03-31 12:04:22+00:00,mobile,5.0,2026-03-31,12,fashion,Pulse,24.93,0.607,0.373,0.17046296296296293,0.4472573839662447,0.42612942612942617
U0101,I0108,view,,1,101.53,2026-04-04 05:57:22+00:00,mobile,1.0,2026-04-04,5,beauty,UrbanLeaf,101.53,0.485,0.212,0.8797222222222222,0.2756680731364276,0.22954822954822957
U0125,I0071,purchase,,1,31.77,2026-04-05 09:01:22+00:00,web,5.0,2026-04-05,9,electronics,ZenCo,31.77,0.595,0.32,0.23379629629629628,0.430379746835443,0.36141636141636146
U0027,I0080,view,,1,16.0,2026-04-15 16:35:22+00:00,web,1.0,2026-04-15,16,home,Nova,16.0,0.681,0.432,0.08777777777777777,0.5513361462728552,0.4981684981684982
U0086,I0080,view,,1,16.0,2026-03-27 09:09:22+00:00,web,1.0,2026-03-27,9,home,Nova,16.0,0.681,0.432,0.08777777777777777,0.5513361462728552,0.4981684981684982
U0081,I0072,purchase,,1,21.99,2026-04-09 21:00:22+00:00,mobile,5.0,2026-04-09,21,electronics,Pulse,21.99,1.0,0.748,0.14324074074074072,0.9999999999999999,0.8840048840048841
U0044,I0046,cart,,1,32.06,2026-02-22 16:22:22+00:00,web,3.0,2026-02-22,16,books,Pulse,32.06,0.972,0.131,0.23648148148148151,0.9606188466947959,0.13064713064713065
U0141,I0110,view,,1,26.64,2026-04-21 12:51:22+00:00,mobile,1.0,2026-04-21,12,sports,Aster,26.64,0.805,0.6900000000000001,0.1862962962962963,0.7257383966244725,0.8131868131868133
U0062,I0074,purchase,,1,19.52,2026-03-01 19:15:22+00:00,mobile,5.0,2026-03-01,19,electronics,Nova,19.52,0.645,0.212,0.12037037037037036,0.5007032348804501,0.22954822954822957
U0106,I0085,purchase,,2,64.61,2026-03-03 02:13:22+00:00,mobile,5.0,2026-03-03,2,electronics,UrbanLeaf,64.61,1.0,0.157,0.5378703703703703,0.9999999999999999,0.1623931623931624
U0224,I0077,view,,1,43.74,2026-03-08 12:55:22+00:00,mobile,1.0,2026-03-08,12,home,Orion,43.74,0.756,0.41600000000000004,0.3446296296296296,0.6568213783403657,0.4786324786324787
U0178,I0110,rating,2.0,1,26.64,2026-02-28 10:26:22+00:00,web,2.0,2026-02-28,10,sports,Aster,26.64,0.805,0.6900000000000001,0.1862962962962963,0.7257383966244725,0.8131868131868133
U0103,I0017,cart,,1,25.29,2026-02-03 03:01:22+00:00,mobile,3.0,2026-02-03,3,beauty,UrbanLeaf,25.29,0.804,0.343,0.17379629629629628,0.7243319268635725,0.38949938949938956
U0175,I0065,rating,5.0,1,45.15,2026-03-06 08:39:22+00:00,mobile,5.0,2026-03-06,8,fashion,Nova,45.15,0.521,0.28700000000000003,0.35768518518518516,0.3263009845288326,0.3211233211233212
U0078,I0009,cart,,1,26.36,2026-03-28 19:08:22+00:00,mobile,3.0,2026-03-28,19,home,Orion,26.36,0.492,0.5650000000000001,0.1837037037037037,0.28551336146272854,0.6605616605616607
U0082,I0065,view,,1,45.15,2026-04-10 19:45:22+00:00,mobile,1.0,2026-04-10,19,fashion,Nova,45.15,0.521,0.28700000000000003,0.35768518518518516,0.3263009845288326,0.3211233211233212
U0010,I0034,view,,1,32.38,2026-02-02 17:12:22+00:00,mobile,1.0,2026-02-02,17,fashion,Pulse,32.38,0.362,0.199,0.23944444444444446,0.10267229254571031,0.2136752136752137
U0193,I0024,cart,,1,24.65,2026-04-06 11:09:22+00:00,web,3.0,2026-04-06,11,sports,ZenCo,24.65,0.79,0.5750000000000001,0.16787037037037034,0.7046413502109704,0.6727716727716729
U0098,I0043,purchase,,2,34.18,2026-02-23 22:50:22+00:00,mobile,5.0,2026-02-23,22,electronics,Aster,34.18,0.937,0.405,0.2561111111111111,0.9113924050632912,0.46520146520146527
U0152,I0098,view,,1,35.06,2026-04-12 18:34:22+00:00,mobile,1.0,2026-04-12,18,books,Pulse,35.06,0.709,0.449,0.2642592592592593,0.590717299578059,0.518925518925519
U0219,I0106,purchase,,1,26.93,2026-02-25 14:45:22+00:00,web,5.0,2026-02-25,14,sports,Nova,26.93,0.41400000000000003,0.40700000000000003,0.18898148148148147,0.1758087201125177,0.4676434676434677
U0198,I0103,view,,1,51.23,2026-04-17 20:18:22+00:00,web,1.0,2026-04-17,20,beauty,ZenCo,51.23,0.537,0.259,0.41398148148148145,0.3488045007032349,0.28693528693528697
U0214,I0074,cart,,1,19.52,2026-05-02 10:18:22+00:00,mobile,3.0,2026-05-02,10,electronics,Nova,19.52,0.645,0.212,0.12037037037037036,0.5007032348804501,0.22954822954822957
U0193,I0026,view,,1,13.5,2026-02-17 12:43:22+00:00,web,1.0,2026-02-17,12,home,ZenCo,13.5,0.481,0.19,0.06462962962962963,0.27004219409282704,0.2026862026862027
U0053,I0085,view,,1,64.61,2026-04-12 00:02:22+00:00,web,1.0,2026-04-12,0,electronics,UrbanLeaf,64.61,1.0,0.157,0.5378703703703703,0.9999999999999999,0.1623931623931624
U0104,I0049,purchase,,1,10.95,2026-02-22 11:26:22+00:00,web,5.0,2026-02-22,11,books,UrbanLeaf,10.95,0.716,0.125,0.04101851851851851,0.60056258790436,0.12332112332112333
U0121,I0002,cart,,1,22.56,2026-04-01 04:54:22+00:00,mobile,3.0,2026-04-01,4,beauty,ZenCo,22.56,0.848,0.169,0.1485185185185185,0.7862165963431785,0.17704517704517708
U0118,I0031,view,,1,6.52,2026-02-18 16:11:22+00:00,mobile,1.0,2026-02-18,16,books,UrbanLeaf,6.52,0.8240000000000001,0.45,0.0,0.7524613220815753,0.5201465201465202
U0006,I0061,purchase,,2,17.75,2026-03-15 14:47:22+00:00,mobile,5.0,2026-03-15,14,books,ZenCo,17.75,0.625,0.234,0.10398148148148147,0.47257383966244726,0.25641025641025644
U0095,I0013,view,,1,28.54,2026-05-02 11:04:22+00:00,web,1.0,2026-05-02,11,electronics,ZenCo,28.54,0.846,0.024,0.2038888888888889,0.7834036568213781,0.0
U0214,I0095,view,,1,11.84,2026-04-08 12:56:22+00:00,web,1.0,2026-04-08,12,sports,UrbanLeaf,11.84,0.886,0.197,0.04925925925925925,0.8396624472573838,0.21123321123321126
U0202,I0068,view,,1,16.18,2026-04-27 13:38:22+00:00,mobile,1.0,2026-04-27,13,electronics,ZenCo,16.18,0.66,0.20500000000000002,0.08944444444444445,0.5218002812939522,0.22100122100122105
U0203,I0106,view,,1,26.93,2026-03-02 17:47:22+00:00,mobile,1.0,2026-03-02,17,sports,Nova,26.93,0.41400000000000003,0.40700000000000003,0.18898148148148147,0.1758087201125177,0.4676434676434677
U0103,I0020,view,,1,27.33,2026-04-04 21:59:22+00:00,web,1.0,2026-04-04,21,beauty,Pulse,27.33,0.731,0.223,0.19268518518518518,0.6216596343178621,0.242979242979243
U0070,I0054,rating,5.0,1,35.21,2026-02-20 10:55:22+00:00,web,5.0,2026-02-20,10,beauty,UrbanLeaf,35.21,0.667,0.323,0.26564814814814813,0.5316455696202532,0.3650793650793651
U0012,I0080,purchase,,1,16.0,2026-03-26 10:26:22+00:00,web,5.0,2026-03-26,10,home,Nova,16.0,0.681,0.432,0.08777777777777777,0.5513361462728552,0.4981684981684982
U0025,I0041,view,,1,35.48,2026-03-07 19:16:22+00:00,web,1.0,2026-03-07,19,fashion,UrbanLeaf,35.48,0.656,0.211,0.26814814814814814,0.5161744022503516,0.22832722832722835
U0096,I0109,cart,,1,70.56,2026-02-19 06:37:22+00:00,mobile,3.0,2026-02-19,6,home,Aster,70.56,0.78,0.5680000000000001,0.5929629629629629,0.6905766526019691,0.6642246642246643
U0106,I0104,view,,1,41.88,2026-02-19 12:17:22+00:00,mobile,1.0,2026-02-19,12,electronics,Aster,41.88,0.799,0.487,0.3274074074074074,0.7172995780590717,0.5653235653235653
U0137,I0102,view,,1,45.37,2026-04-27 19:34:22+00:00,web,1.0,2026-04-27,19,electronics,UrbanLeaf,45.37,0.5690000000000001,0.498,0.3597222222222222,0.3938115330520394,0.5787545787545788
U0045,I0117,rating,3.0,1,42.8,2026-05-01 12:44:22+00:00,web,3.0,2026-05-01,12,electronics,Pulse,42.8,0.8160000000000001,0.231,0.3359259259259259,0.7412095639943742,0.2527472527472528
U0037,I0095,purchase,,1,11.84,2026-04-05 03:00:22+00:00,mobile,5.0,2026-04-05,3,sports,UrbanLeaf,11.84,0.886,0.197,0.04925925925925925,0.8396624472573838,0.21123321123321126
U0134,I0052,view,,1,30.37,2026-03-28 08:53:22+00:00,web,1.0,2026-03-28,8,beauty,Nova,30.37,0.934,0.362,0.22083333333333333,0.9071729957805906,0.41269841269841273
U0096,I0115,cart,,1,29.97,2026-04-24 06:59:22+00:00,mobile,3.0,2026-04-24,6,beauty,Nova,29.97,0.788,0.161,0.21712962962962962,0.7018284106891702,0.1672771672771673
U0080,I0023,cart,,1,51.99,2026-02-25 18:04:22+00:00,mobile,3.0,2026-02-25,18,fashion,Pulse,51.99,0.717,0.455,0.4210185185185185,0.6019690576652602,0.5262515262515263
U0031,I0042,purchase,,1,34.64,2026-03-21 21:38:22+00:00,mobile,5.0,2026-03-21,21,home,Nova,34.64,0.5740000000000001,0.15,0.26037037037037036,0.4008438818565402,0.15384615384615385
U0157,I0084,purchase,,1,27.83,2026-02-20 01:04:22+00:00,mobile,5.0,2026-02-20,1,books,ZenCo,27.83,0.8260000000000001,0.037,0.19731481481481478,0.7552742616033755,0.01587301587301587
U0022,I0017,view,,1,25.29,2026-02-17 16:05:22+00:00,web,1.0,2026-02-17,16,beauty,UrbanLeaf,25.29,0.804,0.343,0.17379629629629628,0.7243319268635725,0.38949938949938956
U0202,I0104,view,,1,41.88,2026-04-17 07:54:22+00:00,mobile,1.0,2026-04-17,7,electronics,Aster,41.88,0.799,0.487,0.3274074074074074,0.7172995780590717,0.5653235653235653
U0078,I0050,view,,1,15.33,2026-02-17 03:41:22+00:00,web,1.0,2026-02-17,3,beauty,UrbanLeaf,15.33,0.7010000000000001,0.115,0.08157407407407406,0.579465541490858,0.11111111111111113
U0209,I0098,rating,4.0,1,35.06,2026-03-28 21:20:22+00:00,web,4.0,2026-03-28,21,books,Pulse,35.06,0.709,0.449,0.2642592592592593,0.590717299578059,0.518925518925519
U0044,I0061,rating,4.0,1,17.75,2026-05-01 16:10:22+00:00,web,4.0,2026-05-01,16,books,ZenCo,17.75,0.625,0.234,0.10398148148148147,0.47257383966244726,0.25641025641025644
U0180,I0034,view,,1,32.38,2026-04-11 11:05:22+00:00,web,1.0,2026-04-11,11,fashion,Pulse,32.38,0.362,0.199,0.23944444444444446,0.10267229254571031,0.2136752136752137
U0019,I0006,purchase,,1,21.38,2026-03-25 09:46:22+00:00,web,5.0,2026-03-25,9,electronics,UrbanLeaf,21.38,0.626,0.395,0.1375925925925926,0.47398030942334735,0.45299145299145305
U0158,I0051,view,,1,24.93,2026-04-21 22:53:22+00:00,mobile,1.0,2026-04-21,22,fashion,Pulse,24.93,0.607,0.373,0.17046296296296293,0.4472573839662447,0.42612942612942617
U0033,I0075,view,,1,25.5,2026-03-20 20:16:22+00:00,web,1.0,2026-03-20,20,sports,ZenCo,25.5,0.7000000000000001,0.32,0.17574074074074075,0.5780590717299579,0.36141636141636146
U0057,I0079,cart,,1,55.92,2026-03-10 07:32:22+00:00,mobile,3.0,2026-03-10,7,home,Aster,55.92,0.534,0.374,0.45740740740740743,0.3445850914205345,0.4273504273504274
U0116,I0019,view,,1,35.63,2026-04-11 18:33:22+00:00,web,1.0,2026-04-11,18,beauty,UrbanLeaf,35.63,0.65,0.368,0.2695370370370371,0.5077355836849508,0.42002442002442003
U0104,I0061,view,,1,17.75,2026-03-16 06:16:22+00:00,web,1.0,2026-03-16,6,books,ZenCo,17.75,0.625,0.234,0.10398148148148147,0.47257383966244726,0.25641025641025644
U0142,I0025,rating,5.0,1,15.52,2026-02-20 12:09:22+00:00,mobile,5.0,2026-02-20,12,beauty,Nova,15.52,0.76,0.761,0.08333333333333333,0.6624472573839663,0.8998778998779
U0082,I0086,cart,,1,33.96,2026-02-17 13:16:22+00:00,mobile,3.0,2026-02-17,13,books,Aster,33.96,0.299,0.062,0.25407407407407406,0.01406469760900142,0.0463980463980464
U0002,I0082,view,,1,27.22,2026-02-04 04:45:22+00:00,web,1.0,2026-02-04,4,home,Nova,27.22,0.41300000000000003,0.363,0.19166666666666665,0.1744022503516175,0.41391941391941395
U0148,I0030,rating,5.0,1,19.11,2026-03-15 11:28:22+00:00,web,5.0,2026-03-15,11,fashion,Orion,19.11,0.679,0.384,0.11657407407407407,0.5485232067510549,0.4395604395604396
U0100,I0055,view,,1,14.43,2026-04-24 10:29:22+00:00,web,1.0,2026-04-24,10,books,Aster,14.43,0.875,0.322,0.07324074074074073,0.8241912798874823,0.3638583638583639
U0128,I0029,view,,1,83.41,2026-05-02 14:11:22+00:00,mobile,1.0,2026-05-02,14,home,Orion,83.41,1.0,0.71,0.7119444444444444,0.9999999999999999,0.8376068376068376
U0240,I0070,cart,,1,26.73,2026-04-13 00:27:22+00:00,web,3.0,2026-04-13,0,home,Nova,26.73,0.365,0.634,0.18712962962962965,0.10689170182841068,0.7448107448107448
U0203,I0075,view,,1,25.5,2026-03-13 16:16:22+00:00,web,1.0,2026-03-13,16,sports,ZenCo,25.5,0.7000000000000001,0.32,0.17574074074074075,0.5780590717299579,0.36141636141636146
U0050,I0069,rating,4.0,1,41.22,2026-04-24 19:23:22+00:00,mobile,4.0,2026-04-24,19,books,UrbanLeaf,41.22,0.896,0.375,0.3212962962962963,0.8537271448663853,0.4285714285714286
U0224,I0047,rating,5.0,1,36.67,2026-04-19 15:46:22+00:00,mobile,5.0,2026-04-19,15,home,Aster,36.67,0.966,0.395,0.2791666666666667,0.9521800281293952,0.45299145299145305
U0042,I0034,cart,,1,32.38,2026-03-10 05:14:22+00:00,web,3.0,2026-03-10,5,fashion,Pulse,32.38,0.362,0.199,0.23944444444444446,0.10267229254571031,0.2136752136752137
U0133,I0072,rating,3.0,1,21.99,2026-02-11 02:15:22+00:00,mobile,3.0,2026-02-11,2,electronics,Pulse,21.99,1.0,0.748,0.14324074074074072,0.9999999999999999,0.8840048840048841
U0166,I0074,view,,1,19.52,2026-03-13 01:34:22+00:00,mobile,1.0,2026-03-13,1,electronics,Nova,19.52,0.645,0.212,0.12037037037037036,0.5007032348804501,0.22954822954822957
U0171,I0019,purchase,,1,35.63,2026-04-20 13:47:22+00:00,web,5.0,2026-04-20,13,beauty,UrbanLeaf,35.63,0.65,0.368,0.2695370370370371,0.5077355836849508,0.42002442002442003
U0052,I0077,cart,,1,43.74,2026-03-24 18:59:22+00:00,mobile,3.0,2026-03-24,18,home,Orion,43.74,0.756,0.41600000000000004,0.3446296296296296,0.6568213783403657,0.4786324786324787
U0137,I0058,view,,1,18.03,2026-04-02 18:51:22+00:00,web,1.0,2026-04-02,18,home,UrbanLeaf,18.03,0.771,0.47300000000000003,0.10657407407407408,0.6779184247538678,0.5482295482295483
U0040,I0031,view,,1,6.52,2026-05-01 05:58:22+00:00,web,1.0,2026-05-01,5,books,UrbanLeaf,6.52,0.8240000000000001,0.45,0.0,0.7524613220815753,0.5201465201465202
U0069,I0115,cart,,1,29.97,2026-02-21 11:02:22+00:00,web,3.0,2026-02-21,11,beauty,Nova,29.97,0.788,0.161,0.21712962962962962,0.7018284106891702,0.1672771672771673
U0228,I0051,view,,1,24.93,2026-03-06 01:32:22+00:00,web,1.0,2026-03-06,1,fashion,Pulse,24.93,0.607,0.373,0.17046296296296293,0.4472573839662447,0.42612942612942617
U0015,I0025,cart,,1,15.52,2026-03-05 12:16:22+00:00,web,3.0,2026-03-05,12,beauty,Nova,15.52,0.76,0.761,0.08333333333333333,0.6624472573839663,0.8998778998779
U0092,I0090,view,,1,12.85,2026-03-07 06:04:22+00:00,web,1.0,2026-03-07,6,home,Orion,12.85,0.41200000000000003,0.123,0.0586111111111111,0.1729957805907174,0.1208791208791209
U0079,I0031,cart,,1,6.52,2026-03-14 17:03:22+00:00,web,3.0,2026-03-14,17,books,UrbanLeaf,6.52,0.8240000000000001,0.45,0.0,0.7524613220815753,0.5201465201465202
U0107,I0119,rating,3.0,1,34.0,2026-02-24 15:51:22+00:00,web,3.0,2026-02-24,15,beauty,Pulse,34.0,0.9460000000000001,0.10400000000000001,0.2544444444444444,0.9240506329113923,0.0976800976800977
U0029,I0010,view,,1,50.12,2026-03-05 11:16:22+00:00,mobile,1.0,2026-03-05,11,electronics,Pulse,50.12,0.591,0.252,0.4037037037037037,0.42475386779184243,0.2783882783882784
U0215,I0096,view,,1,36.87,2026-02-19 02:24:22+00:00,web,1.0,2026-02-19,2,home,UrbanLeaf,36.87,0.675,0.17,0.2810185185185185,0.5428973277074544,0.1782661782661783
U0053,I0006,view,,1,21.38,2026-03-01 03:58:22+00:00,mobile,1.0,2026-03-01,3,electronics,UrbanLeaf,21.38,0.626,0.395,0.1375925925925926,0.47398030942334735,0.45299145299145305
U0135,I0114,view,,1,33.44,2026-03-24 08:32:22+00:00,web,1.0,2026-03-24,8,fashion,Nova,33.44,0.752,0.39,0.24925925925925924,0.6511954992967651,0.4468864468864469
U0026,I0022,view,,1,23.73,2026-04-20 20:43:22+00:00,mobile,1.0,2026-04-20,20,fashion,Orion,23.73,0.511,0.524,0.15935185185185186,0.3122362869198312,0.6105006105006106
U0030,I0116,view,,1,59.11,2026-03-24 16:19:22+00:00,web,1.0,2026-03-24,16,electronics,Aster,59.11,0.622,0.58,0.48694444444444446,0.4683544303797468,0.6788766788766789
U0170,I0063,view,,1,17.91,2026-04-02 21:10:22+00:00,mobile,1.0,2026-04-02,21,beauty,Nova,17.91,0.875,0.47300000000000003,0.10546296296296297,0.8241912798874823,0.5482295482295483
U0039,I0108,view,,1,101.53,2026-02-27 13:55:22+00:00,web,1.0,2026-02-27,13,beauty,UrbanLeaf,101.53,0.485,0.212,0.8797222222222222,0.2756680731364276,0.22954822954822957
U0160,I0104,purchase,,1,41.88,2026-04-26 19:30:22+00:00,mobile,5.0,2026-04-26,19,electronics,Aster,41.88,0.799,0.487,0.3274074074074074,0.7172995780590717,0.5653235653235653
U0240,I0074,view,,1,19.52,2026-04-03 20:30:22+00:00,web,1.0,2026-04-03,20,electronics,Nova,19.52,0.645,0.212,0.12037037037037036,0.5007032348804501,0.22954822954822957
U0168,I0060,view,,1,48.07,2026-03-10 00:52:22+00:00,web,1.0,2026-03-10,0,fashion,ZenCo,48.07,0.742,0.151,0.38472222222222224,0.6371308016877636,0.15506715506715507
U0092,I0022,view,,1,23.73,2026-02-26 14:52:22+00:00,mobile,1.0,2026-02-26,14,fashion,Orion,23.73,0.511,0.524,0.15935185185185186,0.3122362869198312,0.6105006105006106
U0153,I0026,view,,1,13.5,2026-04-25 09:49:22+00:00,web,1.0,2026-04-25,9,home,ZenCo,13.5,0.481,0.19,0.06462962962962963,0.27004219409282704,0.2026862026862027
U0196,I0066,view,,1,22.7,2026-04-19 16:59:22+00:00,web,1.0,2026-04-19,16,sports,UrbanLeaf,22.7,0.8230000000000001,0.216,0.1498148148148148,0.7510548523206751,0.23443223443223443
U0148,I0030,view,,1,19.11,2026-02-20 07:39:22+00:00,web,1.0,2026-02-20,7,fashion,Orion,19.11,0.679,0.384,0.11657407407407407,0.5485232067510549,0.4395604395604396
U0219,I0012,view,,1,67.3,2026-04-30 07:23:22+00:00,mobile,1.0,2026-04-30,7,sports,Pulse,67.3,0.642,0.37,0.5627777777777777,0.4964838255977496,0.4224664224664225
U0009,I0119,view,,1,34.0,2026-04-09 13:09:22+00:00,web,1.0,2026-04-09,13,beauty,Pulse,34.0,0.9460000000000001,0.10400000000000001,0.2544444444444444,0.9240506329113923,0.0976800976800977
U0226,I0048,cart,,1,22.53,2026-04-10 13:08:22+00:00,web,3.0,2026-04-10,13,books,Nova,22.53,0.897,0.2,0.14824074074074073,0.8551336146272855,0.2148962148962149
U0204,I0095,view,,1,11.84,2026-02-25 09:00:22+00:00,web,1.0,2026-02-25,9,sports,UrbanLeaf,11.84,0.886,0.197,0.04925925925925925,0.8396624472573838,0.21123321123321126
U0216,I0008,view,,1,36.94,2026-03-29 07:28:22+00:00,web,1.0,2026-03-29,7,sports,Orion,36.94,0.289,0.317,0.2816666666666666,0.0,0.35775335775335776
U0068,I0108,view,,1,101.53,2026-04-24 22:28:22+00:00,web,1.0,2026-04-24,22,beauty,UrbanLeaf,101.53,0.485,0.212,0.8797222222222222,0.2756680731364276,0.22954822954822957
U0031,I0079,view,,1,55.92,2026-03-13 20:40:22+00:00,web,1.0,2026-03-13,20,home,Aster,55.92,0.534,0.374,0.45740740740740743,0.3445850914205345,0.4273504273504274
U0156,I0007,view,,1,50.51,2026-03-15 22:32:22+00:00,mobile,1.0,2026-03-15,22,books,UrbanLeaf,50.51,0.41300000000000003,0.309,0.4073148148148148,0.1744022503516175,0.347985347985348
U0033,I0027,view,,1,58.32,2026-03-24 01:29:22+00:00,web,1.0,2026-03-24,1,sports,Orion,58.32,0.791,0.039,0.4796296296296296,0.7060478199718706,0.018315018315018316
U0152,I0096,rating,5.0,1,36.87,2026-04-08 09:41:22+00:00,mobile,5.0,2026-04-08,9,home,UrbanLeaf,36.87,0.675,0.17,0.2810185185185185,0.5428973277074544,0.1782661782661783
U0149,I0090,cart,,1,12.85,2026-04-05 22:56:22+00:00,web,3.0,2026-04-05,22,home,Orion,12.85,0.41200000000000003,0.123,0.0586111111111111,0.1729957805907174,0.1208791208791209
U0107,I0006,cart,,1,21.38,2026-03-20 08:25:22+00:00,mobile,3.0,2026-03-20,8,electronics,UrbanLeaf,21.38,0.626,0.395,0.1375925925925926,0.47398030942334735,0.45299145299145305
U0078,I0086,purchase,,1,33.96,2026-02-05 05:11:22+00:00,mobile,5.0,2026-02-05,5,books,Aster,33.96,0.299,0.062,0.25407407407407406,0.01406469760900142,0.0463980463980464
U0006,I0096,view,,1,36.87,2026-02-12 12:55:22+00:00,web,1.0,2026-02-12,12,home,UrbanLeaf,36.87,0.675,0.17,0.2810185185185185,0.5428973277074544,0.1782661782661783
U0090,I0010,purchase,,1,50.12,2026-02-28 08:41:22+00:00,web,5.0,2026-02-28,8,electronics,Pulse,50.12,0.591,0.252,0.4037037037037037,0.42475386779184243,0.2783882783882784
U0030,I0037,cart,,1,17.51,2026-03-15 12:46:22+00:00,mobile,3.0,2026-03-15,12,sports,ZenCo,17.51,0.519,0.554,0.10175925925925926,0.3234880450070323,0.6471306471306473
U0105,I0118,purchase,,2,24.81,2026-02-15 18:37:22+00:00,mobile,5.0,2026-02-15,18,books,Nova,24.81,1.0,0.20500000000000002,0.1693518518518518,0.9999999999999999,0.22100122100122105
U0043,I0082,view,,1,27.22,2026-03-22 09:49:22+00:00,web,1.0,2026-03-22,9,home,Nova,27.22,0.41300000000000003,0.363,0.19166666666666665,0.1744022503516175,0.41391941391941395
U0197,I0029,view,,1,83.41,2026-04-16 02:25:22+00:00,web,1.0,2026-04-16,2,home,Orion,83.41,1.0,0.71,0.7119444444444444,0.9999999999999999,0.8376068376068376
U0164,I0100,rating,1.0,1,54.26,2026-03-03 08:55:22+00:00,mobile,1.0,2026-03-03,8,sports,UrbanLeaf,54.26,0.5670000000000001,0.527,0.44203703703703706,0.39099859353023914,0.6141636141636142
U0102,I0114,view,,1,33.44,2026-03-30 06:56:22+00:00,mobile,1.0,2026-03-30,6,fashion,Nova,33.44,0.752,0.39,0.24925925925925924,0.6511954992967651,0.4468864468864469
U0207,I0078,cart,,1,41.4,2026-04-29 05:56:22+00:00,web,3.0,2026-04-29,5,beauty,Pulse,41.4,0.875,0.403,0.32296296296296295,0.8241912798874823,0.46275946275946284
U0076,I0106,cart,,1,26.93,2026-02-03 03:22:22+00:00,web,3.0,2026-02-03,3,sports,Nova,26.93,0.41400000000000003,0.40700000000000003,0.18898148148148147,0.1758087201125177,0.4676434676434677
U0011,I0073,view,,1,25.28,2026-03-25 21:52:22+00:00,web,1.0,2026-03-25,21,electronics,Pulse,25.28,0.545,0.116,0.1737037037037037,0.360056258790436,0.11233211233211235
U0201,I0025,cart,,1,15.52,2026-02-26 23:17:22+00:00,mobile,3.0,2026-02-26,23,beauty,Nova,15.52,0.76,0.761,0.08333333333333333,0.6624472573839663,0.8998778998779
U0136,I0076,cart,,1,36.2,2026-03-08 06:27:22+00:00,web,3.0,2026-03-08,6,books,Pulse,36.2,0.8180000000000001,0.057,0.27481481481481485,0.7440225035161744,0.04029304029304029
U0201,I0062,view,,1,23.59,2026-04-04 10:37:22+00:00,mobile,1.0,2026-04-04,10,beauty,ZenCo,23.59,0.8150000000000001,0.304,0.15805555555555556,0.739803094233474,0.3418803418803419
U0165,I0040,cart,,1,56.71,2026-02-26 18:42:22+00:00,web,3.0,2026-02-26,18,books,Orion,56.71,0.612,0.625,0.4647222222222222,0.45428973277074536,0.7338217338217339
U0005,I0078,view,,1,41.4,2026-04-14 11:21:22+00:00,web,1.0,2026-04-14,11,beauty,Pulse,41.4,0.875,0.403,0.32296296296296295,0.8241912798874823,0.46275946275946284
U0005,I0119,rating,1.0,1,34.0,2026-04-02 14:11:22+00:00,web,1.0,2026-04-02,14,beauty,Pulse,34.0,0.9460000000000001,0.10400000000000001,0.2544444444444444,0.9240506329113923,0.0976800976800977
U0184,I0101,rating,3.0,1,48.0,2026-03-09 03:43:22+00:00,mobile,3.0,2026-03-09,3,electronics,UrbanLeaf,48.0,0.773,0.338,0.38407407407407407,0.6807313642756679,0.3833943833943835
U0181,I0109,view,,1,70.56,2026-02-21 19:42:22+00:00,mobile,1.0,2026-02-21,19,home,Aster,70.56,0.78,0.5680000000000001,0.5929629629629629,0.6905766526019691,0.6642246642246643
U0149,I0005,view,,1,20.52,2026-03-19 19:11:22+00:00,mobile,1.0,2026-03-19,19,home,ZenCo,20.52,0.669,0.275,0.1296296296296296,0.5344585091420535,0.3064713064713065
U0090,I0038,view,,1,23.01,2026-03-31 23:35:22+00:00,web,1.0,2026-03-31,23,home,Nova,23.01,0.809,0.228,0.1526851851851852,0.731364275668073,0.2490842490842491
U0200,I0029,cart,,1,83.41,2026-04-16 23:09:22+00:00,mobile,3.0,2026-04-16,23,home,Orion,83.41,1.0,0.71,0.7119444444444444,0.9999999999999999,0.8376068376068376
U0091,I0029,purchase,,1,83.41,2026-04-25 18:40:22+00:00,web,5.0,2026-04-25,18,home,Orion,83.41,1.0,0.71,0.7119444444444444,0.9999999999999999,0.8376068376068376
U0101,I0054,view,,1,35.21,2026-05-02 09:49:22+00:00,web,1.0,2026-05-02,9,beauty,UrbanLeaf,35.21,0.667,0.323,0.26564814814814813,0.5316455696202532,0.3650793650793651
U0006,I0016,cart,,1,41.84,2026-02-02 10:21:22+00:00,web,3.0,2026-02-02,10,home,Aster,41.84,0.916,0.26,0.32703703703703707,0.8818565400843882,0.2881562881562882
U0220,I0028,view,,1,23.83,2026-02-27 05:54:22+00:00,web,1.0,2026-02-27,5,sports,Nova,23.83,0.467,0.08700000000000001,0.16027777777777774,0.25035161744022505,0.07692307692307694
U0190,I0026,cart,,1,13.5,2026-02-10 14:20:22+00:00,web,3.0,2026-02-10,14,home,ZenCo,13.5,0.481,0.19,0.06462962962962963,0.27004219409282704,0.2026862026862027
U0209,I0071,rating,4.0,1,31.77,2026-05-01 09:42:22+00:00,mobile,4.0,2026-05-01,9,electronics,ZenCo,31.77,0.595,0.32,0.23379629629629628,0.430379746835443,0.36141636141636146
U0136,I0098,purchase,,1,35.06,2026-02-28 06:00:22+00:00,web,5.0,2026-02-28,6,books,Pulse,35.06,0.709,0.449,0.2642592592592593,0.590717299578059,0.518925518925519
U0158,I0055,view,,1,14.43,2026-04-29 04:10:22+00:00,mobile,1.0,2026-04-29,4,books,Aster,14.43,0.875,0.322,0.07324074074074073,0.8241912798874823,0.3638583638583639
U0101,I0030,view,,1,19.11,2026-03-10 08:26:22+00:00,mobile,1.0,2026-03-10,8,fashion,Orion,19.11,0.679,0.384,0.11657407407407407,0.5485232067510549,0.4395604395604396
U0144,I0106,view,,1,26.93,2026-04-27 15:04:22+00:00,web,1.0,2026-04-27,15,sports,Nova,26.93,0.41400000000000003,0.40700000000000003,0.18898148148148147,0.1758087201125177,0.4676434676434677
U0119,I0005,purchase,,1,20.52,2026-04-19 05:51:22+00:00,web,5.0,2026-04-19,5,home,ZenCo,20.52,0.669,0.275,0.1296296296296296,0.5344585091420535,0.3064713064713065
U0046,I0038,cart,,1,23.01,2026-02-05 02:53:22+00:00,mobile,3.0,2026-02-05,2,home,Nova,23.01,0.809,0.228,0.1526851851851852,0.731364275668073,0.2490842490842491
U0058,I0082,view,,1,27.22,2026-04-04 14:57:22+00:00,mobile,1.0,2026-04-04,14,home,Nova,27.22,0.41300000000000003,0.363,0.19166666666666665,0.1744022503516175,0.41391941391941395
U0115,I0109,view,,1,70.56,2026-02-03 09:38:22+00:00,web,1.0,2026-02-03,9,home,Aster,70.56,0.78,0.5680000000000001,0.5929629629629629,0.6905766526019691,0.6642246642246643
U0082,I0049,purchase,,1,10.95,2026-02-24 12:19:22+00:00,web,5.0,2026-02-24,12,books,UrbanLeaf,10.95,0.716,0.125,0.04101851851851851,0.60056258790436,0.12332112332112333
U0002,I0009,view,,1,26.36,2026-04-19 12:15:22+00:00,web,1.0,2026-04-19,12,home,Orion,26.36,0.492,0.5650000000000001,0.1837037037037037,0.28551336146272854,0.6605616605616607
U0192,I0052,rating,5.0,1,30.37,2026-03-20 22:51:22+00:00,web,5.0,2026-03-20,22,beauty,Nova,30.37,0.934,0.362,0.22083333333333333,0.9071729957805906,0.41269841269841273
U0087,I0035,view,,1,26.96,2026-03-08 23:51:22+00:00,web,1.0,2026-03-08,23,books,Pulse,26.96,0.93,0.305,0.18925925925925924,0.9015471167369901,0.3431013431013431
U0104,I0035,cart,,1,26.96,2026-02-14 19:08:22+00:00,web,3.0,2026-02-14,19,books,Pulse,26.96,0.93,0.305,0.18925925925925924,0.9015471167369901,0.3431013431013431
U0053,I0043,cart,,1,34.18,2026-02-06 12:15:22+00:00,web,3.0,2026-02-06,12,electronics,Aster,34.18,0.937,0.405,0.2561111111111111,0.9113924050632912,0.46520146520146527
U0061,I0105,rating,4.0,1,20.28,2026-04-12 00:04:22+00:00,web,4.0,2026-04-12,0,books,Aster,20.28,0.837,0.151,0.1274074074074074,0.770745428973277,0.15506715506715507
U0003,I0078,view,,1,41.4,2026-02-21 02:56:22+00:00,web,1.0,2026-02-21,2,beauty,Pulse,41.4,0.875,0.403,0.32296296296296295,0.8241912798874823,0.46275946275946284
U0112,I0061,view,,1,17.75,2026-04-18 22:01:22+00:00,mobile,1.0,2026-04-18,22,books,ZenCo,17.75,0.625,0.234,0.10398148148148147,0.47257383966244726,0.25641025641025644
U0090,I0082,purchase,,1,27.22,2026-03-17 19:19:22+00:00,mobile,5.0,2026-03-17,19,home,Nova,27.22,0.41300000000000003,0.363,0.19166666666666665,0.1744022503516175,0.41391941391941395
U0104,I0106,purchase,,1,26.93,2026-02-15 07:42:22+00:00,web,5.0,2026-02-15,7,sports,Nova,26.93,0.41400000000000003,0.40700000000000003,0.18898148148148147,0.1758087201125177,0.4676434676434677
U0195,I0066,view,,1,22.7,2026-02-11 12:51:22+00:00,web,1.0,2026-02-11,12,sports,UrbanLeaf,22.7,0.8230000000000001,0.216,0.1498148148148148,0.7510548523206751,0.23443223443223443
U0193,I0024,view,,1,24.65,2026-02-11 19:12:22+00:00,web,1.0,2026-02-11,19,sports,ZenCo,24.65,0.79,0.5750000000000001,0.16787037037037034,0.7046413502109704,0.6727716727716729
U0200,I0069,purchase,,3,41.22,2026-03-26 07:17:22+00:00,mobile,5.0,2026-03-26,7,books,UrbanLeaf,41.22,0.896,0.375,0.3212962962962963,0.8537271448663853,0.4285714285714286
U0058,I0082,view,,1,27.22,2026-04-05 02:32:22+00:00,mobile,1.0,2026-04-05,2,home,Nova,27.22,0.41300000000000003,0.363,0.19166666666666665,0.1744022503516175,0.41391941391941395
U0131,I0079,view,,1,55.92,2026-02-28 16:59:22+00:00,mobile,1.0,2026-02-28,16,home,Aster,55.92,0.534,0.374,0.45740740740740743,0.3445850914205345,0.4273504273504274
U0193,I0064,rating,3.0,1,28.05,2026-02-12 05:43:22+00:00,web,3.0,2026-02-12,5,sports,Nova,28.05,0.641,0.34500000000000003,0.19935185185185184,0.49507735583684953,0.391941391941392
U0154,I0105,view,,1,20.28,2026-03-05 09:31:22+00:00,web,1.0,2026-03-05,9,books,Aster,20.28,0.837,0.151,0.1274074074074074,0.770745428973277,0.15506715506715507
U0029,I0082,view,,1,27.22,2026-03-22 06:07:22+00:00,web,1.0,2026-03-22,6,home,Nova,27.22,0.41300000000000003,0.363,0.19166666666666665,0.1744022503516175,0.41391941391941395
U0017,I0008,view,,1,36.94,2026-04-10 18:57:22+00:00,web,1.0,2026-04-10,18,sports,Orion,36.94,0.289,0.317,0.2816666666666666,0.0,0.35775335775335776
U0228,I0114,view,,1,33.44,2026-02-25 11:12:22+00:00,web,1.0,2026-02-25,11,fashion,Nova,33.44,0.752,0.39,0.24925925925925924,0.6511954992967651,0.4468864468864469
U0204,I0094,cart,,1,20.46,2026-04-11 10:43:22+00:00,web,3.0,2026-04-11,10,sports,Pulse,20.46,0.762,0.843,0.12907407407407406,0.6652601969057664,1.0000000000000002
U0215,I0003,view,,1,12.56,2026-02-16 13:30:22+00:00,web,1.0,2026-02-16,13,home,Pulse,12.56,0.686,0.39,0.055925925925925934,0.5583684950773559,0.4468864468864469
U0040,I0064,rating,4.0,1,28.05,2026-04-26 23:13:22+00:00,web,4.0,2026-04-26,23,sports,Nova,28.05,0.641,0.34500000000000003,0.19935185185185184,0.49507735583684953,0.391941391941392
U0037,I0037,cart,,1,17.51,2026-02-07 16:20:22+00:00,web,3.0,2026-02-07,16,sports,ZenCo,17.51,0.519,0.554,0.10175925925925926,0.3234880450070323,0.6471306471306473
U0212,I0014,view,,1,30.5,2026-03-03 23:55:22+00:00,web,1.0,2026-03-03,23,electronics,ZenCo,30.5,0.544,0.221,0.22203703703703703,0.3586497890295359,0.24053724053724057
U0193,I0037,cart,,1,17.51,2026-02-21 21:04:22+00:00,mobile,3.0,2026-02-21,21,sports,ZenCo,17.51,0.519,0.554,0.10175925925925926,0.3234880450070323,0.6471306471306473
U0012,I0079,purchase,,1,55.92,2026-02-13 03:20:22+00:00,mobile,5.0,2026-02-13,3,home,Aster,55.92,0.534,0.374,0.45740740740740743,0.3445850914205345,0.4273504273504274
U0006,I0119,cart,,1,34.0,2026-04-05 10:18:22+00:00,mobile,3.0,2026-04-05,10,beauty,Pulse,34.0,0.9460000000000001,0.10400000000000001,0.2544444444444444,0.9240506329113923,0.0976800976800977
U0068,I0108,purchase,,1,101.53,2026-02-08 21:50:22+00:00,web,5.0,2026-02-08,21,beauty,UrbanLeaf,101.53,0.485,0.212,0.8797222222222222,0.2756680731364276,0.22954822954822957
U0065,I0114,view,,1,33.44,2026-02-13 01:01:22+00:00,mobile,1.0,2026-02-13,1,fashion,Nova,33.44,0.752,0.39,0.24925925925925924,0.6511954992967651,0.4468864468864469
U0118,I0091,view,,1,42.99,2026-04-03 13:03:22+00:00,web,1.0,2026-04-03,13,beauty,ZenCo,42.99,0.592,0.222,0.3376851851851852,0.4261603375527425,0.2417582417582418
U0067,I0005,rating,4.0,1,20.52,2026-02-14 17:52:22+00:00,web,4.0,2026-02-14,17,home,ZenCo,20.52,0.669,0.275,0.1296296296296296,0.5344585091420535,0.3064713064713065
U0221,I0074,cart,,1,19.52,2026-02-24 12:04:22+00:00,web,3.0,2026-02-24,12,electronics,Nova,19.52,0.645,0.212,0.12037037037037036,0.5007032348804501,0.22954822954822957
U0101,I0063,view,,1,17.91,2026-03-26 14:57:22+00:00,mobile,1.0,2026-03-26,14,beauty,Nova,17.91,0.875,0.47300000000000003,0.10546296296296297,0.8241912798874823,0.5482295482295483
U0014,I0099,purchase,,1,19.36,2026-03-06 23:37:22+00:00,mobile,5.0,2026-03-06,23,fashion,ZenCo,19.36,0.81,0.17,0.11888888888888889,0.7327707454289732,0.1782661782661783
U0089,I0097,cart,,1,42.6,2026-03-19 14:22:22+00:00,web,3.0,2026-03-19,14,fashion,ZenCo,42.6,0.549,0.041,0.3340740740740741,0.3656821378340366,0.020757020757020763
U0215,I0044,view,,1,16.15,2026-03-13 11:41:22+00:00,web,1.0,2026-03-13,11,home,Aster,16.15,0.797,0.046,0.08916666666666666,0.7144866385372713,0.02686202686202686
U0116,I0050,view,,1,15.33,2026-04-13 23:22:22+00:00,mobile,1.0,2026-04-13,23,beauty,UrbanLeaf,15.33,0.7010000000000001,0.115,0.08157407407407406,0.579465541490858,0.11111111111111113
U0116,I0091,cart,,1,42.99,2026-04-13 04:35:22+00:00,web,3.0,2026-04-13,4,beauty,ZenCo,42.99,0.592,0.222,0.3376851851851852,0.4261603375527425,0.2417582417582418
U0209,I0087,cart,,1,58.68,2026-03-01 07:52:22+00:00,mobile,3.0,2026-03-01,7,electronics,UrbanLeaf,58.68,0.7000000000000001,0.155,0.482962962962963,0.5780590717299579,0.15995115995115997
U0095,I0098,view,,1,35.06,2026-04-14 02:31:22+00:00,mobile,1.0,2026-04-14,2,books,Pulse,35.06,0.709,0.449,0.2642592592592593,0.590717299578059,0.518925518925519
U0173,I0053,cart,,1,18.65,2026-03-29 07:34:22+00:00,mobile,3.0,2026-03-29,7,books,Pulse,18.65,0.745,0.249,0.1123148148148148,0.6413502109704642,0.27472527472527475
U0021,I0010,view,,1,50.12,2026-04-09 14:03:22+00:00,web,1.0,2026-04-09,14,electronics,Pulse,50.12,0.591,0.252,0.4037037037037037,0.42475386779184243,0.2783882783882784
U0051,I0085,view,,1,64.61,2026-02-08 20:18:22+00:00,web,1.0,2026-02-08,20,electronics,UrbanLeaf,64.61,1.0,0.157,0.5378703703703703,0.9999999999999999,0.1623931623931624
U0107,I0078,view,,1,41.4,2026-03-22 17:39:22+00:00,mobile,1.0,2026-03-22,17,beauty,Pulse,41.4,0.875,0.403,0.32296296296296295,0.8241912798874823,0.46275946275946284
U0032,I0001,view,,1,31.44,2026-02-21 19:20:22+00:00,web,1.0,2026-02-21,19,home,Aster,31.44,0.778,0.255,0.23074074074074075,0.6877637130801687,0.28205128205128205
U0023,I0010,rating,4.0,1,50.12,2026-04-03 10:50:22+00:00,mobile,4.0,2026-04-03,10,electronics,Pulse,50.12,0.591,0.252,0.4037037037037037,0.42475386779184243,0.2783882783882784
U0110,I0037,purchase,,2,17.51,2026-02-19 10:26:22+00:00,web,5.0,2026-02-19,10,sports,ZenCo,17.51,0.519,0.554,0.10175925925925926,0.3234880450070323,0.6471306471306473
U0228,I0016,view,,1,41.84,2026-04-08 14:39:22+00:00,mobile,1.0,2026-04-08,14,home,Aster,41.84,0.916,0.26,0.32703703703703707,0.8818565400843882,0.2881562881562882
U0193,I0064,view,,1,28.05,2026-02-26 14:29:22+00:00,web,1.0,2026-02-26,14,sports,Nova,28.05,0.641,0.34500000000000003,0.19935185185185184,0.49507735583684953,0.391941391941392
U0176,I0044,view,,1,16.15,2026-03-21 09:55:22+00:00,mobile,1.0,2026-03-21,9,home,Aster,16.15,0.797,0.046,0.08916666666666666,0.7144866385372713,0.02686202686202686
U0173,I0103,purchase,,2,51.23,2026-04-14 17:03:22+00:00,web,5.0,2026-04-14,17,beauty,ZenCo,51.23,0.537,0.259,0.41398148148148145,0.3488045007032349,0.28693528693528697
U0212,I0055,purchase,,1,14.43,2026-03-06 00:55:22+00:00,mobile,5.0,2026-03-06,0,books,Aster,14.43,0.875,0.322,0.07324074074074073,0.8241912798874823,0.3638583638583639
U0239,I0108,view,,1,101.53,2026-04-20 00:29:22+00:00,web,1.0,2026-04-20,0,beauty,UrbanLeaf,101.53,0.485,0.212,0.8797222222222222,0.2756680731364276,0.22954822954822957
U0083,I0081,cart,,1,60.65,2026-03-28 23:00:22+00:00,web,3.0,2026-03-28,23,home,Orion,60.65,0.7010000000000001,0.10300000000000001,0.5012037037037036,0.579465541490858,0.09645909645909648
U0009,I0014,purchase,,1,30.5,2026-02-04 22:42:22+00:00,mobile,5.0,2026-02-04,22,electronics,ZenCo,30.5,0.544,0.221,0.22203703703703703,0.3586497890295359,0.24053724053724057
U0127,I0072,view,,1,21.99,2026-03-26 02:10:22+00:00,web,1.0,2026-03-26,2,electronics,Pulse,21.99,1.0,0.748,0.14324074074074072,0.9999999999999999,0.8840048840048841
U0105,I0118,view,,1,24.81,2026-04-17 05:44:22+00:00,web,1.0,2026-04-17,5,books,Nova,24.81,1.0,0.20500000000000002,0.1693518518518518,0.9999999999999999,0.22100122100122105
U0042,I0097,view,,1,42.6,2026-02-26 23:56:22+00:00,web,1.0,2026-02-26,23,fashion,ZenCo,42.6,0.549,0.041,0.3340740740740741,0.3656821378340366,0.020757020757020763
U0174,I0046,cart,,1,32.06,2026-04-20 17:36:22+00:00,web,3.0,2026-04-20,17,books,Pulse,32.06,0.972,0.131,0.23648148148148151,0.9606188466947959,0.13064713064713065
U0131,I0057,rating,4.0,1,46.42,2026-04-05 21:55:22+00:00,mobile,4.0,2026-04-05,21,beauty,Orion,46.42,0.791,0.304,0.36944444444444446,0.7060478199718706,0.3418803418803419
U0163,I0037,view,,1,17.51,2026-04-27 00:50:22+00:00,web,1.0,2026-04-27,0,sports,ZenCo,17.51,0.519,0.554,0.10175925925925926,0.3234880450070323,0.6471306471306473
U0239,I0063,view,,1,17.91,2026-03-26 21:37:22+00:00,web,1.0,2026-03-26,21,beauty,Nova,17.91,0.875,0.47300000000000003,0.10546296296296297,0.8241912798874823,0.5482295482295483
U0152,I0111,rating,4.0,1,114.52,2026-03-04 13:18:22+00:00,web,4.0,2026-03-04,13,books,Nova,114.52,0.649,0.314,0.9999999999999998,0.5063291139240507,0.3540903540903541
U0116,I0075,view,,1,25.5,2026-04-26 10:38:22+00:00,mobile,1.0,2026-04-26,10,sports,ZenCo,25.5,0.7000000000000001,0.32,0.17574074074074075,0.5780590717299579,0.36141636141636146
U0143,I0036,view,,1,74.72,2026-03-24 11:01:22+00:00,web,1.0,2026-03-24,11,fashion,Orion,74.72,0.598,0.393,0.6314814814814814,0.43459915611814337,0.4505494505494506
U0107,I0062,rating,4.0,1,23.59,2026-02-28 13:20:22+00:00,mobile,4.0,2026-02-28,13,beauty,ZenCo,23.59,0.8150000000000001,0.304,0.15805555555555556,0.739803094233474,0.3418803418803419
U0031,I0109,purchase,,2,70.56,2026-03-19 21:11:22+00:00,web,5.0,2026-03-19,21,home,Aster,70.56,0.78,0.5680000000000001,0.5929629629629629,0.6905766526019691,0.6642246642246643
U0190,I0099,view,,1,19.36,2026-02-06 15:16:22+00:00,mobile,1.0,2026-02-06,15,fashion,ZenCo,19.36,0.81,0.17,0.11888888888888889,0.7327707454289732,0.1782661782661783
U0118,I0092,cart,,1,16.23,2026-04-06 01:40:22+00:00,mobile,3.0,2026-04-06,1,beauty,ZenCo,16.23,0.8140000000000001,0.035,0.0899074074074074,0.7383966244725738,0.013431013431013435
U0161,I0014,purchase,,1,30.5,2026-04-20 23:23:22+00:00,web,5.0,2026-04-20,23,electronics,ZenCo,30.5,0.544,0.221,0.22203703703703703,0.3586497890295359,0.24053724053724057
U0138,I0032,view,,1,68.88,2026-03-22 17:13:22+00:00,mobile,1.0,2026-03-22,17,electronics,ZenCo,68.88,0.794,0.11,0.5774074074074073,0.710267229254571,0.10500610500610502
U0016,I0106,view,,1,26.93,2026-02-28 13:25:22+00:00,web,1.0,2026-02-28,13,sports,Nova,26.93,0.41400000000000003,0.40700000000000003,0.18898148148148147,0.1758087201125177,0.4676434676434677
U0198,I0056,cart,,1,21.96,2026-04-03 03:21:22+00:00,web,3.0,2026-04-03,3,books,Nova,21.96,0.606,0.146,0.14296296296296296,0.4458509142053445,0.14896214896214896
U0186,I0064,purchase,,1,28.05,2026-04-26 19:04:22+00:00,mobile,5.0,2026-04-26,19,sports,Nova,28.05,0.641,0.34500000000000003,0.19935185185185184,0.49507735583684953,0.391941391941392
U0216,I0037,view,,1,17.51,2026-03-29 20:01:22+00:00,web,1.0,2026-03-29,20,sports,ZenCo,17.51,0.519,0.554,0.10175925925925926,0.3234880450070323,0.6471306471306473
U0114,I0074,view,,1,19.52,2026-04-12 04:10:22+00:00,web,1.0,2026-04-12,4,electronics,Nova,19.52,0.645,0.212,0.12037037037037036,0.5007032348804501,0.22954822954822957
U0208,I0024,view,,1,24.65,2026-03-16 22:34:22+00:00,web,1.0,2026-03-16,22,sports,ZenCo,24.65,0.79,0.5750000000000001,0.16787037037037034,0.7046413502109704,0.6727716727716729
U0081,I0117,purchase,,1,42.8,2026-03-15 18:52:22+00:00,web,5.0,2026-03-15,18,electronics,Pulse,42.8,0.8160000000000001,0.231,0.3359259259259259,0.7412095639943742,0.2527472527472528
U0060,I0050,view,,1,15.33,2026-03-21 06:33:22+00:00,mobile,1.0,2026-03-21,6,beauty,UrbanLeaf,15.33,0.7010000000000001,0.115,0.08157407407407406,0.579465541490858,0.11111111111111113
U0102,I0034,rating,2.0,1,32.38,2026-03-06 14:51:22+00:00,web,2.0,2026-03-06,14,fashion,Pulse,32.38,0.362,0.199,0.23944444444444446,0.10267229254571031,0.2136752136752137
U0205,I0006,rating,4.0,1,21.38,2026-02-16 06:39:22+00:00,mobile,4.0,2026-02-16,6,electronics,UrbanLeaf,21.38,0.626,0.395,0.1375925925925926,0.47398030942334735,0.45299145299145305
U0187,I0018,view,,1,34.0,2026-04-16 18:18:22+00:00,mobile,1.0,2026-04-16,18,books,Nova,34.0,0.517,0.384,0.2544444444444444,0.32067510548523204,0.4395604395604396
U0162,I0042,purchase,,1,34.64,2026-02-26 06:00:22+00:00,web,5.0,2026-02-26,6,home,Nova,34.64,0.5740000000000001,0.15,0.26037037037037036,0.4008438818565402,0.15384615384615385
U0102,I0065,view,,1,45.15,2026-03-22 22:03:22+00:00,mobile,1.0,2026-03-22,22,fashion,Nova,45.15,0.521,0.28700000000000003,0.35768518518518516,0.3263009845288326,0.3211233211233212
U0154,I0076,view,,1,36.2,2026-04-05 09:41:22+00:00,mobile,1.0,2026-04-05,9,books,Pulse,36.2,0.8180000000000001,0.057,0.27481481481481485,0.7440225035161744,0.04029304029304029
U0020,I0025,view,,1,15.52,2026-03-03 05:52:22+00:00,mobile,1.0,2026-03-03,5,beauty,Nova,15.52,0.76,0.761,0.08333333333333333,0.6624472573839663,0.8998778998779
U0215,I0094,cart,,1,20.46,2026-02-11 18:56:22+00:00,web,3.0,2026-02-11,18,sports,Pulse,20.46,0.762,0.843,0.12907407407407406,0.6652601969057664,1.0000000000000002
U0199,I0087,view,,1,58.68,2026-02-14 19:06:22+00:00,mobile,1.0,2026-02-14,19,electronics,UrbanLeaf,58.68,0.7000000000000001,0.155,0.482962962962963,0.5780590717299579,0.15995115995115997
U0132,I0023,view,,1,51.99,2026-02-13 15:43:22+00:00,mobile,1.0,2026-02-13,15,fashion,Pulse,51.99,0.717,0.455,0.4210185185185185,0.6019690576652602,0.5262515262515263
U0227,I0112,cart,,1,53.68,2026-04-26 20:40:22+00:00,web,3.0,2026-04-26,20,fashion,Pulse,53.68,0.342,0.187,0.43666666666666665,0.07454289732770752,0.19902319902319904
U0205,I0010,cart,,1,50.12,2026-04-22 10:18:22+00:00,web,3.0,2026-04-22,10,electronics,Pulse,50.12,0.591,0.252,0.4037037037037037,0.42475386779184243,0.2783882783882784
U0196,I0067,purchase,,1,77.25,2026-02-11 23:51:22+00:00,mobile,5.0,2026-02-11,23,fashion,Nova,77.25,0.665,0.28700000000000003,0.6549074074074074,0.5288326300984529,0.3211233211233212
U0018,I0053,view,,1,18.65,2026-03-20 11:56:22+00:00,web,1.0,2026-03-20,11,books,Pulse,18.65,0.745,0.249,0.1123148148148148,0.6413502109704642,0.27472527472527475
U0106,I0072,cart,,1,21.99,2026-02-17 16:33:22+00:00,web,3.0,2026-02-17,16,electronics,Pulse,21.99,1.0,0.748,0.14324074074074072,0.9999999999999999,0.8840048840048841
U0181,I0018,view,,1,34.0,2026-04-08 16:17:22+00:00,web,1.0,2026-04-08,16,books,Nova,34.0,0.517,0.384,0.2544444444444444,0.32067510548523204,0.4395604395604396
U0210,I0025,cart,,1,15.52,2026-03-04 11:23:22+00:00,web,3.0,2026-03-04,11,beauty,Nova,15.52,0.76,0.761,0.08333333333333333,0.6624472573839663,0.8998778998779
U0155,I0049,view,,1,10.95,2026-03-14 11:44:22+00:00,mobile,1.0,2026-03-14,11,books,UrbanLeaf,10.95,0.716,0.125,0.04101851851851851,0.60056258790436,0.12332112332112333
U0001,I0117,view,,1,42.8,2026-04-27 00:31:22+00:00,web,1.0,2026-04-27,0,electronics,Pulse,42.8,0.8160000000000001,0.231,0.3359259259259259,0.7412095639943742,0.2527472527472528
U0048,I0049,view,,1,10.95,2026-04-14 18:02:22+00:00,mobile,1.0,2026-04-14,18,books,UrbanLeaf,10.95,0.716,0.125,0.04101851851851851,0.60056258790436,0.12332112332112333
U0132,I0097,view,,1,42.6,2026-04-04 17:18:22+00:00,mobile,1.0,2026-04-04,17,fashion,ZenCo,42.6,0.549,0.041,0.3340740740740741,0.3656821378340366,0.020757020757020763
U0146,I0087,rating,4.0,1,58.68,2026-04-21 11:48:22+00:00,mobile,4.0,2026-04-21,11,electronics,UrbanLeaf,58.68,0.7000000000000001,0.155,0.482962962962963,0.5780590717299579,0.15995115995115997
U0107,I0103,cart,,1,51.23,2026-05-01 17:10:22+00:00,mobile,3.0,2026-05-01,17,beauty,ZenCo,51.23,0.537,0.259,0.41398148148148145,0.3488045007032349,0.28693528693528697
U0163,I0100,rating,4.0,1,54.26,2026-02-08 08:29:22+00:00,web,4.0,2026-02-08,8,sports,UrbanLeaf,54.26,0.5670000000000001,0.527,0.44203703703703706,0.39099859353023914,0.6141636141636142
U0042,I0030,rating,4.0,1,19.11,2026-03-03 14:10:22+00:00,mobile,4.0,2026-03-03,14,fashion,Orion,19.11,0.679,0.384,0.11657407407407407,0.5485232067510549,0.4395604395604396
U0176,I0118,cart,,1,24.81,2026-02-03 17:15:22+00:00,web,3.0,2026-02-03,17,books,Nova,24.81,1.0,0.20500000000000002,0.1693518518518518,0.9999999999999999,0.22100122100122105
U0137,I0092,cart,,1,16.23,2026-04-02 06:10:22+00:00,mobile,3.0,2026-04-02,6,beauty,ZenCo,16.23,0.8140000000000001,0.035,0.0899074074074074,0.7383966244725738,0.013431013431013435
U0108,I0060,cart,,1,48.07,2026-03-10 12:59:22+00:00,mobile,3.0,2026-03-10,12,fashion,ZenCo,48.07,0.742,0.151,0.38472222222222224,0.6371308016877636,0.15506715506715507
U0073,I0017,cart,,1,25.29,2026-03-07 16:32:22+00:00,web,3.0,2026-03-07,16,beauty,UrbanLeaf,25.29,0.804,0.343,0.17379629629629628,0.7243319268635725,0.38949938949938956
U0059,I0057,purchase,,1,46.42,2026-02-13 23:43:22+00:00,mobile,5.0,2026-02-13,23,beauty,Orion,46.42,0.791,0.304,0.36944444444444446,0.7060478199718706,0.3418803418803419
U0125,I0102,view,,1,45.37,2026-03-27 16:53:22+00:00,web,1.0,2026-03-27,16,electronics,UrbanLeaf,45.37,0.5690000000000001,0.498,0.3597222222222222,0.3938115330520394,0.5787545787545788
U0174,I0004,cart,,1,24.4,2026-04-26 15:38:22+00:00,web,3.0,2026-04-26,15,beauty,Orion,24.4,0.794,0.045,0.1655555555555555,0.710267229254571,0.025641025641025644
U0091,I0009,cart,,1,26.36,2026-02-07 19:31:22+00:00,web,3.0,2026-02-07,19,home,Orion,26.36,0.492,0.5650000000000001,0.1837037037037037,0.28551336146272854,0.6605616605616607
U0023,I0044,view,,1,16.15,2026-04-20 18:29:22+00:00,web,1.0,2026-04-20,18,home,Aster,16.15,0.797,0.046,0.08916666666666666,0.7144866385372713,0.02686202686202686
U0066,I0065,view,,1,45.15,2026-02-03 11:45:22+00:00,mobile,1.0,2026-02-03,11,fashion,Nova,45.15,0.521,0.28700000000000003,0.35768518518518516,0.3263009845288326,0.3211233211233212
U0100,I0034,cart,,1,32.38,2026-03-06 10:57:22+00:00,mobile,3.0,2026-03-06,10,fashion,Pulse,32.38,0.362,0.199,0.23944444444444446,0.10267229254571031,0.2136752136752137
U0087,I0059,view,,1,24.91,2026-04-12 19:51:22+00:00,mobile,1.0,2026-04-12,19,books,Pulse,24.91,0.758,0.376,0.17027777777777775,0.6596343178621659,0.4297924297924298
U0199,I0120,view,,1,26.42,2026-03-18 04:55:22+00:00,mobile,1.0,2026-03-18,4,electronics,Nova,26.42,0.501,0.108,0.1842592592592593,0.29817158931082977,0.10256410256410256
U0146,I0104,rating,4.0,1,41.88,2026-04-26 17:43:22+00:00,web,4.0,2026-04-26,17,electronics,Aster,41.88,0.799,0.487,0.3274074074074074,0.7172995780590717,0.5653235653235653
U0007,I0112,view,,1,53.68,2026-04-01 03:18:22+00:00,mobile,1.0,2026-04-01,3,fashion,Pulse,53.68,0.342,0.187,0.43666666666666665,0.07454289732770752,0.19902319902319904
U0008,I0091,rating,4.0,1,42.99,2026-03-18 15:25:22+00:00,web,4.0,2026-03-18,15,beauty,ZenCo,42.99,0.592,0.222,0.3376851851851852,0.4261603375527425,0.2417582417582418
U0040,I0100,purchase,,1,54.26,2026-03-21 05:32:22+00:00,mobile,5.0,2026-03-21,5,sports,UrbanLeaf,54.26,0.5670000000000001,0.527,0.44203703703703706,0.39099859353023914,0.6141636141636142
U0223,I0100,rating,5.0,1,54.26,2026-04-15 22:20:22+00:00,mobile,5.0,2026-04-15,22,sports,UrbanLeaf,54.26,0.5670000000000001,0.527,0.44203703703703706,0.39099859353023914,0.6141636141636142
U0013,I0077,view,,1,43.74,2026-03-07 13:07:22+00:00,mobile,1.0,2026-03-07,13,home,Orion,43.74,0.756,0.41600000000000004,0.3446296296296296,0.6568213783403657,0.4786324786324787
U0120,I0007,view,,1,50.51,2026-04-06 06:35:22+00:00,mobile,1.0,2026-04-06,6,books,UrbanLeaf,50.51,0.41300000000000003,0.309,0.4073148148148148,0.1744022503516175,0.347985347985348
U0141,I0024,purchase,,1,24.65,2026-03-14 12:50:22+00:00,mobile,5.0,2026-03-14,12,sports,ZenCo,24.65,0.79,0.5750000000000001,0.16787037037037034,0.7046413502109704,0.6727716727716729
U0090,I0067,view,,1,77.25,2026-04-27 09:11:22+00:00,mobile,1.0,2026-04-27,9,fashion,Nova,77.25,0.665,0.28700000000000003,0.6549074074074074,0.5288326300984529,0.3211233211233212
U0172,I0108,view,,1,101.53,2026-02-04 19:26:22+00:00,web,1.0,2026-02-04,19,beauty,UrbanLeaf,101.53,0.485,0.212,0.8797222222222222,0.2756680731364276,0.22954822954822957
U0128,I0081,view,,1,60.65,2026-02-26 08:54:22+00:00,mobile,1.0,2026-02-26,8,home,Orion,60.65,0.7010000000000001,0.10300000000000001,0.5012037037037036,0.579465541490858,0.09645909645909648
U0004,I0037,view,,1,17.51,2026-04-13 03:02:22+00:00,web,1.0,2026-04-13,3,sports,ZenCo,17.51,0.519,0.554,0.10175925925925926,0.3234880450070323,0.6471306471306473
U0161,I0014,view,,1,30.5,2026-03-16 02:31:22+00:00,mobile,1.0,2026-03-16,2,electronics,ZenCo,30.5,0.544,0.221,0.22203703703703703,0.3586497890295359,0.24053724053724057
U0219,I0079,view,,1,55.92,2026-04-12 03:50:22+00:00,web,1.0,2026-04-12,3,home,Aster,55.92,0.534,0.374,0.45740740740740743,0.3445850914205345,0.4273504273504274
U0137,I0070,view,,1,26.73,2026-04-27 08:17:22+00:00,web,1.0,2026-04-27,8,home,Nova,26.73,0.365,0.634,0.18712962962962965,0.10689170182841068,0.7448107448107448
U0220,I0075,view,,1,25.5,2026-03-30 19:03:22+00:00,web,1.0,2026-03-30,19,sports,ZenCo,25.5,0.7000000000000001,0.32,0.17574074074074075,0.5780590717299579,0.36141636141636146
U0013,I0044,cart,,1,16.15,2026-03-17 18:08:22+00:00,web,3.0,2026-03-17,18,home,Aster,16.15,0.797,0.046,0.08916666666666666,0.7144866385372713,0.02686202686202686
U0076,I0047,view,,1,36.67,2026-03-07 14:35:22+00:00,mobile,1.0,2026-03-07,14,home,Aster,36.67,0.966,0.395,0.2791666666666667,0.9521800281293952,0.45299145299145305
U0204,I0075,view,,1,25.5,2026-03-25 11:41:22+00:00,mobile,1.0,2026-03-25,11,sports,ZenCo,25.5,0.7000000000000001,0.32,0.17574074074074075,0.5780590717299579,0.36141636141636146
U0058,I0027,rating,3.0,1,58.32,2026-04-19 00:15:22+00:00,mobile,3.0,2026-04-19,0,sports,Orion,58.32,0.791,0.039,0.4796296296296296,0.7060478199718706,0.018315018315018316
U0189,I0053,view,,1,18.65,2026-04-02 08:49:22+00:00,mobile,1.0,2026-04-02,8,books,Pulse,18.65,0.745,0.249,0.1123148148148148,0.6413502109704642,0.27472527472527475
U0222,I0049,view,,1,10.95,2026-04-16 10:36:22+00:00,mobile,1.0,2026-04-16,10,books,UrbanLeaf,10.95,0.716,0.125,0.04101851851851851,0.60056258790436,0.12332112332112333
U0055,I0017,purchase,,2,25.29,2026-02-24 09:41:22+00:00,web,5.0,2026-02-24,9,beauty,UrbanLeaf,25.29,0.804,0.343,0.17379629629629628,0.7243319268635725,0.38949938949938956
U0013,I0080,purchase,,1,16.0,2026-03-03 11:38:22+00:00,web,5.0,2026-03-03,11,home,Nova,16.0,0.681,0.432,0.08777777777777777,0.5513361462728552,0.4981684981684982
U0202,I0120,view,,1,26.42,2026-04-13 21:28:22+00:00,web,1.0,2026-04-13,21,electronics,Nova,26.42,0.501,0.108,0.1842592592592593,0.29817158931082977,0.10256410256410256
U0125,I0052,view,,1,30.37,2026-03-30 12:06:22+00:00,mobile,1.0,2026-03-30,12,beauty,Nova,30.37,0.934,0.362,0.22083333333333333,0.9071729957805906,0.41269841269841273
U0187,I0056,view,,1,21.96,2026-02-06 16:03:22+00:00,mobile,1.0,2026-02-06,16,books,Nova,21.96,0.606,0.146,0.14296296296296296,0.4458509142053445,0.14896214896214896
U0048,I0101,view,,1,48.0,2026-02-17 09:38:22+00:00,mobile,1.0,2026-02-17,9,electronics,UrbanLeaf,48.0,0.773,0.338,0.38407407407407407,0.6807313642756679,0.3833943833943835
U0003,I0005,view,,1,20.52,2026-03-16 16:10:22+00:00,mobile,1.0,2026-03-16,16,home,ZenCo,20.52,0.669,0.275,0.1296296296296296,0.5344585091420535,0.3064713064713065
U0031,I0091,view,,1,42.99,2026-02-25 07:04:22+00:00,web,1.0,2026-02-25,7,beauty,ZenCo,42.99,0.592,0.222,0.3376851851851852,0.4261603375527425,0.2417582417582418
U0033,I0089,purchase,,1,40.79,2026-03-31 02:06:22+00:00,web,5.0,2026-03-31,2,sports,Pulse,40.79,0.627,0.22,0.3173148148148148,0.47538677918424754,0.23931623931623935
U0074,I0023,view,,1,51.99,2026-03-02 02:52:22+00:00,web,1.0,2026-03-02,2,fashion,Pulse,51.99,0.717,0.455,0.4210185185185185,0.6019690576652602,0.5262515262515263
U0132,I0017,purchase,,1,25.29,2026-05-01 02:58:22+00:00,mobile,5.0,2026-05-01,2,beauty,UrbanLeaf,25.29,0.804,0.343,0.17379629629629628,0.7243319268635725,0.38949938949938956
U0157,I0092,view,,1,16.23,2026-04-08 13:09:22+00:00,web,1.0,2026-04-08,13,beauty,ZenCo,16.23,0.8140000000000001,0.035,0.0899074074074074,0.7383966244725738,0.013431013431013435
U0020,I0119,view,,1,34.0,2026-02-25 11:21:22+00:00,web,1.0,2026-02-25,11,beauty,Pulse,34.0,0.9460000000000001,0.10400000000000001,0.2544444444444444,0.9240506329113923,0.0976800976800977
U0198,I0073,purchase,,2,25.28,2026-02-23 03:30:22+00:00,web,5.0,2026-02-23,3,electronics,Pulse,25.28,0.545,0.116,0.1737037037037037,0.360056258790436,0.11233211233211235
U0125,I0098,view,,1,35.06,2026-02-07 05:17:22+00:00,web,1.0,2026-02-07,5,books,Pulse,35.06,0.709,0.449,0.2642592592592593,0.590717299578059,0.518925518925519
U0104,I0064,view,,1,28.05,2026-04-04 23:07:22+00:00,mobile,1.0,2026-04-04,23,sports,Nova,28.05,0.641,0.34500000000000003,0.19935185185185184,0.49507735583684953,0.391941391941392
U0153,I0096,view,,1,36.87,2026-04-03 10:26:22+00:00,web,1.0,2026-04-03,10,home,UrbanLeaf,36.87,0.675,0.17,0.2810185185185185,0.5428973277074544,0.1782661782661783
U0143,I0060,rating,4.0,1,48.07,2026-02-03 02:55:22+00:00,mobile,4.0,2026-02-03,2,fashion,ZenCo,48.07,0.742,0.151,0.38472222222222224,0.6371308016877636,0.15506715506715507
U0069,I0077,rating,4.0,1,43.74,2026-04-29 06:20:22+00:00,mobile,4.0,2026-04-29,6,home,Orion,43.74,0.756,0.41600000000000004,0.3446296296296296,0.6568213783403657,0.4786324786324787
U0018,I0001,cart,,1,31.44,2026-04-02 15:09:22+00:00,web,3.0,2026-04-02,15,home,Aster,31.44,0.778,0.255,0.23074074074074075,0.6877637130801687,0.28205128205128205
U0107,I0002,view,,1,22.56,2026-03-08 14:13:22+00:00,web,1.0,2026-03-08,14,beauty,ZenCo,22.56,0.848,0.169,0.1485185185185185,0.7862165963431785,0.17704517704517708
U0082,I0117,rating,4.0,1,42.8,2026-04-09 00:48:22+00:00,mobile,4.0,2026-04-09,0,electronics,Pulse,42.8,0.8160000000000001,0.231,0.3359259259259259,0.7412095639943742,0.2527472527472528
U0066,I0093,cart,,1,35.82,2026-02-05 08:31:22+00:00,web,3.0,2026-02-05,8,fashion,UrbanLeaf,35.82,0.616,0.268,0.2712962962962963,0.4599156118143459,0.297924297924298
U0161,I0006,rating,3.0,1,21.38,2026-04-15 22:43:22+00:00,mobile,3.0,2026-04-15,22,electronics,UrbanLeaf,21.38,0.626,0.395,0.1375925925925926,0.47398030942334735,0.45299145299145305
U0027,I0005,purchase,,1,20.52,2026-03-12 05:08:22+00:00,mobile,5.0,2026-03-12,5,home,ZenCo,20.52,0.669,0.275,0.1296296296296296,0.5344585091420535,0.3064713064713065
U0032,I0047,view,,1,36.67,2026-02-04 20:00:22+00:00,mobile,1.0,2026-02-04,20,home,Aster,36.67,0.966,0.395,0.2791666666666667,0.9521800281293952,0.45299145299145305
U0160,I0081,rating,5.0,1,60.65,2026-04-28 16:02:22+00:00,web,5.0,2026-04-28,16,home,Orion,60.65,0.7010000000000001,0.10300000000000001,0.5012037037037036,0.579465541490858,0.09645909645909648
U0111,I0005,cart,,1,20.52,2026-02-20 15:51:22+00:00,mobile,3.0,2026-02-20,15,home,ZenCo,20.52,0.669,0.275,0.1296296296296296,0.5344585091420535,0.3064713064713065
U0201,I0063,purchase,,1,17.91,2026-03-03 01:43:22+00:00,web,5.0,2026-03-03,1,beauty,Nova,17.91,0.875,0.47300000000000003,0.10546296296296297,0.8241912798874823,0.5482295482295483
U0166,I0120,purchase,,1,26.42,2026-03-22 03:02:22+00:00,web,5.0,2026-03-22,3,electronics,Nova,26.42,0.501,0.108,0.1842592592592593,0.29817158931082977,0.10256410256410256
U0051,I0072,view,,1,21.99,2026-02-24 23:27:22+00:00,mobile,1.0,2026-02-24,23,electronics,Pulse,21.99,1.0,0.748,0.14324074074074072,0.9999999999999999,0.8840048840048841
U0230,I0028,view,,1,23.83,2026-02-27 14:04:22+00:00,mobile,1.0,2026-02-27,14,sports,Nova,23.83,0.467,0.08700000000000001,0.16027777777777774,0.25035161744022505,0.07692307692307694
U0115,I0042,view,,1,34.64,2026-04-14 08:57:22+00:00,mobile,1.0,2026-04-14,8,home,Nova,34.64,0.5740000000000001,0.15,0.26037037037037036,0.4008438818565402,0.15384615384615385
U0088,I0104,view,,1,41.88,2026-05-01 23:49:22+00:00,mobile,1.0,2026-05-01,23,electronics,Aster,41.88,0.799,0.487,0.3274074074074074,0.7172995780590717,0.5653235653235653
U0234,I0081,view,,1,60.65,2026-03-01 18:07:22+00:00,mobile,1.0,2026-03-01,18,home,Orion,60.65,0.7010000000000001,0.10300000000000001,0.5012037037037036,0.579465541490858,0.09645909645909648
U0002,I0092,cart,,1,16.23,2026-04-14 06:58:22+00:00,web,3.0,2026-04-14,6,beauty,ZenCo,16.23,0.8140000000000001,0.035,0.0899074074074074,0.7383966244725738,0.013431013431013435
U0202,I0074,view,,1,19.52,2026-02-04 00:51:22+00:00,web,1.0,2026-02-04,0,electronics,Nova,19.52,0.645,0.212,0.12037037037037036,0.5007032348804501,0.22954822954822957
U0234,I0082,purchase,,1,27.22,2026-04-07 08:24:22+00:00,mobile,5.0,2026-04-07,8,home,Nova,27.22,0.41300000000000003,0.363,0.19166666666666665,0.1744022503516175,0.41391941391941395
U0017,I0095,view,,1,11.84,2026-04-03 04:15:22+00:00,mobile,1.0,2026-04-03,4,sports,UrbanLeaf,11.84,0.886,0.197,0.04925925925925925,0.8396624472573838,0.21123321123321126
U0146,I0008,view,,1,36.94,2026-02-18 03:08:22+00:00,mobile,1.0,2026-02-18,3,sports,Orion,36.94,0.289,0.317,0.2816666666666666,0.0,0.35775335775335776
U0162,I0001,view,,1,31.44,2026-04-24 16:55:22+00:00,web,1.0,2026-04-24,16,home,Aster,31.44,0.778,0.255,0.23074074074074075,0.6877637130801687,0.28205128205128205
U0224,I0079,rating,5.0,1,55.92,2026-03-16 20:19:22+00:00,web,5.0,2026-03-16,20,home,Aster,55.92,0.534,0.374,0.45740740740740743,0.3445850914205345,0.4273504273504274
U0178,I0064,purchase,,2,28.05,2026-03-27 11:52:22+00:00,mobile,5.0,2026-03-27,11,sports,Nova,28.05,0.641,0.34500000000000003,0.19935185185185184,0.49507735583684953,0.391941391941392
U0118,I0115,cart,,1,29.97,2026-02-09 19:44:22+00:00,web,3.0,2026-02-09,19,beauty,Nova,29.97,0.788,0.161,0.21712962962962962,0.7018284106891702,0.1672771672771673
U0088,I0108,view,,1,101.53,2026-04-05 00:00:22+00:00,web,1.0,2026-04-05,0,beauty,UrbanLeaf,101.53,0.485,0.212,0.8797222222222222,0.2756680731364276,0.22954822954822957
U0152,I0018,cart,,1,34.0,2026-03-08 08:06:22+00:00,mobile,3.0,2026-03-08,8,books,Nova,34.0,0.517,0.384,0.2544444444444444,0.32067510548523204,0.4395604395604396
U0066,I0093,purchase,,1,35.82,2026-04-07 21:29:22+00:00,mobile,5.0,2026-04-07,21,fashion,UrbanLeaf,35.82,0.616,0.268,0.2712962962962963,0.4599156118143459,0.297924297924298
U0045,I0017,view,,1,25.29,2026-03-24 11:03:22+00:00,mobile,1.0,2026-03-24,11,beauty,UrbanLeaf,25.29,0.804,0.343,0.17379629629629628,0.7243319268635725,0.38949938949938956
U0140,I0021,view,,1,19.0,2026-02-05 17:20:22+00:00,web,1.0,2026-02-05,17,beauty,UrbanLeaf,19.0,0.844,0.467,0.11555555555555556,0.780590717299578,0.540903540903541
U0089,I0022,purchase,,1,23.73,2026-04-06 01:23:22+00:00,web,5.0,2026-04-06,1,fashion,Orion,23.73,0.511,0.524,0.15935185185185186,0.3122362869198312,0.6105006105006106
U0232,I0025,view,,1,15.52,2026-02-19 16:03:22+00:00,web,1.0,2026-02-19,16,beauty,Nova,15.52,0.76,0.761,0.08333333333333333,0.6624472573839663,0.8998778998779
U0008,I0078,view,,1,41.4,2026-02-05 15:56:22+00:00,mobile,1.0,2026-02-05,15,beauty,Pulse,41.4,0.875,0.403,0.32296296296296295,0.8241912798874823,0.46275946275946284
U0086,I0082,cart,,1,27.22,2026-04-22 19:28:22+00:00,mobile,3.0,2026-04-22,19,home,Nova,27.22,0.41300000000000003,0.363,0.19166666666666665,0.1744022503516175,0.41391941391941395
U0172,I0036,cart,,1,74.72,2026-03-19 09:01:22+00:00,mobile,3.0,2026-03-19,9,fashion,Orion,74.72,0.598,0.393,0.6314814814814814,0.43459915611814337,0.4505494505494506
U0133,I0032,view,,1,68.88,2026-02-02 02:27:22+00:00,web,1.0,2026-02-02,2,electronics,ZenCo,68.88,0.794,0.11,0.5774074074074073,0.710267229254571,0.10500610500610502
U0056,I0106,purchase,,1,26.93,2026-04-09 20:41:22+00:00,web,5.0,2026-04-09,20,sports,Nova,26.93,0.41400000000000003,0.40700000000000003,0.18898148148148147,0.1758087201125177,0.4676434676434677
U0218,I0006,view,,1,21.38,2026-04-29 09:21:22+00:00,web,1.0,2026-04-29,9,electronics,UrbanLeaf,21.38,0.626,0.395,0.1375925925925926,0.47398030942334735,0.45299145299145305
U0214,I0027,view,,1,58.32,2026-03-04 11:44:22+00:00,web,1.0,2026-03-04,11,sports,Orion,58.32,0.791,0.039,0.4796296296296296,0.7060478199718706,0.018315018315018316
U0029,I0096,view,,1,36.87,2026-03-16 20:02:22+00:00,web,1.0,2026-03-16,20,home,UrbanLeaf,36.87,0.675,0.17,0.2810185185185185,0.5428973277074544,0.1782661782661783
U0185,I0091,view,,1,42.99,2026-02-23 02:34:22+00:00,mobile,1.0,2026-02-23,2,beauty,ZenCo,42.99,0.592,0.222,0.3376851851851852,0.4261603375527425,0.2417582417582418
U0004,I0027,view,,1,58.32,2026-04-01 02:53:22+00:00,web,1.0,2026-04-01,2,sports,Orion,58.32,0.791,0.039,0.4796296296296296,0.7060478199718706,0.018315018315018316
U0218,I0040,purchase,,1,56.71,2026-04-06 19:53:22+00:00,web,5.0,2026-04-06,19,books,Orion,56.71,0.612,0.625,0.4647222222222222,0.45428973277074536,0.7338217338217339
U0104,I0087,rating,4.0,1,58.68,2026-04-03 11:57:22+00:00,web,4.0,2026-04-03,11,electronics,UrbanLeaf,58.68,0.7000000000000001,0.155,0.482962962962963,0.5780590717299579,0.15995115995115997
U0116,I0007,view,,1,50.51,2026-04-04 14:08:22+00:00,web,1.0,2026-04-04,14,books,UrbanLeaf,50.51,0.41300000000000003,0.309,0.4073148148148148,0.1744022503516175,0.347985347985348
U0056,I0095,view,,1,11.84,2026-03-17 05:16:22+00:00,mobile,1.0,2026-03-17,5,sports,UrbanLeaf,11.84,0.886,0.197,0.04925925925925925,0.8396624472573838,0.21123321123321126
U0001,I0032,view,,1,68.88,2026-04-23 16:06:22+00:00,mobile,1.0,2026-04-23,16,electronics,ZenCo,68.88,0.794,0.11,0.5774074074074073,0.710267229254571,0.10500610500610502
U0082,I0031,view,,1,6.52,2026-03-09 21:17:22+00:00,mobile,1.0,2026-03-09,21,books,UrbanLeaf,6.52,0.8240000000000001,0.45,0.0,0.7524613220815753,0.5201465201465202
U0060,I0091,purchase,,1,42.99,2026-02-12 17:14:22+00:00,web,5.0,2026-02-12,17,beauty,ZenCo,42.99,0.592,0.222,0.3376851851851852,0.4261603375527425,0.2417582417582418
U0115,I0047,rating,5.0,1,36.67,2026-02-17 22:11:22+00:00,web,5.0,2026-02-17,22,home,Aster,36.67,0.966,0.395,0.2791666666666667,0.9521800281293952,0.45299145299145305
U0017,I0036,view,,1,74.72,2026-04-17 08:49:22+00:00,mobile,1.0,2026-04-17,8,fashion,Orion,74.72,0.598,0.393,0.6314814814814814,0.43459915611814337,0.4505494505494506
U0014,I0105,view,,1,20.28,2026-04-14 23:40:22+00:00,mobile,1.0,2026-04-14,23,books,Aster,20.28,0.837,0.151,0.1274074074074074,0.770745428973277,0.15506715506715507
U0006,I0029,view,,1,83.41,2026-03-16 21:41:22+00:00,web,1.0,2026-03-16,21,home,Orion,83.41,1.0,0.71,0.7119444444444444,0.9999999999999999,0.8376068376068376
U0057,I0065,purchase,,1,45.15,2026-02-12 21:33:22+00:00,web,5.0,2026-02-12,21,fashion,Nova,45.15,0.521,0.28700000000000003,0.35768518518518516,0.3263009845288326,0.3211233211233212
U0176,I0118,cart,,1,24.81,2026-02-02 22:28:22+00:00,web,3.0,2026-02-02,22,books,Nova,24.81,1.0,0.20500000000000002,0.1693518518518518,0.9999999999999999,0.22100122100122105
U0172,I0081,view,,1,60.65,2026-04-14 14:15:22+00:00,web,1.0,2026-04-14,14,home,Orion,60.65,0.7010000000000001,0.10300000000000001,0.5012037037037036,0.579465541490858,0.09645909645909648
U0119,I0093,view,,1,35.82,2026-04-10 03:26:22+00:00,mobile,1.0,2026-04-10,3,fashion,UrbanLeaf,35.82,0.616,0.268,0.2712962962962963,0.4599156118143459,0.297924297924298
U0146,I0049,view,,1,10.95,2026-04-12 11:15:22+00:00,mobile,1.0,2026-04-12,11,books,UrbanLeaf,10.95,0.716,0.125,0.04101851851851851,0.60056258790436,0.12332112332112333
U0218,I0095,cart,,1,11.84,2026-02-02 20:40:22+00:00,mobile,3.0,2026-02-02,20,sports,UrbanLeaf,11.84,0.886,0.197,0.04925925925925925,0.8396624472573838,0.21123321123321126
U0014,I0024,cart,,1,24.65,2026-03-30 12:21:22+00:00,web,3.0,2026-03-30,12,sports,ZenCo,24.65,0.79,0.5750000000000001,0.16787037037037034,0.7046413502109704,0.6727716727716729
U0112,I0079,cart,,1,55.92,2026-04-01 00:33:22+00:00,mobile,3.0,2026-04-01,0,home,Aster,55.92,0.534,0.374,0.45740740740740743,0.3445850914205345,0.4273504273504274
U0220,I0024,cart,,1,24.65,2026-03-22 06:11:22+00:00,web,3.0,2026-03-22,6,sports,ZenCo,24.65,0.79,0.5750000000000001,0.16787037037037034,0.7046413502109704,0.6727716727716729
U0158,I0030,rating,4.0,1,19.11,2026-02-24 11:22:22+00:00,web,4.0,2026-02-24,11,fashion,Orion,19.11,0.679,0.384,0.11657407407407407,0.5485232067510549,0.4395604395604396
U0096,I0017,rating,5.0,1,25.29,2026-04-26 10:16:22+00:00,mobile,5.0,2026-04-26,10,beauty,UrbanLeaf,25.29,0.804,0.343,0.17379629629629628,0.7243319268635725,0.38949938949938956
U0115,I0016,rating,4.0,1,41.84,2026-04-01 01:00:22+00:00,web,4.0,2026-04-01,1,home,Aster,41.84,0.916,0.26,0.32703703703703707,0.8818565400843882,0.2881562881562882
U0123,I0089,view,,1,40.79,2026-04-03 13:53:22+00:00,mobile,1.0,2026-04-03,13,sports,Pulse,40.79,0.627,0.22,0.3173148148148148,0.47538677918424754,0.23931623931623935
U0041,I0015,cart,,1,19.27,2026-03-02 14:45:22+00:00,mobile,3.0,2026-03-02,14,electronics,Orion,19.27,0.914,0.342,0.11805555555555554,0.8790436005625878,0.38827838827838834
U0106,I0046,view,,1,32.06,2026-02-18 16:18:22+00:00,mobile,1.0,2026-02-18,16,books,Pulse,32.06,0.972,0.131,0.23648148148148151,0.9606188466947959,0.13064713064713065
U0079,I0053,view,,1,18.65,2026-04-19 11:40:22+00:00,mobile,1.0,2026-04-19,11,books,Pulse,18.65,0.745,0.249,0.1123148148148148,0.6413502109704642,0.27472527472527475
U0025,I0021,view,,1,19.0,2026-04-19 00:53:22+00:00,web,1.0,2026-04-19,0,beauty,UrbanLeaf,19.0,0.844,0.467,0.11555555555555556,0.780590717299578,0.540903540903541
U0224,I0090,view,,1,12.85,2026-03-22 03:11:22+00:00,mobile,1.0,2026-03-22,3,home,Orion,12.85,0.41200000000000003,0.123,0.0586111111111111,0.1729957805907174,0.1208791208791209
U0181,I0001,rating,5.0,1,31.44,2026-04-05 14:17:22+00:00,web,5.0,2026-04-05,14,home,Aster,31.44,0.778,0.255,0.23074074074074075,0.6877637130801687,0.28205128205128205
U0135,I0001,view,,1,31.44,2026-02-21 19:00:22+00:00,mobile,1.0,2026-02-21,19,home,Aster,31.44,0.778,0.255,0.23074074074074075,0.6877637130801687,0.28205128205128205
U0167,I0074,cart,,1,19.52,2026-03-07 11:16:22+00:00,web,3.0,2026-03-07,11,electronics,Nova,19.52,0.645,0.212,0.12037037037037036,0.5007032348804501,0.22954822954822957
U0193,I0059,view,,1,24.91,2026-02-26 04:30:22+00:00,mobile,1.0,2026-02-26,4,books,Pulse,24.91,0.758,0.376,0.17027777777777775,0.6596343178621659,0.4297924297924298
U0187,I0041,view,,1,35.48,2026-03-08 09:03:22+00:00,web,1.0,2026-03-08,9,fashion,UrbanLeaf,35.48,0.656,0.211,0.26814814814814814,0.5161744022503516,0.22832722832722835
U0139,I0054,view,,1,35.21,2026-03-07 09:19:22+00:00,web,1.0,2026-03-07,9,beauty,UrbanLeaf,35.21,0.667,0.323,0.26564814814814813,0.5316455696202532,0.3650793650793651
U0031,I0090,view,,1,12.85,2026-04-14 23:51:22+00:00,web,1.0,2026-04-14,23,home,Orion,12.85,0.41200000000000003,0.123,0.0586111111111111,0.1729957805907174,0.1208791208791209
U0136,I0075,view,,1,25.5,2026-04-01 17:45:22+00:00,mobile,1.0,2026-04-01,17,sports,ZenCo,25.5,0.7000000000000001,0.32,0.17574074074074075,0.5780590717299579,0.36141636141636146
U0127,I0097,view,,1,42.6,2026-03-24 12:53:22+00:00,web,1.0,2026-03-24,12,fashion,ZenCo,42.6,0.549,0.041,0.3340740740740741,0.3656821378340366,0.020757020757020763
U0105,I0048,rating,5.0,1,22.53,2026-03-25 05:04:22+00:00,web,5.0,2026-03-25,5,books,Nova,22.53,0.897,0.2,0.14824074074074073,0.8551336146272855,0.2148962148962149
U0196,I0065,purchase,,1,45.15,2026-04-23 00:16:22+00:00,mobile,5.0,2026-04-23,0,fashion,Nova,45.15,0.521,0.28700000000000003,0.35768518518518516,0.3263009845288326,0.3211233211233212
U0097,I0078,view,,1,41.4,2026-02-14 20:39:22+00:00,web,1.0,2026-02-14,20,beauty,Pulse,41.4,0.875,0.403,0.32296296296296295,0.8241912798874823,0.46275946275946284
U0124,I0003,view,,1,12.56,2026-02-08 03:42:22+00:00,mobile,1.0,2026-02-08,3,home,Pulse,12.56,0.686,0.39,0.055925925925925934,0.5583684950773559,0.4468864468864469
U0129,I0100,rating,3.0,1,54.26,2026-02-15 17:43:22+00:00,web,3.0,2026-02-15,17,sports,UrbanLeaf,54.26,0.5670000000000001,0.527,0.44203703703703706,0.39099859353023914,0.6141636141636142
U0171,I0052,purchase,,2,30.37,2026-03-04 18:50:22+00:00,mobile,5.0,2026-03-04,18,beauty,Nova,30.37,0.934,0.362,0.22083333333333333,0.9071729957805906,0.41269841269841273
U0239,I0069,view,,1,41.22,2026-03-16 14:07:22+00:00,mobile,1.0,2026-03-16,14,books,UrbanLeaf,41.22,0.896,0.375,0.3212962962962963,0.8537271448663853,0.4285714285714286
U0061,I0001,view,,1,31.44,2026-02-07 18:07:22+00:00,mobile,1.0,2026-02-07,18,home,Aster,31.44,0.778,0.255,0.23074074074074075,0.6877637130801687,0.28205128205128205
U0207,I0103,cart,,1,51.23,2026-03-25 13:20:22+00:00,web,3.0,2026-03-25,13,beauty,ZenCo,51.23,0.537,0.259,0.41398148148148145,0.3488045007032349,0.28693528693528697
U0039,I0012,cart,,1,67.3,2026-03-19 08:57:22+00:00,mobile,3.0,2026-03-19,8,sports,Pulse,67.3,0.642,0.37,0.5627777777777777,0.4964838255977496,0.4224664224664225
U0126,I0082,view,,1,27.22,2026-02-09 04:13:22+00:00,web,1.0,2026-02-09,4,home,Nova,27.22,0.41300000000000003,0.363,0.19166666666666665,0.1744022503516175,0.41391941391941395
U0034,I0102,cart,,1,45.37,2026-04-23 04:58:22+00:00,web,3.0,2026-04-23,4,electronics,UrbanLeaf,45.37,0.5690000000000001,0.498,0.3597222222222222,0.3938115330520394,0.5787545787545788
U0093,I0026,purchase,,1,13.5,2026-03-02 03:26:22+00:00,web,5.0,2026-03-02,3,home,ZenCo,13.5,0.481,0.19,0.06462962962962963,0.27004219409282704,0.2026862026862027
U0126,I0060,view,,1,48.07,2026-04-28 01:38:22+00:00,mobile,1.0,2026-04-28,1,fashion,ZenCo,48.07,0.742,0.151,0.38472222222222224,0.6371308016877636,0.15506715506715507
U0010,I0019,rating,4.0,1,35.63,2026-04-18 06:13:22+00:00,mobile,4.0,2026-04-18,6,beauty,UrbanLeaf,35.63,0.65,0.368,0.2695370370370371,0.5077355836849508,0.42002442002442003
U0190,I0003,view,,1,12.56,2026-04-10 04:33:22+00:00,web,1.0,2026-04-10,4,home,Pulse,12.56,0.686,0.39,0.055925925925925934,0.5583684950773559,0.4468864468864469
U0013,I0080,view,,1,16.0,2026-03-13 08:09:22+00:00,web,1.0,2026-03-13,8,home,Nova,16.0,0.681,0.432,0.08777777777777777,0.5513361462728552,0.4981684981684982
U0111,I0119,view,,1,34.0,2026-04-02 11:13:22+00:00,mobile,1.0,2026-04-02,11,beauty,Pulse,34.0,0.9460000000000001,0.10400000000000001,0.2544444444444444,0.9240506329113923,0.0976800976800977
U0036,I0022,cart,,1,23.73,2026-02-18 13:19:22+00:00,mobile,3.0,2026-02-18,13,fashion,Orion,23.73,0.511,0.524,0.15935185185185186,0.3122362869198312,0.6105006105006106
U0059,I0002,view,,1,22.56,2026-02-08 15:27:22+00:00,mobile,1.0,2026-02-08,15,beauty,ZenCo,22.56,0.848,0.169,0.1485185185185185,0.7862165963431785,0.17704517704517708
U0131,I0091,purchase,,3,42.99,2026-04-04 11:15:22+00:00,web,5.0,2026-04-04,11,beauty,ZenCo,42.99,0.592,0.222,0.3376851851851852,0.4261603375527425,0.2417582417582418
U0118,I0119,view,,1,34.0,2026-03-29 08:52:22+00:00,mobile,1.0,2026-03-29,8,beauty,Pulse,34.0,0.9460000000000001,0.10400000000000001,0.2544444444444444,0.9240506329113923,0.0976800976800977
U0076,I0092,cart,,1,16.23,2026-04-19 08:03:22+00:00,mobile,3.0,2026-04-19,8,beauty,ZenCo,16.23,0.8140000000000001,0.035,0.0899074074074074,0.7383966244725738,0.013431013431013435
U0193,I0100,view,,1,54.26,2026-03-19 04:37:22+00:00,web,1.0,2026-03-19,4,sports,UrbanLeaf,54.26,0.5670000000000001,0.527,0.44203703703703706,0.39099859353023914,0.6141636141636142
U0207,I0022,view,,1,23.73,2026-02-02 03:59:22+00:00,mobile,1.0,2026-02-02,3,fashion,Orion,23.73,0.511,0.524,0.15935185185185186,0.3122362869198312,0.6105006105006106
U0020,I0120,cart,,1,26.42,2026-02-27 08:47:22+00:00,web,3.0,2026-02-27,8,electronics,Nova,26.42,0.501,0.108,0.1842592592592593,0.29817158931082977,0.10256410256410256
U0026,I0016,view,,1,41.84,2026-04-21 03:49:22+00:00,mobile,1.0,2026-04-21,3,home,Aster,41.84,0.916,0.26,0.32703703703703707,0.8818565400843882,0.2881562881562882
U0190,I0096,rating,4.0,1,36.87,2026-03-12 03:46:22+00:00,mobile,4.0,2026-03-12,3,home,UrbanLeaf,36.87,0.675,0.17,0.2810185185185185,0.5428973277074544,0.1782661782661783
U0188,I0055,purchase,,1,14.43,2026-03-03 07:25:22+00:00,web,5.0,2026-03-03,7,books,Aster,14.43,0.875,0.322,0.07324074074074073,0.8241912798874823,0.3638583638583639
U0191,I0016,rating,4.0,1,41.84,2026-02-19 19:22:22+00:00,mobile,4.0,2026-02-19,19,home,Aster,41.84,0.916,0.26,0.32703703703703707,0.8818565400843882,0.2881562881562882
U0045,I0052,view,,1,30.37,2026-02-07 12:27:22+00:00,web,1.0,2026-02-07,12,beauty,Nova,30.37,0.934,0.362,0.22083333333333333,0.9071729957805906,0.41269841269841273
U0123,I0037,rating,5.0,1,17.51,2026-04-04 11:09:22+00:00,mobile,5.0,2026-04-04,11,sports,ZenCo,17.51,0.519,0.554,0.10175925925925926,0.3234880450070323,0.6471306471306473
U0085,I0019,rating,4.0,1,35.63,2026-03-06 07:23:22+00:00,web,4.0,2026-03-06,7,beauty,UrbanLeaf,35.63,0.65,0.368,0.2695370370370371,0.5077355836849508,0.42002442002442003
U0133,I0074,cart,,1,19.52,2026-04-13 07:40:22+00:00,web,3.0,2026-04-13,7,electronics,Nova,19.52,0.645,0.212,0.12037037037037036,0.5007032348804501,0.22954822954822957
U0094,I0042,view,,1,34.64,2026-03-10 17:26:22+00:00,web,1.0,2026-03-10,17,home,Nova,34.64,0.5740000000000001,0.15,0.26037037037037036,0.4008438818565402,0.15384615384615385
U0074,I0112,view,,1,53.68,2026-02-22 01:06:22+00:00,web,1.0,2026-02-22,1,fashion,Pulse,53.68,0.342,0.187,0.43666666666666665,0.07454289732770752,0.19902319902319904
U0104,I0079,view,,1,55.92,2026-02-18 04:42:22+00:00,web,1.0,2026-02-18,4,home,Aster,55.92,0.534,0.374,0.45740740740740743,0.3445850914205345,0.4273504273504274
U0187,I0118,cart,,1,24.81,2026-02-17 13:07:22+00:00,mobile,3.0,2026-02-17,13,books,Nova,24.81,1.0,0.20500000000000002,0.1693518518518518,0.9999999999999999,0.22100122100122105
U0026,I0016,cart,,1,41.84,2026-03-25 23:01:22+00:00,web,3.0,2026-03-25,23,home,Aster,41.84,0.916,0.26,0.32703703703703707,0.8818565400843882,0.2881562881562882
U0020,I0060,view,,1,48.07,2026-02-22 18:40:22+00:00,web,1.0,2026-02-22,18,fashion,ZenCo,48.07,0.742,0.151,0.38472222222222224,0.6371308016877636,0.15506715506715507
U0189,I0026,view,,1,13.5,2026-03-08 11:36:22+00:00,web,1.0,2026-03-08,11,home,ZenCo,13.5,0.481,0.19,0.06462962962962963,0.27004219409282704,0.2026862026862027
U0233,I0027,cart,,1,58.32,2026-02-21 02:55:22+00:00,mobile,3.0,2026-02-21,2,sports,Orion,58.32,0.791,0.039,0.4796296296296296,0.7060478199718706,0.018315018315018316
U0189,I0008,rating,4.0,1,36.94,2026-04-05 12:17:22+00:00,mobile,4.0,2026-04-05,12,sports,Orion,36.94,0.289,0.317,0.2816666666666666,0.0,0.35775335775335776
U0186,I0110,cart,,1,26.64,2026-02-06 03:07:22+00:00,mobile,3.0,2026-02-06,3,sports,Aster,26.64,0.805,0.6900000000000001,0.1862962962962963,0.7257383966244725,0.8131868131868133
U0185,I0045,view,,1,27.1,2026-03-25 21:52:22+00:00,mobile,1.0,2026-03-25,21,beauty,ZenCo,27.1,0.927,0.165,0.1905555555555556,0.8973277074542897,0.1721611721611722
U0095,I0072,view,,1,21.99,2026-03-20 09:44:22+00:00,mobile,1.0,2026-03-20,9,electronics,Pulse,21.99,1.0,0.748,0.14324074074074072,0.9999999999999999,0.8840048840048841
U0019,I0107,purchase,,2,14.01,2026-02-08 10:49:22+00:00,mobile,5.0,2026-02-08,10,electronics,Orion,14.01,0.914,0.24,0.06935185185185185,0.8790436005625878,0.26373626373626374
U0180,I0115,view,,1,29.97,2026-02-04 20:05:22+00:00,mobile,1.0,2026-02-04,20,beauty,Nova,29.97,0.788,0.161,0.21712962962962962,0.7018284106891702,0.1672771672771673
U0120,I0059,cart,,1,24.91,2026-04-25 06:13:22+00:00,web,3.0,2026-04-25,6,books,Pulse,24.91,0.758,0.376,0.17027777777777775,0.6596343178621659,0.4297924297924298
U0170,I0114,view,,1,33.44,2026-02-14 03:51:22+00:00,mobile,1.0,2026-02-14,3,fashion,Nova,33.44,0.752,0.39,0.24925925925925924,0.6511954992967651,0.4468864468864469
U0057,I0028,view,,1,23.83,2026-05-02 13:56:22+00:00,mobile,1.0,2026-05-02,13,sports,Nova,23.83,0.467,0.08700000000000001,0.16027777777777774,0.25035161744022505,0.07692307692307694
U0060,I0103,view,,1,51.23,2026-04-22 08:19:22+00:00,mobile,1.0,2026-04-22,8,beauty,ZenCo,51.23,0.537,0.259,0.41398148148148145,0.3488045007032349,0.28693528693528697
U0100,I0065,view,,1,45.15,2026-02-22 10:38:22+00:00,web,1.0,2026-02-22,10,fashion,Nova,45.15,0.521,0.28700000000000003,0.35768518518518516,0.3263009845288326,0.3211233211233212
U0097,I0022,rating,3.0,1,23.73,2026-03-01 23:01:22+00:00,mobile,3.0,2026-03-01,23,fashion,Orion,23.73,0.511,0.524,0.15935185185185186,0.3122362869198312,0.6105006105006106
U0008,I0010,rating,4.0,1,50.12,2026-04-30 20:30:22+00:00,mobile,4.0,2026-04-30,20,electronics,Pulse,50.12,0.591,0.252,0.4037037037037037,0.42475386779184243,0.2783882783882784
U0021,I0068,cart,,1,16.18,2026-02-04 04:51:22+00:00,mobile,3.0,2026-02-04,4,electronics,ZenCo,16.18,0.66,0.20500000000000002,0.08944444444444445,0.5218002812939522,0.22100122100122105
U0009,I0099,view,,1,19.36,2026-03-30 15:13:22+00:00,mobile,1.0,2026-03-30,15,fashion,ZenCo,19.36,0.81,0.17,0.11888888888888889,0.7327707454289732,0.1782661782661783
U0073,I0027,cart,,1,58.32,2026-02-08 15:15:22+00:00,web,3.0,2026-02-08,15,sports,Orion,58.32,0.791,0.039,0.4796296296296296,0.7060478199718706,0.018315018315018316
U0072,I0059,view,,1,24.91,2026-02-21 11:36:22+00:00,mobile,1.0,2026-02-21,11,books,Pulse,24.91,0.758,0.376,0.17027777777777775,0.6596343178621659,0.4297924297924298
U0037,I0037,cart,,1,17.51,2026-04-28 15:18:22+00:00,mobile,3.0,2026-04-28,15,sports,ZenCo,17.51,0.519,0.554,0.10175925925925926,0.3234880450070323,0.6471306471306473
U0042,I0008,view,,1,36.94,2026-02-18 02:03:22+00:00,web,1.0,2026-02-18,2,sports,Orion,36.94,0.289,0.317,0.2816666666666666,0.0,0.35775335775335776
U0077,I0082,view,,1,27.22,2026-02-17 07:41:22+00:00,mobile,1.0,2026-02-17,7,home,Nova,27.22,0.41300000000000003,0.363,0.19166666666666665,0.1744022503516175,0.41391941391941395
U0232,I0057,view,,1,46.42,2026-02-14 20:53:22+00:00,web,1.0,2026-02-14,20,beauty,Orion,46.42,0.791,0.304,0.36944444444444446,0.7060478199718706,0.3418803418803419
U0161,I0018,view,,1,34.0,2026-04-10 09:36:22+00:00,web,1.0,2026-04-10,9,books,Nova,34.0,0.517,0.384,0.2544444444444444,0.32067510548523204,0.4395604395604396
U0237,I0069,purchase,,1,41.22,2026-04-02 19:07:22+00:00,web,5.0,2026-04-02,19,books,UrbanLeaf,41.22,0.896,0.375,0.3212962962962963,0.8537271448663853,0.4285714285714286
U0136,I0055,view,,1,14.43,2026-04-03 20:17:22+00:00,mobile,1.0,2026-04-03,20,books,Aster,14.43,0.875,0.322,0.07324074074074073,0.8241912798874823,0.3638583638583639
U0189,I0029,view,,1,83.41,2026-04-09 19:10:22+00:00,web,1.0,2026-04-09,19,home,Orion,83.41,1.0,0.71,0.7119444444444444,0.9999999999999999,0.8376068376068376
U0181,I0026,view,,1,13.5,2026-04-09 11:29:22+00:00,mobile,1.0,2026-04-09,11,home,ZenCo,13.5,0.481,0.19,0.06462962962962963,0.27004219409282704,0.2026862026862027
U0130,I0070,view,,1,26.73,2026-03-26 05:09:22+00:00,web,1.0,2026-03-26,5,home,Nova,26.73,0.365,0.634,0.18712962962962965,0.10689170182841068,0.7448107448107448
U0110,I0048,view,,1,22.53,2026-03-15 14:20:22+00:00,web,1.0,2026-03-15,14,books,Nova,22.53,0.897,0.2,0.14824074074074073,0.8551336146272855,0.2148962148962149
U0134,I0034,purchase,,1,32.38,2026-05-01 00:08:22+00:00,mobile,5.0,2026-05-01,0,fashion,Pulse,32.38,0.362,0.199,0.23944444444444446,0.10267229254571031,0.2136752136752137
U0015,I0103,view,,1,51.23,2026-03-01 19:03:22+00:00,mobile,1.0,2026-03-01,19,beauty,ZenCo,51.23,0.537,0.259,0.41398148148148145,0.3488045007032349,0.28693528693528697
U0009,I0073,view,,1,25.28,2026-02-04 01:30:22+00:00,mobile,1.0,2026-02-04,1,electronics,Pulse,25.28,0.545,0.116,0.1737037037037037,0.360056258790436,0.11233211233211235
U0072,I0115,purchase,,1,29.97,2026-03-17 21:11:22+00:00,mobile,5.0,2026-03-17,21,beauty,Nova,29.97,0.788,0.161,0.21712962962962962,0.7018284106891702,0.1672771672771673
U0161,I0018,purchase,,1,34.0,2026-02-25 04:32:22+00:00,mobile,5.0,2026-02-25,4,books,Nova,34.0,0.517,0.384,0.2544444444444444,0.32067510548523204,0.4395604395604396
U0219,I0095,view,,1,11.84,2026-03-09 00:27:22+00:00,web,1.0,2026-03-09,0,sports,UrbanLeaf,11.84,0.886,0.197,0.04925925925925925,0.8396624472573838,0.21123321123321126
U0202,I0071,rating,5.0,1,31.77,2026-03-10 12:58:22+00:00,web,5.0,2026-03-10,12,electronics,ZenCo,31.77,0.595,0.32,0.23379629629629628,0.430379746835443,0.36141636141636146
U0236,I0090,purchase,,1,12.85,2026-04-17 01:54:22+00:00,mobile,5.0,2026-04-17,1,home,Orion,12.85,0.41200000000000003,0.123,0.0586111111111111,0.1729957805907174,0.1208791208791209
U0236,I0057,view,,1,46.42,2026-04-29 13:22:22+00:00,web,1.0,2026-04-29,13,beauty,Orion,46.42,0.791,0.304,0.36944444444444446,0.7060478199718706,0.3418803418803419
U0090,I0060,view,,1,48.07,2026-04-28 15:33:22+00:00,web,1.0,2026-04-28,15,fashion,ZenCo,48.07,0.742,0.151,0.38472222222222224,0.6371308016877636,0.15506715506715507
U0024,I0010,rating,5.0,1,50.12,2026-04-26 21:20:22+00:00,mobile,5.0,2026-04-26,21,electronics,Pulse,50.12,0.591,0.252,0.4037037037037037,0.42475386779184243,0.2783882783882784
U0015,I0017,view,,1,25.29,2026-04-01 07:36:22+00:00,mobile,1.0,2026-04-01,7,beauty,UrbanLeaf,25.29,0.804,0.343,0.17379629629629628,0.7243319268635725,0.38949938949938956
U0007,I0099,purchase,,1,19.36,2026-03-10 05:47:22+00:00,mobile,5.0,2026-03-10,5,fashion,ZenCo,19.36,0.81,0.17,0.11888888888888889,0.7327707454289732,0.1782661782661783
U0094,I0077,view,,1,43.74,2026-04-20 13:05:22+00:00,web,1.0,2026-04-20,13,home,Orion,43.74,0.756,0.41600000000000004,0.3446296296296296,0.6568213783403657,0.4786324786324787
U0079,I0069,purchase,,2,41.22,2026-03-09 20:34:22+00:00,web,5.0,2026-03-09,20,books,UrbanLeaf,41.22,0.896,0.375,0.3212962962962963,0.8537271448663853,0.4285714285714286
U0228,I0052,cart,,1,30.37,2026-02-12 05:30:22+00:00,mobile,3.0,2026-02-12,5,beauty,Nova,30.37,0.934,0.362,0.22083333333333333,0.9071729957805906,0.41269841269841273
U0226,I0033,cart,,1,24.72,2026-02-28 04:26:22+00:00,web,3.0,2026-02-28,4,books,Orion,24.72,0.727,0.5650000000000001,0.1685185185185185,0.6160337552742615,0.6605616605616607
U0053,I0116,view,,1,59.11,2026-02-19 12:09:22+00:00,mobile,1.0,2026-02-19,12,electronics,Aster,59.11,0.622,0.58,0.48694444444444446,0.4683544303797468,0.6788766788766789
U0129,I0003,purchase,,1,12.56,2026-02-08 11:28:22+00:00,web,5.0,2026-02-08,11,home,Pulse,12.56,0.686,0.39,0.055925925925925934,0.5583684950773559,0.4468864468864469
U0022,I0055,view,,1,14.43,2026-03-05 15:59:22+00:00,mobile,1.0,2026-03-05,15,books,Aster,14.43,0.875,0.322,0.07324074074074073,0.8241912798874823,0.3638583638583639
U0234,I0023,view,,1,51.99,2026-03-19 20:21:22+00:00,mobile,1.0,2026-03-19,20,fashion,Pulse,51.99,0.717,0.455,0.4210185185185185,0.6019690576652602,0.5262515262515263
U0047,I0051,view,,1,24.93,2026-02-23 10:10:22+00:00,web,1.0,2026-02-23,10,fashion,Pulse,24.93,0.607,0.373,0.17046296296296293,0.4472573839662447,0.42612942612942617
U0143,I0063,rating,4.0,1,17.91,2026-02-28 02:49:22+00:00,mobile,4.0,2026-02-28,2,beauty,Nova,17.91,0.875,0.47300000000000003,0.10546296296296297,0.8241912798874823,0.5482295482295483
U0006,I0006,purchase,,3,21.38,2026-03-02 09:50:22+00:00,web,5.0,2026-03-02,9,electronics,UrbanLeaf,21.38,0.626,0.395,0.1375925925925926,0.47398030942334735,0.45299145299145305
U0179,I0013,view,,1,28.54,2026-03-18 15:48:22+00:00,mobile,1.0,2026-03-18,15,electronics,ZenCo,28.54,0.846,0.024,0.2038888888888889,0.7834036568213781,0.0
U0131,I0001,view,,1,31.44,2026-02-16 18:34:22+00:00,mobile,1.0,2026-02-16,18,home,Aster,31.44,0.778,0.255,0.23074074074074075,0.6877637130801687,0.28205128205128205
U0101,I0054,purchase,,1,35.21,2026-04-14 06:11:22+00:00,web,5.0,2026-04-14,6,beauty,UrbanLeaf,35.21,0.667,0.323,0.26564814814814813,0.5316455696202532,0.3650793650793651
U0054,I0109,view,,1,70.56,2026-03-28 04:47:22+00:00,web,1.0,2026-03-28,4,home,Aster,70.56,0.78,0.5680000000000001,0.5929629629629629,0.6905766526019691,0.6642246642246643
U0031,I0016,rating,3.0,1,41.84,2026-02-07 16:59:22+00:00,web,3.0,2026-02-07,16,home,Aster,41.84,0.916,0.26,0.32703703703703707,0.8818565400843882,0.2881562881562882
U0052,I0044,view,,1,16.15,2026-02-19 20:52:22+00:00,mobile,1.0,2026-02-19,20,home,Aster,16.15,0.797,0.046,0.08916666666666666,0.7144866385372713,0.02686202686202686
U0145,I0089,rating,3.0,1,40.79,2026-02-22 11:19:22+00:00,mobile,3.0,2026-02-22,11,sports,Pulse,40.79,0.627,0.22,0.3173148148148148,0.47538677918424754,0.23931623931623935
U0050,I0068,view,,1,16.18,2026-04-26 09:08:22+00:00,mobile,1.0,2026-04-26,9,electronics,ZenCo,16.18,0.66,0.20500000000000002,0.08944444444444445,0.5218002812939522,0.22100122100122105
U0109,I0070,view,,1,26.73,2026-04-13 03:37:22+00:00,mobile,1.0,2026-04-13,3,home,Nova,26.73,0.365,0.634,0.18712962962962965,0.10689170182841068,0.7448107448107448
U0067,I0077,view,,1,43.74,2026-04-06 20:16:22+00:00,web,1.0,2026-04-06,20,home,Orion,43.74,0.756,0.41600000000000004,0.3446296296296296,0.6568213783403657,0.4786324786324787
U0060,I0091,cart,,1,42.99,2026-04-16 00:22:22+00:00,mobile,3.0,2026-04-16,0,beauty,ZenCo,42.99,0.592,0.222,0.3376851851851852,0.4261603375527425,0.2417582417582418
U0143,I0072,view,,1,21.99,2026-03-25 21:34:22+00:00,web,1.0,2026-03-25,21,electronics,Pulse,21.99,1.0,0.748,0.14324074074074072,0.9999999999999999,0.8840048840048841
U0053,I0073,view,,1,25.28,2026-04-07 20:30:22+00:00,web,1.0,2026-04-07,20,electronics,Pulse,25.28,0.545,0.116,0.1737037037037037,0.360056258790436,0.11233211233211235
U0239,I0113,view,,1,36.16,2026-03-25 16:12:22+00:00,mobile,1.0,2026-03-25,16,sports,Nova,36.16,0.528,0.402,0.27444444444444444,0.33614627285513365,0.4615384615384616
U0223,I0037,cart,,1,17.51,2026-03-25 20:56:22+00:00,web,3.0,2026-03-25,20,sports,ZenCo,17.51,0.519,0.554,0.10175925925925926,0.3234880450070323,0.6471306471306473
U0146,I0117,purchase,,1,42.8,2026-04-13 00:05:22+00:00,mobile,5.0,2026-04-13,0,electronics,Pulse,42.8,0.8160000000000001,0.231,0.3359259259259259,0.7412095639943742,0.2527472527472528
U0136,I0055,view,,1,14.43,2026-04-12 18:52:22+00:00,web,1.0,2026-04-12,18,books,Aster,14.43,0.875,0.322,0.07324074074074073,0.8241912798874823,0.3638583638583639
U0155,I0073,cart,,1,25.28,2026-04-20 08:14:22+00:00,mobile,3.0,2026-04-20,8,electronics,Pulse,25.28,0.545,0.116,0.1737037037037037,0.360056258790436,0.11233211233211235
U0220,I0031,cart,,1,6.52,2026-02-27 19:45:22+00:00,mobile,3.0,2026-02-27,19,books,UrbanLeaf,6.52,0.8240000000000001,0.45,0.0,0.7524613220815753,0.5201465201465202
U0145,I0113,view,,1,36.16,2026-04-09 10:29:22+00:00,mobile,1.0,2026-04-09,10,sports,Nova,36.16,0.528,0.402,0.27444444444444444,0.33614627285513365,0.4615384615384616
U0110,I0066,view,,1,22.7,2026-04-27 13:27:22+00:00,web,1.0,2026-04-27,13,sports,UrbanLeaf,22.7,0.8230000000000001,0.216,0.1498148148148148,0.7510548523206751,0.23443223443223443
U0202,I0010,rating,5.0,1,50.12,2026-03-10 10:00:22+00:00,web,5.0,2026-03-10,10,electronics,Pulse,50.12,0.591,0.252,0.4037037037037037,0.42475386779184243,0.2783882783882784
U0202,I0032,view,,1,68.88,2026-03-07 05:28:22+00:00,mobile,1.0,2026-03-07,5,electronics,ZenCo,68.88,0.794,0.11,0.5774074074074073,0.710267229254571,0.10500610500610502
U0178,I0003,rating,1.0,1,12.56,2026-02-14 17:22:22+00:00,web,1.0,2026-02-14,17,home,Pulse,12.56,0.686,0.39,0.055925925925925934,0.5583684950773559,0.4468864468864469
U0087,I0074,purchase,,2,19.52,2026-03-01 08:50:22+00:00,web,5.0,2026-03-01,8,electronics,Nova,19.52,0.645,0.212,0.12037037037037036,0.5007032348804501,0.22954822954822957
U0056,I0090,purchase,,2,12.85,2026-03-13 01:42:22+00:00,mobile,5.0,2026-03-13,1,home,Orion,12.85,0.41200000000000003,0.123,0.0586111111111111,0.1729957805907174,0.1208791208791209
U0076,I0088,view,,1,30.05,2026-04-20 10:51:22+00:00,mobile,1.0,2026-04-20,10,beauty,ZenCo,30.05,0.594,0.149,0.21787037037037038,0.4289732770745428,0.15262515262515264
U0227,I0095,cart,,1,11.84,2026-04-23 02:27:22+00:00,mobile,3.0,2026-04-23,2,sports,UrbanLeaf,11.84,0.886,0.197,0.04925925925925925,0.8396624472573838,0.21123321123321126
U0143,I0045,view,,1,27.1,2026-04-28 23:55:22+00:00,web,1.0,2026-04-28,23,beauty,ZenCo,27.1,0.927,0.165,0.1905555555555556,0.8973277074542897,0.1721611721611722
U0194,I0056,view,,1,21.96,2026-03-20 01:04:22+00:00,mobile,1.0,2026-03-20,1,books,Nova,21.96,0.606,0.146,0.14296296296296296,0.4458509142053445,0.14896214896214896
U0084,I0116,purchase,,1,59.11,2026-02-21 16:13:22+00:00,web,5.0,2026-02-21,16,electronics,Aster,59.11,0.622,0.58,0.48694444444444446,0.4683544303797468,0.6788766788766789
U0223,I0027,view,,1,58.32,2026-04-08 19:03:22+00:00,mobile,1.0,2026-04-08,19,sports,Orion,58.32,0.791,0.039,0.4796296296296296,0.7060478199718706,0.018315018315018316
U0125,I0057,cart,,1,46.42,2026-02-24 17:42:22+00:00,web,3.0,2026-02-24,17,beauty,Orion,46.42,0.791,0.304,0.36944444444444446,0.7060478199718706,0.3418803418803419
U0102,I0097,view,,1,42.6,2026-03-24 01:38:22+00:00,mobile,1.0,2026-03-24,1,fashion,ZenCo,42.6,0.549,0.041,0.3340740740740741,0.3656821378340366,0.020757020757020763
U0124,I0038,view,,1,23.01,2026-03-21 12:33:22+00:00,mobile,1.0,2026-03-21,12,home,Nova,23.01,0.809,0.228,0.1526851851851852,0.731364275668073,0.2490842490842491
U0230,I0089,view,,1,40.79,2026-03-16 22:00:22+00:00,web,1.0,2026-03-16,22,sports,Pulse,40.79,0.627,0.22,0.3173148148148148,0.47538677918424754,0.23931623931623935
U0090,I0081,rating,4.0,1,60.65,2026-04-29 08:54:22+00:00,web,4.0,2026-04-29,8,home,Orion,60.65,0.7010000000000001,0.10300000000000001,0.5012037037037036,0.579465541490858,0.09645909645909648
U0112,I0016,purchase,,1,41.84,2026-02-28 05:47:22+00:00,mobile,5.0,2026-02-28,5,home,Aster,41.84,0.916,0.26,0.32703703703703707,0.8818565400843882,0.2881562881562882
U0119,I0005,rating,5.0,1,20.52,2026-04-24 06:22:22+00:00,web,5.0,2026-04-24,6,home,ZenCo,20.52,0.669,0.275,0.1296296296296296,0.5344585091420535,0.3064713064713065
U0105,I0014,view,,1,30.5,2026-04-26 22:58:22+00:00,web,1.0,2026-04-26,22,electronics,ZenCo,30.5,0.544,0.221,0.22203703703703703,0.3586497890295359,0.24053724053724057
U0224,I0065,cart,,1,45.15,2026-02-04 09:21:22+00:00,web,3.0,2026-02-04,9,fashion,Nova,45.15,0.521,0.28700000000000003,0.35768518518518516,0.3263009845288326,0.3211233211233212
U0113,I0034,view,,1,32.38,2026-04-12 21:56:22+00:00,mobile,1.0,2026-04-12,21,fashion,Pulse,32.38,0.362,0.199,0.23944444444444446,0.10267229254571031,0.2136752136752137
U0232,I0015,rating,5.0,1,19.27,2026-04-18 01:10:22+00:00,web,5.0,2026-04-18,1,electronics,Orion,19.27,0.914,0.342,0.11805555555555554,0.8790436005625878,0.38827838827838834
U0079,I0031,rating,4.0,1,6.52,2026-04-12 18:19:22+00:00,mobile,4.0,2026-04-12,18,books,UrbanLeaf,6.52,0.8240000000000001,0.45,0.0,0.7524613220815753,0.5201465201465202
U0099,I0001,rating,5.0,1,31.44,2026-02-14 08:17:22+00:00,mobile,5.0,2026-02-14,8,home,Aster,31.44,0.778,0.255,0.23074074074074075,0.6877637130801687,0.28205128205128205
U0077,I0042,rating,1.0,1,34.64,2026-04-02 04:17:22+00:00,mobile,1.0,2026-04-02,4,home,Nova,34.64,0.5740000000000001,0.15,0.26037037037037036,0.4008438818565402,0.15384615384615385
U0202,I0120,rating,5.0,1,26.42,2026-03-27 05:11:22+00:00,mobile,5.0,2026-03-27,5,electronics,Nova,26.42,0.501,0.108,0.1842592592592593,0.29817158931082977,0.10256410256410256
U0136,I0032,cart,,1,68.88,2026-02-24 11:29:22+00:00,mobile,3.0,2026-02-24,11,electronics,ZenCo,68.88,0.794,0.11,0.5774074074074073,0.710267229254571,0.10500610500610502
U0013,I0042,cart,,1,34.64,2026-02-05 02:40:22+00:00,web,3.0,2026-02-05,2,home,Nova,34.64,0.5740000000000001,0.15,0.26037037037037036,0.4008438818565402,0.15384615384615385
U0048,I0116,rating,4.0,1,59.11,2026-04-08 00:23:22+00:00,mobile,4.0,2026-04-08,0,electronics,Aster,59.11,0.622,0.58,0.48694444444444446,0.4683544303797468,0.6788766788766789
U0107,I0108,view,,1,101.53,2026-02-06 01:07:22+00:00,web,1.0,2026-02-06,1,beauty,UrbanLeaf,101.53,0.485,0.212,0.8797222222222222,0.2756680731364276,0.22954822954822957
U0044,I0018,view,,1,34.0,2026-04-10 07:32:22+00:00,mobile,1.0,2026-04-10,7,books,Nova,34.0,0.517,0.384,0.2544444444444444,0.32067510548523204,0.4395604395604396
U0117,I0026,view,,1,13.5,2026-02-11 09:58:22+00:00,web,1.0,2026-02-11,9,home,ZenCo,13.5,0.481,0.19,0.06462962962962963,0.27004219409282704,0.2026862026862027
U0199,I0112,view,,1,53.68,2026-02-26 08:31:22+00:00,mobile,1.0,2026-02-26,8,fashion,Pulse,53.68,0.342,0.187,0.43666666666666665,0.07454289732770752,0.19902319902319904
U0191,I0087,view,,1,58.68,2026-04-08 16:22:22+00:00,mobile,1.0,2026-04-08,16,electronics,UrbanLeaf,58.68,0.7000000000000001,0.155,0.482962962962963,0.5780590717299579,0.15995115995115997
U0030,I0005,rating,3.0,1,20.52,2026-03-07 13:26:22+00:00,mobile,3.0,2026-03-07,13,home,ZenCo,20.52,0.669,0.275,0.1296296296296296,0.5344585091420535,0.3064713064713065
U0166,I0046,view,,1,32.06,2026-04-04 15:06:22+00:00,web,1.0,2026-04-04,15,books,Pulse,32.06,0.972,0.131,0.23648148148148151,0.9606188466947959,0.13064713064713065
U0232,I0054,view,,1,35.21,2026-02-22 18:08:22+00:00,mobile,1.0,2026-02-22,18,beauty,UrbanLeaf,35.21,0.667,0.323,0.26564814814814813,0.5316455696202532,0.3650793650793651
U0108,I0046,view,,1,32.06,2026-03-24 09:38:22+00:00,web,1.0,2026-03-24,9,books,Pulse,32.06,0.972,0.131,0.23648148148148151,0.9606188466947959,0.13064713064713065
U0118,I0063,view,,1,17.91,2026-02-12 11:49:22+00:00,mobile,1.0,2026-02-12,11,beauty,Nova,17.91,0.875,0.47300000000000003,0.10546296296296297,0.8241912798874823,0.5482295482295483
U0233,I0086,purchase,,1,33.96,2026-03-17 17:48:22+00:00,mobile,5.0,2026-03-17,17,books,Aster,33.96,0.299,0.062,0.25407407407407406,0.01406469760900142,0.0463980463980464
U0136,I0081,view,,1,60.65,2026-03-20 11:10:22+00:00,mobile,1.0,2026-03-20,11,home,Orion,60.65,0.7010000000000001,0.10300000000000001,0.5012037037037036,0.579465541490858,0.09645909645909648
U0186,I0024,view,,1,24.65,2026-02-25 18:04:22+00:00,mobile,1.0,2026-02-25,18,sports,ZenCo,24.65,0.79,0.5750000000000001,0.16787037037037034,0.7046413502109704,0.6727716727716729
U0002,I0094,view,,1,20.46,2026-03-09 08:52:22+00:00,mobile,1.0,2026-03-09,8,sports,Pulse,20.46,0.762,0.843,0.12907407407407406,0.6652601969057664,1.0000000000000002
U0147,I0015,view,,1,19.27,2026-03-09 17:14:22+00:00,web,1.0,2026-03-09,17,electronics,Orion,19.27,0.914,0.342,0.11805555555555554,0.8790436005625878,0.38827838827838834
U0142,I0118,cart,,1,24.81,2026-04-30 19:48:22+00:00,mobile,3.0,2026-04-30,19,books,Nova,24.81,1.0,0.20500000000000002,0.1693518518518518,0.9999999999999999,0.22100122100122105
U0078,I0070,purchase,,2,26.73,2026-04-23 13:30:22+00:00,mobile,5.0,2026-04-23,13,home,Nova,26.73,0.365,0.634,0.18712962962962965,0.10689170182841068,0.7448107448107448
U0002,I0038,rating,2.0,1,23.01,2026-04-22 14:50:22+00:00,mobile,2.0,2026-04-22,14,home,Nova,23.01,0.809,0.228,0.1526851851851852,0.731364275668073,0.2490842490842491
U0114,I0100,view,,1,54.26,2026-02-27 12:58:22+00:00,mobile,1.0,2026-02-27,12,sports,UrbanLeaf,54.26,0.5670000000000001,0.527,0.44203703703703706,0.39099859353023914,0.6141636141636142
U0129,I0005,purchase,,2,20.52,2026-04-05 21:50:22+00:00,web,5.0,2026-04-05,21,home,ZenCo,20.52,0.669,0.275,0.1296296296296296,0.5344585091420535,0.3064713064713065
U0014,I0030,view,,1,19.11,2026-04-26 16:14:22+00:00,mobile,1.0,2026-04-26,16,fashion,Orion,19.11,0.679,0.384,0.11657407407407407,0.5485232067510549,0.4395604395604396
U0138,I0068,view,,1,16.18,2026-04-21 00:55:22+00:00,mobile,1.0,2026-04-21,0,electronics,ZenCo,16.18,0.66,0.20500000000000002,0.08944444444444445,0.5218002812939522,0.22100122100122105
U0151,I0037,view,,1,17.51,2026-03-04 08:15:22+00:00,web,1.0,2026-03-04,8,sports,ZenCo,17.51,0.519,0.554,0.10175925925925926,0.3234880450070323,0.6471306471306473
U0073,I0037,view,,1,17.51,2026-04-22 12:12:22+00:00,mobile,1.0,2026-04-22,12,sports,ZenCo,17.51,0.519,0.554,0.10175925925925926,0.3234880450070323,0.6471306471306473
U0152,I0023,purchase,,1,51.99,2026-02-04 06:13:22+00:00,mobile,5.0,2026-02-04,6,fashion,Pulse,51.99,0.717,0.455,0.4210185185185185,0.6019690576652602,0.5262515262515263
U0162,I0001,rating,5.0,1,31.44,2026-03-01 19:06:22+00:00,web,5.0,2026-03-01,19,home,Aster,31.44,0.778,0.255,0.23074074074074075,0.6877637130801687,0.28205128205128205
U0128,I0038,rating,3.0,1,23.01,2026-03-21 03:32:22+00:00,mobile,3.0,2026-03-21,3,home,Nova,23.01,0.809,0.228,0.1526851851851852,0.731364275668073,0.2490842490842491
U0155,I0004,rating,4.0,1,24.4,2026-05-01 16:04:22+00:00,mobile,4.0,2026-05-01,16,beauty,Orion,24.4,0.794,0.045,0.1655555555555555,0.710267229254571,0.025641025641025644
U0088,I0019,view,,1,35.63,2026-04-24 03:42:22+00:00,web,1.0,2026-04-24,3,beauty,UrbanLeaf,35.63,0.65,0.368,0.2695370370370371,0.5077355836849508,0.42002442002442003
U0038,I0113,view,,1,36.16,2026-02-22 23:15:22+00:00,mobile,1.0,2026-02-22,23,sports,Nova,36.16,0.528,0.402,0.27444444444444444,0.33614627285513365,0.4615384615384616
U0134,I0068,cart,,1,16.18,2026-03-13 21:23:22+00:00,mobile,3.0,2026-03-13,21,electronics,ZenCo,16.18,0.66,0.20500000000000002,0.08944444444444445,0.5218002812939522,0.22100122100122105
U0104,I0110,view,,1,26.64,2026-02-04 11:06:22+00:00,web,1.0,2026-02-04,11,sports,Aster,26.64,0.805,0.6900000000000001,0.1862962962962963,0.7257383966244725,0.8131868131868133
U0154,I0066,cart,,1,22.7,2026-04-29 03:06:22+00:00,mobile,3.0,2026-04-29,3,sports,UrbanLeaf,22.7,0.8230000000000001,0.216,0.1498148148148148,0.7510548523206751,0.23443223443223443
U0222,I0013,view,,1,28.54,2026-03-24 16:05:22+00:00,web,1.0,2026-03-24,16,electronics,ZenCo,28.54,0.846,0.024,0.2038888888888889,0.7834036568213781,0.0
U0126,I0041,purchase,,1,35.48,2026-04-29 04:10:22+00:00,web,5.0,2026-04-29,4,fashion,UrbanLeaf,35.48,0.656,0.211,0.26814814814814814,0.5161744022503516,0.22832722832722835
U0044,I0118,cart,,1,24.81,2026-03-13 20:05:22+00:00,mobile,3.0,2026-03-13,20,books,Nova,24.81,1.0,0.20500000000000002,0.1693518518518518,0.9999999999999999,0.22100122100122105
U0237,I0118,view,,1,24.81,2026-03-09 10:56:22+00:00,mobile,1.0,2026-03-09,10,books,Nova,24.81,1.0,0.20500000000000002,0.1693518518518518,0.9999999999999999,0.22100122100122105
U0038,I0014,purchase,,1,30.5,2026-04-07 09:17:22+00:00,web,5.0,2026-04-07,9,electronics,ZenCo,30.5,0.544,0.221,0.22203703703703703,0.3586497890295359,0.24053724053724057
U0172,I0065,purchase,,3,45.15,2026-03-01 06:07:22+00:00,web,5.0,2026-03-01,6,fashion,Nova,45.15,0.521,0.28700000000000003,0.35768518518518516,0.3263009845288326,0.3211233211233212
U0131,I0081,view,,1,60.65,2026-04-01 02:38:22+00:00,mobile,1.0,2026-04-01,2,home,Orion,60.65,0.7010000000000001,0.10300000000000001,0.5012037037037036,0.579465541490858,0.09645909645909648
U0166,I0039,view,,1,14.55,2026-04-19 01:24:22+00:00,web,1.0,2026-04-19,1,electronics,ZenCo,14.55,0.483,0.47100000000000003,0.07435185185185185,0.2728551336146273,0.5457875457875458
U0052,I0047,view,,1,36.67,2026-04-02 15:22:22+00:00,mobile,1.0,2026-04-02,15,home,Aster,36.67,0.966,0.395,0.2791666666666667,0.9521800281293952,0.45299145299145305
U0090,I0042,view,,1,34.64,2026-03-26 04:09:22+00:00,mobile,1.0,2026-03-26,4,home,Nova,34.64,0.5740000000000001,0.15,0.26037037037037036,0.4008438818565402,0.15384615384615385
U0006,I0096,view,,1,36.87,2026-02-08 02:59:22+00:00,mobile,1.0,2026-02-08,2,home,UrbanLeaf,36.87,0.675,0.17,0.2810185185185185,0.5428973277074544,0.1782661782661783
U0015,I0115,rating,5.0,1,29.97,2026-03-27 07:51:22+00:00,web,5.0,2026-03-27,7,beauty,Nova,29.97,0.788,0.161,0.21712962962962962,0.7018284106891702,0.1672771672771673
U0156,I0007,view,,1,50.51,2026-04-24 23:44:22+00:00,mobile,1.0,2026-04-24,23,books,UrbanLeaf,50.51,0.41300000000000003,0.309,0.4073148148148148,0.1744022503516175,0.347985347985348
U0140,I0105,view,,1,20.28,2026-02-17 14:39:22+00:00,mobile,1.0,2026-02-17,14,books,Aster,20.28,0.837,0.151,0.1274074074074074,0.770745428973277,0.15506715506715507
U0194,I0091,cart,,1,42.99,2026-02-04 07:49:22+00:00,mobile,3.0,2026-02-04,7,beauty,ZenCo,42.99,0.592,0.222,0.3376851851851852,0.4261603375527425,0.2417582417582418
U0145,I0050,purchase,,2,15.33,2026-03-01 14:02:22+00:00,web,5.0,2026-03-01,14,beauty,UrbanLeaf,15.33,0.7010000000000001,0.115,0.08157407407407406,0.579465541490858,0.11111111111111113
U0046,I0110,view,,1,26.64,2026-02-05 19:30:22+00:00,web,1.0,2026-02-05,19,sports,Aster,26.64,0.805,0.6900000000000001,0.1862962962962963,0.7257383966244725,0.8131868131868133
U0231,I0088,view,,1,30.05,2026-03-24 17:39:22+00:00,web,1.0,2026-03-24,17,beauty,ZenCo,30.05,0.594,0.149,0.21787037037037038,0.4289732770745428,0.15262515262515264
U0135,I0072,rating,4.0,1,21.99,2026-03-26 18:07:22+00:00,mobile,4.0,2026-03-26,18,electronics,Pulse,21.99,1.0,0.748,0.14324074074074072,0.9999999999999999,0.8840048840048841
U0054,I0026,rating,3.0,1,13.5,2026-03-04 20:06:22+00:00,mobile,3.0,2026-03-04,20,home,ZenCo,13.5,0.481,0.19,0.06462962962962963,0.27004219409282704,0.2026862026862027
U0110,I0064,view,,1,28.05,2026-02-26 22:09:22+00:00,web,1.0,2026-02-26,22,sports,Nova,28.05,0.641,0.34500000000000003,0.19935185185185184,0.49507735583684953,0.391941391941392
U0102,I0083,view,,1,17.83,2026-04-25 00:55:22+00:00,mobile,1.0,2026-04-25,0,sports,Aster,17.83,0.483,0.085,0.1047222222222222,0.2728551336146273,0.0744810744810745
U0046,I0082,view,,1,27.22,2026-04-25 04:06:22+00:00,web,1.0,2026-04-25,4,home,Nova,27.22,0.41300000000000003,0.363,0.19166666666666665,0.1744022503516175,0.41391941391941395
U0088,I0017,view,,1,25.29,2026-03-24 06:15:22+00:00,mobile,1.0,2026-03-24,6,beauty,UrbanLeaf,25.29,0.804,0.343,0.17379629629629628,0.7243319268635725,0.38949938949938956
U0164,I0028,purchase,,1,23.83,2026-02-05 03:51:22+00:00,mobile,5.0,2026-02-05,3,sports,Nova,23.83,0.467,0.08700000000000001,0.16027777777777774,0.25035161744022505,0.07692307692307694
U0133,I0109,rating,5.0,1,70.56,2026-02-19 16:37:22+00:00,web,5.0,2026-02-19,16,home,Aster,70.56,0.78,0.5680000000000001,0.5929629629629629,0.6905766526019691,0.6642246642246643
U0193,I0113,rating,5.0,1,36.16,2026-02-08 00:36:22+00:00,mobile,5.0,2026-02-08,0,sports,Nova,36.16,0.528,0.402,0.27444444444444444,0.33614627285513365,0.4615384615384616
U0206,I0099,rating,4.0,1,19.36,2026-04-27 10:13:22+00:00,mobile,4.0,2026-04-27,10,fashion,ZenCo,19.36,0.81,0.17,0.11888888888888889,0.7327707454289732,0.1782661782661783
U0042,I0065,cart,,1,45.15,2026-03-23 08:19:22+00:00,mobile,3.0,2026-03-23,8,fashion,Nova,45.15,0.521,0.28700000000000003,0.35768518518518516,0.3263009845288326,0.3211233211233212
U0113,I0047,view,,1,36.67,2026-02-03 10:57:22+00:00,mobile,1.0,2026-02-03,10,home,Aster,36.67,0.966,0.395,0.2791666666666667,0.9521800281293952,0.45299145299145305
U0222,I0043,view,,1,34.18,2026-03-29 16:34:22+00:00,web,1.0,2026-03-29,16,electronics,Aster,34.18,0.937,0.405,0.2561111111111111,0.9113924050632912,0.46520146520146527
U0124,I0080,view,,1,16.0,2026-03-27 10:54:22+00:00,mobile,1.0,2026-03-27,10,home,Nova,16.0,0.681,0.432,0.08777777777777777,0.5513361462728552,0.4981684981684982
U0090,I0003,view,,1,12.56,2026-03-02 19:50:22+00:00,web,1.0,2026-03-02,19,home,Pulse,12.56,0.686,0.39,0.055925925925925934,0.5583684950773559,0.4468864468864469
U0146,I0071,view,,1,31.77,2026-02-02 20:22:22+00:00,mobile,1.0,2026-02-02,20,electronics,ZenCo,31.77,0.595,0.32,0.23379629629629628,0.430379746835443,0.36141636141636146
U0186,I0035,cart,,1,26.96,2026-03-29 00:08:22+00:00,web,3.0,2026-03-29,0,books,Pulse,26.96,0.93,0.305,0.18925925925925924,0.9015471167369901,0.3431013431013431
U0099,I0041,view,,1,35.48,2026-02-10 19:38:22+00:00,web,1.0,2026-02-10,19,fashion,UrbanLeaf,35.48,0.656,0.211,0.26814814814814814,0.5161744022503516,0.22832722832722835
U0147,I0081,view,,1,60.65,2026-02-19 11:22:22+00:00,mobile,1.0,2026-02-19,11,home,Orion,60.65,0.7010000000000001,0.10300000000000001,0.5012037037037036,0.579465541490858,0.09645909645909648
U0077,I0093,rating,4.0,1,35.82,2026-02-03 19:36:22+00:00,web,4.0,2026-02-03,19,fashion,UrbanLeaf,35.82,0.616,0.268,0.2712962962962963,0.4599156118143459,0.297924297924298
U0230,I0066,cart,,1,22.7,2026-03-15 06:31:22+00:00,mobile,3.0,2026-03-15,6,sports,UrbanLeaf,22.7,0.8230000000000001,0.216,0.1498148148148148,0.7510548523206751,0.23443223443223443
U0195,I0011,view,,1,15.55,2026-04-08 19:41:22+00:00,mobile,1.0,2026-04-08,19,sports,UrbanLeaf,15.55,0.673,0.613,0.08361111111111112,0.5400843881856541,0.7191697191697192
U0082,I0066,view,,1,22.7,2026-02-02 11:20:22+00:00,web,1.0,2026-02-02,11,sports,UrbanLeaf,22.7,0.8230000000000001,0.216,0.1498148148148148,0.7510548523206751,0.23443223443223443
U0052,I0079,cart,,1,55.92,2026-04-30 19:45:22+00:00,web,3.0,2026-04-30,19,home,Aster,55.92,0.534,0.374,0.45740740740740743,0.3445850914205345,0.4273504273504274
U0135,I0075,view,,1,25.5,2026-04-20 13:28:22+00:00,mobile,1.0,2026-04-20,13,sports,ZenCo,25.5,0.7000000000000001,0.32,0.17574074074074075,0.5780590717299579,0.36141636141636146
U0101,I0092,view,,1,16.23,2026-02-28 01:53:22+00:00,mobile,1.0,2026-02-28,1,beauty,ZenCo,16.23,0.8140000000000001,0.035,0.0899074074074074,0.7383966244725738,0.013431013431013435
U0077,I0112,purchase,,2,53.68,2026-03-10 15:22:22+00:00,web,5.0,2026-03-10,15,fashion,Pulse,53.68,0.342,0.187,0.43666666666666665,0.07454289732770752,0.19902319902319904
U0221,I0011,view,,1,15.55,2026-02-20 18:07:22+00:00,web,1.0,2026-02-20,18,sports,UrbanLeaf,15.55,0.673,0.613,0.08361111111111112,0.5400843881856541,0.7191697191697192
U0008,I0050,rating,5.0,1,15.33,2026-04-12 07:06:22+00:00,web,5.0,2026-04-12,7,beauty,UrbanLeaf,15.33,0.7010000000000001,0.115,0.08157407407407406,0.579465541490858,0.11111111111111113
U0165,I0018,view,,1,34.0,2026-04-02 16:55:22+00:00,mobile,1.0,2026-04-02,16,books,Nova,34.0,0.517,0.384,0.2544444444444444,0.32067510548523204,0.4395604395604396
U0102,I0022,view,,1,23.73,2026-04-20 19:13:22+00:00,mobile,1.0,2026-04-20,19,fashion,Orion,23.73,0.511,0.524,0.15935185185185186,0.3122362869198312,0.6105006105006106
U0240,I0064,view,,1,28.05,2026-03-15 03:59:22+00:00,web,1.0,2026-03-15,3,sports,Nova,28.05,0.641,0.34500000000000003,0.19935185185185184,0.49507735583684953,0.391941391941392
U0087,I0007,rating,5.0,1,50.51,2026-04-17 07:18:22+00:00,mobile,5.0,2026-04-17,7,books,UrbanLeaf,50.51,0.41300000000000003,0.309,0.4073148148148148,0.1744022503516175,0.347985347985348
U0145,I0037,purchase,,1,17.51,2026-04-29 02:20:22+00:00,web,5.0,2026-04-29,2,sports,ZenCo,17.51,0.519,0.554,0.10175925925925926,0.3234880450070323,0.6471306471306473
U0028,I0051,view,,1,24.93,2026-03-03 22:17:22+00:00,web,1.0,2026-03-03,22,fashion,Pulse,24.93,0.607,0.373,0.17046296296296293,0.4472573839662447,0.42612942612942617
U0098,I0037,rating,4.0,1,17.51,2026-02-02 16:41:22+00:00,web,4.0,2026-02-02,16,sports,ZenCo,17.51,0.519,0.554,0.10175925925925926,0.3234880450070323,0.6471306471306473
U0026,I0016,cart,,1,41.84,2026-02-17 22:26:22+00:00,mobile,3.0,2026-02-17,22,home,Aster,41.84,0.916,0.26,0.32703703703703707,0.8818565400843882,0.2881562881562882
U0037,I0027,purchase,,1,58.32,2026-02-05 09:32:22+00:00,web,5.0,2026-02-05,9,sports,Orion,58.32,0.791,0.039,0.4796296296296296,0.7060478199718706,0.018315018315018316
U0204,I0059,cart,,1,24.91,2026-02-26 18:16:22+00:00,mobile,3.0,2026-02-26,18,books,Pulse,24.91,0.758,0.376,0.17027777777777775,0.6596343178621659,0.4297924297924298
U0117,I0108,purchase,,1,101.53,2026-03-02 02:46:22+00:00,mobile,5.0,2026-03-02,2,beauty,UrbanLeaf,101.53,0.485,0.212,0.8797222222222222,0.2756680731364276,0.22954822954822957
U0150,I0087,view,,1,58.68,2026-04-11 23:30:22+00:00,web,1.0,2026-04-11,23,electronics,UrbanLeaf,58.68,0.7000000000000001,0.155,0.482962962962963,0.5780590717299579,0.15995115995115997
U0150,I0074,view,,1,19.52,2026-03-09 12:47:22+00:00,mobile,1.0,2026-03-09,12,electronics,Nova,19.52,0.645,0.212,0.12037037037037036,0.5007032348804501,0.22954822954822957
U0158,I0045,view,,1,27.1,2026-02-14 08:55:22+00:00,web,1.0,2026-02-14,8,beauty,ZenCo,27.1,0.927,0.165,0.1905555555555556,0.8973277074542897,0.1721611721611722
U0027,I0038,rating,4.0,1,23.01,2026-04-23 15:55:22+00:00,web,4.0,2026-04-23,15,home,Nova,23.01,0.809,0.228,0.1526851851851852,0.731364275668073,0.2490842490842491
U0234,I0044,purchase,,1,16.15,2026-02-03 19:00:22+00:00,web,5.0,2026-02-03,19,home,Aster,16.15,0.797,0.046,0.08916666666666666,0.7144866385372713,0.02686202686202686
U0160,I0104,purchase,,1,41.88,2026-03-30 00:13:22+00:00,mobile,5.0,2026-03-30,0,electronics,Aster,41.88,0.799,0.487,0.3274074074074074,0.7172995780590717,0.5653235653235653
U0148,I0060,rating,3.0,1,48.07,2026-03-05 06:08:22+00:00,web,3.0,2026-03-05,6,fashion,ZenCo,48.07,0.742,0.151,0.38472222222222224,0.6371308016877636,0.15506715506715507
U0078,I0081,view,,1,60.65,2026-02-11 01:29:22+00:00,mobile,1.0,2026-02-11,1,home,Orion,60.65,0.7010000000000001,0.10300000000000001,0.5012037037037036,0.579465541490858,0.09645909645909648
U0004,I0095,view,,1,11.84,2026-02-18 00:12:22+00:00,mobile,1.0,2026-02-18,0,sports,UrbanLeaf,11.84,0.886,0.197,0.04925925925925925,0.8396624472573838,0.21123321123321126
U0153,I0001,view,,1,31.44,2026-03-30 17:10:22+00:00,mobile,1.0,2026-03-30,17,home,Aster,31.44,0.778,0.255,0.23074074074074075,0.6877637130801687,0.28205128205128205
U0164,I0011,purchase,,1,15.55,2026-03-15 04:13:22+00:00,web,5.0,2026-03-15,4,sports,UrbanLeaf,15.55,0.673,0.613,0.08361111111111112,0.5400843881856541,0.7191697191697192
U0070,I0088,view,,1,30.05,2026-02-07 09:15:22+00:00,web,1.0,2026-02-07,9,beauty,ZenCo,30.05,0.594,0.149,0.21787037037037038,0.4289732770745428,0.15262515262515264
U0063,I0118,view,,1,24.81,2026-03-06 07:18:22+00:00,web,1.0,2026-03-06,7,books,Nova,24.81,1.0,0.20500000000000002,0.1693518518518518,0.9999999999999999,0.22100122100122105
U0110,I0066,view,,1,22.7,2026-05-01 12:38:22+00:00,mobile,1.0,2026-05-01,12,sports,UrbanLeaf,22.7,0.8230000000000001,0.216,0.1498148148148148,0.7510548523206751,0.23443223443223443
U0089,I0041,view,,1,35.48,2026-03-20 16:02:22+00:00,web,1.0,2026-03-20,16,fashion,UrbanLeaf,35.48,0.656,0.211,0.26814814814814814,0.5161744022503516,0.22832722832722835
U0128,I0056,cart,,1,21.96,2026-02-07 15:49:22+00:00,web,3.0,2026-02-07,15,books,Nova,21.96,0.606,0.146,0.14296296296296296,0.4458509142053445,0.14896214896214896
U0068,I0063,rating,4.0,1,17.91,2026-04-03 00:08:22+00:00,mobile,4.0,2026-04-03,0,beauty,Nova,17.91,0.875,0.47300000000000003,0.10546296296296297,0.8241912798874823,0.5482295482295483
U0118,I0021,view,,1,19.0,2026-04-28 18:40:22+00:00,web,1.0,2026-04-28,18,beauty,UrbanLeaf,19.0,0.844,0.467,0.11555555555555556,0.780590717299578,0.540903540903541
U0045,I0004,rating,5.0,1,24.4,2026-03-23 03:53:22+00:00,mobile,5.0,2026-03-23,3,beauty,Orion,24.4,0.794,0.045,0.1655555555555555,0.710267229254571,0.025641025641025644
U0068,I0103,rating,5.0,1,51.23,2026-03-03 18:02:22+00:00,web,5.0,2026-03-03,18,beauty,ZenCo,51.23,0.537,0.259,0.41398148148148145,0.3488045007032349,0.28693528693528697
U0167,I0100,view,,1,54.26,2026-02-25 19:21:22+00:00,web,1.0,2026-02-25,19,sports,UrbanLeaf,54.26,0.5670000000000001,0.527,0.44203703703703706,0.39099859353023914,0.6141636141636142
U0076,I0025,view,,1,15.52,2026-05-02 09:13:22+00:00,web,1.0,2026-05-02,9,beauty,Nova,15.52,0.76,0.761,0.08333333333333333,0.6624472573839663,0.8998778998779
U0042,I0030,view,,1,19.11,2026-02-16 13:51:22+00:00,web,1.0,2026-02-16,13,fashion,Orion,19.11,0.679,0.384,0.11657407407407407,0.5485232067510549,0.4395604395604396
U0111,I0029,view,,1,83.41,2026-04-03 14:30:22+00:00,mobile,1.0,2026-04-03,14,home,Orion,83.41,1.0,0.71,0.7119444444444444,0.9999999999999999,0.8376068376068376
U0050,I0098,rating,3.0,1,35.06,2026-03-08 02:32:22+00:00,mobile,3.0,2026-03-08,2,books,Pulse,35.06,0.709,0.449,0.2642592592592593,0.590717299578059,0.518925518925519
U0165,I0007,purchase,,1,50.51,2026-03-11 19:17:22+00:00,web,5.0,2026-03-11,19,books,UrbanLeaf,50.51,0.41300000000000003,0.309,0.4073148148148148,0.1744022503516175,0.347985347985348
U0145,I0097,view,,1,42.6,2026-03-10 22:46:22+00:00,web,1.0,2026-03-10,22,fashion,ZenCo,42.6,0.549,0.041,0.3340740740740741,0.3656821378340366,0.020757020757020763
U0055,I0062,cart,,1,23.59,2026-03-03 08:09:22+00:00,mobile,3.0,2026-03-03,8,beauty,ZenCo,23.59,0.8150000000000001,0.304,0.15805555555555556,0.739803094233474,0.3418803418803419
U0202,I0117,purchase,,1,42.8,2026-03-24 02:33:22+00:00,web,5.0,2026-03-24,2,electronics,Pulse,42.8,0.8160000000000001,0.231,0.3359259259259259,0.7412095639943742,0.2527472527472528
U0119,I0082,view,,1,27.22,2026-04-05 14:37:22+00:00,mobile,1.0,2026-04-05,14,home,Nova,27.22,0.41300000000000003,0.363,0.19166666666666665,0.1744022503516175,0.41391941391941395
U0166,I0058,cart,,1,18.03,2026-04-07 10:12:22+00:00,web,3.0,2026-04-07,10,home,UrbanLeaf,18.03,0.771,0.47300000000000003,0.10657407407407408,0.6779184247538678,0.5482295482295483
U0051,I0073,view,,1,25.28,2026-02-15 10:56:22+00:00,mobile,1.0,2026-02-15,10,electronics,Pulse,25.28,0.545,0.116,0.1737037037037037,0.360056258790436,0.11233211233211235
U0102,I0024,rating,4.0,1,24.65,2026-05-01 22:25:22+00:00,mobile,4.0,2026-05-01,22,sports,ZenCo,24.65,0.79,0.5750000000000001,0.16787037037037034,0.7046413502109704,0.6727716727716729
U0078,I0001,view,,1,31.44,2026-04-26 11:34:22+00:00,web,1.0,2026-04-26,11,home,Aster,31.44,0.778,0.255,0.23074074074074075,0.6877637130801687,0.28205128205128205
U0240,I0026,view,,1,13.5,2026-02-26 11:23:22+00:00,mobile,1.0,2026-02-26,11,home,ZenCo,13.5,0.481,0.19,0.06462962962962963,0.27004219409282704,0.2026862026862027
U0030,I0006,view,,1,21.38,2026-03-07 13:55:22+00:00,mobile,1.0,2026-03-07,13,electronics,UrbanLeaf,21.38,0.626,0.395,0.1375925925925926,0.47398030942334735,0.45299145299145305
U0075,I0052,rating,3.0,1,30.37,2026-02-19 20:05:22+00:00,mobile,3.0,2026-02-19,20,beauty,Nova,30.37,0.934,0.362,0.22083333333333333,0.9071729957805906,0.41269841269841273
U0102,I0114,purchase,,2,33.44,2026-02-23 14:26:22+00:00,web,5.0,2026-02-23,14,fashion,Nova,33.44,0.752,0.39,0.24925925925925924,0.6511954992967651,0.4468864468864469
U0126,I0065,rating,3.0,1,45.15,2026-02-17 12:48:22+00:00,web,3.0,2026-02-17,12,fashion,Nova,45.15,0.521,0.28700000000000003,0.35768518518518516,0.3263009845288326,0.3211233211233212
U0178,I0089,purchase,,3,40.79,2026-02-27 16:34:22+00:00,mobile,5.0,2026-02-27,16,sports,Pulse,40.79,0.627,0.22,0.3173148148148148,0.47538677918424754,0.23931623931623935
U0052,I0042,view,,1,34.64,2026-03-04 13:11:22+00:00,mobile,1.0,2026-03-04,13,home,Nova,34.64,0.5740000000000001,0.15,0.26037037037037036,0.4008438818565402,0.15384615384615385
U0100,I0051,purchase,,1,24.93,2026-04-28 19:49:22+00:00,mobile,5.0,2026-04-28,19,fashion,Pulse,24.93,0.607,0.373,0.17046296296296293,0.4472573839662447,0.42612942612942617
U0040,I0047,view,,1,36.67,2026-02-10 19:02:22+00:00,web,1.0,2026-02-10,19,home,Aster,36.67,0.966,0.395,0.2791666666666667,0.9521800281293952,0.45299145299145305
U0182,I0101,rating,4.0,1,48.0,2026-03-05 17:14:22+00:00,web,4.0,2026-03-05,17,electronics,UrbanLeaf,48.0,0.773,0.338,0.38407407407407407,0.6807313642756679,0.3833943833943835
U0016,I0016,cart,,1,41.84,2026-04-08 03:06:22+00:00,web,3.0,2026-04-08,3,home,Aster,41.84,0.916,0.26,0.32703703703703707,0.8818565400843882,0.2881562881562882
U0070,I0054,view,,1,35.21,2026-04-22 01:13:22+00:00,mobile,1.0,2026-04-22,1,beauty,UrbanLeaf,35.21,0.667,0.323,0.26564814814814813,0.5316455696202532,0.3650793650793651
U0190,I0080,view,,1,16.0,2026-04-28 19:10:22+00:00,mobile,1.0,2026-04-28,19,home,Nova,16.0,0.681,0.432,0.08777777777777777,0.5513361462728552,0.4981684981684982
U0216,I0027,view,,1,58.32,2026-04-25 11:06:22+00:00,mobile,1.0,2026-04-25,11,sports,Orion,58.32,0.791,0.039,0.4796296296296296,0.7060478199718706,0.018315018315018316
U0073,I0106,view,,1,26.93,2026-04-05 06:36:22+00:00,web,1.0,2026-04-05,6,sports,Nova,26.93,0.41400000000000003,0.40700000000000003,0.18898148148148147,0.1758087201125177,0.4676434676434677
U0007,I0099,view,,1,19.36,2026-02-21 10:31:22+00:00,mobile,1.0,2026-02-21,10,fashion,ZenCo,19.36,0.81,0.17,0.11888888888888889,0.7327707454289732,0.1782661782661783
U0202,I0098,view,,1,35.06,2026-02-27 13:10:22+00:00,web,1.0,2026-02-27,13,books,Pulse,35.06,0.709,0.449,0.2642592592592593,0.590717299578059,0.518925518925519
U0101,I0014,rating,5.0,1,30.5,2026-02-20 10:35:22+00:00,web,5.0,2026-02-20,10,electronics,ZenCo,30.5,0.544,0.221,0.22203703703703703,0.3586497890295359,0.24053724053724057
U0172,I0074,view,,1,19.52,2026-03-17 21:20:22+00:00,mobile,1.0,2026-03-17,21,electronics,Nova,19.52,0.645,0.212,0.12037037037037036,0.5007032348804501,0.22954822954822957
U0130,I0034,purchase,,1,32.38,2026-03-02 23:14:22+00:00,mobile,5.0,2026-03-02,23,fashion,Pulse,32.38,0.362,0.199,0.23944444444444446,0.10267229254571031,0.2136752136752137
U0023,I0101,view,,1,48.0,2026-03-04 18:15:22+00:00,web,1.0,2026-03-04,18,electronics,UrbanLeaf,48.0,0.773,0.338,0.38407407407407407,0.6807313642756679,0.3833943833943835
U0057,I0110,purchase,,1,26.64,2026-02-13 12:39:22+00:00,mobile,5.0,2026-02-13,12,sports,Aster,26.64,0.805,0.6900000000000001,0.1862962962962963,0.7257383966244725,0.8131868131868133
U0187,I0084,view,,1,27.83,2026-02-02 23:46:22+00:00,web,1.0,2026-02-02,23,books,ZenCo,27.83,0.8260000000000001,0.037,0.19731481481481478,0.7552742616033755,0.01587301587301587
U0143,I0069,purchase,,1,41.22,2026-04-16 15:15:22+00:00,web,5.0,2026-04-16,15,books,UrbanLeaf,41.22,0.896,0.375,0.3212962962962963,0.8537271448663853,0.4285714285714286
U0040,I0100,view,,1,54.26,2026-02-11 00:22:22+00:00,web,1.0,2026-02-11,0,sports,UrbanLeaf,54.26,0.5670000000000001,0.527,0.44203703703703706,0.39099859353023914,0.6141636141636142
U0104,I0059,view,,1,24.91,2026-04-11 05:53:22+00:00,mobile,1.0,2026-04-11,5,books,Pulse,24.91,0.758,0.376,0.17027777777777775,0.6596343178621659,0.4297924297924298
U0109,I0026,view,,1,13.5,2026-03-16 04:56:22+00:00,web,1.0,2026-03-16,4,home,ZenCo,13.5,0.481,0.19,0.06462962962962963,0.27004219409282704,0.2026862026862027
U0180,I0023,view,,1,51.99,2026-02-18 21:50:22+00:00,mobile,1.0,2026-02-18,21,fashion,Pulse,51.99,0.717,0.455,0.4210185185185185,0.6019690576652602,0.5262515262515263
U0048,I0014,rating,5.0,1,30.5,2026-03-26 23:40:22+00:00,web,5.0,2026-03-26,23,electronics,ZenCo,30.5,0.544,0.221,0.22203703703703703,0.3586497890295359,0.24053724053724057
U0144,I0046,view,,1,32.06,2026-03-19 15:33:22+00:00,web,1.0,2026-03-19,15,books,Pulse,32.06,0.972,0.131,0.23648148148148151,0.9606188466947959,0.13064713064713065
U0061,I0005,view,,1,20.52,2026-04-10 17:59:22+00:00,web,1.0,2026-04-10,17,home,ZenCo,20.52,0.669,0.275,0.1296296296296296,0.5344585091420535,0.3064713064713065
U0118,I0047,view,,1,36.67,2026-04-25 20:21:22+00:00,mobile,1.0,2026-04-25,20,home,Aster,36.67,0.966,0.395,0.2791666666666667,0.9521800281293952,0.45299145299145305
U0171,I0020,cart,,1,27.33,2026-04-15 09:24:22+00:00,mobile,3.0,2026-04-15,9,beauty,Pulse,27.33,0.731,0.223,0.19268518518518518,0.6216596343178621,0.242979242979243
U0007,I0034,view,,1,32.38,2026-04-05 22:18:22+00:00,mobile,1.0,2026-04-05,22,fashion,Pulse,32.38,0.362,0.199,0.23944444444444446,0.10267229254571031,0.2136752136752137
U0028,I0023,cart,,1,51.99,2026-04-28 00:47:22+00:00,web,3.0,2026-04-28,0,fashion,Pulse,51.99,0.717,0.455,0.4210185185185185,0.6019690576652602,0.5262515262515263
U0230,I0113,view,,1,36.16,2026-02-17 15:59:22+00:00,mobile,1.0,2026-02-17,15,sports,Nova,36.16,0.528,0.402,0.27444444444444444,0.33614627285513365,0.4615384615384616
U0188,I0016,view,,1,41.84,2026-04-22 13:16:22+00:00,web,1.0,2026-04-22,13,home,Aster,41.84,0.916,0.26,0.32703703703703707,0.8818565400843882,0.2881562881562882
U0161,I0068,view,,1,16.18,2026-04-18 16:38:22+00:00,mobile,1.0,2026-04-18,16,electronics,ZenCo,16.18,0.66,0.20500000000000002,0.08944444444444445,0.5218002812939522,0.22100122100122105
U0106,I0015,view,,1,19.27,2026-04-11 15:07:22+00:00,web,1.0,2026-04-11,15,electronics,Orion,19.27,0.914,0.342,0.11805555555555554,0.8790436005625878,0.38827838827838834
U0204,I0094,view,,1,20.46,2026-03-31 02:07:22+00:00,mobile,1.0,2026-03-31,2,sports,Pulse,20.46,0.762,0.843,0.12907407407407406,0.6652601969057664,1.0000000000000002
U0003,I0027,view,,1,58.32,2026-02-13 05:46:22+00:00,web,1.0,2026-02-13,5,sports,Orion,58.32,0.791,0.039,0.4796296296296296,0.7060478199718706,0.018315018315018316
U0200,I0098,view,,1,35.06,2026-04-28 23:12:22+00:00,web,1.0,2026-04-28,23,books,Pulse,35.06,0.709,0.449,0.2642592592592593,0.590717299578059,0.518925518925519
U0230,I0113,view,,1,36.16,2026-03-25 13:49:22+00:00,web,1.0,2026-03-25,13,sports,Nova,36.16,0.528,0.402,0.27444444444444444,0.33614627285513365,0.4615384615384616
U0033,I0089,view,,1,40.79,2026-02-05 13:02:22+00:00,web,1.0,2026-02-05,13,sports,Pulse,40.79,0.627,0.22,0.3173148148148148,0.47538677918424754,0.23931623931623935
U0059,I0057,rating,5.0,1,46.42,2026-04-13 00:36:22+00:00,mobile,5.0,2026-04-13,0,beauty,Orion,46.42,0.791,0.304,0.36944444444444446,0.7060478199718706,0.3418803418803419
U0015,I0114,view,,1,33.44,2026-03-02 01:39:22+00:00,mobile,1.0,2026-03-02,1,fashion,Nova,33.44,0.752,0.39,0.24925925925925924,0.6511954992967651,0.4468864468864469
U0114,I0099,purchase,,1,19.36,2026-03-05 13:00:22+00:00,web,5.0,2026-03-05,13,fashion,ZenCo,19.36,0.81,0.17,0.11888888888888889,0.7327707454289732,0.1782661782661783
U0012,I0031,view,,1,6.52,2026-02-22 09:06:22+00:00,mobile,1.0,2026-02-22,9,books,UrbanLeaf,6.52,0.8240000000000001,0.45,0.0,0.7524613220815753,0.5201465201465202
U0043,I0038,rating,4.0,1,23.01,2026-04-09 14:56:22+00:00,mobile,4.0,2026-04-09,14,home,Nova,23.01,0.809,0.228,0.1526851851851852,0.731364275668073,0.2490842490842491
U0105,I0118,purchase,,1,24.81,2026-03-30 00:32:22+00:00,web,5.0,2026-03-30,0,books,Nova,24.81,1.0,0.20500000000000002,0.1693518518518518,0.9999999999999999,0.22100122100122105
U0018,I0009,view,,1,26.36,2026-04-14 04:58:22+00:00,mobile,1.0,2026-04-14,4,home,Orion,26.36,0.492,0.5650000000000001,0.1837037037037037,0.28551336146272854,0.6605616605616607
U0092,I0079,view,,1,55.92,2026-03-08 11:21:22+00:00,web,1.0,2026-03-08,11,home,Aster,55.92,0.534,0.374,0.45740740740740743,0.3445850914205345,0.4273504273504274
U0110,I0024,view,,1,24.65,2026-02-28 20:30:22+00:00,web,1.0,2026-02-28,20,sports,ZenCo,24.65,0.79,0.5750000000000001,0.16787037037037034,0.7046413502109704,0.6727716727716729
U0188,I0061,view,,1,17.75,2026-03-22 23:51:22+00:00,web,1.0,2026-03-22,23,books,ZenCo,17.75,0.625,0.234,0.10398148148148147,0.47257383966244726,0.25641025641025644
U0112,I0090,view,,1,12.85,2026-04-19 04:00:22+00:00,mobile,1.0,2026-04-19,4,home,Orion,12.85,0.41200000000000003,0.123,0.0586111111111111,0.1729957805907174,0.1208791208791209
U0204,I0110,view,,1,26.64,2026-03-07 07:48:22+00:00,web,1.0,2026-03-07,7,sports,Aster,26.64,0.805,0.6900000000000001,0.1862962962962963,0.7257383966244725,0.8131868131868133
U0071,I0067,view,,1,77.25,2026-04-07 12:13:22+00:00,mobile,1.0,2026-04-07,12,fashion,Nova,77.25,0.665,0.28700000000000003,0.6549074074074074,0.5288326300984529,0.3211233211233212
U0179,I0051,purchase,,1,24.93,2026-04-09 07:02:22+00:00,web,5.0,2026-04-09,7,fashion,Pulse,24.93,0.607,0.373,0.17046296296296293,0.4472573839662447,0.42612942612942617
U0055,I0002,view,,1,22.56,2026-03-29 15:49:22+00:00,web,1.0,2026-03-29,15,beauty,ZenCo,22.56,0.848,0.169,0.1485185185185185,0.7862165963431785,0.17704517704517708
U0034,I0107,view,,1,14.01,2026-04-28 04:28:22+00:00,web,1.0,2026-04-28,4,electronics,Orion,14.01,0.914,0.24,0.06935185185185185,0.8790436005625878,0.26373626373626374
U0010,I0119,view,,1,34.0,2026-04-22 03:54:22+00:00,web,1.0,2026-04-22,3,beauty,Pulse,34.0,0.9460000000000001,0.10400000000000001,0.2544444444444444,0.9240506329113923,0.0976800976800977
U0058,I0059,view,,1,24.91,2026-04-08 13:41:22+00:00,web,1.0,2026-04-08,13,books,Pulse,24.91,0.758,0.376,0.17027777777777775,0.6596343178621659,0.4297924297924298
U0205,I0032,view,,1,68.88,2026-04-26 16:58:22+00:00,web,1.0,2026-04-26,16,electronics,ZenCo,68.88,0.794,0.11,0.5774074074074073,0.710267229254571,0.10500610500610502
U0052,I0047,cart,,1,36.67,2026-03-14 18:11:22+00:00,web,3.0,2026-03-14,18,home,Aster,36.67,0.966,0.395,0.2791666666666667,0.9521800281293952,0.45299145299145305
U0188,I0040,cart,,1,56.71,2026-03-11 01:08:22+00:00,mobile,3.0,2026-03-11,1,books,Orion,56.71,0.612,0.625,0.4647222222222222,0.45428973277074536,0.7338217338217339
U0005,I0112,cart,,1,53.68,2026-03-22 17:23:22+00:00,web,3.0,2026-03-22,17,fashion,Pulse,53.68,0.342,0.187,0.43666666666666665,0.07454289732770752,0.19902319902319904
U0202,I0085,purchase,,2,64.61,2026-02-06 14:00:22+00:00,web,5.0,2026-02-06,14,electronics,UrbanLeaf,64.61,1.0,0.157,0.5378703703703703,0.9999999999999999,0.1623931623931624
U0208,I0080,cart,,1,16.0,2026-04-28 13:24:22+00:00,web,3.0,2026-04-28,13,home,Nova,16.0,0.681,0.432,0.08777777777777777,0.5513361462728552,0.4981684981684982
U0112,I0082,view,,1,27.22,2026-05-01 13:13:22+00:00,web,1.0,2026-05-01,13,home,Nova,27.22,0.41300000000000003,0.363,0.19166666666666665,0.1744022503516175,0.41391941391941395
U0187,I0048,view,,1,22.53,2026-02-07 12:22:22+00:00,mobile,1.0,2026-02-07,12,books,Nova,22.53,0.897,0.2,0.14824074074074073,0.8551336146272855,0.2148962148962149
U0147,I0083,cart,,1,17.83,2026-03-24 23:36:22+00:00,mobile,3.0,2026-03-24,23,sports,Aster,17.83,0.483,0.085,0.1047222222222222,0.2728551336146273,0.0744810744810745
U0173,I0108,view,,1,101.53,2026-02-09 21:10:22+00:00,web,1.0,2026-02-09,21,beauty,UrbanLeaf,101.53,0.485,0.212,0.8797222222222222,0.2756680731364276,0.22954822954822957
U0166,I0053,rating,4.0,1,18.65,2026-05-01 18:37:22+00:00,mobile,4.0,2026-05-01,18,books,Pulse,18.65,0.745,0.249,0.1123148148148148,0.6413502109704642,0.27472527472527475
U0139,I0078,view,,1,41.4,2026-04-21 17:59:22+00:00,mobile,1.0,2026-04-21,17,beauty,Pulse,41.4,0.875,0.403,0.32296296296296295,0.8241912798874823,0.46275946275946284
U0224,I0031,view,,1,6.52,2026-04-22 04:57:22+00:00,web,1.0,2026-04-22,4,books,UrbanLeaf,6.52,0.8240000000000001,0.45,0.0,0.7524613220815753,0.5201465201465202
U0070,I0088,view,,1,30.05,2026-02-03 17:19:22+00:00,mobile,1.0,2026-02-03,17,beauty,ZenCo,30.05,0.594,0.149,0.21787037037037038,0.4289732770745428,0.15262515262515264
U0169,I0064,cart,,1,28.05,2026-03-17 12:22:22+00:00,mobile,3.0,2026-03-17,12,sports,Nova,28.05,0.641,0.34500000000000003,0.19935185185185184,0.49507735583684953,0.391941391941392
U0144,I0077,view,,1,43.74,2026-04-29 12:56:22+00:00,mobile,1.0,2026-04-29,12,home,Orion,43.74,0.756,0.41600000000000004,0.3446296296296296,0.6568213783403657,0.4786324786324787
U0139,I0020,purchase,,1,27.33,2026-03-14 07:16:22+00:00,mobile,5.0,2026-03-14,7,beauty,Pulse,27.33,0.731,0.223,0.19268518518518518,0.6216596343178621,0.242979242979243
U0050,I0084,purchase,,1,27.83,2026-03-10 19:20:22+00:00,mobile,5.0,2026-03-10,19,books,ZenCo,27.83,0.8260000000000001,0.037,0.19731481481481478,0.7552742616033755,0.01587301587301587
U0033,I0093,view,,1,35.82,2026-02-02 12:27:22+00:00,web,1.0,2026-02-02,12,fashion,UrbanLeaf,35.82,0.616,0.268,0.2712962962962963,0.4599156118143459,0.297924297924298
U0019,I0117,view,,1,42.8,2026-04-21 17:41:22+00:00,web,1.0,2026-04-21,17,electronics,Pulse,42.8,0.8160000000000001,0.231,0.3359259259259259,0.7412095639943742,0.2527472527472528
U0203,I0038,cart,,1,23.01,2026-04-11 10:53:22+00:00,web,3.0,2026-04-11,10,home,Nova,23.01,0.809,0.228,0.1526851851851852,0.731364275668073,0.2490842490842491
U0202,I0051,cart,,1,24.93,2026-03-03 17:22:22+00:00,web,3.0,2026-03-03,17,fashion,Pulse,24.93,0.607,0.373,0.17046296296296293,0.4472573839662447,0.42612942612942617
U0210,I0118,purchase,,2,24.81,2026-02-27 20:06:22+00:00,web,5.0,2026-02-27,20,books,Nova,24.81,1.0,0.20500000000000002,0.1693518518518518,0.9999999999999999,0.22100122100122105
U0154,I0069,view,,1,41.22,2026-04-02 08:24:22+00:00,mobile,1.0,2026-04-02,8,books,UrbanLeaf,41.22,0.896,0.375,0.3212962962962963,0.8537271448663853,0.4285714285714286
U0095,I0117,view,,1,42.8,2026-05-02 13:33:22+00:00,web,1.0,2026-05-02,13,electronics,Pulse,42.8,0.8160000000000001,0.231,0.3359259259259259,0.7412095639943742,0.2527472527472528
U0034,I0007,view,,1,50.51,2026-02-08 12:12:22+00:00,mobile,1.0,2026-02-08,12,books,UrbanLeaf,50.51,0.41300000000000003,0.309,0.4073148148148148,0.1744022503516175,0.347985347985348
U0206,I0077,view,,1,43.74,2026-04-27 09:45:22+00:00,mobile,1.0,2026-04-27,9,home,Orion,43.74,0.756,0.41600000000000004,0.3446296296296296,0.6568213783403657,0.4786324786324787
U0179,I0036,purchase,,1,74.72,2026-03-08 02:58:22+00:00,mobile,5.0,2026-03-08,2,fashion,Orion,74.72,0.598,0.393,0.6314814814814814,0.43459915611814337,0.4505494505494506
U0090,I0038,purchase,,1,23.01,2026-02-04 14:32:22+00:00,web,5.0,2026-02-04,14,home,Nova,23.01,0.809,0.228,0.1526851851851852,0.731364275668073,0.2490842490842491
U0219,I0064,purchase,,2,28.05,2026-02-02 14:27:22+00:00,web,5.0,2026-02-02,14,sports,Nova,28.05,0.641,0.34500000000000003,0.19935185185185184,0.49507735583684953,0.391941391941392
U0223,I0076,rating,5.0,1,36.2,2026-04-17 19:40:22+00:00,mobile,5.0,2026-04-17,19,books,Pulse,36.2,0.8180000000000001,0.057,0.27481481481481485,0.7440225035161744,0.04029304029304029
U0129,I0041,view,,1,35.48,2026-02-08 22:14:22+00:00,web,1.0,2026-02-08,22,fashion,UrbanLeaf,35.48,0.656,0.211,0.26814814814814814,0.5161744022503516,0.22832722832722835
U0078,I0003,purchase,,1,12.56,2026-04-17 03:54:22+00:00,web,5.0,2026-04-17,3,home,Pulse,12.56,0.686,0.39,0.055925925925925934,0.5583684950773559,0.4468864468864469
U0166,I0071,cart,,1,31.77,2026-04-09 15:26:22+00:00,mobile,3.0,2026-04-09,15,electronics,ZenCo,31.77,0.595,0.32,0.23379629629629628,0.430379746835443,0.36141636141636146
U0067,I0044,view,,1,16.15,2026-02-24 00:38:22+00:00,web,1.0,2026-02-24,0,home,Aster,16.15,0.797,0.046,0.08916666666666666,0.7144866385372713,0.02686202686202686
U0170,I0065,cart,,1,45.15,2026-04-14 10:27:22+00:00,web,3.0,2026-04-14,10,fashion,Nova,45.15,0.521,0.28700000000000003,0.35768518518518516,0.3263009845288326,0.3211233211233212
U0188,I0046,view,,1,32.06,2026-03-26 18:26:22+00:00,web,1.0,2026-03-26,18,books,Pulse,32.06,0.972,0.131,0.23648148148148151,0.9606188466947959,0.13064713064713065
U0153,I0042,view,,1,34.64,2026-04-15 12:44:22+00:00,mobile,1.0,2026-04-15,12,home,Nova,34.64,0.5740000000000001,0.15,0.26037037037037036,0.4008438818565402,0.15384615384615385
U0237,I0084,rating,1.0,1,27.83,2026-04-02 21:41:22+00:00,web,1.0,2026-04-02,21,books,ZenCo,27.83,0.8260000000000001,0.037,0.19731481481481478,0.7552742616033755,0.01587301587301587
U0165,I0007,cart,,1,50.51,2026-03-29 08:44:22+00:00,mobile,3.0,2026-03-29,8,books,UrbanLeaf,50.51,0.41300000000000003,0.309,0.4073148148148148,0.1744022503516175,0.347985347985348
U0133,I0117,purchase,,1,42.8,2026-02-18 02:39:22+00:00,web,5.0,2026-02-18,2,electronics,Pulse,42.8,0.8160000000000001,0.231,0.3359259259259259,0.7412095639943742,0.2527472527472528
U0118,I0103,view,,1,51.23,2026-04-07 17:25:22+00:00,web,1.0,2026-04-07,17,beauty,ZenCo,51.23,0.537,0.259,0.41398148148148145,0.3488045007032349,0.28693528693528697
U0187,I0055,view,,1,14.43,2026-04-29 16:45:22+00:00,web,1.0,2026-04-29,16,books,Aster,14.43,0.875,0.322,0.07324074074074073,0.8241912798874823,0.3638583638583639
U0182,I0117,view,,1,42.8,2026-03-21 02:23:22+00:00,web,1.0,2026-03-21,2,electronics,Pulse,42.8,0.8160000000000001,0.231,0.3359259259259259,0.7412095639943742,0.2527472527472528
U0149,I0081,cart,,1,60.65,2026-04-27 08:01:22+00:00,web,3.0,2026-04-27,8,home,Orion,60.65,0.7010000000000001,0.10300000000000001,0.5012037037037036,0.579465541490858,0.09645909645909648
U0099,I0023,cart,,1,51.99,2026-03-16 17:25:22+00:00,web,3.0,2026-03-16,17,fashion,Pulse,51.99,0.717,0.455,0.4210185185185185,0.6019690576652602,0.5262515262515263
U0024,I0107,view,,1,14.01,2026-04-09 15:19:22+00:00,mobile,1.0,2026-04-09,15,electronics,Orion,14.01,0.914,0.24,0.06935185185185185,0.8790436005625878,0.26373626373626374
U0230,I0068,view,,1,16.18,2026-02-14 20:59:22+00:00,web,1.0,2026-02-14,20,electronics,ZenCo,16.18,0.66,0.20500000000000002,0.08944444444444445,0.5218002812939522,0.22100122100122105
U0133,I0088,cart,,1,30.05,2026-02-22 01:24:22+00:00,mobile,3.0,2026-02-22,1,beauty,ZenCo,30.05,0.594,0.149,0.21787037037037038,0.4289732770745428,0.15262515262515264
U0168,I0051,view,,1,24.93,2026-03-14 21:14:22+00:00,mobile,1.0,2026-03-14,21,fashion,Pulse,24.93,0.607,0.373,0.17046296296296293,0.4472573839662447,0.42612942612942617
U0008,I0092,view,,1,16.23,2026-04-21 22:18:22+00:00,mobile,1.0,2026-04-21,22,beauty,ZenCo,16.23,0.8140000000000001,0.035,0.0899074074074074,0.7383966244725738,0.013431013431013435
U0002,I0080,view,,1,16.0,2026-04-19 20:01:22+00:00,mobile,1.0,2026-04-19,20,home,Nova,16.0,0.681,0.432,0.08777777777777777,0.5513361462728552,0.4981684981684982
U0087,I0031,cart,,1,6.52,2026-02-27 10:08:22+00:00,mobile,3.0,2026-02-27,10,books,UrbanLeaf,6.52,0.8240000000000001,0.45,0.0,0.7524613220815753,0.5201465201465202
U0149,I0028,view,,1,23.83,2026-03-01 07:01:22+00:00,mobile,1.0,2026-03-01,7,sports,Nova,23.83,0.467,0.08700000000000001,0.16027777777777774,0.25035161744022505,0.07692307692307694
U0166,I0107,purchase,,1,14.01,2026-03-05 19:36:22+00:00,web,5.0,2026-03-05,19,electronics,Orion,14.01,0.914,0.24,0.06935185185185185,0.8790436005625878,0.26373626373626374
U0038,I0083,view,,1,17.83,2026-04-26 02:56:22+00:00,web,1.0,2026-04-26,2,sports,Aster,17.83,0.483,0.085,0.1047222222222222,0.2728551336146273,0.0744810744810745
U0175,I0051,rating,3.0,1,24.93,2026-03-02 13:58:22+00:00,web,3.0,2026-03-02,13,fashion,Pulse,24.93,0.607,0.373,0.17046296296296293,0.4472573839662447,0.42612942612942617
U0015,I0004,purchase,,1,24.4,2026-02-15 00:27:22+00:00,mobile,5.0,2026-02-15,0,beauty,Orion,24.4,0.794,0.045,0.1655555555555555,0.710267229254571,0.025641025641025644
U0145,I0094,view,,1,20.46,2026-02-12 06:21:22+00:00,mobile,1.0,2026-02-12,6,sports,Pulse,20.46,0.762,0.843,0.12907407407407406,0.6652601969057664,1.0000000000000002
U0080,I0060,cart,,1,48.07,2026-04-30 15:15:22+00:00,mobile,3.0,2026-04-30,15,fashion,ZenCo,48.07,0.742,0.151,0.38472222222222224,0.6371308016877636,0.15506715506715507
U0210,I0035,view,,1,26.96,2026-02-09 14:16:22+00:00,mobile,1.0,2026-02-09,14,books,Pulse,26.96,0.93,0.305,0.18925925925925924,0.9015471167369901,0.3431013431013431
U0208,I0053,rating,4.0,1,18.65,2026-03-28 01:41:22+00:00,web,4.0,2026-03-28,1,books,Pulse,18.65,0.745,0.249,0.1123148148148148,0.6413502109704642,0.27472527472527475
U0211,I0024,view,,1,24.65,2026-04-14 08:04:22+00:00,mobile,1.0,2026-04-14,8,sports,ZenCo,24.65,0.79,0.5750000000000001,0.16787037037037034,0.7046413502109704,0.6727716727716729
U0010,I0083,purchase,,1,17.83,2026-03-04 21:00:22+00:00,web,5.0,2026-03-04,21,sports,Aster,17.83,0.483,0.085,0.1047222222222222,0.2728551336146273,0.0744810744810745
U0113,I0109,cart,,1,70.56,2026-02-07 03:42:22+00:00,mobile,3.0,2026-02-07,3,home,Aster,70.56,0.78,0.5680000000000001,0.5929629629629629,0.6905766526019691,0.6642246642246643
U0081,I0006,view,,1,21.38,2026-03-13 19:35:22+00:00,web,1.0,2026-03-13,19,electronics,UrbanLeaf,21.38,0.626,0.395,0.1375925925925926,0.47398030942334735,0.45299145299145305
U0176,I0056,view,,1,21.96,2026-02-23 19:16:22+00:00,mobile,1.0,2026-02-23,19,books,Nova,21.96,0.606,0.146,0.14296296296296296,0.4458509142053445,0.14896214896214896
U0201,I0015,view,,1,19.27,2026-03-12 10:46:22+00:00,mobile,1.0,2026-03-12,10,electronics,Orion,19.27,0.914,0.342,0.11805555555555554,0.8790436005625878,0.38827838827838834
U0053,I0116,cart,,1,59.11,2026-04-30 22:13:22+00:00,mobile,3.0,2026-04-30,22,electronics,Aster,59.11,0.622,0.58,0.48694444444444446,0.4683544303797468,0.6788766788766789
U0121,I0029,view,,1,83.41,2026-04-13 18:24:22+00:00,mobile,1.0,2026-04-13,18,home,Orion,83.41,1.0,0.71,0.7119444444444444,0.9999999999999999,0.8376068376068376
U0167,I0020,cart,,1,27.33,2026-03-29 22:32:22+00:00,web,3.0,2026-03-29,22,beauty,Pulse,27.33,0.731,0.223,0.19268518518518518,0.6216596343178621,0.242979242979243
U0177,I0019,purchase,,1,35.63,2026-03-09 04:00:22+00:00,mobile,5.0,2026-03-09,4,beauty,UrbanLeaf,35.63,0.65,0.368,0.2695370370370371,0.5077355836849508,0.42002442002442003
U0033,I0008,cart,,1,36.94,2026-03-19 19:06:22+00:00,mobile,3.0,2026-03-19,19,sports,Orion,36.94,0.289,0.317,0.2816666666666666,0.0,0.35775335775335776
U0143,I0097,purchase,,2,42.6,2026-05-02 04:55:22+00:00,mobile,5.0,2026-05-02,4,fashion,ZenCo,42.6,0.549,0.041,0.3340740740740741,0.3656821378340366,0.020757020757020763
U0140,I0061,view,,1,17.75,2026-03-10 14:50:22+00:00,web,1.0,2026-03-10,14,books,ZenCo,17.75,0.625,0.234,0.10398148148148147,0.47257383966244726,0.25641025641025644
U0055,I0028,view,,1,23.83,2026-03-25 22:17:22+00:00,web,1.0,2026-03-25,22,sports,Nova,23.83,0.467,0.08700000000000001,0.16027777777777774,0.25035161744022505,0.07692307692307694
U0174,I0040,view,,1,56.71,2026-03-15 02:40:22+00:00,mobile,1.0,2026-03-15,2,books,Orion,56.71,0.612,0.625,0.4647222222222222,0.45428973277074536,0.7338217338217339
U0025,I0056,cart,,1,21.96,2026-03-02 03:53:22+00:00,web,3.0,2026-03-02,3,books,Nova,21.96,0.606,0.146,0.14296296296296296,0.4458509142053445,0.14896214896214896
U0055,I0025,view,,1,15.52,2026-03-03 17:20:22+00:00,mobile,1.0,2026-03-03,17,beauty,Nova,15.52,0.76,0.761,0.08333333333333333,0.6624472573839663,0.8998778998779
U0113,I0026,view,,1,13.5,2026-02-26 21:22:22+00:00,web,1.0,2026-02-26,21,home,ZenCo,13.5,0.481,0.19,0.06462962962962963,0.27004219409282704,0.2026862026862027
U0031,I0003,view,,1,12.56,2026-03-01 13:10:22+00:00,web,1.0,2026-03-01,13,home,Pulse,12.56,0.686,0.39,0.055925925925925934,0.5583684950773559,0.4468864468864469
U0170,I0010,purchase,,2,50.12,2026-03-20 18:28:22+00:00,web,5.0,2026-03-20,18,electronics,Pulse,50.12,0.591,0.252,0.4037037037037037,0.42475386779184243,0.2783882783882784
U0004,I0048,rating,3.0,1,22.53,2026-03-11 21:41:22+00:00,web,3.0,2026-03-11,21,books,Nova,22.53,0.897,0.2,0.14824074074074073,0.8551336146272855,0.2148962148962149
U0196,I0030,view,,1,19.11,2026-04-29 17:59:22+00:00,web,1.0,2026-04-29,17,fashion,Orion,19.11,0.679,0.384,0.11657407407407407,0.5485232067510549,0.4395604395604396
U0172,I0073,purchase,,2,25.28,2026-04-29 11:13:22+00:00,mobile,5.0,2026-04-29,11,electronics,Pulse,25.28,0.545,0.116,0.1737037037037037,0.360056258790436,0.11233211233211235
U0138,I0074,view,,1,19.52,2026-04-16 15:49:22+00:00,web,1.0,2026-04-16,15,electronics,Nova,19.52,0.645,0.212,0.12037037037037036,0.5007032348804501,0.22954822954822957
U0240,I0009,cart,,1,26.36,2026-02-26 08:00:22+00:00,web,3.0,2026-02-26,8,home,Orion,26.36,0.492,0.5650000000000001,0.1837037037037037,0.28551336146272854,0.6605616605616607
U0235,I0077,rating,4.0,1,43.74,2026-04-20 16:06:22+00:00,mobile,4.0,2026-04-20,16,home,Orion,43.74,0.756,0.41600000000000004,0.3446296296296296,0.6568213783403657,0.4786324786324787
U0150,I0012,view,,1,67.3,2026-02-08 22:38:22+00:00,mobile,1.0,2026-02-08,22,sports,Pulse,67.3,0.642,0.37,0.5627777777777777,0.4964838255977496,0.4224664224664225
U0119,I0079,view,,1,55.92,2026-03-30 01:41:22+00:00,mobile,1.0,2026-03-30,1,home,Aster,55.92,0.534,0.374,0.45740740740740743,0.3445850914205345,0.4273504273504274
U0041,I0116,cart,,1,59.11,2026-03-01 02:22:22+00:00,web,3.0,2026-03-01,2,electronics,Aster,59.11,0.622,0.58,0.48694444444444446,0.4683544303797468,0.6788766788766789
U0173,I0004,cart,,1,24.4,2026-02-18 18:51:22+00:00,web,3.0,2026-02-18,18,beauty,Orion,24.4,0.794,0.045,0.1655555555555555,0.710267229254571,0.025641025641025644
U0209,I0009,view,,1,26.36,2026-04-23 20:32:22+00:00,web,1.0,2026-04-23,20,home,Orion,26.36,0.492,0.5650000000000001,0.1837037037037037,0.28551336146272854,0.6605616605616607
U0182,I0006,purchase,,1,21.38,2026-02-22 13:43:22+00:00,web,5.0,2026-02-22,13,electronics,UrbanLeaf,21.38,0.626,0.395,0.1375925925925926,0.47398030942334735,0.45299145299145305
U0069,I0050,cart,,1,15.33,2026-02-18 20:24:22+00:00,web,3.0,2026-02-18,20,beauty,UrbanLeaf,15.33,0.7010000000000001,0.115,0.08157407407407406,0.579465541490858,0.11111111111111113
U0118,I0092,view,,1,16.23,2026-04-25 21:48:22+00:00,web,1.0,2026-04-25,21,beauty,ZenCo,16.23,0.8140000000000001,0.035,0.0899074074074074,0.7383966244725738,0.013431013431013435
U0173,I0043,view,,1,34.18,2026-03-01 05:43:22+00:00,web,1.0,2026-03-01,5,electronics,Aster,34.18,0.937,0.405,0.2561111111111111,0.9113924050632912,0.46520146520146527
U0225,I0009,view,,1,26.36,2026-03-08 14:21:22+00:00,mobile,1.0,2026-03-08,14,home,Orion,26.36,0.492,0.5650000000000001,0.1837037037037037,0.28551336146272854,0.6605616605616607
U0222,I0087,cart,,1,58.68,2026-02-05 03:45:22+00:00,web,3.0,2026-02-05,3,electronics,UrbanLeaf,58.68,0.7000000000000001,0.155,0.482962962962963,0.5780590717299579,0.15995115995115997
U0100,I0074,view,,1,19.52,2026-04-13 22:02:22+00:00,mobile,1.0,2026-04-13,22,electronics,Nova,19.52,0.645,0.212,0.12037037037037036,0.5007032348804501,0.22954822954822957
U0174,I0029,cart,,1,83.41,2026-04-21 06:56:22+00:00,mobile,3.0,2026-04-21,6,home,Orion,83.41,1.0,0.71,0.7119444444444444,0.9999999999999999,0.8376068376068376
U0126,I0099,view,,1,19.36,2026-02-24 14:27:22+00:00,web,1.0,2026-02-24,14,fashion,ZenCo,19.36,0.81,0.17,0.11888888888888889,0.7327707454289732,0.1782661782661783
U0223,I0113,view,,1,36.16,2026-03-02 12:20:22+00:00,web,1.0,2026-03-02,12,sports,Nova,36.16,0.528,0.402,0.27444444444444444,0.33614627285513365,0.4615384615384616
U0121,I0067,rating,4.0,1,77.25,2026-03-23 01:50:22+00:00,mobile,4.0,2026-03-23,1,fashion,Nova,77.25,0.665,0.28700000000000003,0.6549074074074074,0.5288326300984529,0.3211233211233212
U0102,I0114,view,,1,33.44,2026-04-21 13:53:22+00:00,web,1.0,2026-04-21,13,fashion,Nova,33.44,0.752,0.39,0.24925925925925924,0.6511954992967651,0.4468864468864469
U0048,I0056,rating,2.0,1,21.96,2026-03-22 15:29:22+00:00,mobile,2.0,2026-03-22,15,books,Nova,21.96,0.606,0.146,0.14296296296296296,0.4458509142053445,0.14896214896214896
U0034,I0014,cart,,1,30.5,2026-03-12 11:43:22+00:00,web,3.0,2026-03-12,11,electronics,ZenCo,30.5,0.544,0.221,0.22203703703703703,0.3586497890295359,0.24053724053724057
U0175,I0093,view,,1,35.82,2026-04-07 05:57:22+00:00,web,1.0,2026-04-07,5,fashion,UrbanLeaf,35.82,0.616,0.268,0.2712962962962963,0.4599156118143459,0.297924297924298
U0163,I0012,view,,1,67.3,2026-02-18 12:24:22+00:00,mobile,1.0,2026-02-18,12,sports,Pulse,67.3,0.642,0.37,0.5627777777777777,0.4964838255977496,0.4224664224664225
U0083,I0107,cart,,1,14.01,2026-02-28 11:25:22+00:00,mobile,3.0,2026-02-28,11,electronics,Orion,14.01,0.914,0.24,0.06935185185185185,0.8790436005625878,0.26373626373626374
U0234,I0090,rating,5.0,1,12.85,2026-02-28 02:49:22+00:00,web,5.0,2026-02-28,2,home,Orion,12.85,0.41200000000000003,0.123,0.0586111111111111,0.1729957805907174,0.1208791208791209
U0160,I0096,view,,1,36.87,2026-04-19 14:10:22+00:00,web,1.0,2026-04-19,14,home,UrbanLeaf,36.87,0.675,0.17,0.2810185185185185,0.5428973277074544,0.1782661782661783
U0166,I0032,view,,1,68.88,2026-04-20 17:04:22+00:00,web,1.0,2026-04-20,17,electronics,ZenCo,68.88,0.794,0.11,0.5774074074074073,0.710267229254571,0.10500610500610502
U0187,I0049,view,,1,10.95,2026-02-21 02:40:22+00:00,web,1.0,2026-02-21,2,books,UrbanLeaf,10.95,0.716,0.125,0.04101851851851851,0.60056258790436,0.12332112332112333
U0168,I0114,view,,1,33.44,2026-03-23 06:21:22+00:00,web,1.0,2026-03-23,6,fashion,Nova,33.44,0.752,0.39,0.24925925925925924,0.6511954992967651,0.4468864468864469
U0135,I0049,view,,1,10.95,2026-04-18 10:56:22+00:00,mobile,1.0,2026-04-18,10,books,UrbanLeaf,10.95,0.716,0.125,0.04101851851851851,0.60056258790436,0.12332112332112333
U0040,I0106,view,,1,26.93,2026-03-26 20:04:22+00:00,mobile,1.0,2026-03-26,20,sports,Nova,26.93,0.41400000000000003,0.40700000000000003,0.18898148148148147,0.1758087201125177,0.4676434676434677
U0089,I0097,rating,1.0,1,42.6,2026-03-21 02:05:22+00:00,web,1.0,2026-03-21,2,fashion,ZenCo,42.6,0.549,0.041,0.3340740740740741,0.3656821378340366,0.020757020757020763
U0068,I0091,view,,1,42.99,2026-04-20 04:46:22+00:00,mobile,1.0,2026-04-20,4,beauty,ZenCo,42.99,0.592,0.222,0.3376851851851852,0.4261603375527425,0.2417582417582418
U0134,I0093,view,,1,35.82,2026-02-13 14:23:22+00:00,mobile,1.0,2026-02-13,14,fashion,UrbanLeaf,35.82,0.616,0.268,0.2712962962962963,0.4599156118143459,0.297924297924298
U0089,I0112,view,,1,53.68,2026-03-19 13:01:22+00:00,web,1.0,2026-03-19,13,fashion,Pulse,53.68,0.342,0.187,0.43666666666666665,0.07454289732770752,0.19902319902319904
U0140,I0111,cart,,1,114.52,2026-03-16 01:36:22+00:00,mobile,3.0,2026-03-16,1,books,Nova,114.52,0.649,0.314,0.9999999999999998,0.5063291139240507,0.3540903540903541
U0105,I0035,rating,3.0,1,26.96,2026-03-04 23:18:22+00:00,web,3.0,2026-03-04,23,books,Pulse,26.96,0.93,0.305,0.18925925925925924,0.9015471167369901,0.3431013431013431
U0238,I0052,view,,1,30.37,2026-04-07 22:26:22+00:00,web,1.0,2026-04-07,22,beauty,Nova,30.37,0.934,0.362,0.22083333333333333,0.9071729957805906,0.41269841269841273
U0061,I0090,view,,1,12.85,2026-03-21 03:49:22+00:00,web,1.0,2026-03-21,3,home,Orion,12.85,0.41200000000000003,0.123,0.0586111111111111,0.1729957805907174,0.1208791208791209
U0232,I0054,view,,1,35.21,2026-03-19 04:04:22+00:00,web,1.0,2026-03-19,4,beauty,UrbanLeaf,35.21,0.667,0.323,0.26564814814814813,0.5316455696202532,0.3650793650793651
U0206,I0114,view,,1,33.44,2026-03-08 17:04:22+00:00,web,1.0,2026-03-08,17,fashion,Nova,33.44,0.752,0.39,0.24925925925925924,0.6511954992967651,0.4468864468864469
U0235,I0025,purchase,,2,15.52,2026-03-08 13:05:22+00:00,web,5.0,2026-03-08,13,beauty,Nova,15.52,0.76,0.761,0.08333333333333333,0.6624472573839663,0.8998778998779
U0128,I0054,view,,1,35.21,2026-03-08 19:09:22+00:00,mobile,1.0,2026-03-08,19,beauty,UrbanLeaf,35.21,0.667,0.323,0.26564814814814813,0.5316455696202532,0.3650793650793651
U0232,I0019,rating,5.0,1,35.63,2026-02-09 19:46:22+00:00,web,5.0,2026-02-09,19,beauty,UrbanLeaf,35.63,0.65,0.368,0.2695370370370371,0.5077355836849508,0.42002442002442003
U0198,I0069,view,,1,41.22,2026-04-07 11:46:22+00:00,mobile,1.0,2026-04-07,11,books,UrbanLeaf,41.22,0.896,0.375,0.3212962962962963,0.8537271448663853,0.4285714285714286
U0066,I0034,purchase,,1,32.38,2026-03-30 05:23:22+00:00,mobile,5.0,2026-03-30,5,fashion,Pulse,32.38,0.362,0.199,0.23944444444444446,0.10267229254571031,0.2136752136752137
U0098,I0113,rating,4.0,1,36.16,2026-04-05 07:00:22+00:00,web,4.0,2026-04-05,7,sports,Nova,36.16,0.528,0.402,0.27444444444444444,0.33614627285513365,0.4615384615384616
U0047,I0022,purchase,,1,23.73,2026-04-15 22:29:22+00:00,mobile,5.0,2026-04-15,22,fashion,Orion,23.73,0.511,0.524,0.15935185185185186,0.3122362869198312,0.6105006105006106
U0060,I0058,cart,,1,18.03,2026-03-24 01:30:22+00:00,mobile,3.0,2026-03-24,1,home,UrbanLeaf,18.03,0.771,0.47300000000000003,0.10657407407407408,0.6779184247538678,0.5482295482295483
U0002,I0015,view,,1,19.27,2026-02-06 05:22:22+00:00,mobile,1.0,2026-02-06,5,electronics,Orion,19.27,0.914,0.342,0.11805555555555554,0.8790436005625878,0.38827838827838834
U0209,I0104,view,,1,41.88,2026-02-07 10:12:22+00:00,web,1.0,2026-02-07,10,electronics,Aster,41.88,0.799,0.487,0.3274074074074074,0.7172995780590717,0.5653235653235653
U0037,I0027,cart,,1,58.32,2026-02-23 14:30:22+00:00,mobile,3.0,2026-02-23,14,sports,Orion,58.32,0.791,0.039,0.4796296296296296,0.7060478199718706,0.018315018315018316
U0037,I0095,view,,1,11.84,2026-03-13 01:55:22+00:00,mobile,1.0,2026-03-13,1,sports,UrbanLeaf,11.84,0.886,0.197,0.04925925925925925,0.8396624472573838,0.21123321123321126
U0098,I0066,view,,1,22.7,2026-02-26 22:30:22+00:00,mobile,1.0,2026-02-26,22,sports,UrbanLeaf,22.7,0.8230000000000001,0.216,0.1498148148148148,0.7510548523206751,0.23443223443223443
U0147,I0080,purchase,,1,16.0,2026-03-16 18:07:22+00:00,mobile,5.0,2026-03-16,18,home,Nova,16.0,0.681,0.432,0.08777777777777777,0.5513361462728552,0.4981684981684982
U0149,I0005,view,,1,20.52,2026-04-29 15:30:22+00:00,mobile,1.0,2026-04-29,15,home,ZenCo,20.52,0.669,0.275,0.1296296296296296,0.5344585091420535,0.3064713064713065
U0193,I0007,view,,1,50.51,2026-02-18 08:30:22+00:00,web,1.0,2026-02-18,8,books,UrbanLeaf,50.51,0.41300000000000003,0.309,0.4073148148148148,0.1744022503516175,0.347985347985348
U0111,I0011,view,,1,15.55,2026-02-06 15:39:22+00:00,mobile,1.0,2026-02-06,15,sports,UrbanLeaf,15.55,0.673,0.613,0.08361111111111112,0.5400843881856541,0.7191697191697192
U0180,I0023,view,,1,51.99,2026-04-22 14:16:22+00:00,web,1.0,2026-04-22,14,fashion,Pulse,51.99,0.717,0.455,0.4210185185185185,0.6019690576652602,0.5262515262515263
U0168,I0116,view,,1,59.11,2026-03-29 23:31:22+00:00,web,1.0,2026-03-29,23,electronics,Aster,59.11,0.622,0.58,0.48694444444444446,0.4683544303797468,0.6788766788766789
U0011,I0066,view,,1,22.7,2026-04-10 04:19:22+00:00,mobile,1.0,2026-04-10,4,sports,UrbanLeaf,22.7,0.8230000000000001,0.216,0.1498148148148148,0.7510548523206751,0.23443223443223443
U0189,I0083,view,,1,17.83,2026-03-11 22:25:22+00:00,web,1.0,2026-03-11,22,sports,Aster,17.83,0.483,0.085,0.1047222222222222,0.2728551336146273,0.0744810744810745
U0135,I0112,view,,1,53.68,2026-03-15 09:18:22+00:00,web,1.0,2026-03-15,9,fashion,Pulse,53.68,0.342,0.187,0.43666666666666665,0.07454289732770752,0.19902319902319904
U0205,I0068,view,,1,16.18,2026-02-10 23:46:22+00:00,mobile,1.0,2026-02-10,23,electronics,ZenCo,16.18,0.66,0.20500000000000002,0.08944444444444445,0.5218002812939522,0.22100122100122105
U0169,I0047,cart,,1,36.67,2026-04-22 04:27:22+00:00,mobile,3.0,2026-04-22,4,home,Aster,36.67,0.966,0.395,0.2791666666666667,0.9521800281293952,0.45299145299145305
U0134,I0030,view,,1,19.11,2026-02-02 19:39:22+00:00,web,1.0,2026-02-02,19,fashion,Orion,19.11,0.679,0.384,0.11657407407407407,0.5485232067510549,0.4395604395604396
U0070,I0017,view,,1,25.29,2026-04-09 22:06:22+00:00,mobile,1.0,2026-04-09,22,beauty,UrbanLeaf,25.29,0.804,0.343,0.17379629629629628,0.7243319268635725,0.38949938949938956
U0109,I0076,view,,1,36.2,2026-03-27 17:03:22+00:00,mobile,1.0,2026-03-27,17,books,Pulse,36.2,0.8180000000000001,0.057,0.27481481481481485,0.7440225035161744,0.04029304029304029
U0118,I0021,view,,1,19.0,2026-02-03 14:29:22+00:00,web,1.0,2026-02-03,14,beauty,UrbanLeaf,19.0,0.844,0.467,0.11555555555555556,0.780590717299578,0.540903540903541
U0234,I0058,purchase,,1,18.03,2026-03-08 00:15:22+00:00,mobile,5.0,2026-03-08,0,home,UrbanLeaf,18.03,0.771,0.47300000000000003,0.10657407407407408,0.6779184247538678,0.5482295482295483
U0140,I0105,purchase,,1,20.28,2026-02-25 10:35:22+00:00,mobile,5.0,2026-02-25,10,books,Aster,20.28,0.837,0.151,0.1274074074074074,0.770745428973277,0.15506715506715507
U0188,I0029,purchase,,1,83.41,2026-04-09 07:31:22+00:00,web,5.0,2026-04-09,7,home,Orion,83.41,1.0,0.71,0.7119444444444444,0.9999999999999999,0.8376068376068376
U0136,I0007,view,,1,50.51,2026-03-01 09:03:22+00:00,mobile,1.0,2026-03-01,9,books,UrbanLeaf,50.51,0.41300000000000003,0.309,0.4073148148148148,0.1744022503516175,0.347985347985348
U0077,I0077,view,,1,43.74,2026-04-20 18:07:22+00:00,web,1.0,2026-04-20,18,home,Orion,43.74,0.756,0.41600000000000004,0.3446296296296296,0.6568213783403657,0.4786324786324787
U0214,I0051,rating,3.0,1,24.93,2026-03-15 04:58:22+00:00,mobile,3.0,2026-03-15,4,fashion,Pulse,24.93,0.607,0.373,0.17046296296296293,0.4472573839662447,0.42612942612942617
U0114,I0011,rating,5.0,1,15.55,2026-02-28 19:21:22+00:00,web,5.0,2026-02-28,19,sports,UrbanLeaf,15.55,0.673,0.613,0.08361111111111112,0.5400843881856541,0.7191697191697192
U0099,I0084,rating,5.0,1,27.83,2026-04-15 16:10:22+00:00,mobile,5.0,2026-04-15,16,books,ZenCo,27.83,0.8260000000000001,0.037,0.19731481481481478,0.7552742616033755,0.01587301587301587
U0158,I0022,view,,1,23.73,2026-04-23 05:17:22+00:00,web,1.0,2026-04-23,5,fashion,Orion,23.73,0.511,0.524,0.15935185185185186,0.3122362869198312,0.6105006105006106
U0223,I0106,view,,1,26.93,2026-03-25 17:47:22+00:00,web,1.0,2026-03-25,17,sports,Nova,26.93,0.41400000000000003,0.40700000000000003,0.18898148148148147,0.1758087201125177,0.4676434676434677
U0007,I0104,view,,1,41.88,2026-04-26 22:48:22+00:00,mobile,1.0,2026-04-26,22,electronics,Aster,41.88,0.799,0.487,0.3274074074074074,0.7172995780590717,0.5653235653235653
U0012,I0116,view,,1,59.11,2026-02-09 21:16:22+00:00,web,1.0,2026-02-09,21,electronics,Aster,59.11,0.622,0.58,0.48694444444444446,0.4683544303797468,0.6788766788766789
U0140,I0076,view,,1,36.2,2026-04-12 16:42:22+00:00,web,1.0,2026-04-12,16,books,Pulse,36.2,0.8180000000000001,0.057,0.27481481481481485,0.7440225035161744,0.04029304029304029
U0060,I0077,rating,4.0,1,43.74,2026-03-07 18:54:22+00:00,mobile,4.0,2026-03-07,18,home,Orion,43.74,0.756,0.41600000000000004,0.3446296296296296,0.6568213783403657,0.4786324786324787
U0190,I0059,cart,,1,24.91,2026-04-28 12:46:22+00:00,web,3.0,2026-04-28,12,books,Pulse,24.91,0.758,0.376,0.17027777777777775,0.6596343178621659,0.4297924297924298
U0032,I0079,view,,1,55.92,2026-04-01 20:10:22+00:00,web,1.0,2026-04-01,20,home,Aster,55.92,0.534,0.374,0.45740740740740743,0.3445850914205345,0.4273504273504274
U0182,I0074,view,,1,19.52,2026-04-04 01:03:22+00:00,mobile,1.0,2026-04-04,1,electronics,Nova,19.52,0.645,0.212,0.12037037037037036,0.5007032348804501,0.22954822954822957
U0107,I0091,view,,1,42.99,2026-02-27 06:31:22+00:00,web,1.0,2026-02-27,6,beauty,ZenCo,42.99,0.592,0.222,0.3376851851851852,0.4261603375527425,0.2417582417582418
U0034,I0120,purchase,,1,26.42,2026-04-14 11:30:22+00:00,web,5.0,2026-04-14,11,electronics,Nova,26.42,0.501,0.108,0.1842592592592593,0.29817158931082977,0.10256410256410256
U0090,I0016,view,,1,41.84,2026-04-06 08:28:22+00:00,web,1.0,2026-04-06,8,home,Aster,41.84,0.916,0.26,0.32703703703703707,0.8818565400843882,0.2881562881562882
U0150,I0073,view,,1,25.28,2026-04-10 20:02:22+00:00,mobile,1.0,2026-04-10,20,electronics,Pulse,25.28,0.545,0.116,0.1737037037037037,0.360056258790436,0.11233211233211235
U0016,I0058,view,,1,18.03,2026-04-29 05:45:22+00:00,mobile,1.0,2026-04-29,5,home,UrbanLeaf,18.03,0.771,0.47300000000000003,0.10657407407407408,0.6779184247538678,0.5482295482295483
U0137,I0044,view,,1,16.15,2026-04-01 02:44:22+00:00,mobile,1.0,2026-04-01,2,home,Aster,16.15,0.797,0.046,0.08916666666666666,0.7144866385372713,0.02686202686202686
U0234,I0001,cart,,1,31.44,2026-03-03 01:23:22+00:00,web,3.0,2026-03-03,1,home,Aster,31.44,0.778,0.255,0.23074074074074075,0.6877637130801687,0.28205128205128205
U0031,I0044,purchase,,1,16.15,2026-03-19 21:34:22+00:00,web,5.0,2026-03-19,21,home,Aster,16.15,0.797,0.046,0.08916666666666666,0.7144866385372713,0.02686202686202686
U0234,I0045,view,,1,27.1,2026-04-28 04:31:22+00:00,mobile,1.0,2026-04-28,4,beauty,ZenCo,27.1,0.927,0.165,0.1905555555555556,0.8973277074542897,0.1721611721611722
U0164,I0083,view,,1,17.83,2026-02-26 18:54:22+00:00,web,1.0,2026-02-26,18,sports,Aster,17.83,0.483,0.085,0.1047222222222222,0.2728551336146273,0.0744810744810745
U0088,I0063,view,,1,17.91,2026-03-27 12:40:22+00:00,mobile,1.0,2026-03-27,12,beauty,Nova,17.91,0.875,0.47300000000000003,0.10546296296296297,0.8241912798874823,0.5482295482295483
U0060,I0056,view,,1,21.96,2026-04-14 16:00:22+00:00,mobile,1.0,2026-04-14,16,books,Nova,21.96,0.606,0.146,0.14296296296296296,0.4458509142053445,0.14896214896214896
U0019,I0073,cart,,1,25.28,2026-04-17 15:24:22+00:00,web,3.0,2026-04-17,15,electronics,Pulse,25.28,0.545,0.116,0.1737037037037037,0.360056258790436,0.11233211233211235
U0072,I0033,view,,1,24.72,2026-02-16 12:15:22+00:00,mobile,1.0,2026-02-16,12,books,Orion,24.72,0.727,0.5650000000000001,0.1685185185185185,0.6160337552742615,0.6605616605616607
U0224,I0058,view,,1,18.03,2026-04-21 09:31:22+00:00,web,1.0,2026-04-21,9,home,UrbanLeaf,18.03,0.771,0.47300000000000003,0.10657407407407408,0.6779184247538678,0.5482295482295483
U0102,I0022,view,,1,23.73,2026-02-02 19:55:22+00:00,mobile,1.0,2026-02-02,19,fashion,Orion,23.73,0.511,0.524,0.15935185185185186,0.3122362869198312,0.6105006105006106
U0203,I0005,rating,4.0,1,20.52,2026-04-24 08:26:22+00:00,web,4.0,2026-04-24,8,home,ZenCo,20.52,0.669,0.275,0.1296296296296296,0.5344585091420535,0.3064713064713065
U0200,I0018,rating,4.0,1,34.0,2026-02-05 03:42:22+00:00,mobile,4.0,2026-02-05,3,books,Nova,34.0,0.517,0.384,0.2544444444444444,0.32067510548523204,0.4395604395604396
U0203,I0016,cart,,1,41.84,2026-03-14 15:25:22+00:00,mobile,3.0,2026-03-14,15,home,Aster,41.84,0.916,0.26,0.32703703703703707,0.8818565400843882,0.2881562881562882
U0226,I0035,view,,1,26.96,2026-04-15 00:33:22+00:00,mobile,1.0,2026-04-15,0,books,Pulse,26.96,0.93,0.305,0.18925925925925924,0.9015471167369901,0.3431013431013431
U0153,I0003,view,,1,12.56,2026-03-12 00:31:22+00:00,web,1.0,2026-03-12,0,home,Pulse,12.56,0.686,0.39,0.055925925925925934,0.5583684950773559,0.4468864468864469
U0034,I0068,cart,,1,16.18,2026-04-09 01:24:22+00:00,web,3.0,2026-04-09,1,electronics,ZenCo,16.18,0.66,0.20500000000000002,0.08944444444444445,0.5218002812939522,0.22100122100122105
U0110,I0096,rating,5.0,1,36.87,2026-02-06 22:51:22+00:00,mobile,5.0,2026-02-06,22,home,UrbanLeaf,36.87,0.675,0.17,0.2810185185185185,0.5428973277074544,0.1782661782661783
U0177,I0088,purchase,,1,30.05,2026-04-19 04:41:22+00:00,web,5.0,2026-04-19,4,beauty,ZenCo,30.05,0.594,0.149,0.21787037037037038,0.4289732770745428,0.15262515262515264
U0136,I0055,rating,5.0,1,14.43,2026-03-05 21:09:22+00:00,web,5.0,2026-03-05,21,books,Aster,14.43,0.875,0.322,0.07324074074074073,0.8241912798874823,0.3638583638583639
U0137,I0081,purchase,,1,60.65,2026-04-05 14:41:22+00:00,mobile,5.0,2026-04-05,14,home,Orion,60.65,0.7010000000000001,0.10300000000000001,0.5012037037037036,0.579465541490858,0.09645909645909648
U0128,I0080,purchase,,1,16.0,2026-05-02 21:46:22+00:00,web,5.0,2026-05-02,21,home,Nova,16.0,0.681,0.432,0.08777777777777777,0.5513361462728552,0.4981684981684982
U0145,I0054,cart,,1,35.21,2026-03-28 07:31:22+00:00,web,3.0,2026-03-28,7,beauty,UrbanLeaf,35.21,0.667,0.323,0.26564814814814813,0.5316455696202532,0.3650793650793651
U0083,I0070,cart,,1,26.73,2026-04-06 18:52:22+00:00,web,3.0,2026-04-06,18,home,Nova,26.73,0.365,0.634,0.18712962962962965,0.10689170182841068,0.7448107448107448
U0194,I0046,view,,1,32.06,2026-04-16 02:30:22+00:00,mobile,1.0,2026-04-16,2,books,Pulse,32.06,0.972,0.131,0.23648148148148151,0.9606188466947959,0.13064713064713065
U0063,I0077,rating,5.0,1,43.74,2026-02-23 01:19:22+00:00,web,5.0,2026-02-23,1,home,Orion,43.74,0.756,0.41600000000000004,0.3446296296296296,0.6568213783403657,0.4786324786324787
U0017,I0024,rating,5.0,1,24.65,2026-02-04 07:46:22+00:00,web,5.0,2026-02-04,7,sports,ZenCo,24.65,0.79,0.5750000000000001,0.16787037037037034,0.7046413502109704,0.6727716727716729
U0105,I0031,view,,1,6.52,2026-04-12 15:21:22+00:00,mobile,1.0,2026-04-12,15,books,UrbanLeaf,6.52,0.8240000000000001,0.45,0.0,0.7524613220815753,0.5201465201465202
U0205,I0072,rating,4.0,1,21.99,2026-04-08 17:30:22+00:00,mobile,4.0,2026-04-08,17,electronics,Pulse,21.99,1.0,0.748,0.14324074074074072,0.9999999999999999,0.8840048840048841
U0063,I0047,view,,1,36.67,2026-04-19 12:50:22+00:00,web,1.0,2026-04-19,12,home,Aster,36.67,0.966,0.395,0.2791666666666667,0.9521800281293952,0.45299145299145305
U0201,I0020,purchase,,2,27.33,2026-03-07 20:13:22+00:00,mobile,5.0,2026-03-07,20,beauty,Pulse,27.33,0.731,0.223,0.19268518518518518,0.6216596343178621,0.242979242979243
U0146,I0006,view,,1,21.38,2026-04-07 06:42:22+00:00,mobile,1.0,2026-04-07,6,electronics,UrbanLeaf,21.38,0.626,0.395,0.1375925925925926,0.47398030942334735,0.45299145299145305
U0173,I0108,view,,1,101.53,2026-04-13 18:00:22+00:00,web,1.0,2026-04-13,18,beauty,UrbanLeaf,101.53,0.485,0.212,0.8797222222222222,0.2756680731364276,0.22954822954822957
U0087,I0048,view,,1,22.53,2026-02-10 19:37:22+00:00,mobile,1.0,2026-02-10,19,books,Nova,22.53,0.897,0.2,0.14824074074074073,0.8551336146272855,0.2148962148962149
U0168,I0030,view,,1,19.11,2026-02-11 13:05:22+00:00,mobile,1.0,2026-02-11,13,fashion,Orion,19.11,0.679,0.384,0.11657407407407407,0.5485232067510549,0.4395604395604396
U0121,I0080,purchase,,2,16.0,2026-03-21 18:19:22+00:00,mobile,5.0,2026-03-21,18,home,Nova,16.0,0.681,0.432,0.08777777777777777,0.5513361462728552,0.4981684981684982
U0154,I0118,cart,,1,24.81,2026-03-14 07:14:22+00:00,web,3.0,2026-03-14,7,books,Nova,24.81,1.0,0.20500000000000002,0.1693518518518518,0.9999999999999999,0.22100122100122105
U0177,I0115,purchase,,1,29.97,2026-02-02 18:02:22+00:00,mobile,5.0,2026-02-02,18,beauty,Nova,29.97,0.788,0.161,0.21712962962962962,0.7018284106891702,0.1672771672771673
U0222,I0017,view,,1,25.29,2026-04-14 12:45:22+00:00,web,1.0,2026-04-14,12,beauty,UrbanLeaf,25.29,0.804,0.343,0.17379629629629628,0.7243319268635725,0.38949938949938956
U0184,I0112,view,,1,53.68,2026-04-30 19:09:22+00:00,web,1.0,2026-04-30,19,fashion,Pulse,53.68,0.342,0.187,0.43666666666666665,0.07454289732770752,0.19902319902319904
U0226,I0061,view,,1,17.75,2026-04-06 21:06:22+00:00,web,1.0,2026-04-06,21,books,ZenCo,17.75,0.625,0.234,0.10398148148148147,0.47257383966244726,0.25641025641025644
U0187,I0055,cart,,1,14.43,2026-03-14 11:25:22+00:00,mobile,3.0,2026-03-14,11,books,Aster,14.43,0.875,0.322,0.07324074074074073,0.8241912798874823,0.3638583638583639
U0213,I0041,view,,1,35.48,2026-03-12 20:02:22+00:00,web,1.0,2026-03-12,20,fashion,UrbanLeaf,35.48,0.656,0.211,0.26814814814814814,0.5161744022503516,0.22832722832722835
U0101,I0041,purchase,,1,35.48,2026-03-05 03:01:22+00:00,mobile,5.0,2026-03-05,3,fashion,UrbanLeaf,35.48,0.656,0.211,0.26814814814814814,0.5161744022503516,0.22832722832722835
U0237,I0053,purchase,,1,18.65,2026-03-03 01:03:22+00:00,web,5.0,2026-03-03,1,books,Pulse,18.65,0.745,0.249,0.1123148148148148,0.6413502109704642,0.27472527472527475
U0071,I0051,view,,1,24.93,2026-03-30 22:13:22+00:00,web,1.0,2026-03-30,22,fashion,Pulse,24.93,0.607,0.373,0.17046296296296293,0.4472573839662447,0.42612942612942617
U0021,I0039,purchase,,1,14.55,2026-03-10 17:05:22+00:00,mobile,5.0,2026-03-10,17,electronics,ZenCo,14.55,0.483,0.47100000000000003,0.07435185185185185,0.2728551336146273,0.5457875457875458
U0074,I0120,cart,,1,26.42,2026-04-18 02:46:22+00:00,web,3.0,2026-04-18,2,electronics,Nova,26.42,0.501,0.108,0.1842592592592593,0.29817158931082977,0.10256410256410256
U0004,I0100,view,,1,54.26,2026-02-14 18:04:22+00:00,mobile,1.0,2026-02-14,18,sports,UrbanLeaf,54.26,0.5670000000000001,0.527,0.44203703703703706,0.39099859353023914,0.6141636141636142
U0220,I0076,rating,5.0,1,36.2,2026-03-18 16:54:22+00:00,mobile,5.0,2026-03-18,16,books,Pulse,36.2,0.8180000000000001,0.057,0.27481481481481485,0.7440225035161744,0.04029304029304029
U0013,I0058,purchase,,1,18.03,2026-04-26 13:17:22+00:00,mobile,5.0,2026-04-26,13,home,UrbanLeaf,18.03,0.771,0.47300000000000003,0.10657407407407408,0.6779184247538678,0.5482295482295483
U0202,I0074,view,,1,19.52,2026-03-26 22:43:22+00:00,mobile,1.0,2026-03-26,22,electronics,Nova,19.52,0.645,0.212,0.12037037037037036,0.5007032348804501,0.22954822954822957
U0060,I0119,view,,1,34.0,2026-03-20 16:24:22+00:00,web,1.0,2026-03-20,16,beauty,Pulse,34.0,0.9460000000000001,0.10400000000000001,0.2544444444444444,0.9240506329113923,0.0976800976800977
U0168,I0023,view,,1,51.99,2026-04-11 20:01:22+00:00,mobile,1.0,2026-04-11,20,fashion,Pulse,51.99,0.717,0.455,0.4210185185185185,0.6019690576652602,0.5262515262515263
U0158,I0112,view,,1,53.68,2026-03-16 06:20:22+00:00,web,1.0,2026-03-16,6,fashion,Pulse,53.68,0.342,0.187,0.43666666666666665,0.07454289732770752,0.19902319902319904
U0071,I0023,view,,1,51.99,2026-02-24 05:16:22+00:00,web,1.0,2026-02-24,5,fashion,Pulse,51.99,0.717,0.455,0.4210185185185185,0.6019690576652602,0.5262515262515263
U0053,I0084,purchase,,1,27.83,2026-03-17 14:29:22+00:00,mobile,5.0,2026-03-17,14,books,ZenCo,27.83,0.8260000000000001,0.037,0.19731481481481478,0.7552742616033755,0.01587301587301587
U0239,I0025,view,,1,15.52,2026-02-11 17:31:22+00:00,mobile,1.0,2026-02-11,17,beauty,Nova,15.52,0.76,0.761,0.08333333333333333,0.6624472573839663,0.8998778998779
U0021,I0071,view,,1,31.77,2026-04-25 21:31:22+00:00,mobile,1.0,2026-04-25,21,electronics,ZenCo,31.77,0.595,0.32,0.23379629629629628,0.430379746835443,0.36141636141636146
U0208,I0095,view,,1,11.84,2026-02-14 15:31:22+00:00,web,1.0,2026-02-14,15,sports,UrbanLeaf,11.84,0.886,0.197,0.04925925925925925,0.8396624472573838,0.21123321123321126
U0195,I0054,purchase,,1,35.21,2026-04-22 23:57:22+00:00,mobile,5.0,2026-04-22,23,beauty,UrbanLeaf,35.21,0.667,0.323,0.26564814814814813,0.5316455696202532,0.3650793650793651
U0004,I0100,rating,5.0,1,54.26,2026-02-27 01:33:22+00:00,mobile,5.0,2026-02-27,1,sports,UrbanLeaf,54.26,0.5670000000000001,0.527,0.44203703703703706,0.39099859353023914,0.6141636141636142
U0020,I0081,view,,1,60.65,2026-02-04 14:42:22+00:00,mobile,1.0,2026-02-04,14,home,Orion,60.65,0.7010000000000001,0.10300000000000001,0.5012037037037036,0.579465541490858,0.09645909645909648
U0167,I0014,view,,1,30.5,2026-03-16 01:53:22+00:00,web,1.0,2026-03-16,1,electronics,ZenCo,30.5,0.544,0.221,0.22203703703703703,0.3586497890295359,0.24053724053724057
U0021,I0117,purchase,,1,42.8,2026-04-09 02:20:22+00:00,web,5.0,2026-04-09,2,electronics,Pulse,42.8,0.8160000000000001,0.231,0.3359259259259259,0.7412095639943742,0.2527472527472528
U0102,I0112,view,,1,53.68,2026-03-13 15:21:22+00:00,mobile,1.0,2026-03-13,15,fashion,Pulse,53.68,0.342,0.187,0.43666666666666665,0.07454289732770752,0.19902319902319904
U0120,I0092,cart,,1,16.23,2026-02-11 02:26:22+00:00,web,3.0,2026-02-11,2,beauty,ZenCo,16.23,0.8140000000000001,0.035,0.0899074074074074,0.7383966244725738,0.013431013431013435
U0006,I0016,cart,,1,41.84,2026-03-16 19:51:22+00:00,web,3.0,2026-03-16,19,home,Aster,41.84,0.916,0.26,0.32703703703703707,0.8818565400843882,0.2881562881562882
U0084,I0111,purchase,,1,114.52,2026-03-15 18:19:22+00:00,mobile,5.0,2026-03-15,18,books,Nova,114.52,0.649,0.314,0.9999999999999998,0.5063291139240507,0.3540903540903541
U0028,I0099,purchase,,1,19.36,2026-04-09 07:34:22+00:00,web,5.0,2026-04-09,7,fashion,ZenCo,19.36,0.81,0.17,0.11888888888888889,0.7327707454289732,0.1782661782661783
U0190,I0109,view,,1,70.56,2026-02-19 23:07:22+00:00,web,1.0,2026-02-19,23,home,Aster,70.56,0.78,0.5680000000000001,0.5929629629629629,0.6905766526019691,0.6642246642246643
U0196,I0076,view,,1,36.2,2026-03-07 15:20:22+00:00,web,1.0,2026-03-07,15,books,Pulse,36.2,0.8180000000000001,0.057,0.27481481481481485,0.7440225035161744,0.04029304029304029
U0152,I0097,cart,,1,42.6,2026-02-16 00:48:22+00:00,mobile,3.0,2026-02-16,0,fashion,ZenCo,42.6,0.549,0.041,0.3340740740740741,0.3656821378340366,0.020757020757020763
U0028,I0112,view,,1,53.68,2026-03-07 16:02:22+00:00,web,1.0,2026-03-07,16,fashion,Pulse,53.68,0.342,0.187,0.43666666666666665,0.07454289732770752,0.19902319902319904
U0102,I0097,purchase,,1,42.6,2026-04-03 03:56:22+00:00,mobile,5.0,2026-04-03,3,fashion,ZenCo,42.6,0.549,0.041,0.3340740740740741,0.3656821378340366,0.020757020757020763
U0022,I0013,rating,4.0,1,28.54,2026-04-13 04:20:22+00:00,mobile,4.0,2026-04-13,4,electronics,ZenCo,28.54,0.846,0.024,0.2038888888888889,0.7834036568213781,0.0
U0160,I0107,cart,,1,14.01,2026-04-23 00:46:22+00:00,web,3.0,2026-04-23,0,electronics,Orion,14.01,0.914,0.24,0.06935185185185185,0.8790436005625878,0.26373626373626374
U0177,I0103,rating,3.0,1,51.23,2026-04-16 10:04:22+00:00,mobile,3.0,2026-04-16,10,beauty,ZenCo,51.23,0.537,0.259,0.41398148148148145,0.3488045007032349,0.28693528693528697
U0120,I0027,purchase,,1,58.32,2026-04-26 00:46:22+00:00,web,5.0,2026-04-26,0,sports,Orion,58.32,0.791,0.039,0.4796296296296296,0.7060478199718706,0.018315018315018316
U0238,I0002,rating,2.0,1,22.56,2026-04-01 16:33:22+00:00,mobile,2.0,2026-04-01,16,beauty,ZenCo,22.56,0.848,0.169,0.1485185185185185,0.7862165963431785,0.17704517704517708
U0193,I0024,view,,1,24.65,2026-02-04 00:24:22+00:00,web,1.0,2026-02-04,0,sports,ZenCo,24.65,0.79,0.5750000000000001,0.16787037037037034,0.7046413502109704,0.6727716727716729
U0009,I0054,view,,1,35.21,2026-05-01 09:21:22+00:00,mobile,1.0,2026-05-01,9,beauty,UrbanLeaf,35.21,0.667,0.323,0.26564814814814813,0.5316455696202532,0.3650793650793651
U0103,I0102,view,,1,45.37,2026-03-06 00:05:22+00:00,web,1.0,2026-03-06,0,electronics,UrbanLeaf,45.37,0.5690000000000001,0.498,0.3597222222222222,0.3938115330520394,0.5787545787545788
U0161,I0019,view,,1,35.63,2026-04-11 02:00:22+00:00,web,1.0,2026-04-11,2,beauty,UrbanLeaf,35.63,0.65,0.368,0.2695370370370371,0.5077355836849508,0.42002442002442003
U0017,I0012,cart,,1,67.3,2026-04-03 20:18:22+00:00,web,3.0,2026-04-03,20,sports,Pulse,67.3,0.642,0.37,0.5627777777777777,0.4964838255977496,0.4224664224664225
U0103,I0025,view,,1,15.52,2026-04-18 17:08:22+00:00,mobile,1.0,2026-04-18,17,beauty,Nova,15.52,0.76,0.761,0.08333333333333333,0.6624472573839663,0.8998778998779
U0055,I0115,view,,1,29.97,2026-02-22 10:56:22+00:00,mobile,1.0,2026-02-22,10,beauty,Nova,29.97,0.788,0.161,0.21712962962962962,0.7018284106891702,0.1672771672771673
U0008,I0107,view,,1,14.01,2026-02-21 09:56:22+00:00,mobile,1.0,2026-02-21,9,electronics,Orion,14.01,0.914,0.24,0.06935185185185185,0.8790436005625878,0.26373626373626374
U0002,I0001,view,,1,31.44,2026-03-08 20:04:22+00:00,mobile,1.0,2026-03-08,20,home,Aster,31.44,0.778,0.255,0.23074074074074075,0.6877637130801687,0.28205128205128205
U0197,I0082,purchase,,1,27.22,2026-02-07 10:22:22+00:00,mobile,5.0,2026-02-07,10,home,Nova,27.22,0.41300000000000003,0.363,0.19166666666666665,0.1744022503516175,0.41391941391941395
U0073,I0008,view,,1,36.94,2026-03-30 02:17:22+00:00,web,1.0,2026-03-30,2,sports,Orion,36.94,0.289,0.317,0.2816666666666666,0.0,0.35775335775335776
U0053,I0101,view,,1,48.0,2026-04-24 14:15:22+00:00,mobile,1.0,2026-04-24,14,electronics,UrbanLeaf,48.0,0.773,0.338,0.38407407407407407,0.6807313642756679,0.3833943833943835
U0103,I0092,view,,1,16.23,2026-02-02 08:50:22+00:00,web,1.0,2026-02-02,8,beauty,ZenCo,16.23,0.8140000000000001,0.035,0.0899074074074074,0.7383966244725738,0.013431013431013435
U0025,I0060,view,,1,48.07,2026-04-06 23:07:22+00:00,mobile,1.0,2026-04-06,23,fashion,ZenCo,48.07,0.742,0.151,0.38472222222222224,0.6371308016877636,0.15506715506715507
U0146,I0014,view,,1,30.5,2026-02-19 18:39:22+00:00,web,1.0,2026-02-19,18,electronics,ZenCo,30.5,0.544,0.221,0.22203703703703703,0.3586497890295359,0.24053724053724057
U0232,I0017,view,,1,25.29,2026-04-09 01:11:22+00:00,mobile,1.0,2026-04-09,1,beauty,UrbanLeaf,25.29,0.804,0.343,0.17379629629629628,0.7243319268635725,0.38949938949938956
U0213,I0114,rating,5.0,1,33.44,2026-02-27 01:22:22+00:00,mobile,5.0,2026-02-27,1,fashion,Nova,33.44,0.752,0.39,0.24925925925925924,0.6511954992967651,0.4468864468864469
U0199,I0087,view,,1,58.68,2026-02-14 03:50:22+00:00,web,1.0,2026-02-14,3,electronics,UrbanLeaf,58.68,0.7000000000000001,0.155,0.482962962962963,0.5780590717299579,0.15995115995115997
U0026,I0090,rating,2.0,1,12.85,2026-02-23 12:25:22+00:00,web,2.0,2026-02-23,12,home,Orion,12.85,0.41200000000000003,0.123,0.0586111111111111,0.1729957805907174,0.1208791208791209
U0164,I0083,purchase,,1,17.83,2026-04-04 19:28:22+00:00,mobile,5.0,2026-04-04,19,sports,Aster,17.83,0.483,0.085,0.1047222222222222,0.2728551336146273,0.0744810744810745
U0174,I0118,cart,,1,24.81,2026-03-07 11:03:22+00:00,mobile,3.0,2026-03-07,11,books,Nova,24.81,1.0,0.20500000000000002,0.1693518518518518,0.9999999999999999,0.22100122100122105
U0117,I0109,cart,,1,70.56,2026-05-02 05:07:22+00:00,web,3.0,2026-05-02,5,home,Aster,70.56,0.78,0.5680000000000001,0.5929629629629629,0.6905766526019691,0.6642246642246643
U0196,I0112,view,,1,53.68,2026-03-16 06:54:22+00:00,mobile,1.0,2026-03-16,6,fashion,Pulse,53.68,0.342,0.187,0.43666666666666665,0.07454289732770752,0.19902319902319904
U0162,I0103,purchase,,1,51.23,2026-04-25 08:04:22+00:00,web,5.0,2026-04-25,8,beauty,ZenCo,51.23,0.537,0.259,0.41398148148148145,0.3488045007032349,0.28693528693528697
U0136,I0098,view,,1,35.06,2026-02-23 11:35:22+00:00,web,1.0,2026-02-23,11,books,Pulse,35.06,0.709,0.449,0.2642592592592593,0.590717299578059,0.518925518925519
U0077,I0111,view,,1,114.52,2026-04-27 08:07:22+00:00,mobile,1.0,2026-04-27,8,books,Nova,114.52,0.649,0.314,0.9999999999999998,0.5063291139240507,0.3540903540903541
U0203,I0061,rating,5.0,1,17.75,2026-03-10 07:34:22+00:00,mobile,5.0,2026-03-10,7,books,ZenCo,17.75,0.625,0.234,0.10398148148148147,0.47257383966244726,0.25641025641025644
U0091,I0017,cart,,1,25.29,2026-04-13 14:11:22+00:00,web,3.0,2026-04-13,14,beauty,UrbanLeaf,25.29,0.804,0.343,0.17379629629629628,0.7243319268635725,0.38949938949938956
U0146,I0015,cart,,1,19.27,2026-02-21 03:40:22+00:00,mobile,3.0,2026-02-21,3,electronics,Orion,19.27,0.914,0.342,0.11805555555555554,0.8790436005625878,0.38827838827838834
U0090,I0041,cart,,1,35.48,2026-02-04 02:54:22+00:00,web,3.0,2026-02-04,2,fashion,UrbanLeaf,35.48,0.656,0.211,0.26814814814814814,0.5161744022503516,0.22832722832722835
U0225,I0109,view,,1,70.56,2026-04-05 09:48:22+00:00,mobile,1.0,2026-04-05,9,home,Aster,70.56,0.78,0.5680000000000001,0.5929629629629629,0.6905766526019691,0.6642246642246643
U0136,I0080,view,,1,16.0,2026-02-16 07:27:22+00:00,web,1.0,2026-02-16,7,home,Nova,16.0,0.681,0.432,0.08777777777777777,0.5513361462728552,0.4981684981684982
U0173,I0115,view,,1,29.97,2026-02-13 20:15:22+00:00,web,1.0,2026-02-13,20,beauty,Nova,29.97,0.788,0.161,0.21712962962962962,0.7018284106891702,0.1672771672771673
U0166,I0014,view,,1,30.5,2026-03-18 13:08:22+00:00,web,1.0,2026-03-18,13,electronics,ZenCo,30.5,0.544,0.221,0.22203703703703703,0.3586497890295359,0.24053724053724057
U0128,I0119,view,,1,34.0,2026-03-05 14:00:22+00:00,mobile,1.0,2026-03-05,14,beauty,Pulse,34.0,0.9460000000000001,0.10400000000000001,0.2544444444444444,0.9240506329113923,0.0976800976800977
U0133,I0014,cart,,1,30.5,2026-03-23 12:22:22+00:00,web,3.0,2026-03-23,12,electronics,ZenCo,30.5,0.544,0.221,0.22203703703703703,0.3586497890295359,0.24053724053724057
U0220,I0108,view,,1,101.53,2026-03-23 19:42:22+00:00,mobile,1.0,2026-03-23,19,beauty,UrbanLeaf,101.53,0.485,0.212,0.8797222222222222,0.2756680731364276,0.22954822954822957
U0080,I0099,purchase,,1,19.36,2026-04-22 23:44:22+00:00,web,5.0,2026-04-22,23,fashion,ZenCo,19.36,0.81,0.17,0.11888888888888889,0.7327707454289732,0.1782661782661783
U0021,I0072,view,,1,21.99,2026-03-16 07:06:22+00:00,web,1.0,2026-03-16,7,electronics,Pulse,21.99,1.0,0.748,0.14324074074074072,0.9999999999999999,0.8840048840048841
U0089,I0088,rating,3.0,1,30.05,2026-03-09 00:03:22+00:00,mobile,3.0,2026-03-09,0,beauty,ZenCo,30.05,0.594,0.149,0.21787037037037038,0.4289732770745428,0.15262515262515264
U0192,I0092,view,,1,16.23,2026-04-02 13:32:22+00:00,web,1.0,2026-04-02,13,beauty,ZenCo,16.23,0.8140000000000001,0.035,0.0899074074074074,0.7383966244725738,0.013431013431013435
U0187,I0049,purchase,,1,10.95,2026-04-22 03:28:22+00:00,web,5.0,2026-04-22,3,books,UrbanLeaf,10.95,0.716,0.125,0.04101851851851851,0.60056258790436,0.12332112332112333
U0089,I0093,view,,1,35.82,2026-03-12 09:28:22+00:00,web,1.0,2026-03-12,9,fashion,UrbanLeaf,35.82,0.616,0.268,0.2712962962962963,0.4599156118143459,0.297924297924298
U0154,I0076,purchase,,1,36.2,2026-04-26 20:01:22+00:00,mobile,5.0,2026-04-26,20,books,Pulse,36.2,0.8180000000000001,0.057,0.27481481481481485,0.7440225035161744,0.04029304029304029
U0026,I0044,rating,5.0,1,16.15,2026-04-20 15:16:22+00:00,mobile,5.0,2026-04-20,15,home,Aster,16.15,0.797,0.046,0.08916666666666666,0.7144866385372713,0.02686202686202686
U0024,I0084,view,,1,27.83,2026-03-20 19:15:22+00:00,mobile,1.0,2026-03-20,19,books,ZenCo,27.83,0.8260000000000001,0.037,0.19731481481481478,0.7552742616033755,0.01587301587301587
U0029,I0005,view,,1,20.52,2026-02-27 13:56:22+00:00,web,1.0,2026-02-27,13,home,ZenCo,20.52,0.669,0.275,0.1296296296296296,0.5344585091420535,0.3064713064713065
U0020,I0108,rating,5.0,1,101.53,2026-04-03 00:58:22+00:00,web,5.0,2026-04-03,0,beauty,UrbanLeaf,101.53,0.485,0.212,0.8797222222222222,0.2756680731364276,0.22954822954822957
U0070,I0020,rating,4.0,1,27.33,2026-03-26 12:35:22+00:00,web,4.0,2026-03-26,12,beauty,Pulse,27.33,0.731,0.223,0.19268518518518518,0.6216596343178621,0.242979242979243
U0033,I0014,view,,1,30.5,2026-04-17 05:06:22+00:00,mobile,1.0,2026-04-17,5,electronics,ZenCo,30.5,0.544,0.221,0.22203703703703703,0.3586497890295359,0.24053724053724057
U0121,I0081,view,,1,60.65,2026-04-02 22:25:22+00:00,mobile,1.0,2026-04-02,22,home,Orion,60.65,0.7010000000000001,0.10300000000000001,0.5012037037037036,0.579465541490858,0.09645909645909648
U0099,I0051,view,,1,24.93,2026-04-11 18:18:22+00:00,web,1.0,2026-04-11,18,fashion,Pulse,24.93,0.607,0.373,0.17046296296296293,0.4472573839662447,0.42612942612942617
U0174,I0091,view,,1,42.99,2026-04-11 15:27:22+00:00,web,1.0,2026-04-11,15,beauty,ZenCo,42.99,0.592,0.222,0.3376851851851852,0.4261603375527425,0.2417582417582418
U0026,I0079,view,,1,55.92,2026-03-06 18:09:22+00:00,mobile,1.0,2026-03-06,18,home,Aster,55.92,0.534,0.374,0.45740740740740743,0.3445850914205345,0.4273504273504274
U0133,I0073,view,,1,25.28,2026-02-21 19:39:22+00:00,mobile,1.0,2026-02-21,19,electronics,Pulse,25.28,0.545,0.116,0.1737037037037037,0.360056258790436,0.11233211233211235
U0171,I0103,view,,1,51.23,2026-04-05 07:29:22+00:00,web,1.0,2026-04-05,7,beauty,ZenCo,51.23,0.537,0.259,0.41398148148148145,0.3488045007032349,0.28693528693528697
U0214,I0011,view,,1,15.55,2026-03-06 22:11:22+00:00,web,1.0,2026-03-06,22,sports,UrbanLeaf,15.55,0.673,0.613,0.08361111111111112,0.5400843881856541,0.7191697191697192
U0156,I0033,view,,1,24.72,2026-04-10 06:47:22+00:00,web,1.0,2026-04-10,6,books,Orion,24.72,0.727,0.5650000000000001,0.1685185185185185,0.6160337552742615,0.6605616605616607
U0058,I0083,view,,1,17.83,2026-02-16 20:30:22+00:00,mobile,1.0,2026-02-16,20,sports,Aster,17.83,0.483,0.085,0.1047222222222222,0.2728551336146273,0.0744810744810745
U0046,I0001,view,,1,31.44,2026-04-02 09:49:22+00:00,web,1.0,2026-04-02,9,home,Aster,31.44,0.778,0.255,0.23074074074074075,0.6877637130801687,0.28205128205128205
U0073,I0024,rating,5.0,1,24.65,2026-03-23 14:20:22+00:00,mobile,5.0,2026-03-23,14,sports,ZenCo,24.65,0.79,0.5750000000000001,0.16787037037037034,0.7046413502109704,0.6727716727716729
U0036,I0046,rating,4.0,1,32.06,2026-04-18 01:44:22+00:00,web,4.0,2026-04-18,1,books,Pulse,32.06,0.972,0.131,0.23648148148148151,0.9606188466947959,0.13064713064713065
U0208,I0066,view,,1,22.7,2026-05-01 22:46:22+00:00,mobile,1.0,2026-05-01,22,sports,UrbanLeaf,22.7,0.8230000000000001,0.216,0.1498148148148148,0.7510548523206751,0.23443223443223443
U0197,I0080,rating,5.0,1,16.0,2026-03-21 23:43:22+00:00,mobile,5.0,2026-03-21,23,home,Nova,16.0,0.681,0.432,0.08777777777777777,0.5513361462728552,0.4981684981684982
U0157,I0031,view,,1,6.52,2026-04-20 11:36:22+00:00,mobile,1.0,2026-04-20,11,books,UrbanLeaf,6.52,0.8240000000000001,0.45,0.0,0.7524613220815753,0.5201465201465202
U0209,I0014,view,,1,30.5,2026-04-13 05:34:22+00:00,mobile,1.0,2026-04-13,5,electronics,ZenCo,30.5,0.544,0.221,0.22203703703703703,0.3586497890295359,0.24053724053724057
U0152,I0046,cart,,1,32.06,2026-04-24 16:23:22+00:00,web,3.0,2026-04-24,16,books,Pulse,32.06,0.972,0.131,0.23648148148148151,0.9606188466947959,0.13064713064713065
U0036,I0018,rating,1.0,1,34.0,2026-03-31 00:51:22+00:00,web,1.0,2026-03-31,0,books,Nova,34.0,0.517,0.384,0.2544444444444444,0.32067510548523204,0.4395604395604396
U0140,I0063,view,,1,17.91,2026-02-20 12:46:22+00:00,web,1.0,2026-02-20,12,beauty,Nova,17.91,0.875,0.47300000000000003,0.10546296296296297,0.8241912798874823,0.5482295482295483
U0033,I0006,view,,1,21.38,2026-04-06 04:03:22+00:00,web,1.0,2026-04-06,4,electronics,UrbanLeaf,21.38,0.626,0.395,0.1375925925925926,0.47398030942334735,0.45299145299145305
U0067,I0079,view,,1,55.92,2026-03-16 03:48:22+00:00,mobile,1.0,2026-03-16,3,home,Aster,55.92,0.534,0.374,0.45740740740740743,0.3445850914205345,0.4273504273504274
U0026,I0009,view,,1,26.36,2026-03-10 10:35:22+00:00,web,1.0,2026-03-10,10,home,Orion,26.36,0.492,0.5650000000000001,0.1837037037037037,0.28551336146272854,0.6605616605616607
U0175,I0060,rating,4.0,1,48.07,2026-03-15 23:24:22+00:00,web,4.0,2026-03-15,23,fashion,ZenCo,48.07,0.742,0.151,0.38472222222222224,0.6371308016877636,0.15506715506715507
U0042,I0099,view,,1,19.36,2026-03-12 22:29:22+00:00,mobile,1.0,2026-03-12,22,fashion,ZenCo,19.36,0.81,0.17,0.11888888888888889,0.7327707454289732,0.1782661782661783
U0158,I0097,view,,1,42.6,2026-03-01 04:52:22+00:00,mobile,1.0,2026-03-01,4,fashion,ZenCo,42.6,0.549,0.041,0.3340740740740741,0.3656821378340366,0.020757020757020763
U0057,I0024,view,,1,24.65,2026-02-22 20:59:22+00:00,web,1.0,2026-02-22,20,sports,ZenCo,24.65,0.79,0.5750000000000001,0.16787037037037034,0.7046413502109704,0.6727716727716729
U0200,I0081,purchase,,1,60.65,2026-04-25 00:27:22+00:00,web,5.0,2026-04-25,0,home,Orion,60.65,0.7010000000000001,0.10300000000000001,0.5012037037037036,0.579465541490858,0.09645909645909648
U0233,I0031,cart,,1,6.52,2026-02-22 21:49:22+00:00,mobile,3.0,2026-02-22,21,books,UrbanLeaf,6.52,0.8240000000000001,0.45,0.0,0.7524613220815753,0.5201465201465202
U0079,I0016,cart,,1,41.84,2026-04-27 10:31:22+00:00,web,3.0,2026-04-27,10,home,Aster,41.84,0.916,0.26,0.32703703703703707,0.8818565400843882,0.2881562881562882
U0229,I0036,view,,1,74.72,2026-02-09 08:22:22+00:00,web,1.0,2026-02-09,8,fashion,Orion,74.72,0.598,0.393,0.6314814814814814,0.43459915611814337,0.4505494505494506
U0028,I0080,cart,,1,16.0,2026-04-21 05:07:22+00:00,web,3.0,2026-04-21,5,home,Nova,16.0,0.681,0.432,0.08777777777777777,0.5513361462728552,0.4981684981684982
U0049,I0073,view,,1,25.28,2026-03-21 03:09:22+00:00,web,1.0,2026-03-21,3,electronics,Pulse,25.28,0.545,0.116,0.1737037037037037,0.360056258790436,0.11233211233211235
U0149,I0109,view,,1,70.56,2026-03-27 22:55:22+00:00,web,1.0,2026-03-27,22,home,Aster,70.56,0.78,0.5680000000000001,0.5929629629629629,0.6905766526019691,0.6642246642246643
U0013,I0044,purchase,,1,16.15,2026-02-04 11:47:22+00:00,web,5.0,2026-02-04,11,home,Aster,16.15,0.797,0.046,0.08916666666666666,0.7144866385372713,0.02686202686202686
U0183,I0018,purchase,,1,34.0,2026-02-04 00:36:22+00:00,mobile,5.0,2026-02-04,0,books,Nova,34.0,0.517,0.384,0.2544444444444444,0.32067510548523204,0.4395604395604396
U0161,I0087,view,,1,58.68,2026-02-19 14:05:22+00:00,mobile,1.0,2026-02-19,14,electronics,UrbanLeaf,58.68,0.7000000000000001,0.155,0.482962962962963,0.5780590717299579,0.15995115995115997
U0027,I0029,cart,,1,83.41,2026-03-27 10:10:22+00:00,web,3.0,2026-03-27,10,home,Orion,83.41,1.0,0.71,0.7119444444444444,0.9999999999999999,0.8376068376068376
U0158,I0060,purchase,,1,48.07,2026-03-20 16:17:22+00:00,mobile,5.0,2026-03-20,16,fashion,ZenCo,48.07,0.742,0.151,0.38472222222222224,0.6371308016877636,0.15506715506715507
U0121,I0080,view,,1,16.0,2026-03-29 08:00:22+00:00,web,1.0,2026-03-29,8,home,Nova,16.0,0.681,0.432,0.08777777777777777,0.5513361462728552,0.4981684981684982
U0050,I0046,rating,4.0,1,32.06,2026-03-17 12:09:22+00:00,mobile,4.0,2026-03-17,12,books,Pulse,32.06,0.972,0.131,0.23648148148148151,0.9606188466947959,0.13064713064713065
U0216,I0114,view,,1,33.44,2026-03-06 06:54:22+00:00,web,1.0,2026-03-06,6,fashion,Nova,33.44,0.752,0.39,0.24925925925925924,0.6511954992967651,0.4468864468864469
U0230,I0066,purchase,,1,22.7,2026-02-24 15:57:22+00:00,mobile,5.0,2026-02-24,15,sports,UrbanLeaf,22.7,0.8230000000000001,0.216,0.1498148148148148,0.7510548523206751,0.23443223443223443
U0028,I0080,view,,1,16.0,2026-02-03 17:05:22+00:00,mobile,1.0,2026-02-03,17,home,Nova,16.0,0.681,0.432,0.08777777777777777,0.5513361462728552,0.4981684981684982
U0206,I0041,cart,,1,35.48,2026-04-20 06:21:22+00:00,web,3.0,2026-04-20,6,fashion,UrbanLeaf,35.48,0.656,0.211,0.26814814814814814,0.5161744022503516,0.22832722832722835
U0169,I0012,view,,1,67.3,2026-04-21 10:23:22+00:00,web,1.0,2026-04-21,10,sports,Pulse,67.3,0.642,0.37,0.5627777777777777,0.4964838255977496,0.4224664224664225
U0160,I0040,rating,4.0,1,56.71,2026-03-01 15:15:22+00:00,web,4.0,2026-03-01,15,books,Orion,56.71,0.612,0.625,0.4647222222222222,0.45428973277074536,0.7338217338217339
U0239,I0045,view,,1,27.1,2026-03-31 08:23:22+00:00,web,1.0,2026-03-31,8,beauty,ZenCo,27.1,0.927,0.165,0.1905555555555556,0.8973277074542897,0.1721611721611722
U0004,I0040,purchase,,1,56.71,2026-03-01 19:48:22+00:00,web,5.0,2026-03-01,19,books,Orion,56.71,0.612,0.625,0.4647222222222222,0.45428973277074536,0.7338217338217339
U0047,I0090,rating,4.0,1,12.85,2026-02-12 08:30:22+00:00,mobile,4.0,2026-02-12,8,home,Orion,12.85,0.41200000000000003,0.123,0.0586111111111111,0.1729957805907174,0.1208791208791209
U0119,I0117,purchase,,1,42.8,2026-03-31 13:32:22+00:00,mobile,5.0,2026-03-31,13,electronics,Pulse,42.8,0.8160000000000001,0.231,0.3359259259259259,0.7412095639943742,0.2527472527472528
U0182,I0107,purchase,,1,14.01,2026-04-06 14:00:22+00:00,web,5.0,2026-04-06,14,electronics,Orion,14.01,0.914,0.24,0.06935185185185185,0.8790436005625878,0.26373626373626374
U0169,I0064,view,,1,28.05,2026-04-05 02:46:22+00:00,web,1.0,2026-04-05,2,sports,Nova,28.05,0.641,0.34500000000000003,0.19935185185185184,0.49507735583684953,0.391941391941392
U0057,I0064,purchase,,2,28.05,2026-02-05 17:09:22+00:00,mobile,5.0,2026-02-05,17,sports,Nova,28.05,0.641,0.34500000000000003,0.19935185185185184,0.49507735583684953,0.391941391941392
U0063,I0003,view,,1,12.56,2026-02-08 09:26:22+00:00,web,1.0,2026-02-08,9,home,Pulse,12.56,0.686,0.39,0.055925925925925934,0.5583684950773559,0.4468864468864469
U0217,I0062,view,,1,23.59,2026-02-02 23:17:22+00:00,web,1.0,2026-02-02,23,beauty,ZenCo,23.59,0.8150000000000001,0.304,0.15805555555555556,0.739803094233474,0.3418803418803419
U0095,I0074,view,,1,19.52,2026-03-10 22:04:22+00:00,web,1.0,2026-03-10,22,electronics,Nova,19.52,0.645,0.212,0.12037037037037036,0.5007032348804501,0.22954822954822957
U0081,I0120,view,,1,26.42,2026-02-07 02:03:22+00:00,mobile,1.0,2026-02-07,2,electronics,Nova,26.42,0.501,0.108,0.1842592592592593,0.29817158931082977,0.10256410256410256
U0138,I0043,purchase,,1,34.18,2026-02-12 10:19:22+00:00,web,5.0,2026-02-12,10,electronics,Aster,34.18,0.937,0.405,0.2561111111111111,0.9113924050632912,0.46520146520146527
U0073,I0088,purchase,,2,30.05,2026-02-12 22:14:22+00:00,mobile,5.0,2026-02-12,22,beauty,ZenCo,30.05,0.594,0.149,0.21787037037037038,0.4289732770745428,0.15262515262515264
U0139,I0028,view,,1,23.83,2026-04-25 00:06:22+00:00,web,1.0,2026-04-25,0,sports,Nova,23.83,0.467,0.08700000000000001,0.16027777777777774,0.25035161744022505,0.07692307692307694
U0036,I0093,view,,1,35.82,2026-02-23 21:29:22+00:00,mobile,1.0,2026-02-23,21,fashion,UrbanLeaf,35.82,0.616,0.268,0.2712962962962963,0.4599156118143459,0.297924297924298
U0067,I0077,view,,1,43.74,2026-02-23 22:09:22+00:00,web,1.0,2026-02-23,22,home,Orion,43.74,0.756,0.41600000000000004,0.3446296296296296,0.6568213783403657,0.4786324786324787
U0156,I0069,view,,1,41.22,2026-04-22 18:43:22+00:00,mobile,1.0,2026-04-22,18,books,UrbanLeaf,41.22,0.896,0.375,0.3212962962962963,0.8537271448663853,0.4285714285714286
U0047,I0048,rating,2.0,1,22.53,2026-04-10 17:19:22+00:00,mobile,2.0,2026-04-10,17,books,Nova,22.53,0.897,0.2,0.14824074074074073,0.8551336146272855,0.2148962148962149
U0214,I0027,cart,,1,58.32,2026-04-26 22:43:22+00:00,mobile,3.0,2026-04-26,22,sports,Orion,58.32,0.791,0.039,0.4796296296296296,0.7060478199718706,0.018315018315018316
U0022,I0048,view,,1,22.53,2026-03-05 09:31:22+00:00,mobile,1.0,2026-03-05,9,books,Nova,22.53,0.897,0.2,0.14824074074074073,0.8551336146272855,0.2148962148962149
U0028,I0001,cart,,1,31.44,2026-03-27 22:46:22+00:00,mobile,3.0,2026-03-27,22,home,Aster,31.44,0.778,0.255,0.23074074074074075,0.6877637130801687,0.28205128205128205
U0191,I0048,view,,1,22.53,2026-04-12 04:20:22+00:00,web,1.0,2026-04-12,4,books,Nova,22.53,0.897,0.2,0.14824074074074073,0.8551336146272855,0.2148962148962149
U0225,I0001,view,,1,31.44,2026-03-25 22:33:22+00:00,mobile,1.0,2026-03-25,22,home,Aster,31.44,0.778,0.255,0.23074074074074075,0.6877637130801687,0.28205128205128205
U0043,I0068,purchase,,2,16.18,2026-04-05 14:50:22+00:00,web,5.0,2026-04-05,14,electronics,ZenCo,16.18,0.66,0.20500000000000002,0.08944444444444445,0.5218002812939522,0.22100122100122105
U0188,I0111,view,,1,114.52,2026-02-05 22:30:22+00:00,mobile,1.0,2026-02-05,22,books,Nova,114.52,0.649,0.314,0.9999999999999998,0.5063291139240507,0.3540903540903541
U0220,I0024,view,,1,24.65,2026-03-02 20:20:22+00:00,web,1.0,2026-03-02,20,sports,ZenCo,24.65,0.79,0.5750000000000001,0.16787037037037034,0.7046413502109704,0.6727716727716729
U0206,I0051,cart,,1,24.93,2026-03-01 11:30:22+00:00,web,3.0,2026-03-01,11,fashion,Pulse,24.93,0.607,0.373,0.17046296296296293,0.4472573839662447,0.42612942612942617
U0227,I0088,cart,,1,30.05,2026-03-06 23:17:22+00:00,web,3.0,2026-03-06,23,beauty,ZenCo,30.05,0.594,0.149,0.21787037037037038,0.4289732770745428,0.15262515262515264
U0009,I0092,rating,4.0,1,16.23,2026-04-23 05:38:22+00:00,mobile,4.0,2026-04-23,5,beauty,ZenCo,16.23,0.8140000000000001,0.035,0.0899074074074074,0.7383966244725738,0.013431013431013435
U0089,I0087,view,,1,58.68,2026-02-08 23:30:22+00:00,mobile,1.0,2026-02-08,23,electronics,UrbanLeaf,58.68,0.7000000000000001,0.155,0.482962962962963,0.5780590717299579,0.15995115995115997
U0056,I0075,view,,1,25.5,2026-04-18 06:32:22+00:00,mobile,1.0,2026-04-18,6,sports,ZenCo,25.5,0.7000000000000001,0.32,0.17574074074074075,0.5780590717299579,0.36141636141636146
U0227,I0114,cart,,1,33.44,2026-02-21 00:15:22+00:00,web,3.0,2026-02-21,0,fashion,Nova,33.44,0.752,0.39,0.24925925925925924,0.6511954992967651,0.4468864468864469
U0080,I0065,purchase,,1,45.15,2026-04-01 00:47:22+00:00,mobile,5.0,2026-04-01,0,fashion,Nova,45.15,0.521,0.28700000000000003,0.35768518518518516,0.3263009845288326,0.3211233211233212
U0222,I0019,cart,,1,35.63,2026-02-26 08:26:22+00:00,mobile,3.0,2026-02-26,8,beauty,UrbanLeaf,35.63,0.65,0.368,0.2695370370370371,0.5077355836849508,0.42002442002442003
U0114,I0113,cart,,1,36.16,2026-02-28 00:06:22+00:00,web,3.0,2026-02-28,0,sports,Nova,36.16,0.528,0.402,0.27444444444444444,0.33614627285513365,0.4615384615384616
U0167,I0055,purchase,,1,14.43,2026-03-21 03:02:22+00:00,web,5.0,2026-03-21,3,books,Aster,14.43,0.875,0.322,0.07324074074074073,0.8241912798874823,0.3638583638583639
U0070,I0044,view,,1,16.15,2026-02-10 06:10:22+00:00,web,1.0,2026-02-10,6,home,Aster,16.15,0.797,0.046,0.08916666666666666,0.7144866385372713,0.02686202686202686
U0202,I0014,rating,4.0,1,30.5,2026-04-26 01:52:22+00:00,web,4.0,2026-04-26,1,electronics,ZenCo,30.5,0.544,0.221,0.22203703703703703,0.3586497890295359,0.24053724053724057
U0112,I0047,view,,1,36.67,2026-04-04 03:44:22+00:00,mobile,1.0,2026-04-04,3,home,Aster,36.67,0.966,0.395,0.2791666666666667,0.9521800281293952,0.45299145299145305
U0102,I0097,rating,2.0,1,42.6,2026-03-19 09:04:22+00:00,web,2.0,2026-03-19,9,fashion,ZenCo,42.6,0.549,0.041,0.3340740740740741,0.3656821378340366,0.020757020757020763
U0014,I0100,cart,,1,54.26,2026-02-18 22:24:22+00:00,mobile,3.0,2026-02-18,22,sports,UrbanLeaf,54.26,0.5670000000000001,0.527,0.44203703703703706,0.39099859353023914,0.6141636141636142
U0001,I0064,view,,1,28.05,2026-03-28 17:53:22+00:00,web,1.0,2026-03-28,17,sports,Nova,28.05,0.641,0.34500000000000003,0.19935185185185184,0.49507735583684953,0.391941391941392
U0188,I0084,rating,5.0,1,27.83,2026-02-25 16:31:22+00:00,mobile,5.0,2026-02-25,16,books,ZenCo,27.83,0.8260000000000001,0.037,0.19731481481481478,0.7552742616033755,0.01587301587301587
U0211,I0012,view,,1,67.3,2026-03-31 06:38:22+00:00,mobile,1.0,2026-03-31,6,sports,Pulse,67.3,0.642,0.37,0.5627777777777777,0.4964838255977496,0.4224664224664225
U0039,I0092,view,,1,16.23,2026-03-14 22:14:22+00:00,web,1.0,2026-03-14,22,beauty,ZenCo,16.23,0.8140000000000001,0.035,0.0899074074074074,0.7383966244725738,0.013431013431013435
U0004,I0001,view,,1,31.44,2026-02-04 07:54:22+00:00,web,1.0,2026-02-04,7,home,Aster,31.44,0.778,0.255,0.23074074074074075,0.6877637130801687,0.28205128205128205
U0003,I0086,view,,1,33.96,2026-04-28 03:13:22+00:00,mobile,1.0,2026-04-28,3,books,Aster,33.96,0.299,0.062,0.25407407407407406,0.01406469760900142,0.0463980463980464
U0159,I0003,cart,,1,12.56,2026-03-09 01:24:22+00:00,web,3.0,2026-03-09,1,home,Pulse,12.56,0.686,0.39,0.055925925925925934,0.5583684950773559,0.4468864468864469
U0234,I0042,view,,1,34.64,2026-03-04 12:46:22+00:00,web,1.0,2026-03-04,12,home,Nova,34.64,0.5740000000000001,0.15,0.26037037037037036,0.4008438818565402,0.15384615384615385
U0009,I0025,view,,1,15.52,2026-02-12 20:22:22+00:00,mobile,1.0,2026-02-12,20,beauty,Nova,15.52,0.76,0.761,0.08333333333333333,0.6624472573839663,0.8998778998779
U0066,I0024,purchase,,1,24.65,2026-03-19 03:56:22+00:00,web,5.0,2026-03-19,3,sports,ZenCo,24.65,0.79,0.5750000000000001,0.16787037037037034,0.7046413502109704,0.6727716727716729
U0134,I0039,purchase,,2,14.55,2026-03-24 12:21:22+00:00,mobile,5.0,2026-03-24,12,electronics,ZenCo,14.55,0.483,0.47100000000000003,0.07435185185185185,0.2728551336146273,0.5457875457875458
U0041,I0032,view,,1,68.88,2026-02-28 08:16:22+00:00,mobile,1.0,2026-02-28,8,electronics,ZenCo,68.88,0.794,0.11,0.5774074074074073,0.710267229254571,0.10500610500610502
U0076,I0106,view,,1,26.93,2026-03-24 18:16:22+00:00,mobile,1.0,2026-03-24,18,sports,Nova,26.93,0.41400000000000003,0.40700000000000003,0.18898148148148147,0.1758087201125177,0.4676434676434677
U0024,I0120,cart,,1,26.42,2026-02-02 14:14:22+00:00,web,3.0,2026-02-02,14,electronics,Nova,26.42,0.501,0.108,0.1842592592592593,0.29817158931082977,0.10256410256410256
U0187,I0120,view,,1,26.42,2026-03-19 01:16:22+00:00,mobile,1.0,2026-03-19,1,electronics,Nova,26.42,0.501,0.108,0.1842592592592593,0.29817158931082977,0.10256410256410256
U0054,I0024,view,,1,24.65,2026-03-17 02:40:22+00:00,mobile,1.0,2026-03-17,2,sports,ZenCo,24.65,0.79,0.5750000000000001,0.16787037037037034,0.7046413502109704,0.6727716727716729
U0115,I0038,view,,1,23.01,2026-03-25 16:22:22+00:00,web,1.0,2026-03-25,16,home,Nova,23.01,0.809,0.228,0.1526851851851852,0.731364275668073,0.2490842490842491
U0085,I0004,view,,1,24.4,2026-03-27 12:05:22+00:00,mobile,1.0,2026-03-27,12,beauty,Orion,24.4,0.794,0.045,0.1655555555555555,0.710267229254571,0.025641025641025644
U0061,I0020,view,,1,27.33,2026-04-23 21:35:22+00:00,web,1.0,2026-04-23,21,beauty,Pulse,27.33,0.731,0.223,0.19268518518518518,0.6216596343178621,0.242979242979243
U0010,I0115,purchase,,1,29.97,2026-02-05 22:36:22+00:00,web,5.0,2026-02-05,22,beauty,Nova,29.97,0.788,0.161,0.21712962962962962,0.7018284106891702,0.1672771672771673
U0105,I0105,cart,,1,20.28,2026-04-25 00:28:22+00:00,mobile,3.0,2026-04-25,0,books,Aster,20.28,0.837,0.151,0.1274074074074074,0.770745428973277,0.15506715506715507
U0232,I0052,purchase,,2,30.37,2026-02-18 07:36:22+00:00,mobile,5.0,2026-02-18,7,beauty,Nova,30.37,0.934,0.362,0.22083333333333333,0.9071729957805906,0.41269841269841273
U0185,I0020,view,,1,27.33,2026-04-20 06:23:22+00:00,mobile,1.0,2026-04-20,6,beauty,Pulse,27.33,0.731,0.223,0.19268518518518518,0.6216596343178621,0.242979242979243
U0095,I0095,view,,1,11.84,2026-03-18 00:55:22+00:00,mobile,1.0,2026-03-18,0,sports,UrbanLeaf,11.84,0.886,0.197,0.04925925925925925,0.8396624472573838,0.21123321123321126
U0100,I0015,view,,1,19.27,2026-04-10 07:04:22+00:00,web,1.0,2026-04-10,7,electronics,Orion,19.27,0.914,0.342,0.11805555555555554,0.8790436005625878,0.38827838827838834
U0009,I0078,view,,1,41.4,2026-04-30 05:26:22+00:00,mobile,1.0,2026-04-30,5,beauty,Pulse,41.4,0.875,0.403,0.32296296296296295,0.8241912798874823,0.46275946275946284
U0100,I0060,view,,1,48.07,2026-04-10 23:23:22+00:00,web,1.0,2026-04-10,23,fashion,ZenCo,48.07,0.742,0.151,0.38472222222222224,0.6371308016877636,0.15506715506715507
U0195,I0060,view,,1,48.07,2026-02-21 16:00:22+00:00,mobile,1.0,2026-02-21,16,fashion,ZenCo,48.07,0.742,0.151,0.38472222222222224,0.6371308016877636,0.15506715506715507
U0080,I0017,view,,1,25.29,2026-02-07 05:57:22+00:00,web,1.0,2026-02-07,5,beauty,UrbanLeaf,25.29,0.804,0.343,0.17379629629629628,0.7243319268635725,0.38949938949938956
U0048,I0070,view,,1,26.73,2026-04-14 21:44:22+00:00,mobile,1.0,2026-04-14,21,home,Nova,26.73,0.365,0.634,0.18712962962962965,0.10689170182841068,0.7448107448107448
U0110,I0020,view,,1,27.33,2026-03-23 02:15:22+00:00,web,1.0,2026-03-23,2,beauty,Pulse,27.33,0.731,0.223,0.19268518518518518,0.6216596343178621,0.242979242979243
U0090,I0042,view,,1,34.64,2026-03-18 09:53:22+00:00,mobile,1.0,2026-03-18,9,home,Nova,34.64,0.5740000000000001,0.15,0.26037037037037036,0.4008438818565402,0.15384615384615385
U0071,I0099,view,,1,19.36,2026-04-16 11:41:22+00:00,mobile,1.0,2026-04-16,11,fashion,ZenCo,19.36,0.81,0.17,0.11888888888888889,0.7327707454289732,0.1782661782661783
U0138,I0027,cart,,1,58.32,2026-04-17 11:53:22+00:00,web,3.0,2026-04-17,11,sports,Orion,58.32,0.791,0.039,0.4796296296296296,0.7060478199718706,0.018315018315018316
U0071,I0080,view,,1,16.0,2026-02-13 12:14:22+00:00,web,1.0,2026-02-13,12,home,Nova,16.0,0.681,0.432,0.08777777777777777,0.5513361462728552,0.4981684981684982
U0008,I0108,rating,5.0,1,101.53,2026-04-25 23:38:22+00:00,web,5.0,2026-04-25,23,beauty,UrbanLeaf,101.53,0.485,0.212,0.8797222222222222,0.2756680731364276,0.22954822954822957
U0136,I0098,view,,1,35.06,2026-03-16 03:13:22+00:00,web,1.0,2026-03-16,3,books,Pulse,35.06,0.709,0.449,0.2642592592592593,0.590717299578059,0.518925518925519
U0145,I0028,view,,1,23.83,2026-04-10 10:23:22+00:00,web,1.0,2026-04-10,10,sports,Nova,23.83,0.467,0.08700000000000001,0.16027777777777774,0.25035161744022505,0.07692307692307694
U0190,I0012,purchase,,2,67.3,2026-02-12 02:16:22+00:00,mobile,5.0,2026-02-12,2,sports,Pulse,67.3,0.642,0.37,0.5627777777777777,0.4964838255977496,0.4224664224664225
U0076,I0045,cart,,1,27.1,2026-04-06 05:37:22+00:00,mobile,3.0,2026-04-06,5,beauty,ZenCo,27.1,0.927,0.165,0.1905555555555556,0.8973277074542897,0.1721611721611722
U0177,I0063,cart,,1,17.91,2026-02-28 23:57:22+00:00,web,3.0,2026-02-28,23,beauty,Nova,17.91,0.875,0.47300000000000003,0.10546296296296297,0.8241912798874823,0.5482295482295483
U0027,I0080,view,,1,16.0,2026-03-12 18:23:22+00:00,mobile,1.0,2026-03-12,18,home,Nova,16.0,0.681,0.432,0.08777777777777777,0.5513361462728552,0.4981684981684982
U0230,I0087,view,,1,58.68,2026-04-24 22:32:22+00:00,mobile,1.0,2026-04-24,22,electronics,UrbanLeaf,58.68,0.7000000000000001,0.155,0.482962962962963,0.5780590717299579,0.15995115995115997
U0054,I0016,view,,1,41.84,2026-04-11 05:46:22+00:00,mobile,1.0,2026-04-11,5,home,Aster,41.84,0.916,0.26,0.32703703703703707,0.8818565400843882,0.2881562881562882
U0237,I0116,view,,1,59.11,2026-03-08 16:21:22+00:00,web,1.0,2026-03-08,16,electronics,Aster,59.11,0.622,0.58,0.48694444444444446,0.4683544303797468,0.6788766788766789
U0037,I0031,rating,4.0,1,6.52,2026-03-31 23:54:22+00:00,web,4.0,2026-03-31,23,books,UrbanLeaf,6.52,0.8240000000000001,0.45,0.0,0.7524613220815753,0.5201465201465202
U0155,I0063,rating,4.0,1,17.91,2026-03-07 01:41:22+00:00,web,4.0,2026-03-07,1,beauty,Nova,17.91,0.875,0.47300000000000003,0.10546296296296297,0.8241912798874823,0.5482295482295483
U0119,I0005,cart,,1,20.52,2026-04-04 16:23:22+00:00,web,3.0,2026-04-04,16,home,ZenCo,20.52,0.669,0.275,0.1296296296296296,0.5344585091420535,0.3064713064713065
U0049,I0074,view,,1,19.52,2026-03-27 16:15:22+00:00,mobile,1.0,2026-03-27,16,electronics,Nova,19.52,0.645,0.212,0.12037037037037036,0.5007032348804501,0.22954822954822957
U0103,I0019,view,,1,35.63,2026-04-17 04:55:22+00:00,web,1.0,2026-04-17,4,beauty,UrbanLeaf,35.63,0.65,0.368,0.2695370370370371,0.5077355836849508,0.42002442002442003
U0201,I0057,view,,1,46.42,2026-04-16 04:06:22+00:00,mobile,1.0,2026-04-16,4,beauty,Orion,46.42,0.791,0.304,0.36944444444444446,0.7060478199718706,0.3418803418803419
U0179,I0078,purchase,,1,41.4,2026-02-05 23:45:22+00:00,mobile,5.0,2026-02-05,23,beauty,Pulse,41.4,0.875,0.403,0.32296296296296295,0.8241912798874823,0.46275946275946284
U0108,I0039,view,,1,14.55,2026-03-26 03:25:22+00:00,mobile,1.0,2026-03-26,3,electronics,ZenCo,14.55,0.483,0.47100000000000003,0.07435185185185185,0.2728551336146273,0.5457875457875458
U0014,I0078,cart,,1,41.4,2026-04-12 06:00:22+00:00,mobile,3.0,2026-04-12,6,beauty,Pulse,41.4,0.875,0.403,0.32296296296296295,0.8241912798874823,0.46275946275946284
U0090,I0044,view,,1,16.15,2026-04-10 19:51:22+00:00,mobile,1.0,2026-04-10,19,home,Aster,16.15,0.797,0.046,0.08916666666666666,0.7144866385372713,0.02686202686202686
U0233,I0105,view,,1,20.28,2026-02-18 17:02:22+00:00,web,1.0,2026-02-18,17,books,Aster,20.28,0.837,0.151,0.1274074074074074,0.770745428973277,0.15506715506715507
U0124,I0096,purchase,,1,36.87,2026-03-14 11:54:22+00:00,mobile,5.0,2026-03-14,11,home,UrbanLeaf,36.87,0.675,0.17,0.2810185185185185,0.5428973277074544,0.1782661782661783
U0219,I0008,rating,1.0,1,36.94,2026-04-03 19:39:22+00:00,mobile,1.0,2026-04-03,19,sports,Orion,36.94,0.289,0.317,0.2816666666666666,0.0,0.35775335775335776
U0142,I0035,view,,1,26.96,2026-02-21 16:37:22+00:00,mobile,1.0,2026-02-21,16,books,Pulse,26.96,0.93,0.305,0.18925925925925924,0.9015471167369901,0.3431013431013431
U0114,I0066,view,,1,22.7,2026-02-19 00:55:22+00:00,mobile,1.0,2026-02-19,0,sports,UrbanLeaf,22.7,0.8230000000000001,0.216,0.1498148148148148,0.7510548523206751,0.23443223443223443
U0018,I0082,view,,1,27.22,2026-02-20 00:42:22+00:00,mobile,1.0,2026-02-20,0,home,Nova,27.22,0.41300000000000003,0.363,0.19166666666666665,0.1744022503516175,0.41391941391941395
U0093,I0082,view,,1,27.22,2026-02-07 00:41:22+00:00,web,1.0,2026-02-07,0,home,Nova,27.22,0.41300000000000003,0.363,0.19166666666666665,0.1744022503516175,0.41391941391941395
U0050,I0084,view,,1,27.83,2026-05-01 00:17:22+00:00,web,1.0,2026-05-01,0,books,ZenCo,27.83,0.8260000000000001,0.037,0.19731481481481478,0.7552742616033755,0.01587301587301587
U0223,I0003,view,,1,12.56,2026-02-19 12:20:22+00:00,web,1.0,2026-02-19,12,home,Pulse,12.56,0.686,0.39,0.055925925925925934,0.5583684950773559,0.4468864468864469
U0120,I0065,cart,,1,45.15,2026-02-28 14:10:22+00:00,web,3.0,2026-02-28,14,fashion,Nova,45.15,0.521,0.28700000000000003,0.35768518518518516,0.3263009845288326,0.3211233211233212
U0179,I0041,cart,,1,35.48,2026-03-11 01:46:22+00:00,web,3.0,2026-03-11,1,fashion,UrbanLeaf,35.48,0.656,0.211,0.26814814814814814,0.5161744022503516,0.22832722832722835
U0109,I0044,view,,1,16.15,2026-02-05 17:42:22+00:00,web,1.0,2026-02-05,17,home,Aster,16.15,0.797,0.046,0.08916666666666666,0.7144866385372713,0.02686202686202686
U0173,I0057,view,,1,46.42,2026-03-28 17:11:22+00:00,web,1.0,2026-03-28,17,beauty,Orion,46.42,0.791,0.304,0.36944444444444446,0.7060478199718706,0.3418803418803419
U0145,I0008,rating,4.0,1,36.94,2026-03-21 07:34:22+00:00,web,4.0,2026-03-21,7,sports,Orion,36.94,0.289,0.317,0.2816666666666666,0.0,0.35775335775335776
U0226,I0112,cart,,1,53.68,2026-03-16 05:22:22+00:00,web,3.0,2026-03-16,5,fashion,Pulse,53.68,0.342,0.187,0.43666666666666665,0.07454289732770752,0.19902319902319904
U0227,I0023,view,,1,51.99,2026-02-16 04:47:22+00:00,mobile,1.0,2026-02-16,4,fashion,Pulse,51.99,0.717,0.455,0.4210185185185185,0.6019690576652602,0.5262515262515263
U0166,I0077,purchase,,2,43.74,2026-04-06 07:24:22+00:00,mobile,5.0,2026-04-06,7,home,Orion,43.74,0.756,0.41600000000000004,0.3446296296296296,0.6568213783403657,0.4786324786324787
U0053,I0013,purchase,,1,28.54,2026-04-02 14:07:22+00:00,mobile,5.0,2026-04-02,14,electronics,ZenCo,28.54,0.846,0.024,0.2038888888888889,0.7834036568213781,0.0
U0114,I0089,cart,,1,40.79,2026-04-04 21:16:22+00:00,mobile,3.0,2026-04-04,21,sports,Pulse,40.79,0.627,0.22,0.3173148148148148,0.47538677918424754,0.23931623931623935
U0042,I0099,cart,,1,19.36,2026-02-25 01:54:22+00:00,mobile,3.0,2026-02-25,1,fashion,ZenCo,19.36,0.81,0.17,0.11888888888888889,0.7327707454289732,0.1782661782661783
U0215,I0003,view,,1,12.56,2026-02-19 17:12:22+00:00,mobile,1.0,2026-02-19,17,home,Pulse,12.56,0.686,0.39,0.055925925925925934,0.5583684950773559,0.4468864468864469
U0098,I0106,view,,1,26.93,2026-04-08 05:13:22+00:00,web,1.0,2026-04-08,5,sports,Nova,26.93,0.41400000000000003,0.40700000000000003,0.18898148148148147,0.1758087201125177,0.4676434676434677
U0042,I0006,view,,1,21.38,2026-04-11 10:43:22+00:00,mobile,1.0,2026-04-11,10,electronics,UrbanLeaf,21.38,0.626,0.395,0.1375925925925926,0.47398030942334735,0.45299145299145305
U0032,I0017,purchase,,2,25.29,2026-02-10 00:30:22+00:00,web,5.0,2026-02-10,0,beauty,UrbanLeaf,25.29,0.804,0.343,0.17379629629629628,0.7243319268635725,0.38949938949938956
U0077,I0029,view,,1,83.41,2026-03-18 16:51:22+00:00,web,1.0,2026-03-18,16,home,Orion,83.41,1.0,0.71,0.7119444444444444,0.9999999999999999,0.8376068376068376
U0142,I0049,view,,1,10.95,2026-03-03 13:51:22+00:00,mobile,1.0,2026-03-03,13,books,UrbanLeaf,10.95,0.716,0.125,0.04101851851851851,0.60056258790436,0.12332112332112333
U0222,I0042,view,,1,34.64,2026-02-26 14:40:22+00:00,web,1.0,2026-02-26,14,home,Nova,34.64,0.5740000000000001,0.15,0.26037037037037036,0.4008438818565402,0.15384615384615385
U0067,I0071,rating,1.0,1,31.77,2026-04-17 14:28:22+00:00,mobile,1.0,2026-04-17,14,electronics,ZenCo,31.77,0.595,0.32,0.23379629629629628,0.430379746835443,0.36141636141636146
U0031,I0101,rating,3.0,1,48.0,2026-02-27 08:47:22+00:00,web,3.0,2026-02-27,8,electronics,UrbanLeaf,48.0,0.773,0.338,0.38407407407407407,0.6807313642756679,0.3833943833943835
U0047,I0074,view,,1,19.52,2026-03-12 06:38:22+00:00,web,1.0,2026-03-12,6,electronics,Nova,19.52,0.645,0.212,0.12037037037037036,0.5007032348804501,0.22954822954822957
U0046,I0119,rating,3.0,1,34.0,2026-03-04 21:33:22+00:00,web,3.0,2026-03-04,21,beauty,Pulse,34.0,0.9460000000000001,0.10400000000000001,0.2544444444444444,0.9240506329113923,0.0976800976800977
U0061,I0014,rating,5.0,1,30.5,2026-02-23 04:04:22+00:00,mobile,5.0,2026-02-23,4,electronics,ZenCo,30.5,0.544,0.221,0.22203703703703703,0.3586497890295359,0.24053724053724057
U0032,I0038,view,,1,23.01,2026-04-26 18:46:22+00:00,web,1.0,2026-04-26,18,home,Nova,23.01,0.809,0.228,0.1526851851851852,0.731364275668073,0.2490842490842491
U0210,I0119,purchase,,1,34.0,2026-04-26 13:06:22+00:00,mobile,5.0,2026-04-26,13,beauty,Pulse,34.0,0.9460000000000001,0.10400000000000001,0.2544444444444444,0.9240506329113923,0.0976800976800977
U0054,I0112,purchase,,1,53.68,2026-02-23 17:45:22+00:00,mobile,5.0,2026-02-23,17,fashion,Pulse,53.68,0.342,0.187,0.43666666666666665,0.07454289732770752,0.19902319902319904
U0049,I0100,purchase,,1,54.26,2026-04-28 13:29:22+00:00,web,5.0,2026-04-28,13,sports,UrbanLeaf,54.26,0.5670000000000001,0.527,0.44203703703703706,0.39099859353023914,0.6141636141636142
U0034,I0014,purchase,,1,30.5,2026-04-20 16:21:22+00:00,web,5.0,2026-04-20,16,electronics,ZenCo,30.5,0.544,0.221,0.22203703703703703,0.3586497890295359,0.24053724053724057
U0083,I0096,cart,,1,36.87,2026-03-16 14:55:22+00:00,mobile,3.0,2026-03-16,14,home,UrbanLeaf,36.87,0.675,0.17,0.2810185185185185,0.5428973277074544,0.1782661782661783
U0186,I0106,rating,2.0,1,26.93,2026-02-04 05:02:22+00:00,web,2.0,2026-02-04,5,sports,Nova,26.93,0.41400000000000003,0.40700000000000003,0.18898148148148147,0.1758087201125177,0.4676434676434677
U0213,I0065,rating,4.0,1,45.15,2026-02-13 08:09:22+00:00,web,4.0,2026-02-13,8,fashion,Nova,45.15,0.521,0.28700000000000003,0.35768518518518516,0.3263009845288326,0.3211233211233212
U0032,I0044,rating,4.0,1,16.15,2026-04-11 17:26:22+00:00,web,4.0,2026-04-11,17,home,Aster,16.15,0.797,0.046,0.08916666666666666,0.7144866385372713,0.02686202686202686
U0130,I0041,view,,1,35.48,2026-03-12 06:17:22+00:00,mobile,1.0,2026-03-12,6,fashion,UrbanLeaf,35.48,0.656,0.211,0.26814814814814814,0.5161744022503516,0.22832722832722835
U0115,I0090,view,,1,12.85,2026-03-15 08:29:22+00:00,mobile,1.0,2026-03-15,8,home,Orion,12.85,0.41200000000000003,0.123,0.0586111111111111,0.1729957805907174,0.1208791208791209
U0139,I0059,cart,,1,24.91,2026-03-14 03:49:22+00:00,mobile,3.0,2026-03-14,3,books,Pulse,24.91,0.758,0.376,0.17027777777777775,0.6596343178621659,0.4297924297924298
U0153,I0042,view,,1,34.64,2026-03-06 08:25:22+00:00,mobile,1.0,2026-03-06,8,home,Nova,34.64,0.5740000000000001,0.15,0.26037037037037036,0.4008438818565402,0.15384615384615385
U0187,I0007,rating,3.0,1,50.51,2026-03-26 07:46:22+00:00,web,3.0,2026-03-26,7,books,UrbanLeaf,50.51,0.41300000000000003,0.309,0.4073148148148148,0.1744022503516175,0.347985347985348
U0146,I0053,cart,,1,18.65,2026-04-26 04:25:22+00:00,mobile,3.0,2026-04-26,4,books,Pulse,18.65,0.745,0.249,0.1123148148148148,0.6413502109704642,0.27472527472527475
U0047,I0060,view,,1,48.07,2026-02-16 01:11:22+00:00,mobile,1.0,2026-02-16,1,fashion,ZenCo,48.07,0.742,0.151,0.38472222222222224,0.6371308016877636,0.15506715506715507
U0155,I0109,view,,1,70.56,2026-03-29 05:31:22+00:00,mobile,1.0,2026-03-29,5,home,Aster,70.56,0.78,0.5680000000000001,0.5929629629629629,0.6905766526019691,0.6642246642246643
U0131,I0044,cart,,1,16.15,2026-02-07 06:03:22+00:00,mobile,3.0,2026-02-07,6,home,Aster,16.15,0.797,0.046,0.08916666666666666,0.7144866385372713,0.02686202686202686
U0119,I0109,view,,1,70.56,2026-04-10 12:37:22+00:00,mobile,1.0,2026-04-10,12,home,Aster,70.56,0.78,0.5680000000000001,0.5929629629629629,0.6905766526019691,0.6642246642246643
U0032,I0051,view,,1,24.93,2026-03-07 08:17:22+00:00,mobile,1.0,2026-03-07,8,fashion,Pulse,24.93,0.607,0.373,0.17046296296296293,0.4472573839662447,0.42612942612942617
U0055,I0088,rating,5.0,1,30.05,2026-04-06 07:38:22+00:00,mobile,5.0,2026-04-06,7,beauty,ZenCo,30.05,0.594,0.149,0.21787037037037038,0.4289732770745428,0.15262515262515264
U0109,I0080,rating,5.0,1,16.0,2026-03-27 05:00:22+00:00,mobile,5.0,2026-03-27,5,home,Nova,16.0,0.681,0.432,0.08777777777777777,0.5513361462728552,0.4981684981684982
U0227,I0060,cart,,1,48.07,2026-02-11 03:01:22+00:00,mobile,3.0,2026-02-11,3,fashion,ZenCo,48.07,0.742,0.151,0.38472222222222224,0.6371308016877636,0.15506715506715507
U0233,I0059,view,,1,24.91,2026-04-28 05:24:22+00:00,mobile,1.0,2026-04-28,5,books,Pulse,24.91,0.758,0.376,0.17027777777777775,0.6596343178621659,0.4297924297924298
U0151,I0024,rating,4.0,1,24.65,2026-04-16 22:00:22+00:00,web,4.0,2026-04-16,22,sports,ZenCo,24.65,0.79,0.5750000000000001,0.16787037037037034,0.7046413502109704,0.6727716727716729
U0043,I0029,view,,1,83.41,2026-02-08 23:42:22+00:00,mobile,1.0,2026-02-08,23,home,Orion,83.41,1.0,0.71,0.7119444444444444,0.9999999999999999,0.8376068376068376
U0099,I0022,view,,1,23.73,2026-04-04 00:16:22+00:00,mobile,1.0,2026-04-04,0,fashion,Orion,23.73,0.511,0.524,0.15935185185185186,0.3122362869198312,0.6105006105006106
U0207,I0021,purchase,,3,19.0,2026-03-12 21:58:22+00:00,mobile,5.0,2026-03-12,21,beauty,UrbanLeaf,19.0,0.844,0.467,0.11555555555555556,0.780590717299578,0.540903540903541
U0011,I0105,view,,1,20.28,2026-04-13 08:31:22+00:00,web,1.0,2026-04-13,8,books,Aster,20.28,0.837,0.151,0.1274074074074074,0.770745428973277,0.15506715506715507
U0082,I0111,view,,1,114.52,2026-02-19 21:20:22+00:00,web,1.0,2026-02-19,21,books,Nova,114.52,0.649,0.314,0.9999999999999998,0.5063291139240507,0.3540903540903541
U0134,I0067,view,,1,77.25,2026-03-31 13:47:22+00:00,mobile,1.0,2026-03-31,13,fashion,Nova,77.25,0.665,0.28700000000000003,0.6549074074074074,0.5288326300984529,0.3211233211233212
U0096,I0052,purchase,,1,30.37,2026-03-10 07:54:22+00:00,web,5.0,2026-03-10,7,beauty,Nova,30.37,0.934,0.362,0.22083333333333333,0.9071729957805906,0.41269841269841273
U0058,I0021,cart,,1,19.0,2026-03-23 05:34:22+00:00,mobile,3.0,2026-03-23,5,beauty,UrbanLeaf,19.0,0.844,0.467,0.11555555555555556,0.780590717299578,0.540903540903541
U0186,I0092,view,,1,16.23,2026-04-09 04:20:22+00:00,mobile,1.0,2026-04-09,4,beauty,ZenCo,16.23,0.8140000000000001,0.035,0.0899074074074074,0.7383966244725738,0.013431013431013435
U0228,I0017,view,,1,25.29,2026-03-02 05:23:22+00:00,web,1.0,2026-03-02,5,beauty,UrbanLeaf,25.29,0.804,0.343,0.17379629629629628,0.7243319268635725,0.38949938949938956
U0180,I0041,view,,1,35.48,2026-04-18 14:14:22+00:00,mobile,1.0,2026-04-18,14,fashion,UrbanLeaf,35.48,0.656,0.211,0.26814814814814814,0.5161744022503516,0.22832722832722835
U0037,I0011,rating,4.0,1,15.55,2026-04-17 10:21:22+00:00,mobile,4.0,2026-04-17,10,sports,UrbanLeaf,15.55,0.673,0.613,0.08361111111111112,0.5400843881856541,0.7191697191697192
U0043,I0077,rating,4.0,1,43.74,2026-03-12 13:37:22+00:00,mobile,4.0,2026-03-12,13,home,Orion,43.74,0.756,0.41600000000000004,0.3446296296296296,0.6568213783403657,0.4786324786324787
U0115,I0001,view,,1,31.44,2026-04-09 14:38:22+00:00,mobile,1.0,2026-04-09,14,home,Aster,31.44,0.778,0.255,0.23074074074074075,0.6877637130801687,0.28205128205128205
U0187,I0046,view,,1,32.06,2026-03-07 00:21:22+00:00,mobile,1.0,2026-03-07,0,books,Pulse,32.06,0.972,0.131,0.23648148148148151,0.9606188466947959,0.13064713064713065
U0116,I0090,cart,,1,12.85,2026-02-08 12:07:22+00:00,web,3.0,2026-02-08,12,home,Orion,12.85,0.41200000000000003,0.123,0.0586111111111111,0.1729957805907174,0.1208791208791209
U0035,I0105,cart,,1,20.28,2026-05-01 08:09:22+00:00,web,3.0,2026-05-01,8,books,Aster,20.28,0.837,0.151,0.1274074074074074,0.770745428973277,0.15506715506715507
U0038,I0064,view,,1,28.05,2026-04-21 03:56:22+00:00,web,1.0,2026-04-21,3,sports,Nova,28.05,0.641,0.34500000000000003,0.19935185185185184,0.49507735583684953,0.391941391941392
U0132,I0021,rating,5.0,1,19.0,2026-02-04 17:06:22+00:00,mobile,5.0,2026-02-04,17,beauty,UrbanLeaf,19.0,0.844,0.467,0.11555555555555556,0.780590717299578,0.540903540903541
U0070,I0119,view,,1,34.0,2026-03-04 23:23:22+00:00,mobile,1.0,2026-03-04,23,beauty,Pulse,34.0,0.9460000000000001,0.10400000000000001,0.2544444444444444,0.9240506329113923,0.0976800976800977
U0218,I0003,purchase,,1,12.56,2026-03-19 06:44:22+00:00,mobile,5.0,2026-03-19,6,home,Pulse,12.56,0.686,0.39,0.055925925925925934,0.5583684950773559,0.4468864468864469
U0038,I0028,view,,1,23.83,2026-02-27 03:21:22+00:00,web,1.0,2026-02-27,3,sports,Nova,23.83,0.467,0.08700000000000001,0.16027777777777774,0.25035161744022505,0.07692307692307694
U0154,I0035,rating,5.0,1,26.96,2026-04-15 09:10:22+00:00,web,5.0,2026-04-15,9,books,Pulse,26.96,0.93,0.305,0.18925925925925924,0.9015471167369901,0.3431013431013431
U0097,I0045,rating,4.0,1,27.1,2026-04-04 22:52:22+00:00,web,4.0,2026-04-04,22,beauty,ZenCo,27.1,0.927,0.165,0.1905555555555556,0.8973277074542897,0.1721611721611722
U0051,I0063,cart,,1,17.91,2026-02-08 14:32:22+00:00,mobile,3.0,2026-02-08,14,beauty,Nova,17.91,0.875,0.47300000000000003,0.10546296296296297,0.8241912798874823,0.5482295482295483
U0149,I0016,view,,1,41.84,2026-04-05 10:25:22+00:00,mobile,1.0,2026-04-05,10,home,Aster,41.84,0.916,0.26,0.32703703703703707,0.8818565400843882,0.2881562881562882
U0135,I0040,view,,1,56.71,2026-04-19 00:54:22+00:00,web,1.0,2026-04-19,0,books,Orion,56.71,0.612,0.625,0.4647222222222222,0.45428973277074536,0.7338217338217339
U0179,I0114,cart,,1,33.44,2026-02-28 07:40:22+00:00,web,3.0,2026-02-28,7,fashion,Nova,33.44,0.752,0.39,0.24925925925925924,0.6511954992967651,0.4468864468864469
U0112,I0005,rating,4.0,1,20.52,2026-04-06 01:57:22+00:00,web,4.0,2026-04-06,1,home,ZenCo,20.52,0.669,0.275,0.1296296296296296,0.5344585091420535,0.3064713064713065
U0218,I0034,purchase,,2,32.38,2026-04-06 00:26:22+00:00,web,5.0,2026-04-06,0,fashion,Pulse,32.38,0.362,0.199,0.23944444444444446,0.10267229254571031,0.2136752136752137
U0230,I0120,view,,1,26.42,2026-04-25 00:56:22+00:00,mobile,1.0,2026-04-25,0,electronics,Nova,26.42,0.501,0.108,0.1842592592592593,0.29817158931082977,0.10256410256410256
U0206,I0060,rating,5.0,1,48.07,2026-02-25 12:52:22+00:00,web,5.0,2026-02-25,12,fashion,ZenCo,48.07,0.742,0.151,0.38472222222222224,0.6371308016877636,0.15506715506715507
U0102,I0036,purchase,,3,74.72,2026-02-22 05:12:22+00:00,mobile,5.0,2026-02-22,5,fashion,Orion,74.72,0.598,0.393,0.6314814814814814,0.43459915611814337,0.4505494505494506
U0075,I0004,view,,1,24.4,2026-02-07 16:50:22+00:00,mobile,1.0,2026-02-07,16,beauty,Orion,24.4,0.794,0.045,0.1655555555555555,0.710267229254571,0.025641025641025644
U0060,I0091,view,,1,42.99,2026-03-06 19:26:22+00:00,web,1.0,2026-03-06,19,beauty,ZenCo,42.99,0.592,0.222,0.3376851851851852,0.4261603375527425,0.2417582417582418
U0112,I0003,view,,1,12.56,2026-03-10 11:55:22+00:00,mobile,1.0,2026-03-10,11,home,Pulse,12.56,0.686,0.39,0.055925925925925934,0.5583684950773559,0.4468864468864469
U0125,I0068,cart,,1,16.18,2026-04-27 00:16:22+00:00,web,3.0,2026-04-27,0,electronics,ZenCo,16.18,0.66,0.20500000000000002,0.08944444444444445,0.5218002812939522,0.22100122100122105
U0058,I0027,purchase,,2,58.32,2026-03-07 04:29:22+00:00,mobile,5.0,2026-03-07,4,sports,Orion,58.32,0.791,0.039,0.4796296296296296,0.7060478199718706,0.018315018315018316
U0083,I0109,view,,1,70.56,2026-04-10 15:35:22+00:00,web,1.0,2026-04-10,15,home,Aster,70.56,0.78,0.5680000000000001,0.5929629629629629,0.6905766526019691,0.6642246642246643
U0121,I0090,rating,5.0,1,12.85,2026-04-13 17:44:22+00:00,mobile,5.0,2026-04-13,17,home,Orion,12.85,0.41200000000000003,0.123,0.0586111111111111,0.1729957805907174,0.1208791208791209
U0068,I0066,view,,1,22.7,2026-02-03 08:51:22+00:00,web,1.0,2026-02-03,8,sports,UrbanLeaf,22.7,0.8230000000000001,0.216,0.1498148148148148,0.7510548523206751,0.23443223443223443
U0171,I0063,cart,,1,17.91,2026-04-08 07:50:22+00:00,mobile,3.0,2026-04-08,7,beauty,Nova,17.91,0.875,0.47300000000000003,0.10546296296296297,0.8241912798874823,0.5482295482295483
U0187,I0007,rating,2.0,1,50.51,2026-04-24 10:52:22+00:00,mobile,2.0,2026-04-24,10,books,UrbanLeaf,50.51,0.41300000000000003,0.309,0.4073148148148148,0.1744022503516175,0.347985347985348
U0068,I0088,purchase,,1,30.05,2026-04-01 00:37:22+00:00,mobile,5.0,2026-04-01,0,beauty,ZenCo,30.05,0.594,0.149,0.21787037037037038,0.4289732770745428,0.15262515262515264
U0235,I0064,view,,1,28.05,2026-04-28 17:16:22+00:00,mobile,1.0,2026-04-28,17,sports,Nova,28.05,0.641,0.34500000000000003,0.19935185185185184,0.49507735583684953,0.391941391941392
U0210,I0086,purchase,,1,33.96,2026-04-25 04:07:22+00:00,web,5.0,2026-04-25,4,books,Aster,33.96,0.299,0.062,0.25407407407407406,0.01406469760900142,0.0463980463980464
U0065,I0041,view,,1,35.48,2026-04-15 17:20:22+00:00,web,1.0,2026-04-15,17,fashion,UrbanLeaf,35.48,0.656,0.211,0.26814814814814814,0.5161744022503516,0.22832722832722835
U0076,I0057,rating,4.0,1,46.42,2026-04-17 19:35:22+00:00,mobile,4.0,2026-04-17,19,beauty,Orion,46.42,0.791,0.304,0.36944444444444446,0.7060478199718706,0.3418803418803419
U0102,I0022,view,,1,23.73,2026-02-11 02:06:22+00:00,web,1.0,2026-02-11,2,fashion,Orion,23.73,0.511,0.524,0.15935185185185186,0.3122362869198312,0.6105006105006106
U0082,I0018,view,,1,34.0,2026-03-14 18:00:22+00:00,mobile,1.0,2026-03-14,18,books,Nova,34.0,0.517,0.384,0.2544444444444444,0.32067510548523204,0.4395604395604396
U0080,I0034,view,,1,32.38,2026-03-07 21:53:22+00:00,mobile,1.0,2026-03-07,21,fashion,Pulse,32.38,0.362,0.199,0.23944444444444446,0.10267229254571031,0.2136752136752137
U0179,I0112,view,,1,53.68,2026-04-28 06:10:22+00:00,mobile,1.0,2026-04-28,6,fashion,Pulse,53.68,0.342,0.187,0.43666666666666665,0.07454289732770752,0.19902319902319904
U0095,I0117,rating,3.0,1,42.8,2026-03-02 11:24:22+00:00,mobile,3.0,2026-03-02,11,electronics,Pulse,42.8,0.8160000000000001,0.231,0.3359259259259259,0.7412095639943742,0.2527472527472528
U0218,I0085,view,,1,64.61,2026-02-09 16:05:22+00:00,mobile,1.0,2026-02-09,16,electronics,UrbanLeaf,64.61,1.0,0.157,0.5378703703703703,0.9999999999999999,0.1623931623931624
U0180,I0097,view,,1,42.6,2026-02-19 02:00:22+00:00,web,1.0,2026-02-19,2,fashion,ZenCo,42.6,0.549,0.041,0.3340740740740741,0.3656821378340366,0.020757020757020763
U0202,I0087,view,,1,58.68,2026-03-01 18:43:22+00:00,web,1.0,2026-03-01,18,electronics,UrbanLeaf,58.68,0.7000000000000001,0.155,0.482962962962963,0.5780590717299579,0.15995115995115997
U0006,I0109,view,,1,70.56,2026-02-20 08:05:22+00:00,mobile,1.0,2026-02-20,8,home,Aster,70.56,0.78,0.5680000000000001,0.5929629629629629,0.6905766526019691,0.6642246642246643
U0094,I0100,view,,1,54.26,2026-04-22 14:05:22+00:00,mobile,1.0,2026-04-22,14,sports,UrbanLeaf,54.26,0.5670000000000001,0.527,0.44203703703703706,0.39099859353023914,0.6141636141636142
U0174,I0116,view,,1,59.11,2026-04-13 05:12:22+00:00,web,1.0,2026-04-13,5,electronics,Aster,59.11,0.622,0.58,0.48694444444444446,0.4683544303797468,0.6788766788766789
U0159,I0070,view,,1,26.73,2026-03-31 19:17:22+00:00,web,1.0,2026-03-31,19,home,Nova,26.73,0.365,0.634,0.18712962962962965,0.10689170182841068,0.7448107448107448
U0038,I0100,cart,,1,54.26,2026-04-08 02:47:22+00:00,mobile,3.0,2026-04-08,2,sports,UrbanLeaf,54.26,0.5670000000000001,0.527,0.44203703703703706,0.39099859353023914,0.6141636141636142
U0011,I0113,view,,1,36.16,2026-02-18 10:22:22+00:00,web,1.0,2026-02-18,10,sports,Nova,36.16,0.528,0.402,0.27444444444444444,0.33614627285513365,0.4615384615384616
U0027,I0032,view,,1,68.88,2026-04-24 12:28:22+00:00,web,1.0,2026-04-24,12,electronics,ZenCo,68.88,0.794,0.11,0.5774074074074073,0.710267229254571,0.10500610500610502
U0006,I0096,cart,,1,36.87,2026-02-07 18:52:22+00:00,mobile,3.0,2026-02-07,18,home,UrbanLeaf,36.87,0.675,0.17,0.2810185185185185,0.5428973277074544,0.1782661782661783
U0073,I0008,cart,,1,36.94,2026-04-17 12:08:22+00:00,web,3.0,2026-04-17,12,sports,Orion,36.94,0.289,0.317,0.2816666666666666,0.0,0.35775335775335776
U0172,I0015,cart,,1,19.27,2026-04-06 04:38:22+00:00,web,3.0,2026-04-06,4,electronics,Orion,19.27,0.914,0.342,0.11805555555555554,0.8790436005625878,0.38827838827838834
U0220,I0094,cart,,1,20.46,2026-04-28 04:07:22+00:00,mobile,3.0,2026-04-28,4,sports,Pulse,20.46,0.762,0.843,0.12907407407407406,0.6652601969057664,1.0000000000000002
U0103,I0037,view,,1,17.51,2026-04-21 17:05:22+00:00,mobile,1.0,2026-04-21,17,sports,ZenCo,17.51,0.519,0.554,0.10175925925925926,0.3234880450070323,0.6471306471306473
U0202,I0053,view,,1,18.65,2026-03-26 15:54:22+00:00,web,1.0,2026-03-26,15,books,Pulse,18.65,0.745,0.249,0.1123148148148148,0.6413502109704642,0.27472527472527475
U0188,I0105,rating,4.0,1,20.28,2026-04-05 19:31:22+00:00,web,4.0,2026-04-05,19,books,Aster,20.28,0.837,0.151,0.1274074074074074,0.770745428973277,0.15506715506715507
U0130,I0034,cart,,1,32.38,2026-02-21 11:36:22+00:00,mobile,3.0,2026-02-21,11,fashion,Pulse,32.38,0.362,0.199,0.23944444444444446,0.10267229254571031,0.2136752136752137
U0017,I0024,view,,1,24.65,2026-04-13 20:27:22+00:00,web,1.0,2026-04-13,20,sports,ZenCo,24.65,0.79,0.5750000000000001,0.16787037037037034,0.7046413502109704,0.6727716727716729
U0051,I0013,cart,,1,28.54,2026-04-05 16:09:22+00:00,mobile,3.0,2026-04-05,16,electronics,ZenCo,28.54,0.846,0.024,0.2038888888888889,0.7834036568213781,0.0
U0108,I0055,purchase,,1,14.43,2026-02-25 17:32:22+00:00,web,5.0,2026-02-25,17,books,Aster,14.43,0.875,0.322,0.07324074074074073,0.8241912798874823,0.3638583638583639
U0048,I0039,cart,,1,14.55,2026-04-19 14:03:22+00:00,mobile,3.0,2026-04-19,14,electronics,ZenCo,14.55,0.483,0.47100000000000003,0.07435185185185185,0.2728551336146273,0.5457875457875458
U0088,I0103,view,,1,51.23,2026-03-27 00:16:22+00:00,web,1.0,2026-03-27,0,beauty,ZenCo,51.23,0.537,0.259,0.41398148148148145,0.3488045007032349,0.28693528693528697
U0118,I0111,view,,1,114.52,2026-03-26 20:23:22+00:00,mobile,1.0,2026-03-26,20,books,Nova,114.52,0.649,0.314,0.9999999999999998,0.5063291139240507,0.3540903540903541
U0051,I0052,view,,1,30.37,2026-04-12 09:59:22+00:00,mobile,1.0,2026-04-12,9,beauty,Nova,30.37,0.934,0.362,0.22083333333333333,0.9071729957805906,0.41269841269841273
U0048,I0014,view,,1,30.5,2026-05-02 07:53:22+00:00,mobile,1.0,2026-05-02,7,electronics,ZenCo,30.5,0.544,0.221,0.22203703703703703,0.3586497890295359,0.24053724053724057
U0123,I0064,view,,1,28.05,2026-03-15 05:42:22+00:00,mobile,1.0,2026-03-15,5,sports,Nova,28.05,0.641,0.34500000000000003,0.19935185185185184,0.49507735583684953,0.391941391941392
U0095,I0071,view,,1,31.77,2026-03-08 10:24:22+00:00,web,1.0,2026-03-08,10,electronics,ZenCo,31.77,0.595,0.32,0.23379629629629628,0.430379746835443,0.36141636141636146
U0057,I0037,view,,1,17.51,2026-03-02 16:12:22+00:00,web,1.0,2026-03-02,16,sports,ZenCo,17.51,0.519,0.554,0.10175925925925926,0.3234880450070323,0.6471306471306473
U0102,I0112,view,,1,53.68,2026-04-14 21:37:22+00:00,mobile,1.0,2026-04-14,21,fashion,Pulse,53.68,0.342,0.187,0.43666666666666665,0.07454289732770752,0.19902319902319904
U0223,I0113,cart,,1,36.16,2026-04-19 19:11:22+00:00,web,3.0,2026-04-19,19,sports,Nova,36.16,0.528,0.402,0.27444444444444444,0.33614627285513365,0.4615384615384616
U0044,I0100,cart,,1,54.26,2026-04-12 21:00:22+00:00,mobile,3.0,2026-04-12,21,sports,UrbanLeaf,54.26,0.5670000000000001,0.527,0.44203703703703706,0.39099859353023914,0.6141636141636142
U0227,I0114,view,,1,33.44,2026-03-03 16:21:22+00:00,mobile,1.0,2026-03-03,16,fashion,Nova,33.44,0.752,0.39,0.24925925925925924,0.6511954992967651,0.4468864468864469
U0214,I0094,view,,1,20.46,2026-03-14 07:30:22+00:00,web,1.0,2026-03-14,7,sports,Pulse,20.46,0.762,0.843,0.12907407407407406,0.6652601969057664,1.0000000000000002
U0043,I0058,rating,4.0,1,18.03,2026-03-19 01:33:22+00:00,mobile,4.0,2026-03-19,1,home,UrbanLeaf,18.03,0.771,0.47300000000000003,0.10657407407407408,0.6779184247538678,0.5482295482295483
U0014,I0093,rating,2.0,1,35.82,2026-04-02 22:14:22+00:00,mobile,2.0,2026-04-02,22,fashion,UrbanLeaf,35.82,0.616,0.268,0.2712962962962963,0.4599156118143459,0.297924297924298
U0035,I0102,cart,,1,45.37,2026-02-28 20:27:22+00:00,mobile,3.0,2026-02-28,20,electronics,UrbanLeaf,45.37,0.5690000000000001,0.498,0.3597222222222222,0.3938115330520394,0.5787545787545788
U0183,I0098,view,,1,35.06,2026-04-04 22:17:22+00:00,mobile,1.0,2026-04-04,22,books,Pulse,35.06,0.709,0.449,0.2642592592592593,0.590717299578059,0.518925518925519
U0167,I0120,rating,4.0,1,26.42,2026-04-09 02:21:22+00:00,web,4.0,2026-04-09,2,electronics,Nova,26.42,0.501,0.108,0.1842592592592593,0.29817158931082977,0.10256410256410256
U0042,I0036,view,,1,74.72,2026-02-26 20:27:22+00:00,mobile,1.0,2026-02-26,20,fashion,Orion,74.72,0.598,0.393,0.6314814814814814,0.43459915611814337,0.4505494505494506
U0167,I0071,rating,5.0,1,31.77,2026-04-01 10:08:22+00:00,mobile,5.0,2026-04-01,10,electronics,ZenCo,31.77,0.595,0.32,0.23379629629629628,0.430379746835443,0.36141636141636146
U0136,I0055,purchase,,1,14.43,2026-02-26 20:32:22+00:00,web,5.0,2026-02-26,20,books,Aster,14.43,0.875,0.322,0.07324074074074073,0.8241912798874823,0.3638583638583639
U0139,I0052,view,,1,30.37,2026-04-20 08:19:22+00:00,web,1.0,2026-04-20,8,beauty,Nova,30.37,0.934,0.362,0.22083333333333333,0.9071729957805906,0.41269841269841273
U0046,I0043,cart,,1,34.18,2026-02-05 06:40:22+00:00,mobile,3.0,2026-02-05,6,electronics,Aster,34.18,0.937,0.405,0.2561111111111111,0.9113924050632912,0.46520146520146527
U0130,I0112,view,,1,53.68,2026-04-12 23:23:22+00:00,mobile,1.0,2026-04-12,23,fashion,Pulse,53.68,0.342,0.187,0.43666666666666665,0.07454289732770752,0.19902319902319904
U0134,I0065,rating,5.0,1,45.15,2026-04-25 18:30:22+00:00,web,5.0,2026-04-25,18,fashion,Nova,45.15,0.521,0.28700000000000003,0.35768518518518516,0.3263009845288326,0.3211233211233212
U0057,I0106,cart,,1,26.93,2026-02-27 00:12:22+00:00,web,3.0,2026-02-27,0,sports,Nova,26.93,0.41400000000000003,0.40700000000000003,0.18898148148148147,0.1758087201125177,0.4676434676434677
U0138,I0102,view,,1,45.37,2026-02-18 00:40:22+00:00,mobile,1.0,2026-02-18,0,electronics,UrbanLeaf,45.37,0.5690000000000001,0.498,0.3597222222222222,0.3938115330520394,0.5787545787545788
U0164,I0028,cart,,1,23.83,2026-04-12 00:02:22+00:00,web,3.0,2026-04-12,0,sports,Nova,23.83,0.467,0.08700000000000001,0.16027777777777774,0.25035161744022505,0.07692307692307694
U0188,I0085,cart,,1,64.61,2026-04-28 23:05:22+00:00,mobile,3.0,2026-04-28,23,electronics,UrbanLeaf,64.61,1.0,0.157,0.5378703703703703,0.9999999999999999,0.1623931623931624
U0035,I0013,rating,5.0,1,28.54,2026-04-07 18:10:22+00:00,mobile,5.0,2026-04-07,18,electronics,ZenCo,28.54,0.846,0.024,0.2038888888888889,0.7834036568213781,0.0
U0161,I0032,cart,,1,68.88,2026-03-17 05:36:22+00:00,web,3.0,2026-03-17,5,electronics,ZenCo,68.88,0.794,0.11,0.5774074074074073,0.710267229254571,0.10500610500610502
U0080,I0065,cart,,1,45.15,2026-04-06 05:46:22+00:00,mobile,3.0,2026-04-06,5,fashion,Nova,45.15,0.521,0.28700000000000003,0.35768518518518516,0.3263009845288326,0.3211233211233212
U0203,I0026,view,,1,13.5,2026-03-09 13:58:22+00:00,mobile,1.0,2026-03-09,13,home,ZenCo,13.5,0.481,0.19,0.06462962962962963,0.27004219409282704,0.2026862026862027
U0036,I0067,view,,1,77.25,2026-04-20 23:22:22+00:00,mobile,1.0,2026-04-20,23,fashion,Nova,77.25,0.665,0.28700000000000003,0.6549074074074074,0.5288326300984529,0.3211233211233212
U0233,I0011,rating,4.0,1,15.55,2026-03-05 00:58:22+00:00,web,4.0,2026-03-05,0,sports,UrbanLeaf,15.55,0.673,0.613,0.08361111111111112,0.5400843881856541,0.7191697191697192
U0115,I0090,view,,1,12.85,2026-02-05 18:11:22+00:00,web,1.0,2026-02-05,18,home,Orion,12.85,0.41200000000000003,0.123,0.0586111111111111,0.1729957805907174,0.1208791208791209
U0217,I0032,cart,,1,68.88,2026-04-11 16:00:22+00:00,mobile,3.0,2026-04-11,16,electronics,ZenCo,68.88,0.794,0.11,0.5774074074074073,0.710267229254571,0.10500610500610502
U0057,I0100,view,,1,54.26,2026-02-12 14:34:22+00:00,web,1.0,2026-02-12,14,sports,UrbanLeaf,54.26,0.5670000000000001,0.527,0.44203703703703706,0.39099859353023914,0.6141636141636142
U0036,I0065,view,,1,45.15,2026-03-19 04:20:22+00:00,mobile,1.0,2026-03-19,4,fashion,Nova,45.15,0.521,0.28700000000000003,0.35768518518518516,0.3263009845288326,0.3211233211233212
U0111,I0064,view,,1,28.05,2026-04-28 18:10:22+00:00,mobile,1.0,2026-04-28,18,sports,Nova,28.05,0.641,0.34500000000000003,0.19935185185185184,0.49507735583684953,0.391941391941392
U0234,I0058,view,,1,18.03,2026-03-19 07:57:22+00:00,web,1.0,2026-03-19,7,home,UrbanLeaf,18.03,0.771,0.47300000000000003,0.10657407407407408,0.6779184247538678,0.5482295482295483
U0125,I0087,view,,1,58.68,2026-03-04 19:20:22+00:00,web,1.0,2026-03-04,19,electronics,UrbanLeaf,58.68,0.7000000000000001,0.155,0.482962962962963,0.5780590717299579,0.15995115995115997
U0066,I0051,cart,,1,24.93,2026-03-13 02:25:22+00:00,web,3.0,2026-03-13,2,fashion,Pulse,24.93,0.607,0.373,0.17046296296296293,0.4472573839662447,0.42612942612942617
U0105,I0055,purchase,,2,14.43,2026-02-20 18:40:22+00:00,mobile,5.0,2026-02-20,18,books,Aster,14.43,0.875,0.322,0.07324074074074073,0.8241912798874823,0.3638583638583639
U0056,I0011,cart,,1,15.55,2026-03-31 01:19:22+00:00,mobile,3.0,2026-03-31,1,sports,UrbanLeaf,15.55,0.673,0.613,0.08361111111111112,0.5400843881856541,0.7191697191697192
U0151,I0089,cart,,1,40.79,2026-02-05 15:26:22+00:00,mobile,3.0,2026-02-05,15,sports,Pulse,40.79,0.627,0.22,0.3173148148148148,0.47538677918424754,0.23931623931623935
U0014,I0076,cart,,1,36.2,2026-03-06 10:53:22+00:00,web,3.0,2026-03-06,10,books,Pulse,36.2,0.8180000000000001,0.057,0.27481481481481485,0.7440225035161744,0.04029304029304029
U0102,I0016,view,,1,41.84,2026-02-25 19:23:22+00:00,web,1.0,2026-02-25,19,home,Aster,41.84,0.916,0.26,0.32703703703703707,0.8818565400843882,0.2881562881562882
U0161,I0116,cart,,1,59.11,2026-03-02 20:01:22+00:00,web,3.0,2026-03-02,20,electronics,Aster,59.11,0.622,0.58,0.48694444444444446,0.4683544303797468,0.6788766788766789
U0125,I0072,purchase,,1,21.99,2026-02-19 10:35:22+00:00,mobile,5.0,2026-02-19,10,electronics,Pulse,21.99,1.0,0.748,0.14324074074074072,0.9999999999999999,0.8840048840048841
U0081,I0112,view,,1,53.68,2026-04-20 10:17:22+00:00,mobile,1.0,2026-04-20,10,fashion,Pulse,53.68,0.342,0.187,0.43666666666666665,0.07454289732770752,0.19902319902319904
U0163,I0022,view,,1,23.73,2026-02-04 07:33:22+00:00,mobile,1.0,2026-02-04,7,fashion,Orion,23.73,0.511,0.524,0.15935185185185186,0.3122362869198312,0.6105006105006106
U0095,I0065,view,,1,45.15,2026-04-05 07:34:22+00:00,mobile,1.0,2026-04-05,7,fashion,Nova,45.15,0.521,0.28700000000000003,0.35768518518518516,0.3263009845288326,0.3211233211233212
U0100,I0036,view,,1,74.72,2026-03-31 16:32:22+00:00,web,1.0,2026-03-31,16,fashion,Orion,74.72,0.598,0.393,0.6314814814814814,0.43459915611814337,0.4505494505494506
U0106,I0076,cart,,1,36.2,2026-03-13 02:37:22+00:00,mobile,3.0,2026-03-13,2,books,Pulse,36.2,0.8180000000000001,0.057,0.27481481481481485,0.7440225035161744,0.04029304029304029
U0174,I0048,purchase,,1,22.53,2026-03-12 18:19:22+00:00,web,5.0,2026-03-12,18,books,Nova,22.53,0.897,0.2,0.14824074074074073,0.8551336146272855,0.2148962148962149
U0201,I0103,view,,1,51.23,2026-02-05 00:00:22+00:00,web,1.0,2026-02-05,0,beauty,ZenCo,51.23,0.537,0.259,0.41398148148148145,0.3488045007032349,0.28693528693528697
U0096,I0119,view,,1,34.0,2026-04-01 03:16:22+00:00,web,1.0,2026-04-01,3,beauty,Pulse,34.0,0.9460000000000001,0.10400000000000001,0.2544444444444444,0.9240506329113923,0.0976800976800977
U0154,I0095,view,,1,11.84,2026-03-04 22:59:22+00:00,mobile,1.0,2026-03-04,22,sports,UrbanLeaf,11.84,0.886,0.197,0.04925925925925925,0.8396624472573838,0.21123321123321126
U0190,I0003,view,,1,12.56,2026-02-27 05:42:22+00:00,mobile,1.0,2026-02-27,5,home,Pulse,12.56,0.686,0.39,0.055925925925925934,0.5583684950773559,0.4468864468864469
U0084,I0074,cart,,1,19.52,2026-04-04 06:28:22+00:00,web,3.0,2026-04-04,6,electronics,Nova,19.52,0.645,0.212,0.12037037037037036,0.5007032348804501,0.22954822954822957
U0133,I0074,view,,1,19.52,2026-03-15 00:28:22+00:00,mobile,1.0,2026-03-15,0,electronics,Nova,19.52,0.645,0.212,0.12037037037037036,0.5007032348804501,0.22954822954822957
U0050,I0055,view,,1,14.43,2026-04-07 00:49:22+00:00,web,1.0,2026-04-07,0,books,Aster,14.43,0.875,0.322,0.07324074074074073,0.8241912798874823,0.3638583638583639
U0089,I0067,view,,1,77.25,2026-03-18 14:46:22+00:00,web,1.0,2026-03-18,14,fashion,Nova,77.25,0.665,0.28700000000000003,0.6549074074074074,0.5288326300984529,0.3211233211233212
U0173,I0107,view,,1,14.01,2026-04-10 15:52:22+00:00,mobile,1.0,2026-04-10,15,electronics,Orion,14.01,0.914,0.24,0.06935185185185185,0.8790436005625878,0.26373626373626374
U0023,I0023,view,,1,51.99,2026-04-17 03:27:22+00:00,mobile,1.0,2026-04-17,3,fashion,Pulse,51.99,0.717,0.455,0.4210185185185185,0.6019690576652602,0.5262515262515263
U0191,I0049,view,,1,10.95,2026-02-18 08:51:22+00:00,mobile,1.0,2026-02-18,8,books,UrbanLeaf,10.95,0.716,0.125,0.04101851851851851,0.60056258790436,0.12332112332112333
U0184,I0102,view,,1,45.37,2026-04-19 21:42:22+00:00,mobile,1.0,2026-04-19,21,electronics,UrbanLeaf,45.37,0.5690000000000001,0.498,0.3597222222222222,0.3938115330520394,0.5787545787545788
U0210,I0086,cart,,1,33.96,2026-02-07 20:18:22+00:00,mobile,3.0,2026-02-07,20,books,Aster,33.96,0.299,0.062,0.25407407407407406,0.01406469760900142,0.0463980463980464
U0019,I0068,cart,,1,16.18,2026-03-04 05:42:22+00:00,mobile,3.0,2026-03-04,5,electronics,ZenCo,16.18,0.66,0.20500000000000002,0.08944444444444445,0.5218002812939522,0.22100122100122105
U0028,I0114,view,,1,33.44,2026-04-11 13:52:22+00:00,mobile,1.0,2026-04-11,13,fashion,Nova,33.44,0.752,0.39,0.24925925925925924,0.6511954992967651,0.4468864468864469
U0184,I0014,view,,1,30.5,2026-02-08 05:04:22+00:00,web,1.0,2026-02-08,5,electronics,ZenCo,30.5,0.544,0.221,0.22203703703703703,0.3586497890295359,0.24053724053724057
U0145,I0083,view,,1,17.83,2026-03-25 06:19:22+00:00,mobile,1.0,2026-03-25,6,sports,Aster,17.83,0.483,0.085,0.1047222222222222,0.2728551336146273,0.0744810744810745
U0070,I0050,view,,1,15.33,2026-02-09 22:54:22+00:00,mobile,1.0,2026-02-09,22,beauty,UrbanLeaf,15.33,0.7010000000000001,0.115,0.08157407407407406,0.579465541490858,0.11111111111111113
U0076,I0108,view,,1,101.53,2026-02-03 10:13:22+00:00,mobile,1.0,2026-02-03,10,beauty,UrbanLeaf,101.53,0.485,0.212,0.8797222222222222,0.2756680731364276,0.22954822954822957
U0058,I0037,view,,1,17.51,2026-04-02 03:00:22+00:00,web,1.0,2026-04-02,3,sports,ZenCo,17.51,0.519,0.554,0.10175925925925926,0.3234880450070323,0.6471306471306473
U0028,I0041,view,,1,35.48,2026-02-26 15:52:22+00:00,web,1.0,2026-02-26,15,fashion,UrbanLeaf,35.48,0.656,0.211,0.26814814814814814,0.5161744022503516,0.22832722832722835
U0081,I0046,rating,5.0,1,32.06,2026-03-16 11:53:22+00:00,mobile,5.0,2026-03-16,11,books,Pulse,32.06,0.972,0.131,0.23648148148148151,0.9606188466947959,0.13064713064713065
U0097,I0045,view,,1,27.1,2026-04-04 00:08:22+00:00,mobile,1.0,2026-04-04,0,beauty,ZenCo,27.1,0.927,0.165,0.1905555555555556,0.8973277074542897,0.1721611721611722
U0189,I0093,view,,1,35.82,2026-03-08 15:50:22+00:00,web,1.0,2026-03-08,15,fashion,UrbanLeaf,35.82,0.616,0.268,0.2712962962962963,0.4599156118143459,0.297924297924298
U0049,I0120,view,,1,26.42,2026-04-09 20:29:22+00:00,web,1.0,2026-04-09,20,electronics,Nova,26.42,0.501,0.108,0.1842592592592593,0.29817158931082977,0.10256410256410256
U0206,I0036,purchase,,1,74.72,2026-04-01 19:27:22+00:00,mobile,5.0,2026-04-01,19,fashion,Orion,74.72,0.598,0.393,0.6314814814814814,0.43459915611814337,0.4505494505494506
U0236,I0060,view,,1,48.07,2026-02-14 08:23:22+00:00,mobile,1.0,2026-02-14,8,fashion,ZenCo,48.07,0.742,0.151,0.38472222222222224,0.6371308016877636,0.15506715506715507
U0143,I0114,view,,1,33.44,2026-03-16 17:17:22+00:00,mobile,1.0,2026-03-16,17,fashion,Nova,33.44,0.752,0.39,0.24925925925925924,0.6511954992967651,0.4468864468864469
U0107,I0004,view,,1,24.4,2026-04-05 08:48:22+00:00,web,1.0,2026-04-05,8,beauty,Orion,24.4,0.794,0.045,0.1655555555555555,0.710267229254571,0.025641025641025644
U0028,I0009,purchase,,2,26.36,2026-03-30 12:09:22+00:00,mobile,5.0,2026-03-30,12,home,Orion,26.36,0.492,0.5650000000000001,0.1837037037037037,0.28551336146272854,0.6605616605616607
U0069,I0114,cart,,1,33.44,2026-02-24 19:16:22+00:00,web,3.0,2026-02-24,19,fashion,Nova,33.44,0.752,0.39,0.24925925925925924,0.6511954992967651,0.4468864468864469
U0016,I0038,view,,1,23.01,2026-03-18 23:39:22+00:00,web,1.0,2026-03-18,23,home,Nova,23.01,0.809,0.228,0.1526851851851852,0.731364275668073,0.2490842490842491
U0227,I0067,cart,,1,77.25,2026-02-15 19:10:22+00:00,web,3.0,2026-02-15,19,fashion,Nova,77.25,0.665,0.28700000000000003,0.6549074074074074,0.5288326300984529,0.3211233211233212
U0130,I0051,cart,,1,24.93,2026-02-02 18:22:22+00:00,web,3.0,2026-02-02,18,fashion,Pulse,24.93,0.607,0.373,0.17046296296296293,0.4472573839662447,0.42612942612942617
U0123,I0028,view,,1,23.83,2026-03-31 05:07:22+00:00,web,1.0,2026-03-31,5,sports,Nova,23.83,0.467,0.08700000000000001,0.16027777777777774,0.25035161744022505,0.07692307692307694
U0064,I0018,view,,1,34.0,2026-02-23 19:10:22+00:00,mobile,1.0,2026-02-23,19,books,Nova,34.0,0.517,0.384,0.2544444444444444,0.32067510548523204,0.4395604395604396
U0091,I0055,view,,1,14.43,2026-04-18 02:40:22+00:00,web,1.0,2026-04-18,2,books,Aster,14.43,0.875,0.322,0.07324074074074073,0.8241912798874823,0.3638583638583639
U0151,I0089,view,,1,40.79,2026-03-13 19:04:22+00:00,mobile,1.0,2026-03-13,19,sports,Pulse,40.79,0.627,0.22,0.3173148148148148,0.47538677918424754,0.23931623931623935
U0227,I0028,view,,1,23.83,2026-04-27 09:11:22+00:00,web,1.0,2026-04-27,9,sports,Nova,23.83,0.467,0.08700000000000001,0.16027777777777774,0.25035161744022505,0.07692307692307694
U0144,I0063,view,,1,17.91,2026-03-24 17:24:22+00:00,web,1.0,2026-03-24,17,beauty,Nova,17.91,0.875,0.47300000000000003,0.10546296296296297,0.8241912798874823,0.5482295482295483
U0084,I0102,view,,1,45.37,2026-04-30 20:34:22+00:00,mobile,1.0,2026-04-30,20,electronics,UrbanLeaf,45.37,0.5690000000000001,0.498,0.3597222222222222,0.3938115330520394,0.5787545787545788
U0066,I0090,view,,1,12.85,2026-03-30 01:45:22+00:00,mobile,1.0,2026-03-30,1,home,Orion,12.85,0.41200000000000003,0.123,0.0586111111111111,0.1729957805907174,0.1208791208791209
U0197,I0096,view,,1,36.87,2026-03-27 01:39:22+00:00,web,1.0,2026-03-27,1,home,UrbanLeaf,36.87,0.675,0.17,0.2810185185185185,0.5428973277074544,0.1782661782661783
U0212,I0043,view,,1,34.18,2026-04-20 02:06:22+00:00,web,1.0,2026-04-20,2,electronics,Aster,34.18,0.937,0.405,0.2561111111111111,0.9113924050632912,0.46520146520146527
U0038,I0077,view,,1,43.74,2026-03-20 01:57:22+00:00,web,1.0,2026-03-20,1,home,Orion,43.74,0.756,0.41600000000000004,0.3446296296296296,0.6568213783403657,0.4786324786324787
U0175,I0023,cart,,1,51.99,2026-02-14 10:43:22+00:00,web,3.0,2026-02-14,10,fashion,Pulse,51.99,0.717,0.455,0.4210185185185185,0.6019690576652602,0.5262515262515263
U0189,I0093,rating,1.0,1,35.82,2026-02-23 06:49:22+00:00,mobile,1.0,2026-02-23,6,fashion,UrbanLeaf,35.82,0.616,0.268,0.2712962962962963,0.4599156118143459,0.297924297924298
U0152,I0096,view,,1,36.87,2026-04-02 08:13:22+00:00,mobile,1.0,2026-04-02,8,home,UrbanLeaf,36.87,0.675,0.17,0.2810185185185185,0.5428973277074544,0.1782661782661783
U0075,I0025,purchase,,1,15.52,2026-03-19 01:52:22+00:00,mobile,5.0,2026-03-19,1,beauty,Nova,15.52,0.76,0.761,0.08333333333333333,0.6624472573839663,0.8998778998779
U0203,I0003,cart,,1,12.56,2026-03-31 18:31:22+00:00,mobile,3.0,2026-03-31,18,home,Pulse,12.56,0.686,0.39,0.055925925925925934,0.5583684950773559,0.4468864468864469
U0236,I0026,view,,1,13.5,2026-04-10 00:01:22+00:00,mobile,1.0,2026-04-10,0,home,ZenCo,13.5,0.481,0.19,0.06462962962962963,0.27004219409282704,0.2026862026862027
U0131,I0005,view,,1,20.52,2026-04-20 01:53:22+00:00,mobile,1.0,2026-04-20,1,home,ZenCo,20.52,0.669,0.275,0.1296296296296296,0.5344585091420535,0.3064713064713065
U0223,I0066,view,,1,22.7,2026-03-03 22:16:22+00:00,mobile,1.0,2026-03-03,22,sports,UrbanLeaf,22.7,0.8230000000000001,0.216,0.1498148148148148,0.7510548523206751,0.23443223443223443
U0213,I0036,cart,,1,74.72,2026-02-18 02:57:22+00:00,mobile,3.0,2026-02-18,2,fashion,Orion,74.72,0.598,0.393,0.6314814814814814,0.43459915611814337,0.4505494505494506
U0098,I0106,view,,1,26.93,2026-03-13 19:12:22+00:00,web,1.0,2026-03-13,19,sports,Nova,26.93,0.41400000000000003,0.40700000000000003,0.18898148148148147,0.1758087201125177,0.4676434676434677
U0112,I0078,view,,1,41.4,2026-04-01 19:14:22+00:00,web,1.0,2026-04-01,19,beauty,Pulse,41.4,0.875,0.403,0.32296296296296295,0.8241912798874823,0.46275946275946284
U0239,I0100,cart,,1,54.26,2026-04-11 07:49:22+00:00,mobile,3.0,2026-04-11,7,sports,UrbanLeaf,54.26,0.5670000000000001,0.527,0.44203703703703706,0.39099859353023914,0.6141636141636142
U0207,I0004,view,,1,24.4,2026-04-24 21:08:22+00:00,mobile,1.0,2026-04-24,21,beauty,Orion,24.4,0.794,0.045,0.1655555555555555,0.710267229254571,0.025641025641025644
U0206,I0036,cart,,1,74.72,2026-02-08 07:08:22+00:00,web,3.0,2026-02-08,7,fashion,Orion,74.72,0.598,0.393,0.6314814814814814,0.43459915611814337,0.4505494505494506
U0103,I0052,purchase,,1,30.37,2026-02-19 03:49:22+00:00,mobile,5.0,2026-02-19,3,beauty,Nova,30.37,0.934,0.362,0.22083333333333333,0.9071729957805906,0.41269841269841273
U0022,I0098,rating,2.0,1,35.06,2026-04-30 14:11:22+00:00,mobile,2.0,2026-04-30,14,books,Pulse,35.06,0.709,0.449,0.2642592592592593,0.590717299578059,0.518925518925519
U0130,I0059,view,,1,24.91,2026-03-31 11:02:22+00:00,web,1.0,2026-03-31,11,books,Pulse,24.91,0.758,0.376,0.17027777777777775,0.6596343178621659,0.4297924297924298
U0014,I0112,purchase,,1,53.68,2026-03-25 17:13:22+00:00,mobile,5.0,2026-03-25,17,fashion,Pulse,53.68,0.342,0.187,0.43666666666666665,0.07454289732770752,0.19902319902319904
U0034,I0078,purchase,,1,41.4,2026-02-02 07:47:22+00:00,web,5.0,2026-02-02,7,beauty,Pulse,41.4,0.875,0.403,0.32296296296296295,0.8241912798874823,0.46275946275946284
U0173,I0113,view,,1,36.16,2026-04-08 11:26:22+00:00,web,1.0,2026-04-08,11,sports,Nova,36.16,0.528,0.402,0.27444444444444444,0.33614627285513365,0.4615384615384616
U0180,I0036,view,,1,74.72,2026-02-05 03:57:22+00:00,mobile,1.0,2026-02-05,3,fashion,Orion,74.72,0.598,0.393,0.6314814814814814,0.43459915611814337,0.4505494505494506
U0080,I0051,view,,1,24.93,2026-02-05 10:39:22+00:00,web,1.0,2026-02-05,10,fashion,Pulse,24.93,0.607,0.373,0.17046296296296293,0.4472573839662447,0.42612942612942617
U0055,I0021,rating,4.0,1,19.0,2026-05-02 06:12:22+00:00,mobile,4.0,2026-05-02,6,beauty,UrbanLeaf,19.0,0.844,0.467,0.11555555555555556,0.780590717299578,0.540903540903541
U0116,I0074,view,,1,19.52,2026-03-09 00:54:22+00:00,mobile,1.0,2026-03-09,0,electronics,Nova,19.52,0.645,0.212,0.12037037037037036,0.5007032348804501,0.22954822954822957
U0052,I0078,purchase,,1,41.4,2026-02-26 01:53:22+00:00,web,5.0,2026-02-26,1,beauty,Pulse,41.4,0.875,0.403,0.32296296296296295,0.8241912798874823,0.46275946275946284
U0048,I0087,view,,1,58.68,2026-04-13 15:45:22+00:00,mobile,1.0,2026-04-13,15,electronics,UrbanLeaf,58.68,0.7000000000000001,0.155,0.482962962962963,0.5780590717299579,0.15995115995115997
U0120,I0027,view,,1,58.32,2026-02-12 13:50:22+00:00,web,1.0,2026-02-12,13,sports,Orion,58.32,0.791,0.039,0.4796296296296296,0.7060478199718706,0.018315018315018316
U0226,I0040,purchase,,1,56.71,2026-02-12 00:42:22+00:00,web,5.0,2026-02-12,0,books,Orion,56.71,0.612,0.625,0.4647222222222222,0.45428973277074536,0.7338217338217339
U0228,I0114,view,,1,33.44,2026-04-03 05:59:22+00:00,web,1.0,2026-04-03,5,fashion,Nova,33.44,0.752,0.39,0.24925925925925924,0.6511954992967651,0.4468864468864469
U0140,I0055,purchase,,1,14.43,2026-03-15 12:51:22+00:00,mobile,5.0,2026-03-15,12,books,Aster,14.43,0.875,0.322,0.07324074074074073,0.8241912798874823,0.3638583638583639
U0027,I0047,rating,4.0,1,36.67,2026-02-12 18:58:22+00:00,web,4.0,2026-02-12,18,home,Aster,36.67,0.966,0.395,0.2791666666666667,0.9521800281293952,0.45299145299145305
U0150,I0117,view,,1,42.8,2026-04-22 00:45:22+00:00,web,1.0,2026-04-22,0,electronics,Pulse,42.8,0.8160000000000001,0.231,0.3359259259259259,0.7412095639943742,0.2527472527472528
U0109,I0077,view,,1,43.74,2026-02-26 16:25:22+00:00,mobile,1.0,2026-02-26,16,home,Orion,43.74,0.756,0.41600000000000004,0.3446296296296296,0.6568213783403657,0.4786324786324787
U0041,I0085,cart,,1,64.61,2026-04-20 12:49:22+00:00,mobile,3.0,2026-04-20,12,electronics,UrbanLeaf,64.61,1.0,0.157,0.5378703703703703,0.9999999999999999,0.1623931623931624
U0217,I0006,view,,1,21.38,2026-02-15 17:59:22+00:00,mobile,1.0,2026-02-15,17,electronics,UrbanLeaf,21.38,0.626,0.395,0.1375925925925926,0.47398030942334735,0.45299145299145305
U0231,I0057,cart,,1,46.42,2026-03-27 20:22:22+00:00,mobile,3.0,2026-03-27,20,beauty,Orion,46.42,0.791,0.304,0.36944444444444446,0.7060478199718706,0.3418803418803419
U0048,I0057,cart,,1,46.42,2026-03-03 05:44:22+00:00,web,3.0,2026-03-03,5,beauty,Orion,46.42,0.791,0.304,0.36944444444444446,0.7060478199718706,0.3418803418803419
U0189,I0094,view,,1,20.46,2026-03-10 13:53:22+00:00,web,1.0,2026-03-10,13,sports,Pulse,20.46,0.762,0.843,0.12907407407407406,0.6652601969057664,1.0000000000000002
U0225,I0099,cart,,1,19.36,2026-04-08 22:25:22+00:00,mobile,3.0,2026-04-08,22,fashion,ZenCo,19.36,0.81,0.17,0.11888888888888889,0.7327707454289732,0.1782661782661783
U0133,I0035,purchase,,2,26.96,2026-03-08 03:09:22+00:00,mobile,5.0,2026-03-08,3,books,Pulse,26.96,0.93,0.305,0.18925925925925924,0.9015471167369901,0.3431013431013431
U0201,I0074,rating,4.0,1,19.52,2026-02-13 08:10:22+00:00,mobile,4.0,2026-02-13,8,electronics,Nova,19.52,0.645,0.212,0.12037037037037036,0.5007032348804501,0.22954822954822957
U0185,I0091,view,,1,42.99,2026-02-02 03:06:22+00:00,web,1.0,2026-02-02,3,beauty,ZenCo,42.99,0.592,0.222,0.3376851851851852,0.4261603375527425,0.2417582417582418
U0003,I0019,rating,4.0,1,35.63,2026-04-27 07:27:22+00:00,web,4.0,2026-04-27,7,beauty,UrbanLeaf,35.63,0.65,0.368,0.2695370370370371,0.5077355836849508,0.42002442002442003
U0087,I0049,view,,1,10.95,2026-03-22 19:35:22+00:00,web,1.0,2026-03-22,19,books,UrbanLeaf,10.95,0.716,0.125,0.04101851851851851,0.60056258790436,0.12332112332112333
U0066,I0065,purchase,,1,45.15,2026-03-31 15:52:22+00:00,mobile,5.0,2026-03-31,15,fashion,Nova,45.15,0.521,0.28700000000000003,0.35768518518518516,0.3263009845288326,0.3211233211233212
U0052,I0005,view,,1,20.52,2026-03-18 07:29:22+00:00,mobile,1.0,2026-03-18,7,home,ZenCo,20.52,0.669,0.275,0.1296296296296296,0.5344585091420535,0.3064713064713065
U0098,I0084,view,,1,27.83,2026-05-01 19:17:22+00:00,web,1.0,2026-05-01,19,books,ZenCo,27.83,0.8260000000000001,0.037,0.19731481481481478,0.7552742616033755,0.01587301587301587
U0210,I0073,cart,,1,25.28,2026-04-22 22:34:22+00:00,mobile,3.0,2026-04-22,22,electronics,Pulse,25.28,0.545,0.116,0.1737037037037037,0.360056258790436,0.11233211233211235
U0094,I0005,view,,1,20.52,2026-02-21 03:01:22+00:00,web,1.0,2026-02-21,3,home,ZenCo,20.52,0.669,0.275,0.1296296296296296,0.5344585091420535,0.3064713064713065
U0157,I0007,view,,1,50.51,2026-03-16 23:47:22+00:00,mobile,1.0,2026-03-16,23,books,UrbanLeaf,50.51,0.41300000000000003,0.309,0.4073148148148148,0.1744022503516175,0.347985347985348
U0115,I0047,view,,1,36.67,2026-03-15 18:41:22+00:00,web,1.0,2026-03-15,18,home,Aster,36.67,0.966,0.395,0.2791666666666667,0.9521800281293952,0.45299145299145305
U0080,I0088,view,,1,30.05,2026-05-01 03:32:22+00:00,web,1.0,2026-05-01,3,beauty,ZenCo,30.05,0.594,0.149,0.21787037037037038,0.4289732770745428,0.15262515262515264
U0112,I0097,cart,,1,42.6,2026-04-05 09:39:22+00:00,web,3.0,2026-04-05,9,fashion,ZenCo,42.6,0.549,0.041,0.3340740740740741,0.3656821378340366,0.020757020757020763
U0189,I0028,rating,4.0,1,23.83,2026-03-07 08:51:22+00:00,mobile,4.0,2026-03-07,8,sports,Nova,23.83,0.467,0.08700000000000001,0.16027777777777774,0.25035161744022505,0.07692307692307694
U0080,I0093,purchase,,1,35.82,2026-04-04 11:31:22+00:00,mobile,5.0,2026-04-04,11,fashion,UrbanLeaf,35.82,0.616,0.268,0.2712962962962963,0.4599156118143459,0.297924297924298
U0102,I0019,view,,1,35.63,2026-02-04 21:48:22+00:00,web,1.0,2026-02-04,21,beauty,UrbanLeaf,35.63,0.65,0.368,0.2695370370370371,0.5077355836849508,0.42002442002442003
U0130,I0091,view,,1,42.99,2026-02-09 03:15:22+00:00,web,1.0,2026-02-09,3,beauty,ZenCo,42.99,0.592,0.222,0.3376851851851852,0.4261603375527425,0.2417582417582418
U0079,I0078,view,,1,41.4,2026-04-14 08:07:22+00:00,web,1.0,2026-04-14,8,beauty,Pulse,41.4,0.875,0.403,0.32296296296296295,0.8241912798874823,0.46275946275946284
U0084,I0104,rating,5.0,1,41.88,2026-02-20 19:03:22+00:00,web,5.0,2026-02-20,19,electronics,Aster,41.88,0.799,0.487,0.3274074074074074,0.7172995780590717,0.5653235653235653
U0194,I0031,purchase,,1,6.52,2026-02-21 09:12:22+00:00,mobile,5.0,2026-02-21,9,books,UrbanLeaf,6.52,0.8240000000000001,0.45,0.0,0.7524613220815753,0.5201465201465202
U0097,I0071,view,,1,31.77,2026-02-07 06:50:22+00:00,mobile,1.0,2026-02-07,6,electronics,ZenCo,31.77,0.595,0.32,0.23379629629629628,0.430379746835443,0.36141636141636146
U0077,I0051,view,,1,24.93,2026-02-08 11:11:22+00:00,web,1.0,2026-02-08,11,fashion,Pulse,24.93,0.607,0.373,0.17046296296296293,0.4472573839662447,0.42612942612942617
U0128,I0090,cart,,1,12.85,2026-03-08 18:09:22+00:00,web,3.0,2026-03-08,18,home,Orion,12.85,0.41200000000000003,0.123,0.0586111111111111,0.1729957805907174,0.1208791208791209
U0054,I0005,view,,1,20.52,2026-02-23 19:18:22+00:00,mobile,1.0,2026-02-23,19,home,ZenCo,20.52,0.669,0.275,0.1296296296296296,0.5344585091420535,0.3064713064713065
U0178,I0110,view,,1,26.64,2026-03-21 14:12:22+00:00,web,1.0,2026-03-21,14,sports,Aster,26.64,0.805,0.6900000000000001,0.1862962962962963,0.7257383966244725,0.8131868131868133
U0058,I0106,view,,1,26.93,2026-04-12 11:51:22+00:00,mobile,1.0,2026-04-12,11,sports,Nova,26.93,0.41400000000000003,0.40700000000000003,0.18898148148148147,0.1758087201125177,0.4676434676434677
U0002,I0114,cart,,1,33.44,2026-05-02 05:29:22+00:00,mobile,3.0,2026-05-02,5,fashion,Nova,33.44,0.752,0.39,0.24925925925925924,0.6511954992967651,0.4468864468864469
U0209,I0073,view,,1,25.28,2026-04-06 20:04:22+00:00,web,1.0,2026-04-06,20,electronics,Pulse,25.28,0.545,0.116,0.1737037037037037,0.360056258790436,0.11233211233211235
U0165,I0033,view,,1,24.72,2026-02-04 09:18:22+00:00,web,1.0,2026-02-04,9,books,Orion,24.72,0.727,0.5650000000000001,0.1685185185185185,0.6160337552742615,0.6605616605616607
U0174,I0056,view,,1,21.96,2026-04-24 03:16:22+00:00,web,1.0,2026-04-24,3,books,Nova,21.96,0.606,0.146,0.14296296296296296,0.4458509142053445,0.14896214896214896
U0003,I0033,view,,1,24.72,2026-04-30 12:00:22+00:00,mobile,1.0,2026-04-30,12,books,Orion,24.72,0.727,0.5650000000000001,0.1685185185185185,0.6160337552742615,0.6605616605616607
U0055,I0091,view,,1,42.99,2026-03-01 11:23:22+00:00,mobile,1.0,2026-03-01,11,beauty,ZenCo,42.99,0.592,0.222,0.3376851851851852,0.4261603375527425,0.2417582417582418
U0136,I0099,view,,1,19.36,2026-04-26 11:55:22+00:00,web,1.0,2026-04-26,11,fashion,ZenCo,19.36,0.81,0.17,0.11888888888888889,0.7327707454289732,0.1782661782661783
U0191,I0035,view,,1,26.96,2026-02-11 08:21:22+00:00,mobile,1.0,2026-02-11,8,books,Pulse,26.96,0.93,0.305,0.18925925925925924,0.9015471167369901,0.3431013431013431
U0141,I0015,view,,1,19.27,2026-04-26 02:37:22+00:00,web,1.0,2026-04-26,2,electronics,Orion,19.27,0.914,0.342,0.11805555555555554,0.8790436005625878,0.38827838827838834
U0013,I0009,purchase,,3,26.36,2026-04-28 02:38:22+00:00,mobile,5.0,2026-04-28,2,home,Orion,26.36,0.492,0.5650000000000001,0.1837037037037037,0.28551336146272854,0.6605616605616607
U0141,I0095,view,,1,11.84,2026-03-10 21:11:22+00:00,web,1.0,2026-03-10,21,sports,UrbanLeaf,11.84,0.886,0.197,0.04925925925925925,0.8396624472573838,0.21123321123321126
U0194,I0046,purchase,,2,32.06,2026-04-21 05:35:22+00:00,web,5.0,2026-04-21,5,books,Pulse,32.06,0.972,0.131,0.23648148148148151,0.9606188466947959,0.13064713064713065
U0214,I0037,view,,1,17.51,2026-03-13 08:13:22+00:00,web,1.0,2026-03-13,8,sports,ZenCo,17.51,0.519,0.554,0.10175925925925926,0.3234880450070323,0.6471306471306473
U0181,I0038,cart,,1,23.01,2026-03-08 08:24:22+00:00,mobile,3.0,2026-03-08,8,home,Nova,23.01,0.809,0.228,0.1526851851851852,0.731364275668073,0.2490842490842491
U0191,I0004,view,,1,24.4,2026-02-11 03:35:22+00:00,web,1.0,2026-02-11,3,beauty,Orion,24.4,0.794,0.045,0.1655555555555555,0.710267229254571,0.025641025641025644
U0178,I0047,cart,,1,36.67,2026-04-05 17:24:22+00:00,web,3.0,2026-04-05,17,home,Aster,36.67,0.966,0.395,0.2791666666666667,0.9521800281293952,0.45299145299145305
U0022,I0076,view,,1,36.2,2026-05-02 20:32:22+00:00,mobile,1.0,2026-05-02,20,books,Pulse,36.2,0.8180000000000001,0.057,0.27481481481481485,0.7440225035161744,0.04029304029304029
U0111,I0003,view,,1,12.56,2026-03-19 02:03:22+00:00,mobile,1.0,2026-03-19,2,home,Pulse,12.56,0.686,0.39,0.055925925925925934,0.5583684950773559,0.4468864468864469
U0027,I0029,view,,1,83.41,2026-04-05 20:39:22+00:00,web,1.0,2026-04-05,20,home,Orion,83.41,1.0,0.71,0.7119444444444444,0.9999999999999999,0.8376068376068376
U0105,I0056,view,,1,21.96,2026-02-21 12:17:22+00:00,mobile,1.0,2026-02-21,12,books,Nova,21.96,0.606,0.146,0.14296296296296296,0.4458509142053445,0.14896214896214896
U0084,I0116,view,,1,59.11,2026-02-21 05:09:22+00:00,mobile,1.0,2026-02-21,5,electronics,Aster,59.11,0.622,0.58,0.48694444444444446,0.4683544303797468,0.6788766788766789
U0222,I0063,purchase,,1,17.91,2026-04-25 22:21:22+00:00,mobile,5.0,2026-04-25,22,beauty,Nova,17.91,0.875,0.47300000000000003,0.10546296296296297,0.8241912798874823,0.5482295482295483
U0197,I0016,purchase,,2,41.84,2026-05-02 19:42:22+00:00,mobile,5.0,2026-05-02,19,home,Aster,41.84,0.916,0.26,0.32703703703703707,0.8818565400843882,0.2881562881562882
U0205,I0074,view,,1,19.52,2026-04-26 06:52:22+00:00,mobile,1.0,2026-04-26,6,electronics,Nova,19.52,0.645,0.212,0.12037037037037036,0.5007032348804501,0.22954822954822957
U0172,I0074,view,,1,19.52,2026-04-22 07:12:22+00:00,mobile,1.0,2026-04-22,7,electronics,Nova,19.52,0.645,0.212,0.12037037037037036,0.5007032348804501,0.22954822954822957
U0128,I0026,view,,1,13.5,2026-04-13 23:09:22+00:00,web,1.0,2026-04-13,23,home,ZenCo,13.5,0.481,0.19,0.06462962962962963,0.27004219409282704,0.2026862026862027
U0007,I0076,view,,1,36.2,2026-02-09 09:45:22+00:00,web,1.0,2026-02-09,9,books,Pulse,36.2,0.8180000000000001,0.057,0.27481481481481485,0.7440225035161744,0.04029304029304029
U0062,I0104,cart,,1,41.88,2026-02-25 19:12:22+00:00,mobile,3.0,2026-02-25,19,electronics,Aster,41.88,0.799,0.487,0.3274074074074074,0.7172995780590717,0.5653235653235653
U0067,I0047,view,,1,36.67,2026-04-20 07:11:22+00:00,mobile,1.0,2026-04-20,7,home,Aster,36.67,0.966,0.395,0.2791666666666667,0.9521800281293952,0.45299145299145305
U0206,I0006,cart,,1,21.38,2026-04-03 11:58:22+00:00,mobile,3.0,2026-04-03,11,electronics,UrbanLeaf,21.38,0.626,0.395,0.1375925925925926,0.47398030942334735,0.45299145299145305
U0203,I0044,view,,1,16.15,2026-02-12 09:40:22+00:00,mobile,1.0,2026-02-12,9,home,Aster,16.15,0.797,0.046,0.08916666666666666,0.7144866385372713,0.02686202686202686
U0101,I0108,view,,1,101.53,2026-05-03 01:15:22+00:00,web,1.0,2026-05-03,1,beauty,UrbanLeaf,101.53,0.485,0.212,0.8797222222222222,0.2756680731364276,0.22954822954822957
U0229,I0053,view,,1,18.65,2026-04-02 07:23:22+00:00,web,1.0,2026-04-02,7,books,Pulse,18.65,0.745,0.249,0.1123148148148148,0.6413502109704642,0.27472527472527475
U0149,I0069,view,,1,41.22,2026-04-29 12:15:22+00:00,mobile,1.0,2026-04-29,12,books,UrbanLeaf,41.22,0.896,0.375,0.3212962962962963,0.8537271448663853,0.4285714285714286
U0069,I0044,view,,1,16.15,2026-03-30 09:52:22+00:00,web,1.0,2026-03-30,9,home,Aster,16.15,0.797,0.046,0.08916666666666666,0.7144866385372713,0.02686202686202686
U0118,I0063,view,,1,17.91,2026-05-02 15:03:22+00:00,web,1.0,2026-05-02,15,beauty,Nova,17.91,0.875,0.47300000000000003,0.10546296296296297,0.8241912798874823,0.5482295482295483
U0052,I0081,view,,1,60.65,2026-02-08 17:55:22+00:00,mobile,1.0,2026-02-08,17,home,Orion,60.65,0.7010000000000001,0.10300000000000001,0.5012037037037036,0.579465541490858,0.09645909645909648
U0101,I0054,cart,,1,35.21,2026-03-09 15:15:22+00:00,mobile,3.0,2026-03-09,15,beauty,UrbanLeaf,35.21,0.667,0.323,0.26564814814814813,0.5316455696202532,0.3650793650793651
U0117,I0109,view,,1,70.56,2026-04-29 18:16:22+00:00,web,1.0,2026-04-29,18,home,Aster,70.56,0.78,0.5680000000000001,0.5929629629629629,0.6905766526019691,0.6642246642246643
U0060,I0091,view,,1,42.99,2026-02-22 04:34:22+00:00,mobile,1.0,2026-02-22,4,beauty,ZenCo,42.99,0.592,0.222,0.3376851851851852,0.4261603375527425,0.2417582417582418
U0193,I0008,purchase,,1,36.94,2026-04-10 21:47:22+00:00,mobile,5.0,2026-04-10,21,sports,Orion,36.94,0.289,0.317,0.2816666666666666,0.0,0.35775335775335776
U0146,I0053,view,,1,18.65,2026-02-05 01:14:22+00:00,mobile,1.0,2026-02-05,1,books,Pulse,18.65,0.745,0.249,0.1123148148148148,0.6413502109704642,0.27472527472527475
U0178,I0028,cart,,1,23.83,2026-03-11 04:31:22+00:00,web,3.0,2026-03-11,4,sports,Nova,23.83,0.467,0.08700000000000001,0.16027777777777774,0.25035161744022505,0.07692307692307694
U0117,I0020,purchase,,1,27.33,2026-04-10 09:34:22+00:00,web,5.0,2026-04-10,9,beauty,Pulse,27.33,0.731,0.223,0.19268518518518518,0.6216596343178621,0.242979242979243
U0204,I0078,view,,1,41.4,2026-02-17 12:01:22+00:00,mobile,1.0,2026-02-17,12,beauty,Pulse,41.4,0.875,0.403,0.32296296296296295,0.8241912798874823,0.46275946275946284
U0213,I0022,view,,1,23.73,2026-03-17 12:16:22+00:00,mobile,1.0,2026-03-17,12,fashion,Orion,23.73,0.511,0.524,0.15935185185185186,0.3122362869198312,0.6105006105006106
U0088,I0057,cart,,1,46.42,2026-04-04 13:24:22+00:00,mobile,3.0,2026-04-04,13,beauty,Orion,46.42,0.791,0.304,0.36944444444444446,0.7060478199718706,0.3418803418803419
U0098,I0088,view,,1,30.05,2026-02-22 18:14:22+00:00,web,1.0,2026-02-22,18,beauty,ZenCo,30.05,0.594,0.149,0.21787037037037038,0.4289732770745428,0.15262515262515264
U0190,I0058,view,,1,18.03,2026-03-30 12:09:22+00:00,mobile,1.0,2026-03-30,12,home,UrbanLeaf,18.03,0.771,0.47300000000000003,0.10657407407407408,0.6779184247538678,0.5482295482295483
U0133,I0013,view,,1,28.54,2026-02-02 04:38:22+00:00,mobile,1.0,2026-02-02,4,electronics,ZenCo,28.54,0.846,0.024,0.2038888888888889,0.7834036568213781,0.0
U0230,I0095,cart,,1,11.84,2026-04-18 17:35:22+00:00,mobile,3.0,2026-04-18,17,sports,UrbanLeaf,11.84,0.886,0.197,0.04925925925925925,0.8396624472573838,0.21123321123321126
U0096,I0103,purchase,,1,51.23,2026-02-03 04:03:22+00:00,mobile,5.0,2026-02-03,4,beauty,ZenCo,51.23,0.537,0.259,0.41398148148148145,0.3488045007032349,0.28693528693528697
U0130,I0097,view,,1,42.6,2026-03-15 20:48:22+00:00,web,1.0,2026-03-15,20,fashion,ZenCo,42.6,0.549,0.041,0.3340740740740741,0.3656821378340366,0.020757020757020763
U0039,I0063,purchase,,3,17.91,2026-03-20 15:05:22+00:00,mobile,5.0,2026-03-20,15,beauty,Nova,17.91,0.875,0.47300000000000003,0.10546296296296297,0.8241912798874823,0.5482295482295483
U0198,I0098,purchase,,3,35.06,2026-03-16 18:13:22+00:00,mobile,5.0,2026-03-16,18,books,Pulse,35.06,0.709,0.449,0.2642592592592593,0.590717299578059,0.518925518925519
U0209,I0018,view,,1,34.0,2026-03-23 00:36:22+00:00,mobile,1.0,2026-03-23,0,books,Nova,34.0,0.517,0.384,0.2544444444444444,0.32067510548523204,0.4395604395604396
U0176,I0076,cart,,1,36.2,2026-04-29 18:12:22+00:00,mobile,3.0,2026-04-29,18,books,Pulse,36.2,0.8180000000000001,0.057,0.27481481481481485,0.7440225035161744,0.04029304029304029
U0167,I0116,view,,1,59.11,2026-04-16 19:01:22+00:00,mobile,1.0,2026-04-16,19,electronics,Aster,59.11,0.622,0.58,0.48694444444444446,0.4683544303797468,0.6788766788766789
U0119,I0001,rating,4.0,1,31.44,2026-04-21 14:34:22+00:00,mobile,4.0,2026-04-21,14,home,Aster,31.44,0.778,0.255,0.23074074074074075,0.6877637130801687,0.28205128205128205
U0110,I0106,view,,1,26.93,2026-02-24 10:05:22+00:00,mobile,1.0,2026-02-24,10,sports,Nova,26.93,0.41400000000000003,0.40700000000000003,0.18898148148148147,0.1758087201125177,0.4676434676434677
U0168,I0036,view,,1,74.72,2026-03-19 10:08:22+00:00,mobile,1.0,2026-03-19,10,fashion,Orion,74.72,0.598,0.393,0.6314814814814814,0.43459915611814337,0.4505494505494506
U0143,I0060,view,,1,48.07,2026-03-05 20:11:22+00:00,mobile,1.0,2026-03-05,20,fashion,ZenCo,48.07,0.742,0.151,0.38472222222222224,0.6371308016877636,0.15506715506715507
U0109,I0005,view,,1,20.52,2026-02-17 04:32:22+00:00,mobile,1.0,2026-02-17,4,home,ZenCo,20.52,0.669,0.275,0.1296296296296296,0.5344585091420535,0.3064713064713065
U0181,I0109,purchase,,1,70.56,2026-03-15 14:20:22+00:00,mobile,5.0,2026-03-15,14,home,Aster,70.56,0.78,0.5680000000000001,0.5929629629629629,0.6905766526019691,0.6642246642246643
U0214,I0008,rating,4.0,1,36.94,2026-03-15 03:41:22+00:00,mobile,4.0,2026-03-15,3,sports,Orion,36.94,0.289,0.317,0.2816666666666666,0.0,0.35775335775335776
U0033,I0040,view,,1,56.71,2026-03-23 23:59:22+00:00,mobile,1.0,2026-03-23,23,books,Orion,56.71,0.612,0.625,0.4647222222222222,0.45428973277074536,0.7338217338217339
U0136,I0036,view,,1,74.72,2026-02-13 04:03:22+00:00,web,1.0,2026-02-13,4,fashion,Orion,74.72,0.598,0.393,0.6314814814814814,0.43459915611814337,0.4505494505494506
U0225,I0047,view,,1,36.67,2026-05-02 10:34:22+00:00,mobile,1.0,2026-05-02,10,home,Aster,36.67,0.966,0.395,0.2791666666666667,0.9521800281293952,0.45299145299145305
U0017,I0095,view,,1,11.84,2026-02-14 11:00:22+00:00,mobile,1.0,2026-02-14,11,sports,UrbanLeaf,11.84,0.886,0.197,0.04925925925925925,0.8396624472573838,0.21123321123321126
U0186,I0089,view,,1,40.79,2026-04-28 11:09:22+00:00,web,1.0,2026-04-28,11,sports,Pulse,40.79,0.627,0.22,0.3173148148148148,0.47538677918424754,0.23931623931623935
U0162,I0080,view,,1,16.0,2026-02-12 13:21:22+00:00,mobile,1.0,2026-02-12,13,home,Nova,16.0,0.681,0.432,0.08777777777777777,0.5513361462728552,0.4981684981684982
U0117,I0005,view,,1,20.52,2026-03-08 13:04:22+00:00,web,1.0,2026-03-08,13,home,ZenCo,20.52,0.669,0.275,0.1296296296296296,0.5344585091420535,0.3064713064713065
U0089,I0097,cart,,1,42.6,2026-04-06 10:07:22+00:00,mobile,3.0,2026-04-06,10,fashion,ZenCo,42.6,0.549,0.041,0.3340740740740741,0.3656821378340366,0.020757020757020763
U0084,I0047,purchase,,1,36.67,2026-03-07 18:32:22+00:00,mobile,5.0,2026-03-07,18,home,Aster,36.67,0.966,0.395,0.2791666666666667,0.9521800281293952,0.45299145299145305
U0091,I0050,purchase,,1,15.33,2026-02-03 04:25:22+00:00,web,5.0,2026-02-03,4,beauty,UrbanLeaf,15.33,0.7010000000000001,0.115,0.08157407407407406,0.579465541490858,0.11111111111111113
U0081,I0112,view,,1,53.68,2026-02-13 23:17:22+00:00,web,1.0,2026-02-13,23,fashion,Pulse,53.68,0.342,0.187,0.43666666666666665,0.07454289732770752,0.19902319902319904
U0207,I0057,view,,1,46.42,2026-04-18 09:54:22+00:00,mobile,1.0,2026-04-18,9,beauty,Orion,46.42,0.791,0.304,0.36944444444444446,0.7060478199718706,0.3418803418803419
U0060,I0096,cart,,1,36.87,2026-03-18 06:37:22+00:00,web,3.0,2026-03-18,6,home,UrbanLeaf,36.87,0.675,0.17,0.2810185185185185,0.5428973277074544,0.1782661782661783
U0166,I0081,view,,1,60.65,2026-03-14 04:46:22+00:00,web,1.0,2026-03-14,4,home,Orion,60.65,0.7010000000000001,0.10300000000000001,0.5012037037037036,0.579465541490858,0.09645909645909648
U0219,I0037,cart,,1,17.51,2026-05-01 11:56:22+00:00,mobile,3.0,2026-05-01,11,sports,ZenCo,17.51,0.519,0.554,0.10175925925925926,0.3234880450070323,0.6471306471306473
U0066,I0042,view,,1,34.64,2026-03-26 04:08:22+00:00,mobile,1.0,2026-03-26,4,home,Nova,34.64,0.5740000000000001,0.15,0.26037037037037036,0.4008438818565402,0.15384615384615385
U0149,I0090,view,,1,12.85,2026-03-31 15:25:22+00:00,web,1.0,2026-03-31,15,home,Orion,12.85,0.41200000000000003,0.123,0.0586111111111111,0.1729957805907174,0.1208791208791209
U0234,I0090,cart,,1,12.85,2026-04-30 09:33:22+00:00,mobile,3.0,2026-04-30,9,home,Orion,12.85,0.41200000000000003,0.123,0.0586111111111111,0.1729957805907174,0.1208791208791209
U0175,I0030,purchase,,2,19.11,2026-04-30 05:52:22+00:00,mobile,5.0,2026-04-30,5,fashion,Orion,19.11,0.679,0.384,0.11657407407407407,0.5485232067510549,0.4395604395604396
U0132,I0002,view,,1,22.56,2026-04-13 01:20:22+00:00,mobile,1.0,2026-04-13,1,beauty,ZenCo,22.56,0.848,0.169,0.1485185185185185,0.7862165963431785,0.17704517704517708
U0140,I0053,view,,1,18.65,2026-03-31 01:41:22+00:00,web,1.0,2026-03-31,1,books,Pulse,18.65,0.745,0.249,0.1123148148148148,0.6413502109704642,0.27472527472527475
U0222,I0017,purchase,,2,25.29,2026-04-27 19:08:22+00:00,mobile,5.0,2026-04-27,19,beauty,UrbanLeaf,25.29,0.804,0.343,0.17379629629629628,0.7243319268635725,0.38949938949938956
U0133,I0116,view,,1,59.11,2026-04-04 07:48:22+00:00,web,1.0,2026-04-04,7,electronics,Aster,59.11,0.622,0.58,0.48694444444444446,0.4683544303797468,0.6788766788766789
U0217,I0074,view,,1,19.52,2026-04-14 22:17:22+00:00,web,1.0,2026-04-14,22,electronics,Nova,19.52,0.645,0.212,0.12037037037037036,0.5007032348804501,0.22954822954822957
U0218,I0039,purchase,,1,14.55,2026-04-25 06:09:22+00:00,mobile,5.0,2026-04-25,6,electronics,ZenCo,14.55,0.483,0.47100000000000003,0.07435185185185185,0.2728551336146273,0.5457875457875458
U0229,I0102,purchase,,1,45.37,2026-03-18 22:13:22+00:00,web,5.0,2026-03-18,22,electronics,UrbanLeaf,45.37,0.5690000000000001,0.498,0.3597222222222222,0.3938115330520394,0.5787545787545788
U0061,I0058,purchase,,1,18.03,2026-04-23 07:08:22+00:00,mobile,5.0,2026-04-23,7,home,UrbanLeaf,18.03,0.771,0.47300000000000003,0.10657407407407408,0.6779184247538678,0.5482295482295483
U0011,I0064,purchase,,1,28.05,2026-02-02 17:59:22+00:00,web,5.0,2026-02-02,17,sports,Nova,28.05,0.641,0.34500000000000003,0.19935185185185184,0.49507735583684953,0.391941391941392
U0067,I0102,cart,,1,45.37,2026-04-29 03:35:22+00:00,mobile,3.0,2026-04-29,3,electronics,UrbanLeaf,45.37,0.5690000000000001,0.498,0.3597222222222222,0.3938115330520394,0.5787545787545788
U0048,I0077,cart,,1,43.74,2026-02-03 06:47:22+00:00,web,3.0,2026-02-03,6,home,Orion,43.74,0.756,0.41600000000000004,0.3446296296296296,0.6568213783403657,0.4786324786324787
U0221,I0083,view,,1,17.83,2026-02-17 19:05:22+00:00,mobile,1.0,2026-02-17,19,sports,Aster,17.83,0.483,0.085,0.1047222222222222,0.2728551336146273,0.0744810744810745
U0094,I0058,purchase,,1,18.03,2026-04-04 19:31:22+00:00,web,5.0,2026-04-04,19,home,UrbanLeaf,18.03,0.771,0.47300000000000003,0.10657407407407408,0.6779184247538678,0.5482295482295483
U0224,I0109,view,,1,70.56,2026-03-20 20:15:22+00:00,web,1.0,2026-03-20,20,home,Aster,70.56,0.78,0.5680000000000001,0.5929629629629629,0.6905766526019691,0.6642246642246643
U0172,I0071,view,,1,31.77,2026-04-07 13:51:22+00:00,web,1.0,2026-04-07,13,electronics,ZenCo,31.77,0.595,0.32,0.23379629629629628,0.430379746835443,0.36141636141636146
U0038,I0106,view,,1,26.93,2026-03-07 18:10:22+00:00,mobile,1.0,2026-03-07,18,sports,Nova,26.93,0.41400000000000003,0.40700000000000003,0.18898148148148147,0.1758087201125177,0.4676434676434677
U0130,I0083,purchase,,1,17.83,2026-03-07 09:15:22+00:00,web,5.0,2026-03-07,9,sports,Aster,17.83,0.483,0.085,0.1047222222222222,0.2728551336146273,0.0744810744810745
U0155,I0088,cart,,1,30.05,2026-03-21 21:07:22+00:00,mobile,3.0,2026-03-21,21,beauty,ZenCo,30.05,0.594,0.149,0.21787037037037038,0.4289732770745428,0.15262515262515264
U0033,I0095,view,,1,11.84,2026-03-08 00:49:22+00:00,mobile,1.0,2026-03-08,0,sports,UrbanLeaf,11.84,0.886,0.197,0.04925925925925925,0.8396624472573838,0.21123321123321126
U0190,I0035,rating,2.0,1,26.96,2026-03-15 11:18:22+00:00,web,2.0,2026-03-15,11,books,Pulse,26.96,0.93,0.305,0.18925925925925924,0.9015471167369901,0.3431013431013431
U0082,I0096,view,,1,36.87,2026-02-09 00:30:22+00:00,web,1.0,2026-02-09,0,home,UrbanLeaf,36.87,0.675,0.17,0.2810185185185185,0.5428973277074544,0.1782661782661783
U0203,I0096,cart,,1,36.87,2026-04-19 15:19:22+00:00,web,3.0,2026-04-19,15,home,UrbanLeaf,36.87,0.675,0.17,0.2810185185185185,0.5428973277074544,0.1782661782661783
U0031,I0096,cart,,1,36.87,2026-02-07 11:21:22+00:00,web,3.0,2026-02-07,11,home,UrbanLeaf,36.87,0.675,0.17,0.2810185185185185,0.5428973277074544,0.1782661782661783
U0030,I0098,cart,,1,35.06,2026-04-04 23:06:22+00:00,web,3.0,2026-04-04,23,books,Pulse,35.06,0.709,0.449,0.2642592592592593,0.590717299578059,0.518925518925519
U0186,I0094,cart,,1,20.46,2026-02-21 13:33:22+00:00,web,3.0,2026-02-21,13,sports,Pulse,20.46,0.762,0.843,0.12907407407407406,0.6652601969057664,1.0000000000000002
U0210,I0052,view,,1,30.37,2026-02-07 11:32:22+00:00,web,1.0,2026-02-07,11,beauty,Nova,30.37,0.934,0.362,0.22083333333333333,0.9071729957805906,0.41269841269841273
U0168,I0090,view,,1,12.85,2026-03-17 22:47:22+00:00,web,1.0,2026-03-17,22,home,Orion,12.85,0.41200000000000003,0.123,0.0586111111111111,0.1729957805907174,0.1208791208791209
U0238,I0108,cart,,1,101.53,2026-02-16 23:41:22+00:00,web,3.0,2026-02-16,23,beauty,UrbanLeaf,101.53,0.485,0.212,0.8797222222222222,0.2756680731364276,0.22954822954822957
U0102,I0053,view,,1,18.65,2026-03-04 02:29:22+00:00,mobile,1.0,2026-03-04,2,books,Pulse,18.65,0.745,0.249,0.1123148148148148,0.6413502109704642,0.27472527472527475
U0186,I0075,view,,1,25.5,2026-04-06 04:18:22+00:00,web,1.0,2026-04-06,4,sports,ZenCo,25.5,0.7000000000000001,0.32,0.17574074074074075,0.5780590717299579,0.36141636141636146
U0091,I0104,cart,,1,41.88,2026-02-26 13:54:22+00:00,web,3.0,2026-02-26,13,electronics,Aster,41.88,0.799,0.487,0.3274074074074074,0.7172995780590717,0.5653235653235653
U0173,I0078,rating,3.0,1,41.4,2026-04-22 20:32:22+00:00,mobile,3.0,2026-04-22,20,beauty,Pulse,41.4,0.875,0.403,0.32296296296296295,0.8241912798874823,0.46275946275946284
U0122,I0024,view,,1,24.65,2026-04-08 22:42:22+00:00,web,1.0,2026-04-08,22,sports,ZenCo,24.65,0.79,0.5750000000000001,0.16787037037037034,0.7046413502109704,0.6727716727716729
U0223,I0011,rating,4.0,1,15.55,2026-03-28 13:43:22+00:00,mobile,4.0,2026-03-28,13,sports,UrbanLeaf,15.55,0.673,0.613,0.08361111111111112,0.5400843881856541,0.7191697191697192
U0167,I0039,view,,1,14.55,2026-02-04 18:27:22+00:00,mobile,1.0,2026-02-04,18,electronics,ZenCo,14.55,0.483,0.47100000000000003,0.07435185185185185,0.2728551336146273,0.5457875457875458
U0033,I0094,view,,1,20.46,2026-03-07 12:50:22+00:00,web,1.0,2026-03-07,12,sports,Pulse,20.46,0.762,0.843,0.12907407407407406,0.6652601969057664,1.0000000000000002
U0161,I0087,view,,1,58.68,2026-02-20 13:30:22+00:00,web,1.0,2026-02-20,13,electronics,UrbanLeaf,58.68,0.7000000000000001,0.155,0.482962962962963,0.5780590717299579,0.15995115995115997
U0124,I0008,cart,,1,36.94,2026-02-14 07:29:22+00:00,mobile,3.0,2026-02-14,7,sports,Orion,36.94,0.289,0.317,0.2816666666666666,0.0,0.35775335775335776
U0180,I0097,cart,,1,42.6,2026-02-24 18:19:22+00:00,mobile,3.0,2026-02-24,18,fashion,ZenCo,42.6,0.549,0.041,0.3340740740740741,0.3656821378340366,0.020757020757020763
U0235,I0120,rating,3.0,1,26.42,2026-02-13 01:57:22+00:00,mobile,3.0,2026-02-13,1,electronics,Nova,26.42,0.501,0.108,0.1842592592592593,0.29817158931082977,0.10256410256410256
U0176,I0035,cart,,1,26.96,2026-02-08 10:27:22+00:00,web,3.0,2026-02-08,10,books,Pulse,26.96,0.93,0.305,0.18925925925925924,0.9015471167369901,0.3431013431013431
U0181,I0042,view,,1,34.64,2026-03-30 02:34:22+00:00,web,1.0,2026-03-30,2,home,Nova,34.64,0.5740000000000001,0.15,0.26037037037037036,0.4008438818565402,0.15384615384615385
U0187,I0018,purchase,,2,34.0,2026-04-02 17:53:22+00:00,mobile,5.0,2026-04-02,17,books,Nova,34.0,0.517,0.384,0.2544444444444444,0.32067510548523204,0.4395604395604396
U0016,I0090,view,,1,12.85,2026-04-09 11:29:22+00:00,mobile,1.0,2026-04-09,11,home,Orion,12.85,0.41200000000000003,0.123,0.0586111111111111,0.1729957805907174,0.1208791208791209
U0103,I0062,cart,,1,23.59,2026-02-28 15:50:22+00:00,web,3.0,2026-02-28,15,beauty,ZenCo,23.59,0.8150000000000001,0.304,0.15805555555555556,0.739803094233474,0.3418803418803419
U0035,I0116,rating,5.0,1,59.11,2026-04-24 17:48:22+00:00,mobile,5.0,2026-04-24,17,electronics,Aster,59.11,0.622,0.58,0.48694444444444446,0.4683544303797468,0.6788766788766789
U0121,I0016,purchase,,1,41.84,2026-03-28 05:02:22+00:00,web,5.0,2026-03-28,5,home,Aster,41.84,0.916,0.26,0.32703703703703707,0.8818565400843882,0.2881562881562882
U0122,I0083,view,,1,17.83,2026-02-07 21:23:22+00:00,mobile,1.0,2026-02-07,21,sports,Aster,17.83,0.483,0.085,0.1047222222222222,0.2728551336146273,0.0744810744810745
U0104,I0043,view,,1,34.18,2026-02-05 08:10:22+00:00,mobile,1.0,2026-02-05,8,electronics,Aster,34.18,0.937,0.405,0.2561111111111111,0.9113924050632912,0.46520146520146527
U0078,I0109,rating,3.0,1,70.56,2026-04-29 22:24:22+00:00,web,3.0,2026-04-29,22,home,Aster,70.56,0.78,0.5680000000000001,0.5929629629629629,0.6905766526019691,0.6642246642246643
U0067,I0109,rating,3.0,1,70.56,2026-04-26 00:55:22+00:00,web,3.0,2026-04-26,0,home,Aster,70.56,0.78,0.5680000000000001,0.5929629629629629,0.6905766526019691,0.6642246642246643
U0091,I0006,view,,1,21.38,2026-02-26 17:51:22+00:00,mobile,1.0,2026-02-26,17,electronics,UrbanLeaf,21.38,0.626,0.395,0.1375925925925926,0.47398030942334735,0.45299145299145305
U0209,I0101,view,,1,48.0,2026-04-23 10:02:22+00:00,web,1.0,2026-04-23,10,electronics,UrbanLeaf,48.0,0.773,0.338,0.38407407407407407,0.6807313642756679,0.3833943833943835
U0234,I0058,rating,5.0,1,18.03,2026-03-23 00:27:22+00:00,web,5.0,2026-03-23,0,home,UrbanLeaf,18.03,0.771,0.47300000000000003,0.10657407407407408,0.6779184247538678,0.5482295482295483
U0179,I0099,view,,1,19.36,2026-03-27 02:17:22+00:00,mobile,1.0,2026-03-27,2,fashion,ZenCo,19.36,0.81,0.17,0.11888888888888889,0.7327707454289732,0.1782661782661783
U0196,I0041,purchase,,1,35.48,2026-02-28 02:37:22+00:00,mobile,5.0,2026-02-28,2,fashion,UrbanLeaf,35.48,0.656,0.211,0.26814814814814814,0.5161744022503516,0.22832722832722835
U0146,I0102,cart,,1,45.37,2026-04-01 19:47:22+00:00,mobile,3.0,2026-04-01,19,electronics,UrbanLeaf,45.37,0.5690000000000001,0.498,0.3597222222222222,0.3938115330520394,0.5787545787545788
U0081,I0012,cart,,1,67.3,2026-03-28 08:53:22+00:00,web,3.0,2026-03-28,8,sports,Pulse,67.3,0.642,0.37,0.5627777777777777,0.4964838255977496,0.4224664224664225
U0091,I0070,view,,1,26.73,2026-04-21 04:29:22+00:00,web,1.0,2026-04-21,4,home,Nova,26.73,0.365,0.634,0.18712962962962965,0.10689170182841068,0.7448107448107448
U0166,I0120,view,,1,26.42,2026-04-27 14:53:22+00:00,web,1.0,2026-04-27,14,electronics,Nova,26.42,0.501,0.108,0.1842592592592593,0.29817158931082977,0.10256410256410256
U0076,I0082,cart,,1,27.22,2026-05-01 21:55:22+00:00,mobile,3.0,2026-05-01,21,home,Nova,27.22,0.41300000000000003,0.363,0.19166666666666665,0.1744022503516175,0.41391941391941395
U0003,I0072,view,,1,21.99,2026-02-09 15:41:22+00:00,mobile,1.0,2026-02-09,15,electronics,Pulse,21.99,1.0,0.748,0.14324074074074072,0.9999999999999999,0.8840048840048841
U0137,I0080,purchase,,3,16.0,2026-04-02 03:47:22+00:00,web,5.0,2026-04-02,3,home,Nova,16.0,0.681,0.432,0.08777777777777777,0.5513361462728552,0.4981684981684982
U0010,I0024,rating,4.0,1,24.65,2026-02-24 10:35:22+00:00,web,4.0,2026-02-24,10,sports,ZenCo,24.65,0.79,0.5750000000000001,0.16787037037037034,0.7046413502109704,0.6727716727716729
U0238,I0092,rating,3.0,1,16.23,2026-03-16 09:04:22+00:00,web,3.0,2026-03-16,9,beauty,ZenCo,16.23,0.8140000000000001,0.035,0.0899074074074074,0.7383966244725738,0.013431013431013435
U0237,I0098,view,,1,35.06,2026-04-25 13:01:22+00:00,web,1.0,2026-04-25,13,books,Pulse,35.06,0.709,0.449,0.2642592592592593,0.590717299578059,0.518925518925519
U0061,I0044,view,,1,16.15,2026-03-23 07:38:22+00:00,web,1.0,2026-03-23,7,home,Aster,16.15,0.797,0.046,0.08916666666666666,0.7144866385372713,0.02686202686202686
U0169,I0075,view,,1,25.5,2026-03-31 13:07:22+00:00,web,1.0,2026-03-31,13,sports,ZenCo,25.5,0.7000000000000001,0.32,0.17574074074074075,0.5780590717299579,0.36141636141636146
U0163,I0066,view,,1,22.7,2026-04-09 16:16:22+00:00,web,1.0,2026-04-09,16,sports,UrbanLeaf,22.7,0.8230000000000001,0.216,0.1498148148148148,0.7510548523206751,0.23443223443223443
U0232,I0119,view,,1,34.0,2026-02-07 15:58:22+00:00,mobile,1.0,2026-02-07,15,beauty,Pulse,34.0,0.9460000000000001,0.10400000000000001,0.2544444444444444,0.9240506329113923,0.0976800976800977
U0107,I0021,rating,5.0,1,19.0,2026-04-16 10:12:22+00:00,mobile,5.0,2026-04-16,10,beauty,UrbanLeaf,19.0,0.844,0.467,0.11555555555555556,0.780590717299578,0.540903540903541
U0009,I0078,cart,,1,41.4,2026-02-11 10:22:22+00:00,web,3.0,2026-02-11,10,beauty,Pulse,41.4,0.875,0.403,0.32296296296296295,0.8241912798874823,0.46275946275946284
U0098,I0029,purchase,,1,83.41,2026-02-28 14:47:22+00:00,web,5.0,2026-02-28,14,home,Orion,83.41,1.0,0.71,0.7119444444444444,0.9999999999999999,0.8376068376068376
U0173,I0075,view,,1,25.5,2026-02-21 00:34:22+00:00,web,1.0,2026-02-21,0,sports,ZenCo,25.5,0.7000000000000001,0.32,0.17574074074074075,0.5780590717299579,0.36141636141636146
U0141,I0008,view,,1,36.94,2026-04-10 10:42:22+00:00,mobile,1.0,2026-04-10,10,sports,Orion,36.94,0.289,0.317,0.2816666666666666,0.0,0.35775335775335776
U0071,I0034,rating,2.0,1,32.38,2026-03-19 11:05:22+00:00,mobile,2.0,2026-03-19,11,fashion,Pulse,32.38,0.362,0.199,0.23944444444444446,0.10267229254571031,0.2136752136752137
U0009,I0054,view,,1,35.21,2026-02-16 12:40:22+00:00,mobile,1.0,2026-02-16,12,beauty,UrbanLeaf,35.21,0.667,0.323,0.26564814814814813,0.5316455696202532,0.3650793650793651
U0056,I0012,cart,,1,67.3,2026-04-18 08:30:22+00:00,web,3.0,2026-04-18,8,sports,Pulse,67.3,0.642,0.37,0.5627777777777777,0.4964838255977496,0.4224664224664225
U0147,I0081,view,,1,60.65,2026-04-10 16:36:22+00:00,web,1.0,2026-04-10,16,home,Orion,60.65,0.7010000000000001,0.10300000000000001,0.5012037037037036,0.579465541490858,0.09645909645909648
U0047,I0067,purchase,,1,77.25,2026-04-16 18:47:22+00:00,mobile,5.0,2026-04-16,18,fashion,Nova,77.25,0.665,0.28700000000000003,0.6549074074074074,0.5288326300984529,0.3211233211233212
U0019,I0107,purchase,,1,14.01,2026-02-15 12:44:22+00:00,mobile,5.0,2026-02-15,12,electronics,Orion,14.01,0.914,0.24,0.06935185185185185,0.8790436005625878,0.26373626373626374
U0120,I0067,cart,,1,77.25,2026-02-18 00:42:22+00:00,mobile,3.0,2026-02-18,0,fashion,Nova,77.25,0.665,0.28700000000000003,0.6549074074074074,0.5288326300984529,0.3211233211233212
U0069,I0034,view,,1,32.38,2026-02-10 12:04:22+00:00,mobile,1.0,2026-02-10,12,fashion,Pulse,32.38,0.362,0.199,0.23944444444444446,0.10267229254571031,0.2136752136752137
U0215,I0001,view,,1,31.44,2026-02-24 10:57:22+00:00,web,1.0,2026-02-24,10,home,Aster,31.44,0.778,0.255,0.23074074074074075,0.6877637130801687,0.28205128205128205
U0225,I0068,view,,1,16.18,2026-04-19 21:58:22+00:00,web,1.0,2026-04-19,21,electronics,ZenCo,16.18,0.66,0.20500000000000002,0.08944444444444445,0.5218002812939522,0.22100122100122105
U0113,I0096,rating,2.0,1,36.87,2026-04-10 08:04:22+00:00,mobile,2.0,2026-04-10,8,home,UrbanLeaf,36.87,0.675,0.17,0.2810185185185185,0.5428973277074544,0.1782661782661783
U0125,I0014,view,,1,30.5,2026-04-10 17:02:22+00:00,mobile,1.0,2026-04-10,17,electronics,ZenCo,30.5,0.544,0.221,0.22203703703703703,0.3586497890295359,0.24053724053724057
U0164,I0066,view,,1,22.7,2026-02-18 23:08:22+00:00,mobile,1.0,2026-02-18,23,sports,UrbanLeaf,22.7,0.8230000000000001,0.216,0.1498148148148148,0.7510548523206751,0.23443223443223443
U0213,I0030,cart,,1,19.11,2026-03-18 20:51:22+00:00,web,3.0,2026-03-18,20,fashion,Orion,19.11,0.679,0.384,0.11657407407407407,0.5485232067510549,0.4395604395604396
U0103,I0088,view,,1,30.05,2026-02-10 01:33:22+00:00,web,1.0,2026-02-10,1,beauty,ZenCo,30.05,0.594,0.149,0.21787037037037038,0.4289732770745428,0.15262515262515264
U0033,I0104,purchase,,1,41.88,2026-03-26 19:17:22+00:00,web,5.0,2026-03-26,19,electronics,Aster,41.88,0.799,0.487,0.3274074074074074,0.7172995780590717,0.5653235653235653
U0039,I0108,purchase,,1,101.53,2026-02-21 04:56:22+00:00,mobile,5.0,2026-02-21,4,beauty,UrbanLeaf,101.53,0.485,0.212,0.8797222222222222,0.2756680731364276,0.22954822954822957
U0139,I0002,view,,1,22.56,2026-02-05 17:00:22+00:00,web,1.0,2026-02-05,17,beauty,ZenCo,22.56,0.848,0.169,0.1485185185185185,0.7862165963431785,0.17704517704517708
U0016,I0047,view,,1,36.67,2026-03-09 17:05:22+00:00,web,1.0,2026-03-09,17,home,Aster,36.67,0.966,0.395,0.2791666666666667,0.9521800281293952,0.45299145299145305
U0215,I0093,cart,,1,35.82,2026-03-16 02:36:22+00:00,mobile,3.0,2026-03-16,2,fashion,UrbanLeaf,35.82,0.616,0.268,0.2712962962962963,0.4599156118143459,0.297924297924298
U0162,I0038,view,,1,23.01,2026-03-21 04:58:22+00:00,web,1.0,2026-03-21,4,home,Nova,23.01,0.809,0.228,0.1526851851851852,0.731364275668073,0.2490842490842491
U0121,I0033,view,,1,24.72,2026-02-17 18:34:22+00:00,web,1.0,2026-02-17,18,books,Orion,24.72,0.727,0.5650000000000001,0.1685185185185185,0.6160337552742615,0.6605616605616607
U0041,I0085,view,,1,64.61,2026-02-28 10:32:22+00:00,mobile,1.0,2026-02-28,10,electronics,UrbanLeaf,64.61,1.0,0.157,0.5378703703703703,0.9999999999999999,0.1623931623931624
U0067,I0080,view,,1,16.0,2026-03-05 19:10:22+00:00,web,1.0,2026-03-05,19,home,Nova,16.0,0.681,0.432,0.08777777777777777,0.5513361462728552,0.4981684981684982
U0135,I0054,rating,4.0,1,35.21,2026-03-05 08:05:22+00:00,mobile,4.0,2026-03-05,8,beauty,UrbanLeaf,35.21,0.667,0.323,0.26564814814814813,0.5316455696202532,0.3650793650793651
U0155,I0093,rating,4.0,1,35.82,2026-03-03 11:21:22+00:00,web,4.0,2026-03-03,11,fashion,UrbanLeaf,35.82,0.616,0.268,0.2712962962962963,0.4599156118143459,0.297924297924298
U0213,I0070,cart,,1,26.73,2026-04-03 14:51:22+00:00,mobile,3.0,2026-04-03,14,home,Nova,26.73,0.365,0.634,0.18712962962962965,0.10689170182841068,0.7448107448107448
U0164,I0066,view,,1,22.7,2026-04-19 01:28:22+00:00,mobile,1.0,2026-04-19,1,sports,UrbanLeaf,22.7,0.8230000000000001,0.216,0.1498148148148148,0.7510548523206751,0.23443223443223443
U0148,I0103,cart,,1,51.23,2026-04-21 19:22:22+00:00,mobile,3.0,2026-04-21,19,beauty,ZenCo,51.23,0.537,0.259,0.41398148148148145,0.3488045007032349,0.28693528693528697
U0058,I0089,rating,5.0,1,40.79,2026-03-20 02:47:22+00:00,mobile,5.0,2026-03-20,2,sports,Pulse,40.79,0.627,0.22,0.3173148148148148,0.47538677918424754,0.23931623931623935
U0107,I0079,rating,5.0,1,55.92,2026-04-03 12:20:22+00:00,web,5.0,2026-04-03,12,home,Aster,55.92,0.534,0.374,0.45740740740740743,0.3445850914205345,0.4273504273504274
U0149,I0024,view,,1,24.65,2026-04-16 05:09:22+00:00,web,1.0,2026-04-16,5,sports,ZenCo,24.65,0.79,0.5750000000000001,0.16787037037037034,0.7046413502109704,0.6727716727716729
U0180,I0038,view,,1,23.01,2026-04-22 08:53:22+00:00,web,1.0,2026-04-22,8,home,Nova,23.01,0.809,0.228,0.1526851851851852,0.731364275668073,0.2490842490842491
U0138,I0014,rating,5.0,1,30.5,2026-03-18 21:41:22+00:00,mobile,5.0,2026-03-18,21,electronics,ZenCo,30.5,0.544,0.221,0.22203703703703703,0.3586497890295359,0.24053724053724057
U0140,I0078,purchase,,1,41.4,2026-02-11 15:45:22+00:00,web,5.0,2026-02-11,15,beauty,Pulse,41.4,0.875,0.403,0.32296296296296295,0.8241912798874823,0.46275946275946284
U0193,I0015,view,,1,19.27,2026-04-04 17:20:22+00:00,mobile,1.0,2026-04-04,17,electronics,Orion,19.27,0.914,0.342,0.11805555555555554,0.8790436005625878,0.38827838827838834
U0073,I0011,view,,1,15.55,2026-03-19 10:32:22+00:00,web,1.0,2026-03-19,10,sports,UrbanLeaf,15.55,0.673,0.613,0.08361111111111112,0.5400843881856541,0.7191697191697192
U0194,I0084,view,,1,27.83,2026-02-19 18:10:22+00:00,mobile,1.0,2026-02-19,18,books,ZenCo,27.83,0.8260000000000001,0.037,0.19731481481481478,0.7552742616033755,0.01587301587301587
U0095,I0006,view,,1,21.38,2026-02-03 00:44:22+00:00,web,1.0,2026-02-03,0,electronics,UrbanLeaf,21.38,0.626,0.395,0.1375925925925926,0.47398030942334735,0.45299145299145305
U0232,I0108,purchase,,1,101.53,2026-04-19 06:42:22+00:00,mobile,5.0,2026-04-19,6,beauty,UrbanLeaf,101.53,0.485,0.212,0.8797222222222222,0.2756680731364276,0.22954822954822957
U0085,I0057,view,,1,46.42,2026-03-08 13:00:22+00:00,web,1.0,2026-03-08,13,beauty,Orion,46.42,0.791,0.304,0.36944444444444446,0.7060478199718706,0.3418803418803419
U0112,I0109,rating,3.0,1,70.56,2026-03-04 22:46:22+00:00,web,3.0,2026-03-04,22,home,Aster,70.56,0.78,0.5680000000000001,0.5929629629629629,0.6905766526019691,0.6642246642246643
U0187,I0086,view,,1,33.96,2026-02-23 17:32:22+00:00,web,1.0,2026-02-23,17,books,Aster,33.96,0.299,0.062,0.25407407407407406,0.01406469760900142,0.0463980463980464
U0060,I0005,view,,1,20.52,2026-02-13 13:41:22+00:00,web,1.0,2026-02-13,13,home,ZenCo,20.52,0.669,0.275,0.1296296296296296,0.5344585091420535,0.3064713064713065
U0019,I0102,view,,1,45.37,2026-02-28 23:08:22+00:00,mobile,1.0,2026-02-28,23,electronics,UrbanLeaf,45.37,0.5690000000000001,0.498,0.3597222222222222,0.3938115330520394,0.5787545787545788
U0211,I0062,view,,1,23.59,2026-02-21 02:17:22+00:00,web,1.0,2026-02-21,2,beauty,ZenCo,23.59,0.8150000000000001,0.304,0.15805555555555556,0.739803094233474,0.3418803418803419
U0006,I0026,purchase,,1,13.5,2026-04-06 05:25:22+00:00,mobile,5.0,2026-04-06,5,home,ZenCo,13.5,0.481,0.19,0.06462962962962963,0.27004219409282704,0.2026862026862027
U0213,I0018,rating,4.0,1,34.0,2026-03-01 13:37:22+00:00,web,4.0,2026-03-01,13,books,Nova,34.0,0.517,0.384,0.2544444444444444,0.32067510548523204,0.4395604395604396
U0007,I0020,purchase,,1,27.33,2026-03-04 07:42:22+00:00,web,5.0,2026-03-04,7,beauty,Pulse,27.33,0.731,0.223,0.19268518518518518,0.6216596343178621,0.242979242979243
U0035,I0006,view,,1,21.38,2026-02-20 19:01:22+00:00,web,1.0,2026-02-20,19,electronics,UrbanLeaf,21.38,0.626,0.395,0.1375925925925926,0.47398030942334735,0.45299145299145305
U0041,I0108,rating,5.0,1,101.53,2026-02-22 08:48:22+00:00,mobile,5.0,2026-02-22,8,beauty,UrbanLeaf,101.53,0.485,0.212,0.8797222222222222,0.2756680731364276,0.22954822954822957
U0174,I0033,purchase,,1,24.72,2026-03-20 01:30:22+00:00,web,5.0,2026-03-20,1,books,Orion,24.72,0.727,0.5650000000000001,0.1685185185185185,0.6160337552742615,0.6605616605616607
U0041,I0016,view,,1,41.84,2026-03-08 20:59:22+00:00,web,1.0,2026-03-08,20,home,Aster,41.84,0.916,0.26,0.32703703703703707,0.8818565400843882,0.2881562881562882
U0158,I0013,rating,4.0,1,28.54,2026-02-12 08:51:22+00:00,web,4.0,2026-02-12,8,electronics,ZenCo,28.54,0.846,0.024,0.2038888888888889,0.7834036568213781,0.0
U0053,I0102,view,,1,45.37,2026-04-02 17:43:22+00:00,web,1.0,2026-04-02,17,electronics,UrbanLeaf,45.37,0.5690000000000001,0.498,0.3597222222222222,0.3938115330520394,0.5787545787545788
U0108,I0111,purchase,,2,114.52,2026-02-08 06:10:22+00:00,mobile,5.0,2026-02-08,6,books,Nova,114.52,0.649,0.314,0.9999999999999998,0.5063291139240507,0.3540903540903541
U0082,I0046,rating,4.0,1,32.06,2026-03-05 03:29:22+00:00,web,4.0,2026-03-05,3,books,Pulse,32.06,0.972,0.131,0.23648148148148151,0.9606188466947959,0.13064713064713065
U0136,I0084,view,,1,27.83,2026-02-06 23:15:22+00:00,mobile,1.0,2026-02-06,23,books,ZenCo,27.83,0.8260000000000001,0.037,0.19731481481481478,0.7552742616033755,0.01587301587301587
U0214,I0075,view,,1,25.5,2026-04-24 20:45:22+00:00,web,1.0,2026-04-24,20,sports,ZenCo,25.5,0.7000000000000001,0.32,0.17574074074074075,0.5780590717299579,0.36141636141636146
U0174,I0007,purchase,,1,50.51,2026-03-28 19:57:22+00:00,web,5.0,2026-03-28,19,books,UrbanLeaf,50.51,0.41300000000000003,0.309,0.4073148148148148,0.1744022503516175,0.347985347985348
U0001,I0091,view,,1,42.99,2026-03-23 14:06:22+00:00,web,1.0,2026-03-23,14,beauty,ZenCo,42.99,0.592,0.222,0.3376851851851852,0.4261603375527425,0.2417582417582418
U0195,I0037,view,,1,17.51,2026-02-25 01:13:22+00:00,web,1.0,2026-02-25,1,sports,ZenCo,17.51,0.519,0.554,0.10175925925925926,0.3234880450070323,0.6471306471306473
U0186,I0100,cart,,1,54.26,2026-02-15 11:39:22+00:00,web,3.0,2026-02-15,11,sports,UrbanLeaf,54.26,0.5670000000000001,0.527,0.44203703703703706,0.39099859353023914,0.6141636141636142
U0089,I0030,cart,,1,19.11,2026-02-12 03:12:22+00:00,mobile,3.0,2026-02-12,3,fashion,Orion,19.11,0.679,0.384,0.11657407407407407,0.5485232067510549,0.4395604395604396
U0036,I0030,rating,5.0,1,19.11,2026-04-29 00:06:22+00:00,web,5.0,2026-04-29,0,fashion,Orion,19.11,0.679,0.384,0.11657407407407407,0.5485232067510549,0.4395604395604396
U0035,I0093,cart,,1,35.82,2026-03-12 21:21:22+00:00,web,3.0,2026-03-12,21,fashion,UrbanLeaf,35.82,0.616,0.268,0.2712962962962963,0.4599156118143459,0.297924297924298
U0076,I0092,cart,,1,16.23,2026-04-24 15:27:22+00:00,mobile,3.0,2026-04-24,15,beauty,ZenCo,16.23,0.8140000000000001,0.035,0.0899074074074074,0.7383966244725738,0.013431013431013435
U0072,I0077,view,,1,43.74,2026-05-02 06:43:22+00:00,mobile,1.0,2026-05-02,6,home,Orion,43.74,0.756,0.41600000000000004,0.3446296296296296,0.6568213783403657,0.4786324786324787
U0071,I0041,view,,1,35.48,2026-02-03 19:12:22+00:00,mobile,1.0,2026-02-03,19,fashion,UrbanLeaf,35.48,0.656,0.211,0.26814814814814814,0.5161744022503516,0.22832722832722835
U0192,I0085,view,,1,64.61,2026-04-26 17:44:22+00:00,web,1.0,2026-04-26,17,electronics,UrbanLeaf,64.61,1.0,0.157,0.5378703703703703,0.9999999999999999,0.1623931623931624
U0077,I0039,view,,1,14.55,2026-04-11 07:37:22+00:00,web,1.0,2026-04-11,7,electronics,ZenCo,14.55,0.483,0.47100000000000003,0.07435185185185185,0.2728551336146273,0.5457875457875458
U0221,I0024,purchase,,1,24.65,2026-05-02 03:29:22+00:00,web,5.0,2026-05-02,3,sports,ZenCo,24.65,0.79,0.5750000000000001,0.16787037037037034,0.7046413502109704,0.6727716727716729
U0061,I0001,rating,4.0,1,31.44,2026-02-21 14:00:22+00:00,mobile,4.0,2026-02-21,14,home,Aster,31.44,0.778,0.255,0.23074074074074075,0.6877637130801687,0.28205128205128205
U0093,I0029,purchase,,2,83.41,2026-02-26 15:27:22+00:00,web,5.0,2026-02-26,15,home,Orion,83.41,1.0,0.71,0.7119444444444444,0.9999999999999999,0.8376068376068376
U0146,I0073,view,,1,25.28,2026-02-21 07:07:22+00:00,web,1.0,2026-02-21,7,electronics,Pulse,25.28,0.545,0.116,0.1737037037037037,0.360056258790436,0.11233211233211235
U0009,I0039,cart,,1,14.55,2026-04-16 14:00:22+00:00,mobile,3.0,2026-04-16,14,electronics,ZenCo,14.55,0.483,0.47100000000000003,0.07435185185185185,0.2728551336146273,0.5457875457875458
U0023,I0022,view,,1,23.73,2026-02-02 16:57:22+00:00,mobile,1.0,2026-02-02,16,fashion,Orion,23.73,0.511,0.524,0.15935185185185186,0.3122362869198312,0.6105006105006106
U0009,I0090,view,,1,12.85,2026-04-29 03:26:22+00:00,mobile,1.0,2026-04-29,3,home,Orion,12.85,0.41200000000000003,0.123,0.0586111111111111,0.1729957805907174,0.1208791208791209
U0089,I0036,view,,1,74.72,2026-04-08 10:00:22+00:00,mobile,1.0,2026-04-08,10,fashion,Orion,74.72,0.598,0.393,0.6314814814814814,0.43459915611814337,0.4505494505494506
U0064,I0004,view,,1,24.4,2026-02-10 12:37:22+00:00,mobile,1.0,2026-02-10,12,beauty,Orion,24.4,0.794,0.045,0.1655555555555555,0.710267229254571,0.025641025641025644
U0021,I0032,cart,,1,68.88,2026-02-09 08:35:22+00:00,web,3.0,2026-02-09,8,electronics,ZenCo,68.88,0.794,0.11,0.5774074074074073,0.710267229254571,0.10500610500610502
U0235,I0013,view,,1,28.54,2026-04-28 15:28:22+00:00,web,1.0,2026-04-28,15,electronics,ZenCo,28.54,0.846,0.024,0.2038888888888889,0.7834036568213781,0.0
U0110,I0010,rating,3.0,1,50.12,2026-04-01 20:50:22+00:00,mobile,3.0,2026-04-01,20,electronics,Pulse,50.12,0.591,0.252,0.4037037037037037,0.42475386779184243,0.2783882783882784
U0066,I0067,view,,1,77.25,2026-02-03 12:32:22+00:00,web,1.0,2026-02-03,12,fashion,Nova,77.25,0.665,0.28700000000000003,0.6549074074074074,0.5288326300984529,0.3211233211233212
U0045,I0068,view,,1,16.18,2026-04-11 12:34:22+00:00,web,1.0,2026-04-11,12,electronics,ZenCo,16.18,0.66,0.20500000000000002,0.08944444444444445,0.5218002812939522,0.22100122100122105
U0057,I0064,purchase,,1,28.05,2026-03-15 07:48:22+00:00,web,5.0,2026-03-15,7,sports,Nova,28.05,0.641,0.34500000000000003,0.19935185185185184,0.49507735583684953,0.391941391941392
U0124,I0090,cart,,1,12.85,2026-02-24 09:51:22+00:00,mobile,3.0,2026-02-24,9,home,Orion,12.85,0.41200000000000003,0.123,0.0586111111111111,0.1729957805907174,0.1208791208791209
U0052,I0026,view,,1,13.5,2026-03-16 06:36:22+00:00,web,1.0,2026-03-16,6,home,ZenCo,13.5,0.481,0.19,0.06462962962962963,0.27004219409282704,0.2026862026862027
U0066,I0067,view,,1,77.25,2026-04-27 00:49:22+00:00,web,1.0,2026-04-27,0,fashion,Nova,77.25,0.665,0.28700000000000003,0.6549074074074074,0.5288326300984529,0.3211233211233212
U0098,I0110,view,,1,26.64,2026-03-13 09:35:22+00:00,mobile,1.0,2026-03-13,9,sports,Aster,26.64,0.805,0.6900000000000001,0.1862962962962963,0.7257383966244725,0.8131868131868133
U0220,I0120,view,,1,26.42,2026-02-08 16:43:22+00:00,web,1.0,2026-02-08,16,electronics,Nova,26.42,0.501,0.108,0.1842592592592593,0.29817158931082977,0.10256410256410256
U0213,I0090,purchase,,1,12.85,2026-02-12 15:23:22+00:00,mobile,5.0,2026-02-12,15,home,Orion,12.85,0.41200000000000003,0.123,0.0586111111111111,0.1729957805907174,0.1208791208791209
U0109,I0081,purchase,,2,60.65,2026-04-24 00:45:22+00:00,mobile,5.0,2026-04-24,0,home,Orion,60.65,0.7010000000000001,0.10300000000000001,0.5012037037037036,0.579465541490858,0.09645909645909648
U0226,I0111,view,,1,114.52,2026-03-12 00:16:22+00:00,web,1.0,2026-03-12,0,books,Nova,114.52,0.649,0.314,0.9999999999999998,0.5063291139240507,0.3540903540903541
U0038,I0110,rating,5.0,1,26.64,2026-03-28 20:36:22+00:00,mobile,5.0,2026-03-28,20,sports,Aster,26.64,0.805,0.6900000000000001,0.1862962962962963,0.7257383966244725,0.8131868131868133
U0115,I0070,cart,,1,26.73,2026-03-10 05:17:22+00:00,web,3.0,2026-03-10,5,home,Nova,26.73,0.365,0.634,0.18712962962962965,0.10689170182841068,0.7448107448107448
U0177,I0027,view,,1,58.32,2026-02-13 00:10:22+00:00,mobile,1.0,2026-02-13,0,sports,Orion,58.32,0.791,0.039,0.4796296296296296,0.7060478199718706,0.018315018315018316
U0045,I0108,cart,,1,101.53,2026-04-05 18:22:22+00:00,web,3.0,2026-04-05,18,beauty,UrbanLeaf,101.53,0.485,0.212,0.8797222222222222,0.2756680731364276,0.22954822954822957
U0040,I0045,view,,1,27.1,2026-04-27 12:55:22+00:00,mobile,1.0,2026-04-27,12,beauty,ZenCo,27.1,0.927,0.165,0.1905555555555556,0.8973277074542897,0.1721611721611722
U0067,I0005,rating,2.0,1,20.52,2026-02-19 16:06:22+00:00,web,2.0,2026-02-19,16,home,ZenCo,20.52,0.669,0.275,0.1296296296296296,0.5344585091420535,0.3064713064713065
U0175,I0034,view,,1,32.38,2026-04-08 01:24:22+00:00,mobile,1.0,2026-04-08,1,fashion,Pulse,32.38,0.362,0.199,0.23944444444444446,0.10267229254571031,0.2136752136752137
