user_id,item_id,event_type,rating,quantity,price,event_ts,channel
U0029,I0009,view,,1,26.36,2026-02-11T17:40:02Z,mobile
U0065,I0097,view,,1,42.6,2026-03-26T03:07:02Z,mobile
U0092,I0027,cart,,1,58.32,2026-05-01T13:08:02Z,web
U0175,I0034,view,,1,32.38,bad_timestamp,mobile
U0224,I0001,purchase,,1,31.44,2026-03-15T17:07:02Z,mobile
U0012,I0047,cart,,1,36.67,2026-03-07T23:51:02Z,web
U0228,I0073,view,,1,25.28,2026-04-03T21:06:02Z,web
U0215,I0072,view,,1,21.99,2026-03-16T14:29:02Z,mobile
U0104,I0066,rating,4.0,1,-5.0,2026-03-09T14:15:02Z,web
U0124,I0009,rating,5.0,1,26.36,2026-02-09T10:55:02Z,mobile
U0096,I0075,rating,2.0,1,25.5,2026-03-30T05:39:02Z,web
U0059,I0071,view,,1,31.77,2026-02-23T23:00:02Z,web
U0138,I0107,view,,1,14.01,2026-04-24T10:39:02Z,mobile
U0104,I0095,cart,,1,11.84,2026-03-24T17:25:02Z,web
U0049,I0102,view,,1,45.37,2026-03-25T13:58:02Z,web
U0047,I0112,view,,1,53.68,2026-04-17T08:59:02Z,mobile
U0005,I0050,view,,1,15.33,2026-04-25T18:40:02Z,web
U0178,I0011,view,,1,15.55,2026-04-12T23:35:02Z,mobile
U0021,I0006,view,,1,21.38,2026-03-31T21:52:02Z,mobile
U0210,I0061,view,,1,17.75,2026-03-19T22:00:02Z,web
U0222,I0008,view,,1,36.94,2026-04-07T01:25:02Z,mobile
U0161,I0072,purchase,,2,21.99,2026-02-10T21:26:02Z,mobile
U0070,I0019,rating,5.0,1,35.63,2026-04-08T21:30:02Z,web
U0090,I0058,view,,1,18.03,2026-03-16T23:31:02Z,mobile
U0019,I0032,cart,,1,68.88,2026-02-22T15:00:02Z,mobile
U0004,I0029,rating,5.0,1,83.41,2026-04-08T00:53:02Z,web
U0080,I0119,view,,1,34.0,2026-02-14T05:40:02Z,mobile
U0222,I0111,view,,1,114.52,2026-03-12T14:13:02Z,web
U0081,I0104,purchase,,1,41.88,2026-03-27T07:47:02Z,web
U0074,I0092,rating,3.0,1,16.23,2026-04-17T16:21:02Z,web
U0216,I0104,purchase,,1,41.88,2026-02-05T03:49:02Z,mobile
U0101,I0017,rating,1.0,1,25.29,2026-03-20T15:10:02Z,web
U0182,I0010,rating,2.0,1,50.12,2026-04-06T14:31:02Z,web
U0067,I0109,view,,1,70.56,2026-04-15T20:29:02Z,web
U0103,I0063,cart,,1,17.91,2026-03-04T22:47:02Z,mobile
U0093,I0082,cart,,1,27.22,2026-03-08T19:40:02Z,web
U0058,I0020,view,,1,27.33,2026-02-21T23:48:02Z,web
U0203,I0005,view,,1,20.52,2026-04-02T21:47:02Z,mobile
U0098,I0041,rating,4.0,1,35.48,2026-04-30T19:33:02Z,mobile
U0179,I0097,purchase,,1,42.6,2026-04-10T22:30:02Z,web
U0047,I0026,rating,4.0,1,13.5,2026-02-02T16:46:02Z,web
U0106,I0114,view,,1,33.44,2026-02-15T13:27:02Z,mobile
U0041,I0101,purchase,,1,48.0,2026-04-07T05:55:02Z,web
U0068,I0017,view,,1,25.29,2026-03-29T03:25:02Z,web
U0024,I0063,view,,1,17.91,2026-03-16T13:00:02Z,web
U0024,I0014,view,,1,30.5,2026-04-27T11:15:02Z,web
U0215,I0096,view,,1,36.87,2026-02-12T23:11:02Z,web
U0181,I0057,cart,,1,46.42,2026-04-05T05:58:02Z,mobile
U0070,I0052,view,,1,30.37,2026-04-20T02:57:02Z,mobile
U0085,I0017,rating,2.0,1,25.29,2026-03-25T18:22:02Z,mobile
U0076,I0019,purchase,,2,35.63,2026-04-07T03:13:02Z,mobile
U0050,I0101,cart,,1,48.0,2026-02-22T02:13:02Z,web
U0206,I0093,rating,4.0,1,35.82,2026-04-30T00:26:02Z,mobile
U0022,I0111,view,,1,114.52,2026-03-13T04:42:02Z,web
U0031,I0032,view,,1,68.88,2026-04-09T13:29:02Z,mobile
U0009,I0052,view,,1,30.37,2026-03-20T15:55:02Z,mobile
U0048,I0117,cart,,1,42.8,2026-02-03T03:07:02Z,web
U0191,I0033,rating,4.0,1,24.72,2026-04-26T22:36:02Z,mobile
U0015,I0070,rating,5.0,1,26.73,2026-02-24T01:21:02Z,web
U0126,I0023,purchase,,1,51.99,2026-02-16T05:11:02Z,mobile
U0006,I0117,purchase,,1,42.8,2026-02-19T00:22:02Z,mobile
U0175,I0022,view,,1,23.73,2026-03-25T10:12:02Z,web
U0100,I0068,view,,1,16.18,2026-03-22T03:09:02Z,web
U0116,I0063,cart,,1,17.91,2026-03-08T05:12:02Z,mobile
U0189,I0028,view,,1,23.83,2026-04-16T02:03:02Z,mobile
U0083,I0016,cart,,1,41.84,2026-02-01T10:56:02Z,mobile
U0013,I0062,cart,,1,23.59,2026-02-25T20:38:02Z,mobile
U0123,I0089,view,,1,40.79,2026-02-12T21:02:02Z,mobile
U0151,I0027,view,,1,58.32,2026-04-24T02:32:02Z,mobile
U0119,I0080,rating,4.0,1,16.0,2026-03-10T12:14:02Z,mobile
U0072,I0084,view,,1,27.83,2026-04-21T12:15:02Z,web
U0133,I0102,rating,4.0,1,45.37,2026-04-14T15:34:02Z,mobile
U0069,I0093,view,,1,35.82,2026-04-21T20:44:02Z,mobile
U0233,I0069,view,,1,41.22,2026-03-27T04:56:02Z,web
U0167,I0013,purchase,,1,28.54,2026-03-04T14:57:02Z,mobile
U0215,I0096,view,,1,36.87,2026-03-11T19:40:02Z,web
U0202,I0008,view,,1,36.94,2026-04-14T11:19:02Z,mobile
U0017,I0027,rating,4.0,1,58.32,2026-04-21T04:12:02Z,mobile
U0212,I0102,view,,1,45.37,2026-04-15T10:13:02Z,web
U0010,I0017,view,,1,25.29,2026-03-22T16:38:02Z,mobile
U0074,I0026,cart,,1,13.5,2026-03-15T08:17:02Z,web
U0157,I0020,view,,1,27.33,2026-04-19T15:28:02Z,mobile
U0108,I0031,cart,,1,6.52,2026-02-22T02:16:02Z,web
U0034,I0006,view,,1,21.38,2026-02-03T20:36:02Z,web
U0225,I0070,view,,1,26.73,2026-02-26T20:30:02Z,web
U0002,I0065,view,,1,45.15,2026-03-28T14:59:02Z,mobile
U0053,I0022,rating,1.0,1,23.73,2026-04-11T08:02:02Z,mobile
U0100,I0025,view,,1,15.52,2026-03-16T20:59:02Z,web
U0045,I0091,view,,1,42.99,2026-03-18T18:05:02Z,web
U0138,I0074,cart,,1,19.52,2026-04-26T17:46:02Z,mobile
U0006,I0017,view,,1,25.29,2026-04-23T02:13:02Z,mobile
U0178,I0100,view,,1,54.26,2026-03-21T05:59:02Z,web
U0073,I0110,view,,1,26.64,2026-04-05T12:03:02Z,mobile
U0178,I0040,cart,,1,56.71,2026-03-03T13:51:02Z,web
U0111,I0047,view,,1,36.67,2026-03-14T22:35:02Z,web
U0110,I0106,rating,4.0,1,26.93,2026-04-25T07:56:02Z,web
U0062,I0072,cart,,1,21.99,2026-02-25T01:44:02Z,mobile
U0138,I0019,view,,1,35.63,2026-03-03T06:33:02Z,web
U0174,I0040,purchase,,1,56.71,2026-04-18T19:04:02Z,mobile
U0179,I0081,rating,4.0,1,60.65,2026-02-06T18:11:02Z,web
U0113,I0097,rating,4.0,1,42.6,2026-02-10T02:42:02Z,web
U0085,I0054,cart,,1,35.21,2026-04-16T15:44:02Z,mobile
U0168,I0097,view,,1,42.6,2026-04-05T16:57:02Z,mobile
U0018,I0022,purchase,,1,23.73,2026-03-28T01:59:02Z,mobile
U0214,I0083,view,,1,17.83,2026-03-24T06:06:02Z,mobile
U0207,I0017,view,,1,25.29,2026-04-08T20:12:02Z,web
U0129,I0085,view,,1,64.61,2026-04-22T06:39:02Z,web
U0202,I0114,rating,5.0,1,33.44,2026-03-16T23:26:02Z,web
U0035,I0001,view,,1,31.44,2026-03-26T19:50:02Z,web
U0056,I0094,view,,1,20.46,2026-02-02T23:38:02Z,web
U0096,I0110,view,,1,26.64,2026-03-29T14:44:02Z,mobile
U0039,I0091,view,,1,42.99,2026-02-01T06:43:02Z,mobile
U0109,I0042,purchase,,1,34.64,2026-03-26T03:07:02Z,mobile
U0215,I0042,view,,1,34.64,2026-02-02T08:47:02Z,web
U0141,I0116,view,,1,59.11,2026-04-26T00:33:02Z,web
U0145,I0085,cart,,1,64.61,2026-03-02T01:52:02Z,mobile
U0018,I0001,view,,1,31.44,2026-03-21T23:36:02Z,web
U0160,I0078,view,,1,41.4,2026-04-20T09:29:02Z,mobile
U0115,I0042,view,,1,34.64,2026-04-26T19:33:02Z,mobile
U0167,I0120,view,,1,26.42,2026-03-05T23:28:02Z,web
U0126,I0072,rating,4.0,1,21.99,2026-04-01T09:47:02Z,mobile
U0225,I0044,view,,1,16.15,2026-04-13T23:48:02Z,web
U0157,I0098,view,,1,35.06,2026-02-02T12:27:02Z,mobile
U0093,I0070,cart,,1,26.73,2026-02-21T06:23:02Z,mobile
U0061,I0081,view,,1,60.65,2026-03-13T22:39:02Z,mobile
U0049,I0058,view,,1,18.03,2026-04-05T07:59:02Z,web
U0062,I0025,cart,,1,15.52,2026-02-23T11:57:02Z,web
U0029,I0080,view,,1,16.0,2026-04-15T04:22:02Z,web
U0120,I0093,purchase,,2,35.82,2026-03-26T03:41:02Z,mobile
U0179,I0051,view,,1,24.93,2026-02-04T06:21:02Z,web
U0194,I0069,view,,1,41.22,2026-03-21T07:27:02Z,mobile
U0030,I0104,rating,3.0,1,41.88,2026-03-27T00:42:02Z,mobile
U0022,I0069,view,,1,41.22,2026-03-26T00:14:02Z,web
U0220,I0110,view,,1,26.64,2026-03-06T11:24:02Z,web
U0045,I0020,rating,4.0,1,27.33,2026-04-18T18:47:02Z,web
U0083,I0077,view,,1,43.74,2026-03-28T16:37:02Z,web
U0062,I0116,view,,1,59.11,2026-04-17T23:49:02Z,mobile
U0091,I0003,cart,,1,12.56,2026-03-06T06:51:02Z,web
U0092,I0003,purchase,,1,12.56,2026-04-21T09:39:02Z,mobile
U0136,I0035,view,,1,26.96,2026-03-14T07:04:02Z,web
U0224,I0081,view,,1,60.65,2026-04-25T12:45:02Z,mobile
U0044,I0071,cart,,1,31.77,2026-02-25T23:37:02Z,mobile
U0134,I0017,view,,1,25.29,2026-02-13T06:01:02Z,web
U0021,I0036,purchase,,1,74.72,2026-04-24T08:40:02Z,mobile
U0076,I0062,cart,,1,23.59,2026-03-09T02:34:02Z,mobile
U0104,I0064,cart,,1,28.05,2026-02-08T13:32:02Z,mobile
U0222,I0044,purchase,,1,16.15,2026-03-09T23:00:02Z,mobile
U0178,I0113,rating,4.0,1,36.16,2026-04-20T10:48:02Z,mobile
U0239,I0017,cart,,1,25.29,2026-03-28T00:43:02Z,mobile
U0173,I0021,cart,,1,19.0,2026-04-21T15:51:02Z,web
U0100,I0074,cart,,1,19.52,2026-04-28T04:41:02Z,web
U0132,I0021,purchase,,1,19.0,2026-02-17T01:34:02Z,mobile
U0161,I0006,view,,1,21.38,2026-04-23T14:56:02Z,mobile
U0125,I0035,purchase,,1,26.96,2026-04-23T02:32:02Z,mobile
U0176,I0061,rating,4.0,1,17.75,2026-04-04T16:39:02Z,web
U0104,I0018,purchase,,1,34.0,2026-03-08T03:44:02Z,web
U0038,I0089,view,,1,40.79,2026-03-17T19:53:02Z,web
U0224,I0067,rating,3.0,1,77.25,2026-02-20T20:09:02Z,mobile
U0013,I0096,rating,5.0,1,36.87,2026-02-18T21:52:02Z,web
U0158,I0036,view,,1,74.72,2026-02-24T01:20:02Z,web
U0206,I0049,purchase,,1,10.95,2026-04-09T04:09:02Z,mobile
U0235,I0013,cart,,1,28.54,2026-04-10T07:59:02Z,web
U0138,I0014,rating,5.0,1,30.5,2026-02-08T18:29:02Z,mobile
U0074,I0065,view,,1,45.15,2026-03-31T15:25:02Z,web
U0152,I0018,view,,1,34.0,2026-04-27T07:11:02Z,web
U0059,I0115,rating,4.0,1,29.97,2026-02-04T19:39:02Z,mobile
U0212,I0014,view,,1,30.5,2026-04-07T12:37:02Z,web
U0146,I0120,view,,1,26.42,2026-03-06T05:21:02Z,web
U0021,I0068,cart,,1,16.18,2026-02-14T13:55:02Z,web
U0182,I0107,purchase,,2,14.01,2026-02-28T08:11:02Z,web
U0104,I0086,cart,,1,33.96,2026-04-19T01:11:02Z,mobile
U0142,I0086,purchase,,1,33.96,2026-04-14T00:53:02Z,web
U0012,I0096,rating,4.0,1,36.87,2026-02-03T10:42:02Z,mobile
U0094,I0066,cart,,1,22.7,2026-02-14T12:00:02Z,mobile
U0036,I0093,cart,,1,35.82,2026-02-16T18:26:02Z,web
U0150,I0029,view,,1,83.41,2026-02-04T16:08:02Z,web
U0128,I0080,cart,,1,16.0,2026-02-16T15:17:02Z,web
U0208,I0111,cart,,1,114.52,2026-03-14T12:53:02Z,web
U0215,I0042,rating,1.0,1,34.64,2026-04-22T16:52:02Z,web
U0239,I0045,rating,5.0,1,27.1,2026-02-22T18:32:02Z,mobile
U0124,I0058,purchase,,2,18.03,2026-02-23T11:20:02Z,web
U0147,I0003,view,,1,12.56,2026-02-25T14:46:02Z,mobile
U0034,I0104,view,,1,41.88,2026-04-19T14:44:02Z,mobile
U0052,I0096,rating,5.0,1,36.87,2026-03-28T12:02:02Z,mobile
U0040,I0064,view,,1,28.05,2026-04-21T23:06:02Z,mobile
U0093,I0044,view,,1,16.15,2026-02-11T21:15:02Z,mobile
U0125,I0014,view,,1,30.5,2026-02-09T01:36:02Z,mobile
U0223,I0038,purchase,,1,23.01,2026-02-12T04:17:02Z,mobile
U0130,I0011,cart,,1,15.55,2026-02-08T08:42:02Z,mobile
U0197,I0044,view,,1,16.15,2026-02-16T23:52:02Z,mobile
U0099,I0097,view,,1,42.6,2026-04-24T01:31:02Z,web
U0223,I0075,view,,1,25.5,2026-03-01T18:52:02Z,web
U0022,I0048,view,,1,22.53,2026-03-10T20:06:02Z,mobile
U0145,I0015,view,,1,19.27,2026-03-14T01:37:02Z,web
U0013,I0009,rating,1.0,1,26.36,2026-04-15T09:35:02Z,mobile
U0077,I0063,cart,,1,17.91,2026-04-23T23:44:02Z,web
U0188,I0031,purchase,,1,6.52,2026-03-14T06:41:02Z,mobile
U0187,I0062,rating,5.0,1,23.59,2026-03-20T02:35:02Z,web
U0134,I0065,view,,1,45.15,2026-02-24T03:04:02Z,web
U0054,I0029,rating,5.0,1,83.41,2026-04-24T02:13:02Z,mobile
U0191,I0111,view,,1,114.52,2026-04-04T08:06:02Z,web
U0237,I0076,view,,1,36.2,2026-03-17T13:36:02Z,mobile
U0072,I0040,view,,1,56.71,2026-02-09T10:21:02Z,mobile
U0131,I0076,cart,,1,36.2,2026-04-25T22:33:02Z,web
U0069,I0065,view,,1,45.15,2026-04-06T09:13:02Z,mobile
U0213,I0103,cart,,1,51.23,2026-04-26T08:46:02Z,web
U0045,I0114,view,,1,33.44,2026-02-14T07:58:02Z,web
U0081,I0006,cart,,1,21.38,2026-03-08T16:55:02Z,web
U0152,I0086,rating,5.0,1,33.96,2026-03-24T14:42:02Z,mobile
U0059,I0062,view,,1,23.59,2026-04-05T19:39:02Z,mobile
U0217,I0119,view,,1,34.0,2026-04-10T22:52:02Z,web
U0145,I0013,purchase,,1,28.54,2026-02-24T17:12:02Z,mobile
U0013,I0094,view,,1,20.46,2026-03-28T08:01:02Z,web
U0168,I0114,rating,4.0,1,33.44,2026-04-15T01:13:02Z,web
U0215,I0001,purchase,,2,31.44,2026-05-01T07:53:02Z,web
U0044,I0018,view,,1,34.0,2026-02-26T15:06:02Z,web
U0140,I0078,rating,3.0,1,41.4,2026-02-13T17:41:02Z,mobile
U0012,I0038,view,,1,23.01,2026-03-13T14:53:02Z,web
U0103,I0091,view,,1,42.99,2026-04-29T07:00:02Z,web
U0213,I0051,rating,4.0,1,24.93,2026-04-19T09:52:02Z,web
U0237,I0054,view,,1,35.21,2026-04-17T12:11:02Z,web
U0115,I0081,view,,1,60.65,2026-03-14T00:44:02Z,web
U0104,I0028,cart,,1,23.83,2026-02-07T14:08:02Z,web
U0184,I0010,cart,,1,50.12,2026-03-27T10:23:02Z,web
U0068,I0091,view,,1,42.99,2026-03-08T18:44:02Z,web
U0052,I0081,cart,,1,60.65,2026-02-27T16:01:02Z,mobile
U0238,I0099,view,,1,19.36,2026-04-08T19:14:02Z,web
U0028,I0023,rating,4.0,1,51.99,2026-03-11T21:42:02Z,mobile
U0216,I0024,view,,1,24.65,2026-04-28T03:49:02Z,web
U0111,I0058,view,,1,18.03,2026-04-17T02:41:02Z,mobile
U0237,I0018,view,,1,34.0,2026-04-06T19:46:02Z,mobile
U0118,I0026,cart,,1,13.5,2026-03-03T18:28:02Z,web
U0067,I0005,purchase,,1,20.52,2026-03-07T12:09:02Z,web
U0204,I0044,view,,1,16.15,2026-02-05T13:32:02Z,web
U0095,I0073,rating,4.0,1,25.28,2026-03-20T05:53:02Z,mobile
U0129,I0003,view,,1,12.56,2026-02-17T19:16:02Z,web
U0217,I0116,view,,1,59.11,2026-02-05T18:16:02Z,web
U0225,I0079,rating,3.0,1,55.92,2026-04-22T12:09:02Z,mobile
U0025,I0065,view,,1,45.15,2026-04-28T23:44:02Z,web
U0107,I0078,view,,1,41.4,2026-04-21T21:25:02Z,mobile
U0149,I0086,view,,1,33.96,2026-03-13T03:22:02Z,web
U0040,I0110,view,,1,26.64,2026-02-04T04:05:02Z,web
U0192,I0062,view,,1,23.59,2026-05-02T03:59:02Z,mobile
U0187,I0093,view,,1,35.82,2026-02-22T04:53:02Z,mobile
U0002,I0060,cart,,1,48.07,2026-02-05T06:45:02Z,mobile
U0108,I0059,cart,,1,24.91,2026-02-05T09:45:02Z,mobile
U0189,I0066,view,,1,22.7,2026-02-23T00:04:02Z,web
U0184,I0116,view,,1,59.11,2026-04-22T10:51:02Z,web
U0022,I0069,cart,,1,41.22,2026-02-21T14:59:02Z,web
U0234,I0109,purchase,,1,70.56,2026-03-03T11:25:02Z,web
U0208,I0100,view,,1,54.26,2026-04-28T22:24:02Z,mobile
U0141,I0110,view,,1,26.64,2026-04-02T05:11:02Z,mobile
U0163,I0100,view,,1,54.26,2026-04-19T10:33:02Z,mobile
U0027,I0031,view,,1,6.52,2026-04-29T09:49:02Z,mobile
U0006,I0058,cart,,1,18.03,2026-03-23T19:47:02Z,mobile
U0026,I0090,view,,1,12.85,2026-04-16T15:12:02Z,web
U0192,I0019,cart,,1,35.63,2026-02-04T09:28:02Z,mobile
U0013,I0058,view,,1,18.03,2026-02-09T17:33:02Z,web
U0235,I0013,view,,1,28.54,2026-04-06T02:37:02Z,mobile
U0100,I0048,view,,1,22.53,2026-03-05T19:46:02Z,web
U0125,I0072,rating,4.0,1,21.99,2026-04-26T22:06:02Z,web
U0198,I0014,view,,1,30.5,2026-02-21T10:01:02Z,web
U0068,I0088,purchase,,1,30.05,2026-04-13T14:15:02Z,mobile
U0028,I0023,cart,,1,51.99,2026-04-22T08:32:02Z,mobile
U0024,I0031,rating,3.0,1,6.52,2026-03-09T23:46:02Z,web
U0108,I0106,view,,1,26.93,2026-04-15T09:30:02Z,web
U0030,I0018,view,,1,34.0,2026-03-29T23:27:02Z,web
U0167,I0043,rating,4.0,1,34.18,2026-02-08T12:56:02Z,mobile
U0184,I0110,view,,1,26.64,2026-02-03T09:11:02Z,web
U0006,I0082,view,,1,27.22,2026-03-22T20:52:02Z,mobile
U0201,I0108,view,,1,101.53,2026-03-23T05:22:02Z,web
U0191,I0055,cart,,1,14.43,2026-02-28T23:38:02Z,mobile
U0191,I0049,view,,1,10.95,2026-03-14T17:14:02Z,mobile
U0198,I0007,view,,1,50.51,2026-02-11T00:58:02Z,web
U0011,I0075,view,,1,25.5,2026-03-12T12:22:02Z,mobile
U0087,I0086,view,,1,33.96,2026-04-09T21:39:02Z,web
U0023,I0087,view,,1,58.68,2026-02-25T23:26:02Z,mobile
U0215,I0003,view,,1,12.56,2026-04-12T03:06:02Z,web
U0025,I0106,view,,1,26.93,2026-02-22T00:36:02Z,mobile
U0119,I0025,cart,,1,15.52,2026-02-06T22:54:02Z,mobile
U0226,I0055,view,,1,14.43,2026-03-23T05:51:02Z,mobile
U0173,I0091,view,,1,42.99,2026-02-05T03:22:02Z,mobile
U0076,I0092,view,,1,16.23,2026-04-14T05:41:02Z,mobile
U0018,I0059,cart,,1,24.91,2026-03-06T01:52:02Z,web
U0108,I0069,view,,1,41.22,2026-02-12T14:46:02Z,mobile
U0077,I0003,view,,1,12.56,2026-04-27T10:45:02Z,web
U0079,I0046,view,,1,32.06,2026-05-01T16:33:02Z,mobile
U0063,I0058,view,,1,18.03,2026-02-20T18:29:02Z,web
U0063,I0009,purchase,,2,26.36,2026-04-13T19:06:02Z,mobile
U0028,I0114,purchase,,1,33.44,2026-02-17T02:34:02Z,mobile
U0202,I0052,view,,1,30.37,2026-04-29T20:31:02Z,web
U0195,I0100,view,,1,54.26,2026-04-04T14:21:02Z,web
U0106,I0015,purchase,,1,19.27,2026-03-28T09:34:02Z,web
U0070,I0004,view,,1,24.4,2026-03-02T04:10:02Z,mobile
U0197,I0030,view,,1,19.11,2026-04-02T05:53:02Z,mobile
U0141,I0024,rating,5.0,1,24.65,2026-03-19T08:14:02Z,web
U0231,I0021,view,,1,19.0,2026-04-03T12:09:02Z,web
U0185,I0019,view,,1,35.63,2026-02-20T17:51:02Z,mobile
U0087,I0037,view,,1,17.51,2026-04-23T02:54:02Z,web
U0044,I0053,view,,1,18.65,2026-03-05T14:33:02Z,web
U0068,I0094,view,,1,20.46,2026-03-27T08:13:02Z,web
U0085,I0083,rating,5.0,1,17.83,2026-02-15T12:53:02Z,mobile
U0138,I0102,view,,1,45.37,2026-04-16T03:38:02Z,mobile
U0167,I0107,view,,1,14.01,2026-04-13T22:13:02Z,web
U0085,I0026,view,,1,13.5,2026-03-13T15:18:02Z,web
U0209,I0092,view,,1,16.23,2026-04-13T16:25:02Z,mobile
U0181,I0002,cart,,1,22.56,2026-03-07T03:26:02Z,mobile
U0019,I0043,view,,1,34.18,2026-03-23T21:41:02Z,web
U0195,I0075,rating,5.0,1,25.5,2026-04-04T14:51:02Z,mobile
U0130,I0112,view,,1,53.68,2026-04-13T03:18:02Z,web
U0096,I0052,view,,1,30.37,2026-04-16T17:27:02Z,mobile
U0105,I0047,view,,1,36.67,2026-04-10T05:46:02Z,web
U0022,I0086,view,,1,33.96,2026-04-03T00:19:02Z,mobile
U0162,I0003,view,,1,12.56,2026-03-12T08:19:02Z,mobile
U0090,I0003,purchase,,1,12.56,2026-04-02T07:40:02Z,web
U0179,I0060,view,,1,48.07,2026-03-31T01:16:02Z,web
U0057,I0029,purchase,,1,83.41,2026-02-23T11:10:02Z,web
U0103,I0052,view,,1,30.37,2026-02-22T09:51:02Z,mobile
U0216,I0089,view,,1,40.79,2026-02-05T01:20:02Z,mobile
U0173,I0063,purchase,,3,17.91,2026-03-10T11:14:02Z,web
U0096,I0036,cart,,1,74.72,2026-03-28T20:32:02Z,web
U0151,I0106,view,,1,26.93,2026-03-26T06:23:02Z,mobile
U0206,I0112,cart,,1,53.68,2026-03-13T15:22:02Z,web
U0237,I0061,view,,1,17.75,2026-04-14T13:30:02Z,web
U0044,I0054,rating,4.0,1,35.21,2026-03-03T03:03:02Z,web
U0116,I0063,view,,1,17.91,2026-02-01T18:51:02Z,web
U0031,I0090,view,,1,12.85,2026-04-23T09:12:02Z,web
U0032,I0084,cart,,1,27.83,2026-04-21T06:11:02Z,web
U0070,I0095,view,,1,11.84,2026-03-28T14:15:02Z,web
U0219,I0008,view,,1,36.94,2026-04-20T06:57:02Z,mobile
U0075,I0054,view,,1,35.21,2026-03-07T05:59:02Z,mobile
U0218,I0116,cart,,1,59.11,2026-02-14T02:51:02Z,web
U0058,I0008,view,,1,36.94,2026-04-07T12:55:02Z,mobile
U0070,I0088,view,,1,30.05,2026-03-05T23:41:02Z,mobile
U0163,I0108,cart,,1,101.53,2026-03-31T05:11:02Z,mobile
U0073,I0115,view,,1,29.97,2026-04-15T12:00:02Z,web
U0173,I0013,view,,1,28.54,2026-04-19T18:08:02Z,mobile
U0052,I0070,purchase,,1,26.73,2026-02-02T14:22:02Z,mobile
U0042,I0030,view,,1,19.11,2026-04-10T15:49:02Z,web
U0156,I0056,view,,1,21.96,2026-03-16T22:41:02Z,web
U0012,I0077,view,,1,43.74,2026-03-05T05:08:02Z,web
U0011,I0083,view,,1,17.83,2026-04-23T21:04:02Z,mobile
U0116,I0052,view,,1,30.37,2026-03-07T05:01:02Z,mobile
U0072,I0118,rating,2.0,1,24.81,2026-04-03T14:09:02Z,web
U0068,I0021,cart,,1,19.0,2026-03-01T13:41:02Z,web
U0117,I0109,view,,1,70.56,2026-04-23T03:47:02Z,web
U0089,I0054,view,,1,35.21,2026-02-12T06:56:02Z,mobile
U0075,I0007,view,,1,50.51,2026-03-26T04:05:02Z,mobile
U0182,I0074,view,,1,19.52,2026-03-01T07:02:02Z,web
U0111,I0090,view,,1,12.85,2026-02-20T05:12:02Z,mobile
U0035,I0017,view,,1,25.29,2026-02-13T19:04:02Z,mobile
U0093,I0110,rating,4.0,1,26.64,2026-02-20T02:28:02Z,web
U0047,I0041,cart,,1,35.48,2026-03-16T03:28:02Z,mobile
U0087,I0046,cart,,1,32.06,2026-02-20T21:16:02Z,web
U0169,I0037,view,,1,17.51,2026-02-09T05:16:02Z,mobile
U0219,I0008,view,,1,36.94,2026-04-11T07:02:02Z,mobile
U0004,I0043,cart,,1,34.18,2026-03-08T05:02:02Z,web
U0071,I0065,view,,1,45.15,2026-04-10T02:26:02Z,web
U0152,I0050,view,,1,15.33,2026-03-22T19:33:02Z,web
U0032,I0018,view,,1,34.0,2026-03-19T16:39:02Z,mobile
U0099,I0093,view,,1,35.82,2026-04-02T05:03:02Z,web
U0039,I0090,view,,1,12.85,2026-03-29T16:51:02Z,mobile
U0030,I0072,purchase,,2,21.99,2026-04-08T21:02:02Z,mobile
U0090,I0029,cart,,1,83.41,2026-03-03T07:37:02Z,mobile
U0090,I0109,view,,1,70.56,2026-02-06T04:38:02Z,mobile
U0152,I0035,view,,1,26.96,2026-02-06T16:40:02Z,web
U0030,I0033,view,,1,24.72,2026-02-19T07:50:02Z,mobile
U0094,I0042,purchase,,1,34.64,2026-02-19T08:07:02Z,web
U0235,I0087,cart,,1,58.68,2026-02-05T01:53:02Z,web
U0172,I0013,view,,1,28.54,2026-03-07T02:36:02Z,mobile
U0166,I0006,purchase,,1,21.38,2026-03-29T17:25:02Z,mobile
U0123,I0110,view,,1,26.64,2026-04-14T16:34:02Z,mobile
U0194,I0006,view,,1,21.38,2026-03-11T22:25:02Z,web
U0085,I0088,purchase,,1,30.05,2026-04-16T07:06:02Z,mobile
U0179,I0065,view,,1,45.15,2026-04-30T02:40:02Z,mobile
U0197,I0044,view,,1,16.15,2026-03-26T19:49:02Z,mobile
U0039,I0025,view,,1,15.52,2026-02-19T13:45:02Z,web
U0083,I0029,view,,1,83.41,2026-02-09T08:48:02Z,mobile
U0111,I0093,view,,1,35.82,2026-02-07T12:02:02Z,mobile
U0122,I0024,view,,1,24.65,2026-04-07T22:05:02Z,web
U0136,I0059,rating,3.0,1,24.91,2026-03-23T04:40:02Z,web
U0071,I0041,purchase,,2,35.48,2026-04-26T04:11:02Z,web
U0172,I0072,cart,,1,21.99,2026-04-14T12:02:02Z,mobile
U0113,I0058,rating,5.0,1,18.03,2026-03-14T01:28:02Z,mobile
U0078,I0047,cart,,1,36.67,2026-04-21T01:51:02Z,web
U0025,I0099,view,,1,19.36,2026-03-08T13:58:02Z,mobile
U0059,I0103,view,,1,51.23,2026-03-05T15:38:02Z,web
U0137,I0096,cart,,1,36.87,2026-02-06T05:02:02Z,mobile
U0226,I0048,view,,1,22.53,2026-04-14T13:22:02Z,mobile
U0231,I0062,view,,1,23.59,2026-03-04T13:50:02Z,mobile
U0082,I0066,cart,,1,22.7,2026-04-29T12:07:02Z,mobile
U0175,I0111,view,,1,114.52,2026-04-29T17:29:02Z,web
U0183,I0035,view,,1,26.96,2026-02-28T13:56:02Z,mobile
U0014,I0044,view,,1,16.15,2026-03-04T23:07:02Z,web
U0171,I0023,view,,1,51.99,2026-03-03T22:53:02Z,mobile
U0076,I0092,purchase,,1,16.23,2026-02-10T19:18:02Z,web
U0180,I0049,rating,5.0,1,10.95,2026-04-10T12:57:02Z,web
U0168,I0099,cart,,1,19.36,2026-03-02T08:06:02Z,mobile
U0150,I0101,purchase,,3,48.0,2026-02-03T04:34:02Z,mobile
U0183,I0085,view,,1,64.61,2026-02-21T03:43:02Z,web
U0233,I0098,cart,,1,35.06,2026-02-23T04:05:02Z,web
U0151,I0094,cart,,1,20.46,2026-02-05T08:01:02Z,web
U0225,I0103,cart,,1,51.23,2026-02-15T23:19:02Z,mobile
U0210,I0069,view,,1,41.22,2026-02-13T00:52:02Z,web
U0050,I0040,view,,1,56.71,2026-03-21T17:03:02Z,web
U0057,I0090,view,,1,12.85,2026-03-07T04:07:02Z,web
U0177,I0020,rating,2.0,1,27.33,2026-03-24T09:42:02Z,web
U0194,I0086,view,,1,33.96,2026-04-18T12:05:02Z,web
U0038,I0083,cart,,1,17.83,2026-02-21T22:10:02Z,web
U0117,I0090,cart,,1,12.85,2026-04-17T00:27:02Z,mobile
U0125,I0013,rating,3.0,1,28.54,2026-03-09T00:55:02Z,web
U0126,I0065,view,,1,45.15,2026-03-18T20:23:02Z,web
U0151,I0106,view,,1,26.93,2026-02-20T06:11:02Z,web
U0042,I0023,view,,1,51.99,2026-03-06T12:02:02Z,web
U0146,I0074,cart,,1,19.52,2026-03-22T16:36:02Z,mobile
U0096,I0107,view,,1,14.01,2026-03-19T09:24:02Z,mobile
U0030,I0018,view,,1,34.0,2026-03-14T05:50:02Z,web
U0073,I0024,cart,,1,24.65,2026-04-10T02:27:02Z,web
U0137,I0081,view,,1,60.65,2026-02-17T23:09:02Z,web
U0052,I0005,cart,,1,20.52,2026-02-08T01:00:02Z,web
U0002,I0004,rating,5.0,1,24.4,2026-04-02T16:41:02Z,web
U0008,I0063,view,,1,17.91,2026-04-19T16:08:02Z,web
U0011,I0075,purchase,,1,25.5,2026-04-24T03:34:02Z,web
U0074,I0073,purchase,,1,25.28,2026-02-23T19:14:02Z,mobile
U0023,I0039,view,,1,14.55,2026-03-15T14:31:02Z,mobile
U0218,I0119,view,,1,34.0,2026-02-01T17:45:02Z,mobile
U0020,I0091,view,,1,42.99,2026-02-03T07:51:02Z,mobile
U0103,I0021,view,,1,19.0,2026-03-03T19:57:02Z,mobile
U0075,I0020,view,,1,27.33,2026-04-06T01:09:02Z,mobile
U0211,I0106,purchase,,2,26.93,2026-03-15T03:37:02Z,web
U0236,I0055,view,,1,14.43,2026-02-05T01:33:02Z,mobile
U0100,I0030,purchase,,2,19.11,2026-04-02T14:56:02Z,mobile
U0179,I0097,cart,,1,42.6,2026-04-03T18:05:02Z,mobile
U0017,I0094,purchase,,2,20.46,2026-03-23T08:14:02Z,web
U0006,I0087,purchase,,1,58.68,2026-02-02T04:49:02Z,web
U0174,I0098,view,,1,35.06,2026-04-17T01:10:02Z,web
U0075,I0078,view,,1,41.4,2026-04-22T07:22:02Z,web
U0054,I0094,rating,5.0,1,20.46,2026-03-09T12:42:02Z,mobile
U0214,I0009,rating,4.0,1,26.36,2026-04-19T20:02:02Z,mobile
U0196,I0030,view,,1,19.11,2026-03-19T02:58:02Z,web
U0027,I0080,purchase,,1,16.0,2026-02-15T01:55:02Z,web
U0075,I0033,view,,1,24.72,2026-03-22T14:06:02Z,web
U0233,I0084,view,,1,27.83,2026-02-13T13:03:02Z,mobile
U0224,I0047,view,,1,36.67,2026-03-24T11:10:02Z,mobile
U0191,I0061,view,,1,17.75,2026-02-22T08:27:02Z,mobile
U0024,I0104,view,,1,41.88,2026-04-25T04:08:02Z,mobile
U0079,I0069,purchase,,1,41.22,2026-04-24T08:57:02Z,web
U0190,I0105,view,,1,20.28,2026-04-02T23:14:02Z,mobile
U0189,I0110,view,,1,26.64,2026-03-02T00:12:02Z,mobile
U0079,I0018,view,,1,34.0,2026-02-25T07:45:02Z,web
U0159,I0026,view,,1,13.5,2026-04-21T08:37:02Z,mobile
U0130,I0112,purchase,,1,53.68,2026-04-13T12:46:02Z,web
U0189,I0035,rating,5.0,1,26.96,2026-04-12T16:10:02Z,web
U0171,I0004,rating,4.0,1,24.4,2026-04-16T17:44:02Z,mobile
U0081,I0069,view,,1,41.22,2026-04-20T17:14:02Z,mobile
U0051,I0043,view,,1,34.18,2026-03-19T16:52:02Z,web
U0066,I0034,view,,1,32.38,2026-04-04T13:20:02Z,mobile
U0162,I0026,purchase,,2,13.5,2026-02-19T21:37:02Z,web
U0127,I0060,view,,1,48.07,2026-03-25T21:27:02Z,mobile
U0027,I0001,cart,,1,31.44,2026-02-24T17:23:02Z,web
U0228,I0062,view,,1,23.59,2026-04-25T19:13:02Z,mobile
U0106,I0102,view,,1,45.37,2026-02-10T10:36:02Z,mobile
U0205,I0043,cart,,1,34.18,2026-03-13T07:16:02Z,web
U0079,I0054,view,,1,35.21,2026-02-03T03:16:02Z,mobile
U0058,I0037,view,,1,17.51,2026-03-28T08:52:02Z,web
U0040,I0008,rating,4.0,1,36.94,2026-02-23T03:08:02Z,web
U0029,I0078,purchase,,1,41.4,2026-02-06T08:52:02Z,web
U0184,I0020,purchase,,1,27.33,2026-03-29T09:47:02Z,mobile
U0113,I0079,view,,1,55.92,2026-04-13T23:28:02Z,web
U0185,I0017,view,,1,25.29,2026-03-27T21:59:02Z,mobile
U0203,I0029,purchase,,1,83.41,2026-02-05T09:47:02Z,web
U0158,I0051,rating,4.0,1,24.93,2026-02-20T00:01:02Z,web
U0207,I0022,cart,,1,23.73,2026-02-25T06:25:02Z,web
U0057,I0012,purchase,,1,67.3,2026-04-26T16:31:02Z,web
U0198,I0098,view,,1,35.06,2026-04-20T22:55:02Z,web
U0016,I0038,view,,1,23.01,2026-03-29T08:06:02Z,web
U0100,I0043,view,,1,34.18,2026-02-09T11:49:02Z,web
U0135,I0051,view,,1,24.93,2026-04-26T22:04:02Z,mobile
U0237,I0061,view,,1,17.75,2026-04-25T02:18:02Z,web
U0002,I0081,view,,1,60.65,2026-04-11T17:52:02Z,mobile
U0032,I0001,view,,1,31.44,2026-03-26T03:43:02Z,mobile
U0198,I0006,view,,1,21.38,2026-03-22T10:41:02Z,web
U0154,I0069,rating,4.0,1,41.22,2026-02-28T21:13:02Z,mobile
U0109,I0091,rating,3.0,1,42.99,2026-04-22T22:25:02Z,mobile
U0097,I0021,view,,1,19.0,2026-04-22T18:32:02Z,web
U0154,I0067,view,,1,77.25,2026-04-16T12:28:02Z,web
U0169,I0037,rating,4.0,1,17.51,2026-03-03T11:08:02Z,web
U0135,I0061,view,,1,17.75,2026-04-17T08:42:02Z,mobile
U0103,I0004,cart,,1,24.4,2026-04-19T14:55:02Z,mobile
U0188,I0053,rating,4.0,1,18.65,2026-02-10T23:57:02Z,mobile
U0204,I0066,view,,1,22.7,2026-02-10T02:48:02Z,web
U0028,I0112,view,,1,53.68,2026-03-08T08:04:02Z,mobile
U0127,I0051,view,,1,24.93,2026-02-15T02:43:02Z,web
U0188,I0007,purchase,,1,50.51,2026-03-08T20:42:02Z,web
U0117,I0070,view,,1,26.73,2026-04-19T05:44:02Z,mobile
U0097,I0020,purchase,,1,27.33,2026-02-19T16:06:02Z,mobile
U0216,I0110,view,,1,26.64,2026-02-17T09:32:02Z,mobile
U0094,I0047,view,,1,36.67,2026-03-18T14:52:02Z,web
U0157,I0059,purchase,,1,24.91,2026-03-04T06:22:02Z,web
U0045,I0050,rating,2.0,1,15.33,2026-04-09T02:54:02Z,mobile
U0148,I0114,rating,2.0,1,33.44,2026-03-12T08:25:02Z,web
U0015,I0103,view,,1,51.23,2026-03-29T00:36:02Z,web
U0154,I0084,view,,1,27.83,2026-02-13T18:07:02Z,web
U0194,I0019,cart,,1,35.63,2026-04-27T10:51:02Z,mobile
U0177,I0017,view,,1,25.29,2026-04-08T00:01:02Z,mobile
U0099,I0100,rating,4.0,1,54.26,2026-03-31T16:56:02Z,mobile
U0144,I0008,view,,1,36.94,2026-04-04T05:40:02Z,mobile
U0208,I0064,purchase,,1,28.05,2026-02-28T03:06:02Z,mobile
U0080,I0078,view,,1,41.4,2026-04-13T08:36:02Z,mobile
U0199,I0074,view,,1,19.52,2026-03-20T18:53:02Z,mobile
U0068,I0075,cart,,1,25.5,2026-04-30T19:02:02Z,mobile
U0049,I0044,view,,1,16.15,2026-02-15T02:32:02Z,mobile
U0126,I0067,view,,1,77.25,2026-04-10T07:22:02Z,mobile
U0168,I0065,view,,1,45.15,2026-03-09T14:15:02Z,web
U0081,I0002,view,,1,22.56,2026-04-25T20:53:02Z,mobile
U0131,I0038,purchase,,3,23.01,2026-03-20T15:54:02Z,web
U0162,I0110,view,,1,26.64,2026-04-25T12:26:02Z,mobile
U0022,I0105,purchase,,1,20.28,2026-04-01T05:49:02Z,mobile
U0071,I0030,view,,1,19.11,2026-04-04T03:49:02Z,web
U0107,I0025,purchase,,1,15.52,2026-03-27T08:42:02Z,web
U0122,I0053,view,,1,18.65,2026-02-26T06:17:02Z,web
U0093,I0109,purchase,,2,70.56,2026-04-02T05:04:02Z,mobile
U0106,I0035,view,,1,26.96,2026-02-17T21:21:02Z,mobile
U0010,I0108,view,,1,101.53,2026-04-22T05:00:02Z,web
U0010,I0017,purchase,,2,25.29,2026-02-15T05:31:02Z,mobile
U0103,I0062,cart,,1,23.59,2026-03-22T07:27:02Z,mobile
U0121,I0069,view,,1,41.22,2026-03-20T20:06:02Z,web
U0074,I0060,view,,1,48.07,2026-04-29T20:05:02Z,web
U0185,I0050,view,,1,15.33,2026-02-12T09:08:02Z,web
U0124,I0044,purchase,,1,16.15,2026-02-17T09:18:02Z,web
U0106,I0085,purchase,,1,64.61,2026-02-07T11:12:02Z,web
U0236,I0051,rating,4.0,1,24.93,2026-02-23T03:31:02Z,web
U0154,I0118,purchase,,1,24.81,2026-02-28T01:56:02Z,web
U0190,I0081,cart,,1,60.65,2026-04-21T07:44:02Z,mobile
U0051,I0043,view,,1,34.18,2026-02-12T14:40:02Z,web
U0057,I0008,view,,1,36.94,2026-02-18T04:50:02Z,mobile
U0057,I0089,view,,1,40.79,2026-03-08T22:29:02Z,mobile
U0110,I0042,view,,1,34.64,2026-04-18T19:48:02Z,web
U0075,I0057,view,,1,46.42,2026-04-23T03:52:02Z,web
U0221,I0071,view,,1,31.77,2026-05-01T05:19:02Z,mobile
U0018,I0016,view,,1,41.84,2026-03-10T00:13:02Z,web
U0114,I0113,view,,1,36.16,2026-03-08T19:14:02Z,mobile
U0125,I0053,view,,1,18.65,2026-04-16T10:38:02Z,web
U0139,I0090,purchase,,1,12.85,2026-04-30T05:06:02Z,web
U0068,I0082,view,,1,27.22,2026-04-09T22:21:02Z,mobile
U0023,I0101,view,,1,48.0,2026-04-02T11:14:02Z,mobile
U0053,I0104,rating,4.0,1,41.88,2026-04-02T22:00:02Z,mobile
U0013,I0005,purchase,,1,20.52,2026-02-07T18:12:02Z,web
U0076,I0108,rating,4.0,1,101.53,2026-02-08T23:28:02Z,mobile
U0002,I0029,rating,4.0,1,83.41,2026-03-22T23:22:02Z,web
U0168,I0073,view,,1,25.28,2026-03-20T19:27:02Z,web
U0005,I0108,cart,,1,101.53,2026-02-05T05:19:02Z,mobile
U0178,I0120,rating,5.0,1,26.42,2026-02-21T09:14:02Z,web
U0143,I0036,view,,1,74.72,2026-04-08T05:34:02Z,web
U0108,I0035,rating,4.0,1,26.96,2026-04-25T13:11:02Z,web
U0219,I0077,view,,1,43.74,2026-03-12T09:30:02Z,mobile
U0189,I0104,cart,,1,41.88,2026-03-12T03:43:02Z,mobile
U0153,I0016,view,,1,41.84,2026-03-11T19:55:02Z,mobile
U0009,I0119,cart,,1,34.0,2026-02-04T05:26:02Z,mobile
U0099,I0112,view,,1,53.68,2026-04-09T10:57:02Z,mobile
U0109,I0078,view,,1,41.4,2026-04-16T10:24:02Z,mobile
U0181,I0042,purchase,,2,34.64,2026-04-30T01:24:02Z,web
U0121,I0079,view,,1,55.92,2026-03-21T05:49:02Z,mobile
U0051,I0120,rating,4.0,1,26.42,2026-04-16T02:58:02Z,mobile
U0025,I0023,purchase,,1,51.99,2026-04-22T05:27:02Z,web
U0146,I0063,cart,,1,17.91,2026-02-07T00:44:02Z,web
U0206,I0065,view,,1,45.15,2026-04-05T01:32:02Z,web
U0028,I0097,view,,1,42.6,2026-04-28T02:52:02Z,mobile
U0001,I0102,view,,1,45.37,2026-03-29T05:57:02Z,mobile
U0163,I0037,view,,1,17.51,2026-03-22T13:28:02Z,mobile
U0151,I0110,view,,1,26.64,2026-02-01T18:22:02Z,web
U0215,I0038,cart,,1,23.01,2026-03-02T07:37:02Z,web
U0159,I0048,view,,1,22.53,2026-04-10T03:56:02Z,web
U0216,I0106,view,,1,26.93,2026-03-22T13:43:02Z,web
U0027,I0058,view,,1,18.03,2026-02-01T16:13:02Z,mobile
U0113,I0082,view,,1,27.22,2026-04-26T15:55:02Z,mobile
U0055,I0019,purchase,,1,35.63,2026-03-27T02:41:02Z,mobile
U0181,I0080,view,,1,16.0,2026-03-14T09:29:02Z,web
U0037,I0030,cart,,1,19.11,2026-03-11T17:28:02Z,mobile
U0164,I0094,view,,1,20.46,2026-04-07T10:11:02Z,mobile
U0117,I0003,purchase,,1,12.56,2026-02-14T16:10:02Z,mobile
U0041,I0015,view,,1,19.27,2026-03-28T07:16:02Z,mobile
U0219,I0051,view,,1,24.93,2026-03-13T20:27:02Z,mobile
U0113,I0109,purchase,,1,70.56,2026-02-01T23:55:02Z,web
U0058,I0064,view,,1,28.05,2026-02-22T04:57:02Z,web
U0228,I0099,purchase,,2,19.36,2026-02-28T08:39:02Z,web
U0177,I0108,view,,1,101.53,2026-02-12T17:52:02Z,web
U0129,I0091,cart,,1,42.99,2026-04-24T18:17:02Z,mobile
U0056,I0116,view,,1,59.11,2026-02-24T10:08:02Z,web
U0156,I0111,cart,,1,114.52,2026-03-28T10:24:02Z,web
U0093,I0097,rating,2.0,1,42.6,2026-04-02T02:39:02Z,web
U0233,I0059,view,,1,24.91,2026-02-11T04:17:02Z,mobile
U0180,I0023,view,,1,51.99,2026-02-18T04:49:02Z,mobile
U0215,I0109,cart,,1,70.56,2026-03-29T18:41:02Z,web
U0081,I0107,rating,2.0,1,14.01,2026-03-02T02:49:02Z,mobile
U0042,I0073,view,,1,25.28,2026-02-08T22:49:02Z,mobile
U0063,I0019,purchase,,3,35.63,2026-02-16T09:03:02Z,mobile
U0199,I0014,view,,1,30.5,2026-03-09T17:18:02Z,mobile
U0153,I0076,purchase,,1,36.2,2026-04-23T09:18:02Z,web
U0152,I0018,view,,1,34.0,2026-02-13T01:33:02Z,mobile
U0210,I0055,view,,1,14.43,2026-04-16T06:51:02Z,web
U0079,I0049,purchase,,1,10.95,2026-02-25T08:39:02Z,web
U0214,I0109,purchase,,1,70.56,2026-03-26T02:35:02Z,web
U0129,I0029,view,,1,83.41,2026-04-08T10:04:02Z,mobile
U0174,I0086,cart,,1,33.96,2026-04-08T23:23:02Z,web
U0082,I0054,rating,4.0,1,35.21,2026-02-16T01:18:02Z,mobile
U0038,I0066,purchase,,1,22.7,2026-04-28T09:45:02Z,web
U0035,I0085,view,,1,64.61,2026-03-25T02:22:02Z,web
U0212,I0073,view,,1,25.28,2026-03-31T23:52:02Z,mobile
U0159,I0096,view,,1,36.87,2026-04-24T04:17:02Z,mobile
U0207,I0002,purchase,,1,22.56,2026-02-11T13:40:02Z,web
U0108,I0040,purchase,,1,56.71,2026-02-22T19:56:02Z,mobile
U0207,I0091,view,,1,42.99,2026-02-24T03:52:02Z,web
U0223,I0119,view,,1,34.0,2026-03-18T10:52:02Z,mobile
U0230,I0051,view,,1,24.93,2026-02-25T17:58:02Z,web
U0078,I0101,view,,1,48.0,2026-04-26T01:17:02Z,web
U0214,I0051,view,,1,24.93,2026-04-23T11:34:02Z,web
U0176,I0059,view,,1,24.91,2026-02-09T00:14:02Z,mobile
U0231,I0052,view,,1,30.37,2026-03-07T13:03:02Z,mobile
U0202,I0074,view,,1,19.52,2026-03-26T04:18:02Z,mobile
U0004,I0099,purchase,,1,19.36,2026-03-13T20:02:02Z,mobile
U0054,I0058,view,,1,18.03,2026-04-20T17:27:02Z,mobile
U0046,I0027,cart,,1,58.32,2026-02-10T17:18:02Z,mobile
U0099,I0023,view,,1,51.99,2026-02-09T20:14:02Z,mobile
U0052,I0079,view,,1,55.92,2026-04-28T02:21:02Z,web
U0188,I0035,cart,,1,26.96,2026-02-09T09:21:02Z,web
U0041,I0074,cart,,1,19.52,2026-04-28T07:30:02Z,mobile
U0097,I0119,cart,,1,34.0,2026-02-24T01:27:02Z,web
U0003,I0055,cart,,1,14.43,2026-04-11T22:55:02Z,mobile
U0138,I0010,view,,1,50.12,2026-03-09T02:49:02Z,web
U0237,I0018,rating,3.0,1,34.0,2026-03-03T10:06:02Z,web
U0226,I0056,view,,1,21.96,2026-03-07T01:31:02Z,web
U0139,I0063,purchase,,2,17.91,2026-02-11T06:56:02Z,mobile
U0089,I0022,purchase,,1,23.73,2026-03-16T14:22:02Z,web
U0022,I0005,view,,1,20.52,2026-03-22T08:48:02Z,mobile
U0117,I0115,view,,1,29.97,2026-03-26T06:12:02Z,web
U0170,I0097,purchase,,1,42.6,2026-02-13T03:12:02Z,mobile
U0163,I0011,view,,1,15.55,2026-02-20T03:31:02Z,mobile
U0059,I0092,purchase,,2,16.23,2026-03-24T05:22:02Z,web
U0091,I0070,view,,1,26.73,2026-02-08T09:14:02Z,web
U0170,I0059,view,,1,24.91,2026-04-02T05:53:02Z,mobile
U0226,I0096,cart,,1,36.87,2026-03-18T22:33:02Z,web
U0137,I0054,cart,,1,35.21,2026-03-31T14:53:02Z,web
U0004,I0083,view,,1,17.83,2026-02-10T17:40:02Z,web
U0155,I0025,rating,5.0,1,15.52,2026-03-06T17:18:02Z,web
U0111,I0001,view,,1,31.44,2026-02-20T14:05:02Z,web
U0156,I0025,purchase,,1,15.52,2026-03-26T07:05:02Z,web
U0130,I0108,cart,,1,101.53,2026-04-11T03:00:02Z,web
U0009,I0021,rating,4.0,1,19.0,2026-02-23T06:46:02Z,mobile
U0085,I0021,rating,5.0,1,19.0,2026-02-20T15:43:02Z,mobile
U0218,I0109,cart,,1,70.56,2026-03-20T07:05:02Z,mobile
U0026,I0079,cart,,1,55.92,2026-02-07T18:19:02Z,mobile
U0165,I0069,rating,4.0,1,41.22,2026-03-15T08:33:02Z,web
U0149,I0027,purchase,,1,58.32,2026-02-18T05:57:02Z,mobile
U0174,I0072,view,,1,21.99,2026-02-10T03:43:02Z,web
U0064,I0045,rating,5.0,1,27.1,2026-04-17T03:54:02Z,mobile
U0020,I0063,view,,1,17.91,2026-03-28T02:43:02Z,web
U0240,I0044,cart,,1,16.15,2026-02-17T22:50:02Z,mobile
U0084,I0015,view,,1,19.27,2026-05-01T08:33:02Z,web
U0232,I0021,view,,1,19.0,2026-03-22T00:16:02Z,web
U0014,I0073,view,,1,25.28,2026-04-13T17:09:02Z,mobile
U0205,I0107,view,,1,14.01,2026-04-04T00:38:02Z,mobile
U0072,I0005,rating,5.0,1,20.52,2026-03-17T21:07:02Z,web
U0058,I0066,purchase,,3,22.7,2026-04-03T22:12:02Z,mobile
U0180,I0099,purchase,,1,19.36,2026-04-29T21:04:02Z,web
U0066,I0023,purchase,,1,51.99,2026-04-11T00:15:02Z,mobile
U0103,I0084,cart,,1,27.83,2026-03-15T06:51:02Z,web
U0129,I0070,cart,,1,26.73,2026-05-02T03:05:02Z,web
U0046,I0088,view,,1,30.05,2026-03-22T14:14:02Z,web
U0154,I0053,purchase,,1,18.65,2026-03-07T06:50:02Z,mobile
U0016,I0115,view,,1,29.97,2026-04-08T05:46:02Z,web
U0226,I0069,view,,1,41.22,2026-03-08T10:22:02Z,web
U0069,I0067,view,,1,77.25,2026-03-14T01:16:02Z,web
U0041,I0039,view,,1,14.55,2026-02-21T06:37:02Z,mobile
U0007,I0033,view,,1,24.72,2026-02-23T15:21:02Z,mobile
U0233,I0033,view,,1,24.72,2026-03-18T10:07:02Z,mobile
U0032,I0001,view,,1,31.44,2026-04-10T19:57:02Z,mobile
U0030,I0101,view,,1,48.0,2026-03-19T19:23:02Z,web
U0128,I0047,purchase,,2,36.67,2026-05-01T07:42:02Z,mobile
U0068,I0053,view,,1,18.65,2026-03-08T08:26:02Z,web
U0146,I0117,view,,1,42.8,2026-02-18T02:30:02Z,web
U0047,I0041,view,,1,35.48,2026-03-16T09:31:02Z,mobile
U0188,I0049,view,,1,10.95,2026-03-11T23:23:02Z,web
U0002,I0110,view,,1,26.64,2026-03-12T21:31:02Z,web
U0186,I0111,rating,3.0,1,114.52,2026-03-03T23:15:02Z,web
U0123,I0016,view,,1,41.84,2026-03-07T16:39:02Z,web
U0014,I0030,cart,,1,19.11,2026-03-24T17:40:02Z,mobile
U0032,I0081,rating,3.0,1,60.65,2026-04-28T12:43:02Z,web
U0228,I0065,view,,1,45.15,2026-03-02T08:39:02Z,web
U0114,I0015,view,,1,19.27,2026-03-07T19:00:02Z,web
U0079,I0086,view,,1,33.96,2026-02-26T17:31:02Z,mobile
U0231,I0063,rating,5.0,1,17.91,2026-03-05T01:56:02Z,mobile
U0102,I0023,rating,3.0,1,51.99,2026-04-13T08:58:02Z,web
U0057,I0024,view,,1,24.65,2026-04-13T04:27:02Z,mobile
U0052,I0044,purchase,,1,16.15,2026-04-20T02:23:02Z,web
U0045,I0032,purchase,,1,68.88,2026-02-25T10:36:02Z,mobile
U0029,I0057,view,,1,46.42,2026-04-30T23:47:02Z,mobile
U0130,I0046,view,,1,32.06,2026-03-04T05:49:02Z,web
U0231,I0055,view,,1,14.43,2026-02-22T06:04:02Z,web
U0041,I0031,cart,,1,6.52,2026-04-07T16:44:02Z,mobile
U0210,I0035,view,,1,26.96,2026-04-20T23:18:02Z,mobile
U0056,I0011,cart,,1,15.55,2026-03-26T13:37:02Z,web
U0198,I0031,rating,4.0,1,6.52,2026-03-23T01:12:02Z,mobile
U0053,I0102,rating,4.0,1,45.37,2026-04-19T07:08:02Z,web
U0103,I0018,view,,1,34.0,2026-04-10T21:06:02Z,mobile
U0046,I0113,view,,1,36.16,2026-04-23T12:23:02Z,mobile
U0030,I0087,rating,5.0,1,58.68,2026-04-02T02:43:02Z,web
U0005,I0045,cart,,1,27.1,2026-05-01T00:05:02Z,mobile
U0224,I0090,view,,1,12.85,2026-03-23T10:28:02Z,web
U0167,I0033,view,,1,24.72,2026-03-05T20:45:02Z,web
U0111,I0007,cart,,1,50.51,2026-02-27T03:34:02Z,mobile
U0133,I0117,purchase,,1,42.8,2026-05-02T03:44:02Z,web
U0013,I0047,view,,1,36.67,2026-03-19T22:13:02Z,mobile
U0117,I0080,cart,,1,16.0,2026-02-14T15:07:02Z,mobile
U0176,I0040,view,,1,56.71,2026-02-05T21:36:02Z,mobile
U0050,I0086,cart,,1,33.96,2026-04-22T14:10:02Z,mobile
U0074,I0112,view,,1,53.68,2026-03-23T00:16:02Z,mobile
U0150,I0039,rating,4.0,1,14.55,2026-03-22T15:25:02Z,web
U0176,I0086,rating,4.0,1,33.96,2026-04-05T17:56:02Z,web
U0183,I0069,view,,1,41.22,2026-02-28T20:19:02Z,web
U0226,I0034,view,,1,32.38,2026-02-14T01:49:02Z,web
U0234,I0070,view,,1,26.73,2026-03-13T11:54:02Z,web
U0147,I0029,view,,1,83.41,2026-04-14T07:50:02Z,web
U0067,I0009,purchase,,1,26.36,2026-04-25T18:49:02Z,web
U0210,I0049,view,,1,10.95,2026-04-22T15:51:02Z,mobile
U0176,I0118,purchase,,1,24.81,2026-03-16T16:24:02Z,web
U0163,I0100,view,,1,54.26,2026-03-06T06:44:02Z,web
U0043,I0081,rating,4.0,1,60.65,2026-02-18T18:52:02Z,mobile
U0215,I0031,purchase,,1,6.52,2026-04-28T08:45:02Z,mobile
U0078,I0048,view,,1,22.53,2026-03-29T14:05:02Z,mobile
U0090,I0038,purchase,,2,23.01,2026-04-22T19:43:02Z,web
U0106,I0073,view,,1,25.28,2026-03-04T01:27:02Z,web
U0127,I0116,view,,1,59.11,2026-04-02T01:53:02Z,mobile
U0194,I0118,rating,3.0,1,24.81,2026-03-30T20:15:02Z,web
U0069,I0022,view,,1,23.73,2026-04-13T05:29:02Z,web
U0167,I0015,rating,4.0,1,19.27,2026-02-17T21:41:02Z,web
U0121,I0042,view,,1,34.64,2026-03-12T07:08:02Z,web
U0101,I0005,rating,5.0,1,20.52,2026-04-08T07:58:02Z,web
U0061,I0082,view,,1,27.22,2026-03-02T18:43:02Z,mobile
U0026,I0005,cart,,1,20.52,2026-04-11T00:29:02Z,web
U0013,I0080,view,,1,16.0,2026-04-23T12:13:02Z,web
U0076,I0098,cart,,1,35.06,2026-04-16T23:51:02Z,web
U0175,I0097,rating,4.0,1,42.6,2026-02-03T15:30:02Z,mobile
U0161,I0104,cart,,1,41.88,2026-03-11T14:18:02Z,mobile
U0116,I0062,view,,1,23.59,2026-04-03T01:07:02Z,mobile
U0224,I0112,purchase,,1,53.68,2026-04-20T01:00:02Z,web
U0128,I0082,cart,,1,27.22,2026-04-07T14:19:02Z,web
U0069,I0065,purchase,,2,45.15,2026-02-15T12:12:02Z,web
U0004,I0106,view,,1,26.93,2026-02-28T12:52:02Z,mobile
U0029,I0014,cart,,1,30.5,2026-03-07T03:55:02Z,web
U0021,I0057,view,,1,46.42,2026-04-12T00:04:02Z,mobile
U0093,I0090,purchase,,1,12.85,2026-03-20T10:36:02Z,web
U0190,I0103,cart,,1,51.23,2026-03-08T01:55:02Z,web
U0160,I0102,rating,5.0,1,45.37,2026-04-04T11:46:02Z,web
U0034,I0014,rating,5.0,1,30.5,2026-02-12T05:09:02Z,web
U0144,I0110,view,,1,26.64,2026-04-17T00:58:02Z,web
U0016,I0058,view,,1,18.03,2026-04-28T22:55:02Z,mobile
U0171,I0091,view,,1,42.99,2026-03-29T10:56:02Z,mobile
U0027,I0066,view,,1,22.7,2026-02-04T07:59:02Z,web
U0166,I0032,view,,1,68.88,2026-04-04T10:41:02Z,web
U0101,I0004,cart,,1,24.4,2026-04-16T07:19:02Z,mobile
U0121,I0029,view,,1,83.41,2026-04-23T16:36:02Z,web
U0216,I0075,view,,1,25.5,2026-03-07T05:44:02Z,mobile
U0164,I0106,view,,1,26.93,2026-04-14T11:53:02Z,mobile
U0091,I0096,view,,1,36.87,2026-04-26T00:28:02Z,web
U0026,I0005,rating,3.0,1,20.52,2026-02-05T08:20:02Z,mobile
U0211,I0012,view,,1,67.3,2026-02-12T09:25:02Z,web
U0177,I0100,cart,,1,54.26,2026-03-11T20:45:02Z,mobile
U0015,I0020,view,,1,27.33,2026-04-25T01:11:02Z,mobile
U0107,I0004,cart,,1,24.4,2026-03-14T14:22:02Z,mobile
U0214,I0023,purchase,,1,51.99,2026-02-26T00:06:02Z,mobile
U0194,I0055,purchase,,1,14.43,2026-04-10T20:12:02Z,mobile
U0118,I0050,rating,4.0,1,15.33,2026-04-18T14:14:02Z,web
U0181,I0056,view,,1,21.96,2026-02-01T09:21:02Z,web
U0021,I0015,view,,1,19.27,2026-03-30T20:16:02Z,web
U0188,I0096,view,,1,36.87,2026-04-11T06:15:02Z,web
U0004,I0064,view,,1,28.05,2026-04-24T22:21:02Z,web
U0101,I0092,view,,1,16.23,2026-03-24T13:17:02Z,web
U0081,I0098,rating,1.0,1,35.06,2026-04-13T13:42:02Z,mobile
U0012,I0003,cart,,1,12.56,2026-02-03T05:59:02Z,web
U0224,I0077,view,,1,43.74,2026-04-13T23:23:02Z,mobile
U0238,I0021,view,,1,19.0,2026-03-26T09:38:02Z,web
U0120,I0018,rating,1.0,1,34.0,2026-02-03T11:12:02Z,mobile
U0024,I0073,view,,1,25.28,2026-03-19T15:49:02Z,mobile
U0232,I0023,rating,4.0,1,51.99,2026-02-15T22:12:02Z,web
U0116,I0028,view,,1,23.83,2026-02-06T07:20:02Z,mobile
U0220,I0075,rating,5.0,1,25.5,2026-04-27T10:22:02Z,web
U0100,I0049,view,,1,10.95,2026-04-09T06:10:02Z,web
U0063,I0016,purchase,,1,41.84,2026-03-12T08:38:02Z,web
U0190,I0077,view,,1,43.74,2026-02-04T08:48:02Z,mobile
U0234,I0112,view,,1,53.68,2026-04-17T08:48:02Z,mobile
U0197,I0079,view,,1,55.92,2026-02-16T18:06:02Z,web
U0240,I0038,purchase,,2,23.01,2026-04-11T15:35:02Z,web
U0110,I0066,purchase,,1,22.7,2026-02-27T08:26:02Z,web
U0234,I0077,view,,1,43.74,2026-02-12T03:09:02Z,web
U0119,I0038,view,,1,23.01,2026-04-02T03:26:02Z,web
U0147,I0109,cart,,1,70.56,2026-04-20T04:40:02Z,web
U0240,I0005,view,,1,20.52,2026-02-10T18:04:02Z,web
U0176,I0118,purchase,,1,24.81,2026-02-22T12:06:02Z,web
U0123,I0066,cart,,1,22.7,2026-04-19T22:31:02Z,web
U0202,I0043,view,,1,34.18,2026-02-11T10:46:02Z,web
U0111,I0104,purchase,,1,41.88,2026-02-17T00:11:02Z,web
U0033,I0027,view,,1,58.32,2026-02-11T16:18:02Z,web
U0042,I0060,purchase,,3,48.07,2026-02-17T20:41:02Z,web
U0054,I0025,view,,1,15.52,2026-04-16T15:04:02Z,web
U0174,I0046,view,,1,32.06,2026-03-14T04:42:02Z,mobile
U0039,I0091,view,,1,42.99,2026-04-05T13:38:02Z,mobile
U0165,I0048,view,,1,22.53,2026-03-23T17:29:02Z,mobile
U0127,I0114,view,,1,33.44,2026-04-28T11:44:02Z,mobile
U0221,I0110,cart,,1,26.64,2026-02-24T05:19:02Z,mobile
U0085,I0021,cart,,1,19.0,2026-03-26T14:27:02Z,web
U0065,I0114,view,,1,33.44,2026-03-04T03:00:02Z,web
U0113,I0047,view,,1,36.67,2026-02-18T21:23:02Z,web
U0177,I0062,view,,1,23.59,2026-02-26T10:57:02Z,web
U0218,I0043,view,,1,34.18,2026-04-13T09:04:02Z,mobile
U0030,I0035,cart,,1,26.96,2026-02-05T00:41:02Z,mobile
U0235,I0052,view,,1,30.37,2026-03-18T17:04:02Z,web
U0075,I0058,cart,,1,18.03,2026-02-10T10:13:02Z,web
U0140,I0046,rating,5.0,1,32.06,2026-04-17T17:22:02Z,web
U0233,I0077,cart,,1,43.74,2026-03-29T13:34:02Z,web
U0152,I0002,view,,1,22.56,2026-04-05T12:55:02Z,mobile
U0028,I0015,view,,1,19.27,2026-04-22T03:37:02Z,web
U0020,I0101,view,,1,48.0,2026-02-21T01:22:02Z,mobile
U0112,I0025,view,,1,15.52,2026-02-19T17:35:02Z,web
U0031,I0107,view,,1,14.01,2026-04-21T13:43:02Z,mobile
U0043,I0005,rating,5.0,1,20.52,2026-04-14T08:10:02Z,web
U0062,I0037,purchase,,1,17.51,2026-04-10T17:22:02Z,web
U0052,I0110,view,,1,26.64,2026-03-29T12:06:02Z,mobile
U0238,I0088,view,,1,30.05,2026-03-19T18:14:02Z,mobile
U0125,I0093,cart,,1,35.82,2026-03-11T22:50:02Z,web
U0208,I0120,view,,1,26.42,2026-02-19T08:16:02Z,web
U0093,I0090,view,,1,12.85,2026-04-01T12:22:02Z,mobile
U0145,I0037,view,,1,17.51,2026-04-13T13:42:02Z,mobile
U0089,I0079,view,,1,55.92,2026-04-26T12:52:02Z,mobile
U0171,I0004,view,,1,24.4,2026-02-15T12:48:02Z,web
U0062,I0016,purchase,,1,41.84,2026-03-17T03:48:02Z,mobile
U0086,I0010,rating,4.0,1,50.12,2026-04-16T13:26:02Z,mobile
U0148,I0065,rating,5.0,1,45.15,2026-04-15T17:36:02Z,mobile
U0022,I0105,view,,1,20.28,2026-02-04T01:21:02Z,web
U0178,I0118,view,,1,24.81,2026-02-09T13:29:02Z,web
U0054,I0082,rating,4.0,1,27.22,2026-03-23T04:24:02Z,web
U0046,I0012,view,,1,67.3,2026-04-04T04:46:02Z,mobile
U0113,I0058,rating,5.0,1,18.03,2026-04-20T07:09:02Z,mobile
U0146,I0091,view,,1,42.99,2026-03-08T23:01:02Z,web
U0228,I0032,purchase,,1,68.88,2026-03-06T20:53:02Z,web
U0190,I0009,view,,1,26.36,2026-04-30T04:02:02Z,mobile
U0182,I0040,cart,,1,56.71,2026-03-03T11:08:02Z,web
U0064,I0021,view,,1,19.0,2026-03-06T18:34:02Z,mobile
U0180,I0051,view,,1,24.93,2026-02-23T20:11:02Z,mobile
U0237,I0061,view,,1,17.75,2026-02-09T18:03:02Z,mobile
U0021,I0039,view,,1,14.55,2026-03-16T16:59:02Z,web
U0094,I0029,view,,1,83.41,2026-04-03T08:21:02Z,web
U0012,I0068,purchase,,2,16.18,2026-04-11T12:49:02Z,web
U0234,I0088,purchase,,2,30.05,2026-03-02T15:45:02Z,web
U0159,I0062,purchase,,1,23.59,2026-03-26T04:09:02Z,web
U0075,I0068,view,,1,16.18,2026-04-28T00:12:02Z,web
U0016,I0037,rating,1.0,1,17.51,2026-02-26T10:37:02Z,web
U0102,I0036,cart,,1,74.72,2026-04-01T13:28:02Z,web
U0216,I0037,rating,5.0,1,17.51,2026-03-29T14:45:02Z,web
U0107,I0103,cart,,1,51.23,2026-02-13T12:00:02Z,web
U0057,I0092,view,,1,16.23,2026-03-18T15:47:02Z,web
U0225,I0090,view,,1,12.85,2026-03-06T14:44:02Z,mobile
U0139,I0062,view,,1,23.59,2026-03-24T08:11:02Z,mobile
U0195,I0078,view,,1,41.4,2026-03-17T13:15:02Z,web
U0110,I0101,rating,4.0,1,48.0,2026-03-14T01:43:02Z,web
U0002,I0016,view,,1,41.84,2026-04-05T11:28:02Z,mobile
U0149,I0016,view,,1,41.84,2026-03-19T03:48:02Z,web
U0167,I0085,view,,1,64.61,2026-03-06T11:39:02Z,web
U0046,I0016,view,,1,41.84,2026-02-27T01:43:02Z,mobile
U0008,I0103,rating,5.0,1,51.23,2026-03-05T15:02:02Z,mobile
U0210,I0084,view,,1,27.83,2026-03-18T04:27:02Z,web
U0218,I0085,view,,1,64.61,2026-03-22T01:29:02Z,web
U0063,I0005,view,,1,20.52,2026-02-28T12:40:02Z,mobile
U0156,I0043,cart,,1,34.18,2026-02-08T10:03:02Z,web
U0057,I0064,purchase,,1,28.05,2026-03-27T08:52:02Z,mobile
U0107,I0100,rating,4.0,1,54.26,2026-02-12T13:53:02Z,web
U0186,I0027,view,,1,58.32,2026-03-03T07:44:02Z,mobile
U0022,I0025,view,,1,15.52,2026-04-03T22:28:02Z,mobile
U0051,I0032,view,,1,68.88,2026-04-21T06:56:02Z,web
U0106,I0046,view,,1,32.06,2026-02-03T02:30:02Z,mobile
U0011,I0113,cart,,1,36.16,2026-02-27T16:46:02Z,mobile
U0031,I0018,rating,2.0,1,34.0,2026-04-10T22:43:02Z,mobile
U0031,I0042,view,,1,34.64,2026-02-25T15:08:02Z,mobile
U0015,I0031,cart,,1,6.52,2026-03-08T01:38:02Z,web
U0203,I0096,cart,,1,36.87,2026-03-05T11:28:02Z,web
U0057,I0071,view,,1,31.77,2026-02-10T03:08:02Z,mobile
U0105,I0048,cart,,1,22.53,2026-04-16T21:09:02Z,mobile
U0071,I0067,cart,,1,77.25,2026-04-16T21:31:02Z,mobile
U0120,I0018,view,,1,34.0,2026-02-17T22:31:02Z,web
U0149,I0012,purchase,,1,67.3,2026-02-24T20:24:02Z,mobile
U0097,I0019,view,,1,35.63,2026-04-04T18:42:02Z,mobile
U0095,I0101,cart,,1,48.0,2026-04-23T17:06:02Z,mobile
U0026,I0026,cart,,1,13.5,2026-02-09T08:27:02Z,web
U0179,I0099,cart,,1,19.36,2026-03-07T02:12:02Z,mobile
U0039,I0054,view,,1,35.21,2026-04-28T07:48:02Z,web
U0234,I0079,view,,1,55.92,2026-02-12T03:22:02Z,mobile
U0170,I0115,view,,1,29.97,2026-04-24T03:19:02Z,mobile
U0106,I0039,view,,1,14.55,2026-02-14T01:09:02Z,web
U0022,I0084,purchase,,1,27.83,2026-02-10T09:33:02Z,mobile
U0124,I0068,view,,1,16.18,2026-02-25T08:42:02Z,mobile
U0146,I0043,view,,1,34.18,2026-02-07T07:44:02Z,web
U0048,I0039,view,,1,14.55,2026-04-10T23:54:02Z,web
U0115,I0090,purchase,,1,12.85,2026-04-24T19:22:02Z,mobile
U0214,I0008,purchase,,1,36.94,2026-03-23T10:46:02Z,mobile
U0107,I0024,view,,1,24.65,2026-04-07T15:11:02Z,mobile
U0077,I0018,rating,4.0,1,34.0,2026-04-12T16:58:02Z,web
U0058,I0012,purchase,,1,67.3,2026-04-22T09:47:02Z,mobile
U0085,I0078,rating,4.0,1,41.4,2026-03-28T08:51:02Z,mobile
U0150,I0039,view,,1,14.55,2026-02-04T04:38:02Z,web
U0219,I0119,rating,4.0,1,34.0,2026-03-23T13:59:02Z,web
U0225,I0026,view,,1,13.5,2026-03-29T08:12:02Z,web
U0062,I0014,view,,1,30.5,2026-03-14T22:55:02Z,web
U0008,I0088,view,,1,30.05,2026-03-17T01:18:02Z,mobile
U0208,I0106,purchase,,1,26.93,2026-02-24T17:19:02Z,web
U0127,I0106,view,,1,26.93,2026-02-17T08:43:02Z,web
U0021,I0014,view,,1,30.5,2026-02-16T18:06:02Z,mobile
U0087,I0110,purchase,,1,26.64,2026-04-06T09:43:02Z,mobile
U0182,I0074,view,,1,19.52,2026-03-04T21:14:02Z,web
U0028,I0112,view,,1,53.68,2026-03-29T19:39:02Z,web
U0098,I0083,cart,,1,17.83,2026-04-13T23:38:02Z,web
U0061,I0081,purchase,,1,60.65,2026-04-16T18:39:02Z,web
U0059,I0021,view,,1,19.0,2026-02-13T21:47:02Z,web
U0020,I0002,view,,1,22.56,2026-02-03T09:50:02Z,mobile
U0054,I0003,cart,,1,12.56,2026-03-23T19:45:02Z,mobile
U0202,I0074,rating,3.0,1,19.52,2026-02-26T03:56:02Z,mobile
U0194,I0076,cart,,1,36.2,2026-02-08T02:39:02Z,mobile
U0176,I0015,view,,1,19.27,2026-02-11T12:02:02Z,mobile
U0046,I0100,view,,1,54.26,2026-02-19T01:25:02Z,web
U0043,I0021,cart,,1,19.0,2026-04-09T03:40:02Z,mobile
U0098,I0066,view,,1,22.7,2026-03-26T23:37:02Z,mobile
U0068,I0021,view,,1,19.0,2026-03-12T00:04:02Z,web
U0112,I0090,purchase,,1,12.85,2026-03-05T18:17:02Z,web
U0075,I0025,rating,4.0,1,15.52,2026-02-22T23:32:02Z,mobile
U0022,I0031,view,,1,6.52,2026-03-07T18:59:02Z,mobile
U0023,I0089,view,,1,40.79,2026-02-25T11:06:02Z,web
U0156,I0049,view,,1,10.95,2026-02-19T17:35:02Z,mobile
U0182,I0068,view,,1,16.18,2026-02-10T14:08:02Z,mobile
U0182,I0028,view,,1,23.83,2026-03-14T04:59:02Z,web
U0074,I0030,purchase,,1,19.11,2026-03-20T07:20:02Z,mobile
U0140,I0076,view,,1,36.2,2026-04-17T01:57:02Z,web
U0169,I0018,purchase,,1,34.0,2026-02-12T12:11:02Z,mobile
U0031,I0042,purchase,,1,34.64,2026-04-07T02:11:02Z,web
U0019,I0008,cart,,1,36.94,2026-04-27T11:25:02Z,mobile
U0086,I0081,purchase,,1,60.65,2026-03-20T00:08:02Z,web
U0204,I0011,rating,4.0,1,15.55,2026-04-06T23:20:02Z,web
U0180,I0093,view,,1,35.82,2026-04-22T10:24:02Z,web
U0094,I0112,view,,1,53.68,2026-03-24T16:30:02Z,mobile
U0068,I0050,view,,1,15.33,2026-04-10T07:47:02Z,web
U0048,I0032,cart,,1,68.88,2026-04-15T02:25:02Z,mobile
U0058,I0110,view,,1,26.64,2026-04-28T12:52:02Z,mobile
U0066,I0041,view,,1,35.48,2026-04-20T04:35:02Z,web
U0142,I0084,view,,1,27.83,2026-04-13T16:11:02Z,web
U0152,I0059,cart,,1,24.91,2026-02-26T06:49:02Z,mobile
U0144,I0096,rating,2.0,1,36.87,2026-02-08T00:39:02Z,mobile
U0084,I0101,view,,1,48.0,2026-04-23T08:59:02Z,web
U0190,I0051,view,,1,24.93,2026-02-13T19:52:02Z,web
U0076,I0063,rating,5.0,1,17.91,2026-04-02T22:49:02Z,web
U0015,I0063,cart,,1,17.91,2026-03-30T17:28:02Z,mobile
U0172,I0116,purchase,,1,59.11,2026-02-20T10:20:02Z,mobile
U0020,I0025,purchase,,2,15.52,2026-03-21T01:37:02Z,web
U0055,I0045,view,,1,27.1,2026-02-04T20:42:02Z,web
U0116,I0065,view,,1,45.15,2026-02-16T04:32:02Z,mobile
U0014,I0111,cart,,1,114.52,2026-03-23T08:45:02Z,mobile
U0049,I0065,view,,1,45.15,2026-02-15T23:01:02Z,web
U0113,I0090,view,,1,12.85,2026-03-03T07:03:02Z,web
U0227,I0119,view,,1,34.0,2026-03-04T03:10:02Z,web
U0131,I0042,view,,1,34.64,2026-04-12T07:40:02Z,web
U0023,I0101,view,,1,48.0,2026-03-16T11:50:02Z,web
U0051,I0081,cart,,1,60.65,2026-04-04T12:59:02Z,mobile
U0191,I0013,cart,,1,28.54,2026-04-16T13:43:02Z,web
U0171,I0068,view,,1,16.18,2026-02-20T16:14:02Z,web
U0128,I0100,cart,,1,54.26,2026-02-20T08:51:02Z,web
U0108,I0062,view,,1,23.59,2026-04-14T08:22:02Z,mobile
U0229,I0025,purchase,,1,15.52,2026-04-02T20:26:02Z,web
U0126,I0089,cart,,1,40.79,2026-02-10T16:10:02Z,web
U0014,I0065,view,,1,45.15,2026-04-08T04:31:02Z,web
U0105,I0023,view,,1,51.99,2026-04-01T15:04:02Z,mobile
U0144,I0014,cart,,1,30.5,2026-03-18T05:24:02Z,mobile
U0089,I0090,view,,1,12.85,2026-04-24T23:54:02Z,mobile
U0221,I0100,view,,1,54.26,2026-02-23T12:28:02Z,mobile
U0027,I0087,view,,1,58.68,2026-02-10T09:42:02Z,web
U0068,I0117,view,,1,42.8,2026-02-24T20:59:02Z,mobile
U0128,I0097,cart,,1,42.6,2026-03-15T17:31:02Z,web
U0215,I0096,view,,1,36.87,2026-04-11T03:50:02Z,mobile
U0124,I0070,cart,,1,26.73,2026-04-14T20:21:02Z,mobile
U0015,I0050,rating,5.0,1,15.33,2026-04-23T23:23:02Z,web
U0172,I0015,purchase,,1,19.27,2026-02-27T07:13:02Z,web
U0070,I0115,rating,5.0,1,29.97,2026-03-26T13:20:02Z,mobile
U0079,I0049,view,,1,10.95,2026-03-21T04:10:02Z,web
U0039,I0037,rating,4.0,1,17.51,2026-04-12T21:45:02Z,web
U0052,I0076,purchase,,1,36.2,2026-02-21T16:52:02Z,web
U0092,I0070,view,,1,26.73,2026-02-28T01:26:02Z,mobile
U0152,I0007,view,,1,50.51,2026-02-20T08:59:02Z,web
U0062,I0104,view,,1,41.88,2026-04-10T03:48:02Z,mobile
U0070,I0119,purchase,,2,34.0,2026-02-25T04:35:02Z,web
U0071,I0058,rating,3.0,1,18.03,2026-03-17T03:22:02Z,web
U0180,I0065,cart,,1,45.15,2026-04-30T06:26:02Z,mobile
U0006,I0109,cart,,1,70.56,2026-03-18T06:54:02Z,web
U0225,I0109,rating,3.0,1,70.56,2026-02-20T02:00:02Z,web
U0107,I0021,view,,1,19.0,2026-02-17T10:23:02Z,mobile
U0098,I0113,cart,,1,36.16,2026-02-09T00:01:02Z,web
U0073,I0028,purchase,,1,23.83,2026-04-14T04:23:02Z,web
U0043,I0019,purchase,,1,35.63,2026-04-19T21:22:02Z,mobile
U0173,I0120,view,,1,26.42,2026-02-22T18:22:02Z,mobile
U0157,I0056,view,,1,21.96,2026-03-21T15:01:02Z,web
U0196,I0114,view,,1,33.44,2026-02-08T19:56:02Z,web
U0089,I0067,rating,2.0,1,77.25,2026-03-01T00:28:02Z,mobile
U0001,I0039,rating,3.0,1,14.55,2026-03-06T08:47:02Z,web
U0015,I0114,purchase,,1,33.44,2026-03-27T11:29:02Z,mobile
U0102,I0065,view,,1,45.15,2026-02-07T18:23:02Z,web
U0223,I0037,view,,1,17.51,2026-04-09T00:35:02Z,web
U0048,I0032,view,,1,68.88,2026-04-08T22:06:02Z,web
U0203,I0081,rating,5.0,1,60.65,2026-02-01T17:07:02Z,web
U0110,I0094,rating,3.0,1,20.46,2026-03-05T08:07:02Z,web
U0234,I0077,view,,1,43.74,2026-02-08T10:34:02Z,web
U0093,I0010,view,,1,50.12,2026-04-09T09:45:02Z,mobile
U0060,I0119,purchase,,1,34.0,2026-04-25T07:21:02Z,mobile
U0024,I0112,view,,1,53.68,2026-03-07T18:04:02Z,mobile
U0155,I0094,cart,,1,20.46,2026-02-26T00:41:02Z,web
U0026,I0009,purchase,,2,26.36,2026-04-20T14:52:02Z,mobile
U0214,I0110,view,,1,26.64,2026-04-23T16:25:02Z,mobile
U0240,I0009,view,,1,26.36,2026-03-15T21:36:02Z,web
U0118,I0119,purchase,,1,34.0,2026-04-08T19:05:02Z,web
U0114,I0100,rating,3.0,1,54.26,2026-04-12T01:46:02Z,mobile
U0064,I0088,view,,1,30.05,2026-03-29T05:47:02Z,mobile
U0149,I0001,rating,4.0,1,31.44,2026-03-03T01:39:02Z,mobile
U0205,I0006,view,,1,21.38,2026-02-25T05:07:02Z,mobile
U0057,I0064,rating,4.0,1,28.05,2026-03-23T03:34:02Z,web
U0216,I0008,view,,1,36.94,2026-02-24T09:46:02Z,mobile
U0234,I0019,view,,1,35.63,2026-03-20T09:43:02Z,mobile
U0002,I0017,view,,1,25.29,2026-03-21T19:58:02Z,web
U0017,I0060,rating,5.0,1,48.07,2026-04-14T18:11:02Z,mobile
U0196,I0036,rating,4.0,1,74.72,2026-04-25T06:18:02Z,web
U0148,I0099,rating,4.0,1,19.36,2026-03-27T17:48:02Z,web
U0088,I0086,view,,1,33.96,2026-05-01T08:08:02Z,web
U0220,I0094,purchase,,1,20.46,2026-02-02T15:35:02Z,mobile
U0031,I0077,cart,,1,43.74,2026-04-25T11:54:02Z,web
U0237,I0061,rating,5.0,1,17.75,2026-04-04T14:06:02Z,web
U0052,I0031,view,,1,6.52,2026-03-27T04:46:02Z,mobile
U0182,I0017,view,,1,25.29,2026-03-12T05:28:02Z,web
U0105,I0111,cart,,1,114.52,2026-04-23T07:57:02Z,web
U0037,I0012,view,,1,67.3,2026-04-24T21:46:02Z,web
U0154,I0098,rating,5.0,1,35.06,2026-04-12T08:00:02Z,web
U0058,I0008,cart,,1,36.94,2026-03-04T01:25:02Z,web
U0066,I0041,view,,1,35.48,2026-04-08T18:27:02Z,web
U0203,I0080,cart,,1,16.0,2026-04-27T05:40:02Z,mobile
U0072,I0053,view,,1,18.65,2026-04-17T19:07:02Z,web
U0216,I0094,cart,,1,20.46,2026-03-30T16:51:02Z,web
U0237,I0118,rating,4.0,1,24.81,2026-04-26T22:20:02Z,mobile
U0203,I0077,rating,3.0,1,43.74,2026-03-04T17:46:02Z,web
U0128,I0080,purchase,,1,16.0,2026-03-29T16:38:02Z,web
U0107,I0081,rating,5.0,1,60.65,2026-04-13T03:39:02Z,web
U0050,I0056,cart,,1,21.96,2026-02-28T02:40:02Z,mobile
U0197,I0009,view,,1,26.36,2026-02-04T04:18:02Z,web
U0057,I0024,view,,1,24.65,2026-04-23T22:14:02Z,web
U0021,I0116,view,,1,59.11,2026-03-10T02:38:02Z,web
U0113,I0044,cart,,1,16.15,2026-02-26T00:57:02Z,web
U0068,I0115,view,,1,29.97,2026-03-02T19:43:02Z,mobile
U0079,I0031,view,,1,6.52,2026-04-16T20:04:02Z,mobile
U0023,I0013,view,,1,28.54,2026-03-31T15:00:02Z,web
U0059,I0017,view,,1,25.29,2026-02-05T18:37:02Z,web
U0089,I0099,rating,5.0,1,19.36,2026-04-09T04:43:02Z,mobile
U0219,I0048,cart,,1,22.53,2026-04-05T08:31:02Z,web
U0151,I0027,view,,1,58.32,2026-02-09T20:47:02Z,mobile
U0041,I0032,cart,,1,68.88,2026-04-20T09:23:02Z,web
U0239,I0017,view,,1,25.29,2026-03-26T13:27:02Z,mobile
U0147,I0022,view,,1,23.73,2026-04-21T18:43:02Z,web
U0142,I0097,view,,1,42.6,2026-03-06T22:51:02Z,mobile
U0055,I0039,view,,1,14.55,2026-02-08T20:23:02Z,web
U0198,I0076,view,,1,36.2,2026-02-17T07:51:02Z,mobile
U0138,I0068,purchase,,1,16.18,2026-03-02T22:52:02Z,mobile
U0162,I0083,view,,1,17.83,2026-04-05T10:50:02Z,web
U0225,I0120,rating,4.0,1,26.42,2026-03-12T23:02:02Z,web
U0152,I0109,view,,1,70.56,2026-04-14T22:00:02Z,mobile
U0146,I0117,view,,1,42.8,2026-02-20T08:15:02Z,web
U0220,I0079,view,,1,55.92,2026-02-24T14:04:02Z,web
U0161,I0032,cart,,1,68.88,2026-04-27T08:36:02Z,web
U0004,I0008,rating,5.0,1,36.94,2026-02-01T19:43:02Z,web
U0127,I0082,purchase,,1,27.22,2026-03-15T20:38:02Z,web
U0234,I0115,cart,,1,29.97,2026-03-11T15:48:02Z,web
U0016,I0078,purchase,,1,41.4,2026-04-14T12:44:02Z,mobile
U0201,I0025,view,,1,15.52,2026-02-17T13:19:02Z,web
U0089,I0093,view,,1,35.82,2026-03-25T09:46:02Z,mobile
U0085,I0084,purchase,,2,27.83,2026-04-20T05:55:02Z,web
U0225,I0077,view,,1,43.74,2026-04-13T02:27:02Z,mobile
U0221,I0028,rating,4.0,1,23.83,2026-03-03T02:41:02Z,web
U0082,I0033,purchase,,1,24.72,2026-03-14T17:19:02Z,web
U0121,I0070,view,,1,26.73,2026-03-31T05:30:02Z,mobile
U0224,I0099,cart,,1,19.36,2026-02-20T01:53:02Z,web
U0031,I0058,view,,1,18.03,2026-04-16T00:18:02Z,mobile
U0057,I0086,view,,1,33.96,2026-03-05T14:54:02Z,mobile
U0184,I0071,view,,1,31.77,2026-03-26T00:42:02Z,mobile
U0068,I0054,rating,5.0,1,35.21,2026-04-20T18:02:02Z,web
U0149,I0009,view,,1,26.36,2026-02-26T23:23:02Z,mobile
U0045,I0092,purchase,,1,16.23,2026-03-21T16:22:02Z,mobile
U0041,I0059,purchase,,3,24.91,2026-03-02T04:59:02Z,web
U0182,I0013,view,,1,28.54,2026-03-26T03:48:02Z,web
U0183,I0082,purchase,,1,27.22,2026-03-12T00:25:02Z,mobile
U0125,I0016,purchase,,2,41.84,2026-04-07T04:35:02Z,web
U0078,I0080,rating,4.0,1,16.0,2026-03-01T15:01:02Z,mobile
U0052,I0058,purchase,,3,18.03,2026-03-17T12:19:02Z,web
U0072,I0012,view,,1,67.3,2026-03-02T20:29:02Z,web
U0121,I0056,rating,4.0,1,21.96,2026-04-13T22:52:02Z,web
U0039,I0062,cart,,1,23.59,2026-03-31T15:40:02Z,mobile
U0067,I0067,view,,1,77.25,2026-04-10T03:52:02Z,mobile
U0237,I0118,rating,5.0,1,24.81,2026-04-25T01:23:02Z,mobile
U0183,I0118,cart,,1,24.81,2026-03-15T15:29:02Z,mobile
U0100,I0034,cart,,1,32.38,2026-04-16T01:06:02Z,mobile
U0123,I0094,purchase,,2,20.46,2026-02-09T13:10:02Z,mobile
U0117,I0041,cart,,1,35.48,2026-02-04T00:49:02Z,web
U0216,I0069,view,,1,41.22,2026-03-26T16:48:02Z,web
U0147,I0003,purchase,,1,12.56,2026-03-23T04:39:02Z,web
U0032,I0077,rating,5.0,1,43.74,2026-02-05T00:46:02Z,mobile
U0010,I0029,view,,1,83.41,2026-04-10T23:39:02Z,web
U0232,I0071,cart,,1,31.77,2026-03-13T17:29:02Z,mobile
U0195,I0037,view,,1,17.51,2026-04-13T14:13:02Z,web
U0060,I0002,cart,,1,22.56,2026-02-28T00:06:02Z,web
U0223,I0024,cart,,1,24.65,2026-03-11T13:31:02Z,web
U0235,I0101,view,,1,48.0,2026-02-19T17:34:02Z,web
U0161,I0085,cart,,1,64.61,2026-02-13T02:32:02Z,mobile
U0196,I0083,cart,,1,17.83,2026-02-27T09:50:02Z,mobile
U0211,I0066,view,,1,22.7,2026-04-08T19:36:02Z,web
U0060,I0052,view,,1,30.37,2026-05-01T21:35:02Z,web
U0027,I0066,view,,1,22.7,2026-04-01T19:03:02Z,web
U0050,I0007,view,,1,50.51,2026-02-27T12:16:02Z,mobile
U0221,I0038,view,,1,23.01,2026-03-09T03:33:02Z,web
U0183,I0048,view,,1,22.53,2026-05-01T15:49:02Z,mobile
U0137,I0080,purchase,,1,16.0,2026-04-19T09:40:02Z,web
U0147,I0014,view,,1,30.5,2026-02-10T23:50:02Z,web
U0056,I0120,rating,4.0,1,26.42,2026-04-11T11:24:02Z,web
U0116,I0066,rating,3.0,1,22.7,2026-02-26T11:34:02Z,web
U0164,I0028,view,,1,23.83,2026-04-11T09:11:02Z,mobile
U0214,I0018,rating,3.0,1,34.0,2026-03-19T01:29:02Z,mobile
U0200,I0055,cart,,1,14.43,2026-05-01T11:15:02Z,web
U0017,I0094,cart,,1,20.46,2026-03-12T03:52:02Z,mobile
U0029,I0029,view,,1,83.41,2026-03-24T21:56:02Z,web
U0202,I0039,purchase,,1,14.55,2026-04-13T09:24:02Z,mobile
U0198,I0056,view,,1,21.96,2026-03-25T02:58:02Z,web
U0174,I0061,rating,1.0,1,17.75,2026-02-13T02:19:02Z,web
U0147,I0001,view,,1,31.44,2026-03-08T09:17:02Z,web
U0052,I0026,purchase,,1,13.5,2026-04-15T09:37:02Z,mobile
U0225,I0016,rating,4.0,1,41.84,2026-02-18T03:02:02Z,web
U0101,I0092,purchase,,1,16.23,2026-02-16T00:13:02Z,mobile
U0121,I0090,view,,1,12.85,2026-04-02T01:47:02Z,web
U0056,I0011,rating,5.0,1,15.55,2026-02-10T12:05:02Z,web
U0224,I0098,view,,1,35.06,2026-03-02T05:40:02Z,mobile
U0227,I0035,view,,1,26.96,2026-02-03T21:10:02Z,web
U0068,I0108,view,,1,101.53,2026-04-19T14:38:02Z,mobile
U0166,I0087,view,,1,58.68,2026-03-23T11:27:02Z,mobile
U0062,I0078,view,,1,41.4,2026-04-20T06:05:02Z,mobile
U0013,I0003,cart,,1,12.56,2026-03-30T13:43:02Z,mobile
U0051,I0018,view,,1,34.0,2026-04-28T16:46:02Z,web
U0222,I0025,purchase,,1,15.52,2026-03-26T16:21:02Z,web
U0194,I0059,cart,,1,24.91,2026-02-20T00:21:02Z,web
U0122,I0075,view,,1,25.5,2026-02-01T11:34:02Z,web
U0134,I0097,view,,1,42.6,2026-02-11T05:48:02Z,mobile
U0127,I0023,purchase,,1,51.99,2026-04-16T04:03:02Z,mobile
U0003,I0069,view,,1,41.22,2026-02-14T05:46:02Z,mobile
U0150,I0116,view,,1,59.11,2026-04-25T09:40:02Z,web
U0218,I0013,view,,1,28.54,2026-03-21T04:16:02Z,web
U0144,I0113,view,,1,36.16,2026-02-27T09:30:02Z,mobile
U0112,I0027,purchase,,1,58.32,2026-03-11T22:24:02Z,web
U0028,I0102,view,,1,45.37,2026-02-16T18:01:02Z,web
U0052,I0001,view,,1,31.44,2026-03-20T03:45:02Z,web
U0077,I0001,rating,3.0,1,31.44,2026-03-25T09:07:02Z,web
U0215,I0080,rating,4.0,1,16.0,2026-03-27T08:45:02Z,web
U0001,I0049,view,,1,10.95,2026-03-04T18:15:02Z,mobile
U0087,I0105,view,,1,20.28,2026-04-20T06:41:02Z,mobile
U0095,I0116,view,,1,59.11,2026-04-10T12:11:02Z,mobile
U0067,I0027,cart,,1,58.32,2026-02-26T13:06:02Z,web
U0212,I0069,view,,1,41.22,2026-02-18T23:02:02Z,mobile
U0079,I0098,view,,1,35.06,2026-04-17T13:59:02Z,web
U0198,I0024,view,,1,24.65,2026-03-17T11:00:02Z,mobile
U0105,I0084,view,,1,27.83,2026-05-01T14:14:02Z,web
U0158,I0074,rating,3.0,1,19.52,2026-03-20T14:06:02Z,web
U0135,I0114,view,,1,33.44,2026-02-18T16:45:02Z,mobile
U0208,I0092,rating,3.0,1,16.23,2026-02-07T00:08:02Z,web
U0228,I0034,rating,5.0,1,32.38,2026-02-19T12:38:02Z,web
U0055,I0103,rating,5.0,1,51.23,2026-04-12T15:57:02Z,web
U0158,I0067,view,,1,77.25,2026-02-06T10:15:02Z,web
U0121,I0042,purchase,,1,34.64,2026-04-09T02:49:02Z,web
U0221,I0027,view,,1,58.32,2026-03-09T01:34:02Z,mobile
U0138,I0013,view,,1,28.54,2026-02-13T10:58:02Z,web
U0095,I0086,rating,4.0,1,33.96,2026-03-04T05:48:02Z,web
U0194,I0076,view,,1,36.2,2026-02-07T11:13:02Z,web
U0212,I0082,cart,,1,27.22,2026-04-03T11:51:02Z,web
U0154,I0105,purchase,,1,20.28,2026-04-26T20:50:02Z,web
U0155,I0063,view,,1,17.91,2026-02-15T03:35:02Z,mobile
U0163,I0064,view,,1,28.05,2026-04-03T17:13:02Z,mobile
U0138,I0106,view,,1,26.93,2026-03-08T11:25:02Z,mobile
U0148,I0065,view,,1,45.15,2026-03-18T15:20:02Z,mobile
U0101,I0045,purchase,,1,27.1,2026-02-20T23:50:02Z,mobile
U0234,I0089,purchase,,1,40.79,2026-03-30T03:08:02Z,mobile
U0111,I0027,rating,5.0,1,58.32,2026-04-21T06:02:02Z,mobile
U0114,I0115,view,,1,29.97,2026-03-15T21:28:02Z,web
U0047,I0022,purchase,,1,23.73,2026-04-10T23:31:02Z,web
U0025,I0063,cart,,1,17.91,2026-03-04T08:23:02Z,mobile
U0001,I0043,view,,1,34.18,2026-04-21T19:15:02Z,mobile
U0220,I0068,view,,1,16.18,2026-03-18T10:16:02Z,web
U0021,I0105,view,,1,20.28,2026-03-25T15:13:02Z,web
U0016,I0003,view,,1,12.56,2026-03-10T19:23:02Z,mobile
U0066,I0087,view,,1,58.68,2026-03-16T08:04:02Z,mobile
U0124,I0079,rating,5.0,1,55.92,2026-03-18T08:05:02Z,web
U0188,I0033,rating,4.0,1,24.72,2026-03-22T19:41:02Z,web
U0119,I0074,view,,1,19.52,2026-04-13T19:44:02Z,mobile
U0077,I0026,view,,1,13.5,2026-04-20T15:30:02Z,web
U0003,I0007,view,,1,50.51,2026-02-10T09:40:02Z,mobile
U0076,I0045,rating,5.0,1,27.1,2026-04-03T06:12:02Z,web
U0057,I0011,cart,,1,15.55,2026-04-01T01:32:02Z,mobile
U0016,I0042,cart,,1,34.64,2026-02-12T18:08:02Z,mobile
U0019,I0073,view,,1,25.28,2026-03-27T03:38:02Z,mobile
U0153,I0023,cart,,1,51.99,2026-03-29T02:29:02Z,web
U0105,I0059,view,,1,24.91,2026-04-03T22:59:02Z,web
U0100,I0065,cart,,1,45.15,2026-04-15T01:20:02Z,web
U0190,I0016,view,,1,41.84,2026-02-11T07:35:02Z,web
U0093,I0044,purchase,,1,16.15,2026-02-16T12:23:02Z,web
U0010,I0091,cart,,1,42.99,2026-04-24T23:44:02Z,web
U0123,I0063,view,,1,17.91,2026-04-17T16:37:02Z,web
U0178,I0104,rating,2.0,1,41.88,2026-02-21T13:49:02Z,mobile
U0099,I0036,view,,1,74.72,2026-02-24T21:44:02Z,mobile
U0059,I0098,view,,1,35.06,2026-04-09T15:23:02Z,web
U0081,I0039,view,,1,14.55,2026-03-03T15:37:02Z,web
U0062,I0006,purchase,,2,21.38,2026-02-08T13:06:02Z,web
U0055,I0057,view,,1,46.42,2026-03-19T09:54:02Z,web
U0051,I0087,view,,1,58.68,2026-03-31T16:03:02Z,web
U0083,I0044,view,,1,16.15,2026-02-20T16:11:02Z,mobile
U0071,I0099,view,,1,19.36,2026-03-05T21:40:02Z,web
U0060,I0092,view,,1,16.23,2026-02-22T11:20:02Z,mobile
U0118,I0062,view,,1,23.59,2026-04-04T04:50:02Z,mobile
U0011,I0035,rating,2.0,1,26.96,2026-04-30T12:04:02Z,web
U0090,I0001,view,,1,31.44,2026-04-14T00:44:02Z,web
U0010,I0007,purchase,,1,50.51,2026-03-02T12:22:02Z,mobile
U0145,I0106,cart,,1,26.93,2026-03-22T01:29:02Z,mobile
U0149,I0058,purchase,,1,18.03,2026-04-24T22:15:02Z,web
U0015,I0017,cart,,1,25.29,2026-03-24T10:13:02Z,web
U0079,I0040,view,,1,56.71,2026-03-12T04:18:02Z,web
U0071,I0093,view,,1,35.82,2026-03-20T17:14:02Z,mobile
U0053,I0069,view,,1,41.22,2026-03-30T20:16:02Z,mobile
U0227,I0114,cart,,1,33.44,2026-02-19T04:28:02Z,web
U0062,I0015,view,,1,19.27,2026-04-03T13:03:02Z,web
U0131,I0052,purchase,,2,30.37,2026-04-11T16:08:02Z,mobile
U0122,I0008,rating,2.0,1,36.94,2026-04-29T03:07:02Z,mobile
U0135,I0036,view,,1,74.72,2026-03-23T01:45:02Z,web
U0058,I0031,purchase,,1,6.52,2026-03-15T23:13:02Z,mobile
U0148,I0065,cart,,1,45.15,2026-02-21T22:24:02Z,mobile
U0078,I0044,rating,4.0,1,16.15,2026-02-07T02:28:02Z,web
U0184,I0068,cart,,1,16.18,2026-02-17T11:24:02Z,web
U0216,I0016,cart,,1,41.84,2026-02-03T01:20:02Z,mobile
U0139,I0052,view,,1,30.37,2026-03-23T03:21:02Z,web
U0202,I0014,view,,1,30.5,2026-05-01T02:55:02Z,web
U0140,I0040,cart,,1,56.71,2026-02-21T22:20:02Z,web
U0045,I0009,view,,1,26.36,2026-04-26T08:00:02Z,web
U0005,I0057,purchase,,3,46.42,2026-02-06T15:54:02Z,web
U0115,I0044,rating,4.0,1,16.15,2026-04-13T03:48:02Z,mobile
U0067,I0005,purchase,,1,20.52,2026-02-24T23:50:02Z,web
U0091,I0038,view,,1,23.01,2026-03-09T09:19:02Z,mobile
U0117,I0080,cart,,1,16.0,2026-04-27T10:39:02Z,mobile
U0040,I0028,view,,1,23.83,2026-02-12T09:03:02Z,web
U0170,I0004,rating,4.0,1,24.4,2026-02-11T01:00:02Z,web
U0057,I0106,cart,,1,26.93,2026-03-29T03:49:02Z,mobile
U0218,I0031,view,,1,6.52,2026-04-01T15:44:02Z,mobile
U0072,I0056,view,,1,21.96,2026-04-09T22:18:02Z,web
U0116,I0081,view,,1,60.65,2026-04-16T17:20:02Z,web
U0235,I0029,view,,1,83.41,2026-04-25T06:27:02Z,web
U0192,I0016,view,,1,41.84,2026-02-05T13:04:02Z,web
U0213,I0092,view,,1,16.23,2026-02-27T00:38:02Z,web
U0142,I0098,view,,1,35.06,2026-04-07T19:42:02Z,web
U0030,I0104,cart,,1,41.88,2026-03-04T14:00:02Z,mobile
U0042,I0060,cart,,1,48.07,2026-02-23T06:42:02Z,web
U0018,I0090,view,,1,12.85,2026-03-26T06:51:02Z,mobile
U0159,I0058,cart,,1,18.03,2026-03-05T05:43:02Z,web
U0108,I0046,purchase,,3,32.06,2026-02-25T01:33:02Z,mobile
U0115,I0036,cart,,1,74.72,2026-04-09T17:41:02Z,web
U0152,I0069,view,,1,41.22,2026-03-22T08:52:02Z,web
U0045,I0014,view,,1,30.5,2026-04-27T20:46:02Z,mobile
U0135,I0023,view,,1,51.99,2026-03-21T05:04:02Z,web
U0129,I0058,view,,1,18.03,2026-02-13T01:37:02Z,web
U0060,I0008,cart,,1,36.94,2026-04-12T17:30:02Z,web
U0131,I0096,view,,1,36.87,2026-02-12T23:38:02Z,mobile
U0111,I0009,view,,1,26.36,2026-02-13T21:25:02Z,web
U0077,I0001,view,,1,31.44,2026-03-20T01:36:02Z,web
U0181,I0038,view,,1,23.01,2026-03-23T08:06:02Z,mobile
U0237,I0105,view,,1,20.28,2026-02-26T07:04:02Z,web
U0045,I0025,view,,1,15.52,2026-03-12T07:50:02Z,mobile
U0225,I0038,view,,1,23.01,2026-03-24T16:43:02Z,mobile
U0082,I0088,cart,,1,30.05,2026-02-06T07:57:02Z,web
U0141,I0056,purchase,,1,21.96,2026-04-01T23:30:02Z,web
U0144,I0094,rating,3.0,1,20.46,2026-03-14T18:41:02Z,mobile
U0187,I0053,view,,1,18.65,2026-02-26T21:25:02Z,web
U0080,I0055,view,,1,14.43,2026-03-19T10:04:02Z,mobile
U0012,I0038,cart,,1,23.01,2026-03-11T13:28:02Z,mobile
U0022,I0117,view,,1,42.8,2026-02-12T22:31:02Z,mobile
U0045,I0050,view,,1,15.33,2026-02-13T00:46:02Z,web
U0091,I0071,purchase,,1,31.77,2026-03-28T21:56:02Z,mobile
U0164,I0104,rating,5.0,1,41.88,2026-03-17T12:56:02Z,web
U0001,I0068,view,,1,16.18,2026-03-16T07:39:02Z,web
U0193,I0089,cart,,1,40.79,2026-03-30T20:25:02Z,mobile
U0208,I0093,cart,,1,35.82,2026-03-08T13:36:02Z,web
U0017,I0110,view,,1,26.64,2026-02-23T08:28:02Z,web
U0184,I0039,view,,1,14.55,2026-02-16T12:10:02Z,web
U0057,I0012,view,,1,67.3,2026-02-08T12:31:02Z,web
U0179,I0051,view,,1,24.93,2026-03-16T07:12:02Z,web
U0026,I0038,view,,1,23.01,2026-03-16T22:06:02Z,web
U0159,I0029,view,,1,83.41,2026-02-05T09:17:02Z,web
U0043,I0057,view,,1,46.42,2026-02-22T22:30:02Z,web
U0142,I0084,purchase,,1,27.83,2026-02-07T12:14:02Z,web
U0230,I0107,cart,,1,14.01,2026-02-06T17:18:02Z,mobile
U0208,I0046,purchase,,1,32.06,2026-02-03T20:10:02Z,web
U0093,I0081,view,,1,60.65,2026-03-03T18:32:02Z,mobile
U0236,I0067,cart,,1,77.25,2026-04-27T12:53:02Z,web
U0093,I0052,rating,4.0,1,30.37,2026-03-29T10:42:02Z,mobile
U0107,I0115,rating,5.0,1,29.97,2026-03-03T17:25:02Z,web
U0233,I0041,view,,1,35.48,2026-02-06T01:50:02Z,web
U0002,I0082,view,,1,27.22,2026-04-29T20:37:02Z,web
U0082,I0009,view,,1,26.36,2026-03-18T08:36:02Z,mobile
U0083,I0009,view,,1,26.36,2026-03-21T22:19:02Z,web
U0063,I0003,purchase,,1,12.56,2026-02-05T05:13:02Z,web
U0211,I0028,view,,1,23.83,2026-03-22T17:13:02Z,web
U0187,I0055,view,,1,14.43,2026-04-08T16:19:02Z,web
U0118,I0078,view,,1,41.4,2026-03-06T21:29:02Z,mobile
U0023,I0072,view,,1,21.99,2026-02-01T09:46:02Z,mobile
U0143,I0060,cart,,1,48.07,2026-03-24T20:14:02Z,web
U0047,I0036,rating,2.0,1,74.72,2026-04-04T17:12:02Z,mobile
U0072,I0026,view,,1,13.5,2026-03-16T00:57:02Z,mobile
U0129,I0092,view,,1,16.23,2026-04-28T20:13:02Z,mobile
U0052,I0096,view,,1,36.87,2026-04-26T00:36:02Z,web
U0200,I0111,view,,1,114.52,2026-02-17T20:55:02Z,web
U0166,I0085,purchase,,1,64.61,2026-03-29T05:49:02Z,mobile
U0219,I0100,view,,1,54.26,2026-03-05T09:06:02Z,web
U0224,I0070,cart,,1,26.73,2026-04-04T19:56:02Z,mobile
U0037,I0001,cart,,1,31.44,2026-04-08T01:26:02Z,web
U0139,I0058,view,,1,18.03,2026-04-21T04:08:02Z,mobile
U0162,I0009,view,,1,26.36,2026-03-14T08:01:02Z,mobile
U0144,I0066,view,,1,22.7,2026-03-17T04:32:02Z,web
U0187,I0115,cart,,1,29.97,2026-02-10T01:56:02Z,web
U0166,I0104,purchase,,2,41.88,2026-02-23T09:56:02Z,web
U0004,I0012,view,,1,67.3,2026-02-09T16:26:02Z,web
U0074,I0022,view,,1,23.73,2026-02-16T10:55:02Z,web
U0020,I0043,view,,1,34.18,2026-03-19T07:53:02Z,web
U0182,I0083,view,,1,17.83,2026-04-18T05:52:02Z,web
U0101,I0002,view,,1,22.56,2026-03-31T16:50:02Z,web
U0140,I0053,view,,1,18.65,2026-03-06T16:04:02Z,web
U0199,I0116,view,,1,59.11,2026-04-11T03:07:02Z,mobile
U0233,I0102,view,,1,45.37,2026-05-01T05:20:02Z,mobile
U0165,I0064,view,,1,28.05,2026-03-23T11:20:02Z,web
U0168,I0097,view,,1,42.6,2026-02-07T18:12:02Z,mobile
U0117,I0019,purchase,,1,35.63,2026-02-24T07:03:02Z,mobile
U0165,I0036,view,,1,74.72,2026-02-13T04:47:02Z,mobile
U0031,I0030,purchase,,1,19.11,2026-02-08T09:07:02Z,web
U0152,I0055,view,,1,14.43,2026-03-21T16:18:02Z,mobile
U0200,I0048,view,,1,22.53,2026-03-27T15:20:02Z,mobile
U0130,I0060,view,,1,48.07,2026-03-23T09:29:02Z,mobile
U0035,I0087,view,,1,58.68,2026-02-19T01:01:02Z,mobile
U0064,I0019,view,,1,35.63,2026-02-21T11:57:02Z,web
U0175,I0044,view,,1,16.15,2026-04-20T18:08:02Z,web
U0078,I0054,purchase,,1,35.21,2026-04-05T04:50:02Z,web
U0153,I0029,view,,1,83.41,2026-03-08T09:35:02Z,mobile
U0092,I0096,view,,1,36.87,2026-02-05T21:52:02Z,web
U0001,I0117,view,,1,42.8,2026-03-24T07:23:02Z,web
U0213,I0059,cart,,1,24.91,2026-02-11T12:06:02Z,mobile
U0006,I0016,view,,1,41.84,2026-03-21T16:50:02Z,mobile
U0172,I0116,view,,1,59.11,2026-03-06T23:59:02Z,web
U0029,I0038,view,,1,23.01,2026-03-03T11:32:02Z,web
U0223,I0027,rating,4.0,1,58.32,2026-04-10T23:32:02Z,mobile
U0180,I0060,view,,1,48.07,2026-04-18T16:57:02Z,mobile
U0001,I0107,view,,1,14.01,2026-02-15T05:36:02Z,mobile
U0103,I0110,purchase,,1,26.64,2026-03-14T10:32:02Z,web
U0169,I0106,view,,1,26.93,2026-02-15T19:38:02Z,web
U0155,I0057,cart,,1,46.42,2026-04-15T23:50:02Z,mobile
U0111,I0080,view,,1,16.0,2026-03-07T07:03:02Z,mobile
U0214,I0064,cart,,1,28.05,2026-02-11T16:48:02Z,mobile
U0080,I0045,view,,1,27.1,2026-03-08T04:18:02Z,web
U0053,I0073,cart,,1,25.28,2026-04-18T09:20:02Z,mobile
U0018,I0103,view,,1,51.23,2026-04-08T21:43:02Z,web
U0104,I0049,view,,1,10.95,2026-04-25T20:07:02Z,mobile
U0100,I0065,view,,1,45.15,2026-03-02T18:22:02Z,mobile
U0005,I0018,rating,4.0,1,34.0,2026-03-31T07:48:02Z,web
U0177,I0091,cart,,1,42.99,2026-04-18T22:14:02Z,mobile
U0046,I0037,view,,1,17.51,2026-03-14T05:26:02Z,mobile
U0233,I0048,purchase,,2,22.53,2026-02-22T11:33:02Z,mobile
U0085,I0017,view,,1,25.29,2026-03-13T02:47:02Z,web
U0146,I0077,view,,1,43.74,2026-03-19T11:40:02Z,web
U0231,I0059,view,,1,24.91,2026-03-03T05:13:02Z,mobile
U0047,I0099,purchase,,2,19.36,2026-02-22T09:39:02Z,web
U0097,I0088,view,,1,30.05,2026-03-01T21:22:02Z,mobile
U0134,I0015,view,,1,19.27,2026-04-06T09:46:02Z,mobile
U0222,I0095,purchase,,1,11.84,2026-04-11T01:34:02Z,web
U0191,I0061,rating,4.0,1,17.75,2026-03-17T16:22:02Z,web
U0130,I0004,purchase,,1,24.4,2026-03-14T08:05:02Z,mobile
U0030,I0012,cart,,1,67.3,2026-04-16T08:04:02Z,mobile
U0002,I0077,purchase,,1,43.74,2026-02-04T13:28:02Z,web
U0081,I0073,view,,1,25.28,2026-04-06T23:57:02Z,mobile
U0240,I0059,cart,,1,24.91,2026-03-02T12:42:02Z,web
U0166,I0087,cart,,1,58.68,2026-04-15T09:39:02Z,web
U0126,I0012,view,,1,67.3,2026-04-11T05:37:02Z,mobile
U0134,I0050,cart,,1,15.33,2026-04-13T07:46:02Z,mobile
U0189,I0097,view,,1,42.6,2026-04-02T05:45:02Z,mobile
U0188,I0061,rating,4.0,1,17.75,2026-03-14T00:33:02Z,web
U0086,I0013,view,,1,28.54,2026-04-14T18:38:02Z,web
U0208,I0011,cart,,1,15.55,2026-02-02T19:27:02Z,web
U0068,I0119,purchase,,1,34.0,2026-04-12T11:13:02Z,mobile
U0015,I0050,cart,,1,15.33,2026-04-10T09:35:02Z,web
U0089,I0085,view,,1,64.61,2026-03-12T15:22:02Z,mobile
U0150,I0102,cart,,1,45.37,2026-03-10T16:57:02Z,web
U0054,I0096,view,,1,36.87,2026-04-26T10:30:02Z,mobile
U0214,I0008,view,,1,36.94,2026-04-02T12:37:02Z,web
U0217,I0074,cart,,1,19.52,2026-02-20T22:02:02Z,mobile
U0124,I0051,rating,5.0,1,24.93,2026-03-25T06:51:02Z,web
U0129,I0009,view,,1,26.36,2026-03-16T09:30:02Z,web
U0076,I0109,rating,2.0,1,70.56,2026-04-28T06:28:02Z,mobile
U0165,I0056,cart,,1,21.96,2026-03-12T09:07:02Z,web
U0034,I0101,view,,1,48.0,2026-03-12T15:58:02Z,web
U0059,I0002,view,,1,22.56,2026-03-16T08:24:02Z,web
U0057,I0001,view,,1,31.44,2026-04-26T00:37:02Z,mobile
U0187,I0061,view,,1,17.75,2026-04-16T14:12:02Z,web
U0147,I0087,view,,1,58.68,2026-02-24T14:53:02Z,mobile
U0219,I0024,purchase,,1,24.65,2026-03-24T11:06:02Z,web
U0199,I0120,cart,,1,26.42,2026-03-03T23:35:02Z,mobile
U0106,I0080,cart,,1,16.0,2026-04-16T14:24:02Z,web
U0140,I0048,view,,1,22.53,2026-04-19T21:16:02Z,mobile
U0176,I0031,view,,1,6.52,2026-02-22T03:11:02Z,mobile
U0220,I0034,rating,4.0,1,32.38,2026-04-06T19:01:02Z,mobile
U0054,I0079,rating,5.0,1,55.92,2026-04-11T01:20:02Z,web
U0062,I0013,rating,5.0,1,28.54,2026-03-07T19:22:02Z,web
U0220,I0104,view,,1,41.88,2026-03-04T23:08:02Z,mobile
U0141,I0009,purchase,,1,26.36,2026-02-02T21:27:02Z,web
U0171,I0025,cart,,1,15.52,2026-02-13T11:02:02Z,web
U0207,I0013,view,,1,28.54,2026-04-23T16:10:02Z,web
U0114,I0047,view,,1,36.67,2026-03-26T18:55:02Z,web
U0205,I0060,view,,1,48.07,2026-02-20T18:07:02Z,mobile
U0128,I0109,view,,1,70.56,2026-03-20T13:54:02Z,mobile
U0111,I0096,view,,1,36.87,2026-02-20T13:25:02Z,mobile
U0151,I0011,cart,,1,15.55,2026-03-05T19:50:02Z,web
U0099,I0051,view,,1,24.93,2026-02-11T11:56:02Z,mobile
U0145,I0070,view,,1,26.73,2026-04-22T06:15:02Z,mobile
U0178,I0037,view,,1,17.51,2026-03-10T14:18:02Z,web
U0155,I0057,rating,5.0,1,46.42,2026-02-03T17:58:02Z,web
U0002,I0081,rating,5.0,1,60.65,2026-04-21T05:36:02Z,web
U0011,I0110,view,,1,26.64,2026-02-21T04:31:02Z,mobile
U0151,I0010,purchase,,1,50.12,2026-04-14T02:44:02Z,web
U0048,I0104,rating,4.0,1,41.88,2026-02-03T05:08:02Z,web
U0202,I0032,view,,1,68.88,2026-04-29T08:41:02Z,mobile
U0105,I0018,view,,1,34.0,2026-03-11T11:39:02Z,mobile
U0236,I0034,view,,1,32.38,2026-02-19T01:59:02Z,mobile
U0075,I0047,cart,,1,36.67,2026-02-16T16:27:02Z,mobile
U0037,I0028,cart,,1,23.83,2026-02-15T14:21:02Z,mobile
U0040,I0012,purchase,,2,67.3,2026-03-15T05:09:02Z,mobile
U0065,I0034,view,,1,32.38,2026-02-02T12:31:02Z,mobile
U0028,I0017,view,,1,25.29,2026-03-13T00:13:02Z,web
U0218,I0101,cart,,1,48.0,2026-02-09T15:54:02Z,web
U0193,I0066,view,,1,22.7,2026-04-16T06:51:02Z,mobile
U0034,I0107,view,,1,14.01,2026-02-26T17:23:02Z,web
U0001,I0047,view,,1,36.67,2026-02-03T23:37:02Z,mobile
U0010,I0006,view,,1,21.38,2026-02-26T12:38:02Z,mobile
U0180,I0112,cart,,1,53.68,2026-03-08T23:37:02Z,web
U0199,I0101,view,,1,48.0,2026-02-20T15:23:02Z,web
U0110,I0012,cart,,1,67.3,2026-03-11T02:23:02Z,mobile
U0233,I0099,cart,,1,19.36,2026-03-31T02:29:02Z,mobile
U0230,I0028,purchase,,1,23.83,2026-03-11T08:40:02Z,mobile
U0099,I0099,view,,1,19.36,2026-02-26T13:20:02Z,web
U0147,I0047,rating,4.0,1,36.67,2026-02-02T10:59:02Z,web
U0106,I0116,rating,4.0,1,59.11,2026-04-03T06:44:02Z,mobile
U0107,I0108,view,,1,101.53,2026-02-12T02:46:02Z,web
U0021,I0104,cart,,1,41.88,2026-04-23T06:37:02Z,web
U0214,I0095,rating,4.0,1,11.84,2026-02-27T13:44:02Z,web
U0021,I0043,view,,1,34.18,2026-04-19T04:17:02Z,web
U0111,I0079,purchase,,1,55.92,2026-02-12T05:36:02Z,web
U0027,I0102,view,,1,45.37,2026-03-08T12:55:02Z,web
U0187,I0079,view,,1,55.92,2026-03-10T19:07:02Z,mobile
U0211,I0027,rating,4.0,1,58.32,2026-03-16T14:20:02Z,mobile
U0072,I0076,view,,1,36.2,2026-03-27T19:59:02Z,mobile
U0105,I0048,view,,1,22.53,2026-02-13T16:57:02Z,mobile
U0070,I0100,rating,5.0,1,54.26,2026-04-08T18:11:02Z,mobile
U0010,I0029,cart,,1,83.41,2026-03-05T22:14:02Z,mobile
U0042,I0023,view,,1,51.99,2026-03-13T20:08:02Z,web
U0210,I0076,rating,5.0,1,36.2,2026-03-18T08:07:02Z,mobile
U0230,I0089,view,,1,40.79,2026-03-24T01:18:02Z,web
U0159,I0038,view,,1,23.01,2026-04-20T21:28:02Z,mobile
U0128,I0058,rating,4.0,1,18.03,2026-04-13T16:46:02Z,mobile
U0037,I0083,cart,,1,17.83,2026-03-22T02:28:02Z,mobile
U0152,I0084,rating,4.0,1,27.83,2026-04-28T02:06:02Z,mobile
U0091,I0066,rating,4.0,1,22.7,2026-04-05T13:20:02Z,web
U0208,I0007,view,,1,50.51,2026-02-10T17:20:02Z,mobile
U0207,I0112,rating,4.0,1,53.68,2026-02-20T19:54:02Z,web
U0229,I0111,cart,,1,114.52,2026-04-09T18:56:02Z,mobile
U0171,I0093,rating,4.0,1,35.82,2026-02-16T22:05:02Z,mobile
U0176,I0100,purchase,,1,54.26,2026-04-19T03:44:02Z,mobile
U0051,I0043,purchase,,1,34.18,2026-04-18T09:10:02Z,web
U0186,I0089,view,,1,40.79,2026-02-23T01:08:02Z,web
U0042,I0030,view,,1,19.11,2026-02-23T19:43:02Z,mobile
U0024,I0107,purchase,,2,14.01,2026-02-14T09:03:02Z,mobile
U0106,I0101,cart,,1,48.0,2026-04-17T14:12:02Z,web
U0104,I0008,view,,1,36.94,2026-03-01T13:10:02Z,web
U0179,I0023,view,,1,51.99,2026-04-22T09:45:02Z,web
U0115,I0029,view,,1,83.41,2026-04-06T20:52:02Z,web
U0007,I0067,cart,,1,77.25,2026-03-31T07:24:02Z,web
U0213,I0101,cart,,1,48.0,2026-02-07T08:35:02Z,web
U0214,I0110,view,,1,26.64,2026-03-24T12:10:02Z,web
U0170,I0030,cart,,1,19.11,2026-03-20T04:11:02Z,web
U0138,I0102,view,,1,45.37,2026-02-20T14:23:02Z,web
U0230,I0110,view,,1,26.64,2026-04-25T20:01:02Z,web
U0048,I0013,purchase,,1,28.54,2026-03-29T19:28:02Z,web
U0071,I0071,cart,,1,31.77,2026-02-07T23:06:02Z,web
U0013,I0085,rating,4.0,1,64.61,2026-04-06T21:14:02Z,mobile
U0020,I0082,rating,4.0,1,27.22,2026-02-05T22:27:02Z,web
U0054,I0070,cart,,1,26.73,2026-04-21T17:02:02Z,mobile
U0118,I0088,view,,1,30.05,2026-04-03T23:40:02Z,web
U0078,I0096,view,,1,36.87,2026-04-28T14:46:02Z,web
U0160,I0053,view,,1,18.65,2026-03-14T16:35:02Z,mobile
U0008,I0119,view,,1,34.0,2026-03-16T15:30:02Z,mobile
U0060,I0031,purchase,,1,6.52,2026-02-20T18:17:02Z,mobile
U0234,I0036,purchase,,1,74.72,2026-03-05T06:38:02Z,web
U0009,I0045,rating,4.0,1,27.1,2026-02-13T15:29:02Z,mobile
U0022,I0048,rating,3.0,1,22.53,2026-03-05T08:16:02Z,web
U0208,I0037,rating,3.0,1,17.51,2026-04-29T20:39:02Z,mobile
U0175,I0092,cart,,1,16.23,2026-04-30T07:51:02Z,mobile
U0163,I0100,view,,1,54.26,2026-02-21T22:41:02Z,mobile
U0016,I0009,view,,1,26.36,2026-02-04T17:06:02Z,web
U0069,I0097,cart,,1,42.6,2026-02-26T09:19:02Z,web
U0039,I0054,rating,3.0,1,35.21,2026-02-06T03:27:02Z,web
U0082,I0110,rating,4.0,1,26.64,2026-04-08T12:32:02Z,web
U0007,I0022,view,,1,23.73,2026-02-01T18:55:02Z,mobile
U0031,I0048,view,,1,22.53,2026-02-12T11:21:02Z,web
U0209,I0116,view,,1,59.11,2026-03-22T11:06:02Z,mobile
U0209,I0116,view,,1,59.11,2026-03-08T07:50:02Z,web
U0103,I0118,view,,1,24.81,2026-04-08T04:54:02Z,web
U0204,I0002,rating,5.0,1,22.56,2026-04-23T22:25:02Z,mobile
U0180,I0030,view,,1,19.11,2026-04-24T03:55:02Z,web
U0075,I0050,view,,1,15.33,2026-03-21T22:37:02Z,web
U0211,I0037,view,,1,17.51,2026-02-16T14:14:02Z,mobile
U0210,I0035,view,,1,26.96,2026-04-05T12:48:02Z,mobile
U0106,I0019,view,,1,35.63,2026-02-18T22:05:02Z,web
U0146,I0010,view,,1,50.12,2026-03-17T03:55:02Z,mobile
U0212,I0015,purchase,,2,19.27,2026-03-12T10:38:02Z,mobile
U0159,I0058,view,,1,18.03,2026-02-05T17:40:02Z,mobile
U0100,I0093,view,,1,35.82,2026-02-07T11:55:02Z,web
U0055,I0057,view,,1,46.42,2026-03-28T09:36:02Z,mobile
U0146,I0071,view,,1,31.77,2026-04-30T01:12:02Z,web
U0208,I0066,view,,1,22.7,2026-02-18T05:11:02Z,mobile
U0058,I0088,view,,1,30.05,2026-04-28T06:38:02Z,mobile
U0152,I0074,view,,1,19.52,2026-04-04T05:36:02Z,mobile
U0018,I0070,view,,1,26.73,2026-03-26T17:12:02Z,mobile
U0149,I0047,view,,1,36.67,2026-02-24T15:47:02Z,mobile
U0039,I0118,view,,1,24.81,2026-03-09T11:51:02Z,web
U0133,I0004,view,,1,24.4,2026-03-19T03:16:02Z,web
U0008,I0088,view,,1,30.05,2026-04-01T11:13:02Z,web
U0027,I0081,cart,,1,60.65,2026-03-10T22:00:02Z,mobile
U0026,I0039,view,,1,14.55,2026-02-25T18:48:02Z,web
U0115,I0070,view,,1,26.73,2026-03-29T15:38:02Z,web
U0019,I0120,view,,1,26.42,2026-03-29T14:06:02Z,web
U0232,I0020,cart,,1,27.33,2026-02-15T10:52:02Z,web
U0045,I0017,purchase,,2,25.29,2026-02-22T02:28:02Z,web
U0168,I0060,view,,1,48.07,2026-03-23T04:02:02Z,mobile
U0194,I0040,view,,1,56.71,2026-04-27T18:41:02Z,mobile
U0035,I0039,view,,1,14.55,2026-02-12T11:59:02Z,web
U0097,I0063,view,,1,17.91,2026-03-01T14:17:02Z,web
U0024,I0071,rating,5.0,1,31.77,2026-04-28T13:01:02Z,mobile
U0006,I0044,purchase,,1,16.15,2026-02-09T12:18:02Z,mobile
U0206,I0097,view,,1,42.6,2026-04-17T10:14:02Z,mobile
U0093,I0026,cart,,1,13.5,2026-03-11T02:31:02Z,web
U0026,I0009,cart,,1,26.36,2026-04-15T21:45:02Z,mobile
U0158,I0034,view,,1,32.38,2026-03-05T17:37:02Z,web
U0081,I0085,purchase,,1,64.61,2026-04-04T17:40:02Z,mobile
U0210,I0069,view,,1,41.22,2026-05-01T11:48:02Z,mobile
U0035,I0074,view,,1,19.52,2026-04-27T00:56:02Z,web
U0154,I0048,view,,1,22.53,2026-02-13T20:13:02Z,web
U0001,I0033,view,,1,24.72,2026-04-08T01:02:02Z,mobile
U0120,I0014,view,,1,30.5,2026-02-23T23:20:02Z,mobile
U0238,I0063,view,,1,17.91,2026-03-20T13:39:02Z,web
U0230,I0094,view,,1,20.46,2026-02-16T02:56:02Z,web
U0051,I0014,cart,,1,30.5,2026-03-06T02:30:02Z,mobile
U0237,I0086,purchase,,1,33.96,2026-03-14T05:03:02Z,mobile
U0088,I0021,view,,1,19.0,2026-03-29T06:06:02Z,mobile
U0075,I0108,view,,1,101.53,2026-04-03T03:27:02Z,mobile
U0019,I0072,view,,1,21.99,2026-03-03T05:29:02Z,web
U0126,I0038,view,,1,23.01,2026-04-02T17:58:02Z,web
U0217,I0063,cart,,1,17.91,2026-02-21T05:20:02Z,mobile
U0127,I0051,purchase,,1,24.93,2026-03-19T03:24:02Z,web
U0122,I0068,rating,3.0,1,16.18,2026-02-15T23:36:02Z,web
U0017,I0066,view,,1,22.7,2026-02-07T03:31:02Z,mobile
U0119,I0066,view,,1,22.7,2026-02-03T16:18:02Z,web
U0224,I0020,view,,1,27.33,2026-02-03T00:18:02Z,mobile
U0113,I0109,view,,1,70.56,2026-03-10T23:25:02Z,web
U0159,I0077,rating,4.0,1,43.74,2026-03-14T08:05:02Z,mobile
U0209,I0009,cart,,1,26.36,2026-04-04T03:03:02Z,web
U0092,I0042,view,,1,34.64,2026-02-21T19:49:02Z,mobile
U0032,I0042,purchase,,1,34.64,2026-02-06T12:58:02Z,web
U0009,I0021,purchase,,2,19.0,2026-03-25T06:39:02Z,web
U0227,I0078,purchase,,3,41.4,2026-04-13T17:32:02Z,mobile
U0217,I0071,view,,1,31.77,2026-03-26T06:09:02Z,mobile
U0141,I0043,view,,1,34.18,2026-02-16T11:14:02Z,mobile
U0210,I0053,purchase,,1,18.65,2026-02-03T18:43:02Z,web
U0090,I0009,cart,,1,26.36,2026-04-22T01:43:02Z,mobile
U0213,I0016,rating,5.0,1,41.84,2026-04-18T13:49:02Z,mobile
U0186,I0106,view,,1,26.93,2026-02-28T19:56:02Z,mobile
U0079,I0065,cart,,1,45.15,2026-03-02T12:48:02Z,web
U0100,I0022,purchase,,1,23.73,2026-04-27T17:46:02Z,mobile
U0080,I0058,view,,1,18.03,2026-03-14T03:32:02Z,web
U0063,I0001,purchase,,1,31.44,2026-03-25T13:53:02Z,web
U0185,I0025,rating,4.0,1,15.52,2026-02-04T11:34:02Z,web
U0046,I0038,purchase,,1,23.01,2026-02-08T00:41:02Z,web
U0119,I0016,view,,1,41.84,2026-02-14T16:42:02Z,web
U0006,I0103,view,,1,51.23,2026-04-25T20:08:02Z,web
U0008,I0062,view,,1,23.59,2026-03-29T05:58:02Z,mobile
U0018,I0038,view,,1,23.01,2026-02-27T06:36:02Z,mobile
U0205,I0072,cart,,1,21.99,2026-04-24T19:24:02Z,mobile
U0209,I0102,view,,1,45.37,2026-03-31T17:19:02Z,mobile
U0040,I0013,rating,5.0,1,28.54,2026-04-01T23:05:02Z,mobile
U0087,I0056,view,,1,21.96,2026-02-08T20:12:02Z,web
U0028,I0052,view,,1,30.37,2026-03-25T18:12:02Z,web
U0137,I0042,view,,1,34.64,2026-02-27T14:38:02Z,web
U0175,I0097,cart,,1,42.6,2026-04-04T21:23:02Z,mobile
U0230,I0057,view,,1,46.42,2026-04-22T23:54:02Z,mobile
U0084,I0102,view,,1,45.37,2026-04-01T12:34:02Z,web
U0158,I0023,view,,1,51.99,2026-04-07T16:22:02Z,web
U0015,I0062,purchase,,1,23.59,2026-03-21T00:07:02Z,web
U0186,I0106,view,,1,26.93,2026-04-13T17:29:02Z,web
U0041,I0036,purchase,,1,74.72,2026-02-03T09:46:02Z,mobile
U0151,I0087,view,,1,58.68,2026-03-18T00:08:02Z,web
U0045,I0088,purchase,,2,30.05,2026-02-13T20:55:02Z,mobile
U0184,I0013,view,,1,28.54,2026-04-07T20:09:02Z,mobile
U0053,I0010,view,,1,50.12,2026-04-13T13:32:02Z,web
U0111,I0051,view,,1,24.93,2026-04-19T13:50:02Z,mobile
U0092,I0047,purchase,,1,36.67,2026-02-15T08:15:02Z,web
U0052,I0082,cart,,1,27.22,2026-03-12T17:52:02Z,mobile
U0066,I0097,cart,,1,42.6,2026-04-05T19:35:02Z,mobile
U0231,I0063,view,,1,17.91,2026-02-25T09:57:02Z,mobile
U0171,I0015,view,,1,19.27,2026-03-21T07:11:02Z,web
U0148,I0023,purchase,,3,51.99,2026-02-18T13:53:02Z,web
U0196,I0051,view,,1,24.93,2026-02-10T08:49:02Z,web
U0147,I0005,view,,1,20.52,2026-04-14T08:24:02Z,web
U0192,I0035,view,,1,26.96,2026-03-04T12:04:02Z,web
U0029,I0017,purchase,,2,25.29,2026-04-08T04:12:02Z,web
U0229,I0046,view,,1,32.06,2026-04-20T18:54:02Z,mobile
U0037,I0027,view,,1,58.32,2026-02-27T14:33:02Z,mobile
U0073,I0083,purchase,,1,17.83,2026-04-21T12:37:02Z,mobile
U0132,I0063,view,,1,17.91,2026-02-16T07:17:02Z,web
U0139,I0021,view,,1,19.0,2026-04-08T09:28:02Z,mobile
U0138,I0043,rating,4.0,1,34.18,2026-02-25T06:25:02Z,mobile
U0144,I0087,cart,,1,58.68,2026-02-21T02:17:02Z,mobile
U0224,I0081,rating,4.0,1,60.65,2026-04-06T00:10:02Z,web
U0026,I0047,view,,1,36.67,2026-02-10T22:22:02Z,mobile
U0237,I0084,view,,1,27.83,2026-03-11T06:37:02Z,mobile
U0090,I0047,cart,,1,36.67,2026-03-24T12:34:02Z,web
U0163,I0024,rating,5.0,1,24.65,2026-04-03T11:09:02Z,web
U0055,I0019,view,,1,35.63,2026-04-09T11:03:02Z,mobile
U0240,I0083,view,,1,17.83,2026-03-02T22:27:02Z,mobile
U0183,I0048,cart,,1,22.53,2026-03-01T00:55:02Z,web
U0016,I0013,purchase,,2,28.54,2026-03-11T05:21:02Z,web
U0173,I0054,view,,1,35.21,2026-04-24T18:22:02Z,mobile
U0183,I0018,view,,1,34.0,2026-03-23T09:49:02Z,web
U0225,I0080,cart,,1,16.0,2026-02-13T05:45:02Z,mobile
U0015,I0054,cart,,1,35.21,2026-03-26T11:36:02Z,web
U0018,I0081,cart,,1,60.65,2026-03-29T09:21:02Z,mobile
U0032,I0042,rating,5.0,1,34.64,2026-02-04T20:57:02Z,mobile
U0191,I0049,view,,1,10.95,2026-03-30T13:48:02Z,mobile
U0023,I0074,view,,1,19.52,2026-03-08T12:24:02Z,mobile
U0148,I0034,view,,1,32.38,2026-03-28T09:49:02Z,web
U0034,I0102,cart,,1,45.37,2026-02-16T06:32:02Z,web
U0015,I0063,view,,1,17.91,2026-02-26T05:47:02Z,mobile
U0198,I0021,purchase,,1,19.0,2026-03-22T20:27:02Z,mobile
U0039,I0054,view,,1,35.21,2026-04-02T06:47:02Z,mobile
U0184,I0056,cart,,1,21.96,2026-02-28T22:30:02Z,mobile
U0071,I0060,cart,,1,48.07,2026-04-16T00:46:02Z,web
U0228,I0065,view,,1,45.15,2026-03-13T01:34:02Z,mobile
U0184,I0039,view,,1,14.55,2026-02-12T03:44:02Z,mobile
U0183,I0013,cart,,1,28.54,2026-02-10T03:04:02Z,mobile
U0188,I0120,purchase,,1,26.42,2026-04-05T20:12:02Z,web
U0015,I0088,view,,1,30.05,2026-03-30T02:58:02Z,mobile
U0213,I0041,view,,1,35.48,2026-02-07T20:43:02Z,web
U0099,I0051,purchase,,1,24.93,2026-03-01T11:12:02Z,web
U0127,I0079,view,,1,55.92,2026-03-09T20:26:02Z,mobile
U0214,I0066,view,,1,22.7,2026-03-25T22:40:02Z,mobile
U0207,I0015,purchase,,1,19.27,2026-04-20T11:30:02Z,mobile
U0168,I0051,view,,1,24.93,2026-03-21T08:59:02Z,web
U0118,I0019,view,,1,35.63,2026-04-11T21:45:02Z,mobile
U0064,I0050,view,,1,15.33,2026-03-05T19:43:02Z,mobile
U0065,I0060,view,,1,48.07,2026-03-14T07:27:02Z,web
U0181,I0027,view,,1,58.32,2026-02-08T17:33:02Z,mobile
U0179,I0060,view,,1,48.07,2026-04-04T07:16:02Z,mobile
U0197,I0072,purchase,,1,21.99,2026-03-17T22:58:02Z,web
U0213,I0022,view,,1,23.73,2026-02-11T04:34:02Z,web
U0066,I0062,purchase,,1,23.59,2026-04-12T09:19:02Z,mobile
U0161,I0079,cart,,1,55.92,2026-04-28T07:41:02Z,web
U0221,I0011,cart,,1,15.55,2026-02-07T18:13:02Z,mobile
U0237,I0105,view,,1,20.28,2026-02-12T18:23:02Z,mobile
U0027,I0005,purchase,,1,20.52,2026-03-29T10:05:02Z,web
U0146,I0039,view,,1,14.55,2026-03-26T10:47:02Z,web
U0044,I0098,view,,1,35.06,2026-02-16T05:29:02Z,web
U0212,I0027,rating,1.0,1,58.32,2026-04-08T15:56:02Z,web
U0225,I0044,view,,1,16.15,2026-02-20T23:02:02Z,web
U0130,I0112,view,,1,53.68,2026-02-05T22:45:02Z,web
U0235,I0074,cart,,1,19.52,2026-03-10T20:27:02Z,web
U0065,I0020,view,,1,27.33,2026-03-13T11:53:02Z,web
U0105,I0056,view,,1,21.96,2026-02-26T05:26:02Z,web
U0042,I0058,view,,1,18.03,2026-04-02T09:09:02Z,mobile
U0026,I0081,purchase,,1,60.65,2026-02-07T02:46:02Z,mobile
U0058,I0110,purchase,,1,26.64,2026-02-22T10:51:02Z,web
U0072,I0105,cart,,1,20.28,2026-03-17T11:44:02Z,web
U0011,I0011,view,,1,15.55,2026-02-18T01:58:02Z,mobile
U0194,I0119,purchase,,1,34.0,2026-03-18T23:28:02Z,mobile
U0007,I0011,purchase,,1,15.55,2026-04-04T08:48:02Z,mobile
U0066,I0041,rating,3.0,1,35.48,2026-04-16T11:53:02Z,web
U0090,I0082,view,,1,27.22,2026-02-18T01:03:02Z,mobile
U0049,I0043,view,,1,34.18,2026-02-08T02:20:02Z,mobile
U0108,I0007,view,,1,50.51,2026-03-20T12:16:02Z,web
U0049,I0101,view,,1,48.0,2026-04-05T13:24:02Z,mobile
U0103,I0002,view,,1,22.56,2026-03-21T03:37:02Z,mobile
U0149,I0070,view,,1,26.73,2026-04-08T22:36:02Z,web
U0111,I0082,rating,5.0,1,27.22,2026-02-26T07:29:02Z,mobile
U0030,I0068,view,,1,16.18,2026-04-10T10:44:02Z,mobile
U0064,I0016,view,,1,41.84,2026-04-14T05:56:02Z,mobile
U0014,I0034,view,,1,32.38,2026-02-20T08:30:02Z,web
U0206,I0025,view,,1,15.52,2026-03-30T20:32:02Z,mobile
U0026,I0038,cart,,1,23.01,2026-02-14T07:36:02Z,mobile
U0120,I0031,purchase,,1,6.52,2026-04-09T18:24:02Z,mobile
U0185,I0019,cart,,1,35.63,2026-04-14T10:46:02Z,web
U0092,I0006,view,,1,21.38,2026-02-05T15:21:02Z,mobile
U0131,I0005,view,,1,20.52,2026-02-24T18:15:02Z,mobile
U0154,I0002,purchase,,1,22.56,2026-02-20T06:50:02Z,mobile
U0233,I0069,view,,1,41.22,2026-04-12T07:36:02Z,web
U0085,I0057,rating,5.0,1,46.42,2026-03-22T20:47:02Z,mobile
U0149,I0096,purchase,,1,36.87,2026-04-29T11:15:02Z,mobile
U0232,I0002,rating,4.0,1,22.56,2026-03-27T05:17:02Z,web
U0162,I0082,view,,1,27.22,2026-03-13T10:08:02Z,web
U0210,I0049,purchase,,2,10.95,2026-03-12T00:23:02Z,web
U0068,I0036,cart,,1,74.72,2026-03-05T13:26:02Z,mobile
U0023,I0032,view,,1,68.88,2026-03-17T15:44:02Z,web
U0228,I0053,purchase,,2,18.65,2026-02-04T09:02:02Z,web
U0043,I0004,purchase,,1,24.4,2026-03-05T15:51:02Z,mobile
U0153,I0029,rating,4.0,1,83.41,2026-03-10T02:10:02Z,web
U0167,I0014,view,,1,30.5,2026-03-20T00:58:02Z,mobile
U0230,I0028,rating,3.0,1,23.83,2026-04-28T18:45:02Z,web
U0155,I0063,view,,1,17.91,2026-04-29T07:31:02Z,mobile
U0146,I0107,purchase,,2,14.01,2026-04-23T01:12:02Z,mobile
U0226,I0118,view,,1,24.81,2026-02-10T08:51:02Z,web
U0137,I0016,view,,1,41.84,2026-02-06T05:07:02Z,mobile
U0167,I0013,view,,1,28.54,2026-02-19T00:57:02Z,mobile
U0161,I0107,view,,1,14.01,2026-03-24T18:36:02Z,mobile
U0175,I0057,view,,1,46.42,2026-03-23T12:45:02Z,mobile
U0090,I0090,view,,1,12.85,2026-04-28T13:50:02Z,web
U0147,I0007,purchase,,1,50.51,2026-02-27T22:00:02Z,web
U0107,I0045,rating,4.0,1,27.1,2026-02-25T19:48:02Z,mobile
U0042,I0022,view,,1,23.73,2026-02-08T13:03:02Z,web
U0219,I0011,cart,,1,15.55,2026-02-22T03:30:02Z,web
U0059,I0068,view,,1,16.18,2026-03-31T04:19:02Z,web
U0151,I0066,view,,1,22.7,2026-04-18T18:59:02Z,mobile
U0055,I0091,view,,1,42.99,2026-03-23T17:23:02Z,web
U0167,I0015,cart,,1,19.27,2026-03-04T15:18:02Z,mobile
U0156,I0048,cart,,1,22.53,2026-02-01T04:53:02Z,mobile
U0196,I0112,purchase,,1,53.68,2026-04-10T11:02:02Z,web
U0030,I0117,cart,,1,42.8,2026-04-19T22:42:02Z,web
U0146,I0101,purchase,,1,48.0,2026-02-02T14:11:02Z,web
U0146,I0015,purchase,,2,19.27,2026-02-13T14:50:02Z,mobile
U0113,I0001,view,,1,31.44,2026-02-10T14:33:02Z,web
U0149,I0118,view,,1,24.81,2026-04-18T03:13:02Z,web
U0110,I0037,view,,1,17.51,2026-04-04T09:37:02Z,web
U0174,I0092,cart,,1,16.23,2026-03-26T06:52:02Z,mobile
U0168,I0058,rating,4.0,1,18.03,2026-02-14T00:19:02Z,web
U0137,I0070,rating,4.0,1,26.73,2026-02-07T21:32:02Z,mobile
U0142,I0018,view,,1,34.0,2026-02-22T08:31:02Z,mobile
U0046,I0095,purchase,,1,11.84,2026-03-10T12:57:02Z,web
U0172,I0073,view,,1,25.28,2026-03-09T11:42:02Z,web
U0037,I0110,view,,1,26.64,2026-02-16T00:13:02Z,mobile
U0239,I0021,cart,,1,19.0,2026-04-29T04:31:02Z,web
U0186,I0028,view,,1,23.83,2026-02-18T18:08:02Z,mobile
U0030,I0010,view,,1,50.12,2026-04-06T18:26:02Z,web
U0234,I0001,rating,4.0,1,31.44,2026-03-21T06:04:02Z,web
U0125,I0054,purchase,,2,35.21,2026-04-17T03:19:02Z,web
U0063,I0042,view,,1,34.64,2026-04-10T04:05:02Z,mobile
U0052,I0009,rating,5.0,1,26.36,2026-03-22T13:01:02Z,mobile
U0078,I0038,cart,,1,23.01,2026-02-11T15:26:02Z,web
U0007,I0086,view,,1,33.96,2026-03-14T19:54:02Z,mobile
U0210,I0069,purchase,,1,41.22,2026-04-14T11:59:02Z,mobile
U0128,I0105,rating,5.0,1,20.28,2026-02-03T14:38:02Z,web
U0043,I0001,view,,1,31.44,2026-03-28T18:02:02Z,mobile
U0028,I0041,rating,5.0,1,35.48,2026-02-18T00:28:02Z,web
U0069,I0051,purchase,,2,24.93,2026-03-30T14:41:02Z,mobile
U0101,I0108,view,,1,101.53,2026-04-03T08:34:02Z,mobile
U0125,I0071,purchase,,1,31.77,2026-04-04T11:38:02Z,web
U0027,I0080,view,,1,16.0,2026-04-14T19:12:02Z,web
U0086,I0080,view,,1,16.0,2026-03-26T11:46:02Z,web
U0081,I0072,purchase,,1,21.99,2026-04-08T23:37:02Z,mobile
U0044,I0046,cart,,1,32.06,2026-02-21T18:59:02Z,web
U0141,I0110,view,,1,26.64,2026-04-20T15:28:02Z,mobile
U0062,I0074,purchase,,1,19.52,2026-02-28T21:52:02Z,mobile
U0106,I0085,purchase,,2,64.61,2026-03-02T04:50:02Z,mobile
U0224,I0077,view,,1,43.74,2026-03-07T15:32:02Z,mobile
U0178,I0110,rating,2.0,1,26.64,2026-02-27T13:03:02Z,web
U0103,I0017,cart,,1,25.29,2026-02-02T05:38:02Z,mobile
U0175,I0065,rating,5.0,1,45.15,2026-03-05T11:16:02Z,mobile
U0078,I0009,cart,,1,26.36,2026-03-27T21:45:02Z,mobile
U0082,I0065,view,,1,45.15,2026-04-09T22:22:02Z,mobile
U0010,I0034,view,,1,32.38,2026-02-01T19:49:02Z,mobile
U0193,I0024,cart,,1,24.65,2026-04-05T13:46:02Z,web
U0098,I0043,purchase,,2,34.18,2026-02-23T01:27:02Z,mobile
U0152,I0098,view,,1,35.06,2026-04-11T21:11:02Z,mobile
U0219,I0106,purchase,,1,26.93,2026-02-24T17:22:02Z,web
U0198,I0103,view,,1,51.23,2026-04-16T22:55:02Z,web
U0214,I0074,cart,,1,19.52,2026-05-01T12:55:02Z,mobile
U0193,I0026,view,,1,13.5,2026-02-16T15:20:02Z,web
U0053,I0085,view,,1,64.61,2026-04-11T02:39:02Z,web
U0104,I0049,purchase,,1,10.95,2026-02-21T14:03:02Z,web
U0121,I0002,cart,,1,22.56,2026-03-31T07:31:02Z,mobile
U0118,I0031,view,,1,6.52,2026-02-17T18:48:02Z,mobile
U0006,I0061,purchase,,2,17.75,2026-03-14T17:24:02Z,mobile
U0095,I0013,view,,1,28.54,2026-05-01T13:41:02Z,web
U0214,I0095,view,,1,11.84,2026-04-07T15:33:02Z,web
U0202,I0068,view,,1,16.18,2026-04-26T16:15:02Z,mobile
U0203,I0106,view,,1,26.93,2026-03-01T20:24:02Z,mobile
U0103,I0020,view,,1,27.33,2026-04-04T00:36:02Z,web
U0070,I0054,rating,5.0,1,35.21,2026-02-19T13:32:02Z,web
U0012,I0080,purchase,,1,16.0,2026-03-25T13:03:02Z,web
U0025,I0041,view,,1,35.48,2026-03-06T21:53:02Z,web
U0096,I0109,cart,,1,70.56,2026-02-18T09:14:02Z,mobile
U0106,I0104,view,,1,41.88,2026-02-18T14:54:02Z,mobile
U0137,I0102,view,,1,45.37,2026-04-26T22:11:02Z,web
U0045,I0117,rating,3.0,1,42.8,2026-04-30T15:21:02Z,web
U0037,I0095,purchase,,1,11.84,2026-04-04T05:37:02Z,mobile
U0134,I0052,view,,1,30.37,2026-03-27T11:30:02Z,web
U0096,I0115,cart,,1,29.97,2026-04-23T09:36:02Z,mobile
U0080,I0023,cart,,1,51.99,2026-02-24T20:41:02Z,mobile
U0031,I0042,purchase,,1,34.64,2026-03-21T00:15:02Z,mobile
U0157,I0084,purchase,,1,27.83,2026-02-19T03:41:02Z,mobile
U0022,I0017,view,,1,25.29,2026-02-16T18:42:02Z,web
U0202,I0104,view,,1,41.88,2026-04-16T10:31:02Z,mobile
U0078,I0050,view,,1,15.33,2026-02-16T06:18:02Z,web
U0209,I0098,rating,4.0,1,35.06,2026-03-27T23:57:02Z,web
U0044,I0061,rating,4.0,1,17.75,2026-04-30T18:47:02Z,web
U0180,I0034,view,,1,32.38,2026-04-10T13:42:02Z,web
U0019,I0006,purchase,,1,21.38,2026-03-24T12:23:02Z,web
U0158,I0051,view,,1,24.93,2026-04-21T01:30:02Z,mobile
U0033,I0075,view,,1,25.5,2026-03-19T22:53:02Z,web
U0057,I0079,cart,,1,55.92,2026-03-09T10:09:02Z,mobile
U0116,I0019,view,,1,35.63,2026-04-10T21:10:02Z,web
U0104,I0061,view,,1,17.75,2026-03-15T08:53:02Z,web
U0142,I0025,rating,5.0,1,15.52,2026-02-19T14:46:02Z,mobile
U0082,I0086,cart,,1,33.96,2026-02-16T15:53:02Z,mobile
U0002,I0082,view,,1,27.22,2026-02-03T07:22:02Z,web
U0148,I0030,rating,5.0,1,19.11,2026-03-14T14:05:02Z,web
U0100,I0055,view,,1,14.43,2026-04-23T13:06:02Z,web
U0128,I0029,view,,1,83.41,2026-05-01T16:48:02Z,mobile
U0240,I0070,cart,,1,26.73,2026-04-12T03:04:02Z,web
U0203,I0075,view,,1,25.5,2026-03-12T18:53:02Z,web
U0050,I0069,rating,4.0,1,41.22,2026-04-23T22:00:02Z,mobile
U0224,I0047,rating,5.0,1,36.67,2026-04-18T18:23:02Z,mobile
U0042,I0034,cart,,1,32.38,2026-03-09T07:51:02Z,web
U0133,I0072,rating,3.0,1,21.99,2026-02-10T04:52:02Z,mobile
U0166,I0074,view,,1,19.52,2026-03-12T04:11:02Z,mobile
U0171,I0019,purchase,,1,35.63,2026-04-19T16:24:02Z,web
U0052,I0077,cart,,1,43.74,2026-03-23T21:36:02Z,mobile
U0137,I0058,view,,1,18.03,2026-04-01T21:28:02Z,web
U0040,I0031,view,,1,6.52,2026-04-30T08:35:02Z,web
U0069,I0115,cart,,1,29.97,2026-02-20T13:39:02Z,web
U0228,I0051,view,,1,24.93,2026-03-05T04:09:02Z,web
U0015,I0025,cart,,1,15.52,2026-03-04T14:53:02Z,web
U0092,I0090,view,,1,12.85,2026-03-06T08:41:02Z,web
U0079,I0031,cart,,1,6.52,2026-03-13T19:40:02Z,web
U0107,I0119,rating,3.0,1,34.0,2026-02-23T18:28:02Z,web
U0029,I0010,view,,1,50.12,2026-03-04T13:53:02Z,mobile
U0215,I0096,view,,1,36.87,2026-02-18T05:01:02Z,web
U0053,I0006,view,,1,21.38,2026-02-28T06:35:02Z,mobile
U0135,I0114,view,,1,33.44,2026-03-23T11:09:02Z,web
U0026,I0022,view,,1,23.73,2026-04-19T23:20:02Z,mobile
U0030,I0116,view,,1,59.11,2026-03-23T18:56:02Z,web
U0170,I0063,view,,1,17.91,2026-04-01T23:47:02Z,mobile
U0039,I0108,view,,1,101.53,2026-02-26T16:32:02Z,web
U0160,I0104,purchase,,1,41.88,2026-04-25T22:07:02Z,mobile
U0240,I0074,view,,1,19.52,2026-04-02T23:07:02Z,web
U0168,I0060,view,,1,48.07,2026-03-09T03:29:02Z,web
U0092,I0022,view,,1,23.73,2026-02-25T17:29:02Z,mobile
U0153,I0026,view,,1,13.5,2026-04-24T12:26:02Z,web
U0196,I0066,view,,1,22.7,2026-04-18T19:36:02Z,web
U0148,I0030,view,,1,19.11,2026-02-19T10:16:02Z,web
U0219,I0012,view,,1,67.3,2026-04-29T10:00:02Z,mobile
U0009,I0119,view,,1,34.0,2026-04-08T15:46:02Z,web
U0226,I0048,cart,,1,22.53,2026-04-09T15:45:02Z,web
U0204,I0095,view,,1,11.84,2026-02-24T11:37:02Z,web
U0216,I0008,view,,1,36.94,2026-03-28T10:05:02Z,web
U0068,I0108,view,,1,101.53,2026-04-24T01:05:02Z,web
U0031,I0079,view,,1,55.92,2026-03-12T23:17:02Z,web
U0156,I0007,view,,1,50.51,2026-03-15T01:09:02Z,mobile
U0033,I0027,view,,1,58.32,2026-03-23T04:06:02Z,web
U0152,I0096,rating,5.0,1,36.87,2026-04-07T12:18:02Z,mobile
U0149,I0090,cart,,1,12.85,2026-04-05T01:33:02Z,web
U0107,I0006,cart,,1,21.38,2026-03-19T11:02:02Z,mobile
U0078,I0086,purchase,,1,33.96,2026-02-04T07:48:02Z,mobile
U0006,I0096,view,,1,36.87,2026-02-11T15:32:02Z,web
U0090,I0010,purchase,,1,50.12,2026-02-27T11:18:02Z,web
U0030,I0037,cart,,1,17.51,2026-03-14T15:23:02Z,mobile
U0105,I0118,purchase,,2,24.81,2026-02-14T21:14:02Z,mobile
U0043,I0082,view,,1,27.22,2026-03-21T12:26:02Z,web
U0197,I0029,view,,1,83.41,2026-04-15T05:02:02Z,web
U0164,I0100,rating,1.0,1,54.26,2026-03-02T11:32:02Z,mobile
U0102,I0114,view,,1,33.44,2026-03-29T09:33:02Z,mobile
U0207,I0078,cart,,1,41.4,2026-04-28T08:33:02Z,web
U0076,I0106,cart,,1,26.93,2026-02-02T05:59:02Z,web
U0011,I0073,view,,1,25.28,2026-03-25T00:29:02Z,web
U0201,I0025,cart,,1,15.52,2026-02-26T01:54:02Z,mobile
U0136,I0076,cart,,1,36.2,2026-03-07T09:04:02Z,web
U0201,I0062,view,,1,23.59,2026-04-03T13:14:02Z,mobile
U0165,I0040,cart,,1,56.71,2026-02-25T21:19:02Z,web
U0005,I0078,view,,1,41.4,2026-04-13T13:58:02Z,web
U0005,I0119,rating,1.0,1,34.0,2026-04-01T16:48:02Z,web
U0184,I0101,rating,3.0,1,48.0,2026-03-08T06:20:02Z,mobile
U0181,I0109,view,,1,70.56,2026-02-20T22:19:02Z,mobile
U0149,I0005,view,,1,20.52,2026-03-18T21:48:02Z,mobile
U0090,I0038,view,,1,23.01,2026-03-31T02:12:02Z,web
U0200,I0029,cart,,1,83.41,2026-04-16T01:46:02Z,mobile
U0091,I0029,purchase,,1,83.41,2026-04-24T21:17:02Z,web
U0101,I0054,view,,1,35.21,2026-05-01T12:26:02Z,web
U0006,I0016,cart,,1,41.84,2026-02-01T12:58:02Z,web
U0220,I0028,view,,1,23.83,2026-02-26T08:31:02Z,web
U0190,I0026,cart,,1,13.5,2026-02-09T16:57:02Z,web
U0209,I0071,rating,4.0,1,31.77,2026-04-30T12:19:02Z,mobile
U0136,I0098,purchase,,1,35.06,2026-02-27T08:37:02Z,web
U0158,I0055,view,,1,14.43,2026-04-28T06:47:02Z,mobile
U0101,I0030,view,,1,19.11,2026-03-09T11:03:02Z,mobile
U0144,I0106,view,,1,26.93,2026-04-26T17:41:02Z,web
U0119,I0005,purchase,,1,20.52,2026-04-18T08:28:02Z,web
U0046,I0038,cart,,1,23.01,2026-02-04T05:30:02Z,mobile
U0058,I0082,view,,1,27.22,2026-04-03T17:34:02Z,mobile
U0115,I0109,view,,1,70.56,2026-02-02T12:15:02Z,web
U0082,I0049,purchase,,1,10.95,2026-02-23T14:56:02Z,web
U0002,I0009,view,,1,26.36,2026-04-18T14:52:02Z,web
U0192,I0052,rating,5.0,1,30.37,2026-03-20T01:28:02Z,web
U0087,I0035,view,,1,26.96,2026-03-08T02:28:02Z,web
U0104,I0035,cart,,1,26.96,2026-02-13T21:45:02Z,web
U0053,I0043,cart,,1,34.18,2026-02-05T14:52:02Z,web
U0061,I0105,rating,4.0,1,20.28,2026-04-11T02:41:02Z,web
U0003,I0078,view,,1,41.4,2026-02-20T05:33:02Z,web
U0112,I0061,view,,1,17.75,2026-04-18T00:38:02Z,mobile
U0090,I0082,purchase,,1,27.22,2026-03-16T21:56:02Z,mobile
U0104,I0106,purchase,,1,26.93,2026-02-14T10:19:02Z,web
U0195,I0066,view,,1,22.7,2026-02-10T15:28:02Z,web
U0193,I0024,view,,1,24.65,2026-02-10T21:49:02Z,web
U0200,I0069,purchase,,3,41.22,2026-03-25T09:54:02Z,mobile
U0058,I0082,view,,1,27.22,2026-04-04T05:09:02Z,mobile
U0131,I0079,view,,1,55.92,2026-02-27T19:36:02Z,mobile
U0193,I0064,rating,3.0,1,28.05,2026-02-11T08:20:02Z,web
U0154,I0105,view,,1,20.28,2026-03-04T12:08:02Z,web
U0029,I0082,view,,1,27.22,2026-03-21T08:44:02Z,web
U0017,I0008,view,,1,36.94,2026-04-09T21:34:02Z,web
U0228,I0114,view,,1,33.44,2026-02-24T13:49:02Z,web
U0204,I0094,cart,,1,20.46,2026-04-10T13:20:02Z,web
U0215,I0003,view,,1,12.56,2026-02-15T16:07:02Z,web
U0040,I0064,rating,4.0,1,28.05,2026-04-26T01:50:02Z,web
U0037,I0037,cart,,1,17.51,2026-02-06T18:57:02Z,web
U0212,I0014,view,,1,30.5,2026-03-03T02:32:02Z,web
U0193,I0037,cart,,1,17.51,2026-02-20T23:41:02Z,mobile
U0012,I0079,purchase,,1,55.92,2026-02-12T05:57:02Z,mobile
U0006,I0119,cart,,1,34.0,2026-04-04T12:55:02Z,mobile
U0068,I0108,purchase,,1,101.53,2026-02-08T00:27:02Z,web
U0065,I0114,view,,1,33.44,2026-02-12T03:38:02Z,mobile
U0118,I0091,view,,1,42.99,2026-04-02T15:40:02Z,web
U0067,I0005,rating,4.0,1,20.52,2026-02-13T20:29:02Z,web
U0221,I0074,cart,,1,19.52,2026-02-23T14:41:02Z,web
U0101,I0063,view,,1,17.91,2026-03-25T17:34:02Z,mobile
U0014,I0099,purchase,,1,19.36,2026-03-06T02:14:02Z,mobile
U0089,I0097,cart,,1,42.6,2026-03-18T16:59:02Z,web
U0215,I0044,view,,1,16.15,2026-03-12T14:18:02Z,web
U0116,I0050,view,,1,15.33,2026-04-13T01:59:02Z,mobile
U0116,I0091,cart,,1,42.99,2026-04-12T07:12:02Z,web
U0209,I0087,cart,,1,58.68,2026-02-28T10:29:02Z,mobile
U0095,I0098,view,,1,35.06,2026-04-13T05:08:02Z,mobile
U0173,I0053,cart,,1,18.65,2026-03-28T10:11:02Z,mobile
U0021,I0010,view,,1,50.12,2026-04-08T16:40:02Z,web
U0051,I0085,view,,1,64.61,2026-02-07T22:55:02Z,web
U0107,I0078,view,,1,41.4,2026-03-21T20:16:02Z,mobile
U0032,I0001,view,,1,31.44,2026-02-20T21:57:02Z,web
U0023,I0010,rating,4.0,1,50.12,2026-04-02T13:27:02Z,mobile
U0110,I0037,purchase,,2,17.51,2026-02-18T13:03:02Z,web
U0228,I0016,view,,1,41.84,2026-04-07T17:16:02Z,mobile
U0193,I0064,view,,1,28.05,2026-02-25T17:06:02Z,web
U0176,I0044,view,,1,16.15,2026-03-20T12:32:02Z,mobile
U0173,I0103,purchase,,2,51.23,2026-04-13T19:40:02Z,web
U0212,I0055,purchase,,1,14.43,2026-03-05T03:32:02Z,mobile
U0239,I0108,view,,1,101.53,2026-04-19T03:06:02Z,web
U0083,I0081,cart,,1,60.65,2026-03-28T01:37:02Z,web
U0009,I0014,purchase,,1,30.5,2026-02-04T01:19:02Z,mobile
U0127,I0072,view,,1,21.99,2026-03-25T04:47:02Z,web
U0105,I0118,view,,1,24.81,2026-04-16T08:21:02Z,web
U0042,I0097,view,,1,42.6,2026-02-26T02:33:02Z,web
U0174,I0046,cart,,1,32.06,2026-04-19T20:13:02Z,web
U0131,I0057,rating,4.0,1,46.42,2026-04-05T00:32:02Z,mobile
U0163,I0037,view,,1,17.51,2026-04-26T03:27:02Z,web
U0239,I0063,view,,1,17.91,2026-03-26T00:14:02Z,web
U0152,I0111,rating,4.0,1,114.52,2026-03-03T15:55:02Z,web
U0116,I0075,view,,1,25.5,2026-04-25T13:15:02Z,mobile
U0143,I0036,view,,1,74.72,2026-03-23T13:38:02Z,web
U0107,I0062,rating,4.0,1,23.59,2026-02-27T15:57:02Z,mobile
U0031,I0109,purchase,,2,70.56,2026-03-18T23:48:02Z,web
U0190,I0099,view,,1,19.36,2026-02-05T17:53:02Z,mobile
U0118,I0092,cart,,1,16.23,2026-04-05T04:17:02Z,mobile
U0161,I0014,purchase,,1,30.5,2026-04-20T02:00:02Z,web
U0138,I0032,view,,1,68.88,2026-03-21T19:50:02Z,mobile
U0016,I0106,view,,1,26.93,2026-02-27T16:02:02Z,web
U0198,I0056,cart,,1,21.96,2026-04-02T05:58:02Z,web
U0186,I0064,purchase,,1,28.05,2026-04-25T21:41:02Z,mobile
U0216,I0037,view,,1,17.51,2026-03-28T22:38:02Z,web
U0114,I0074,view,,1,19.52,2026-04-11T06:47:02Z,web
U0208,I0024,view,,1,24.65,2026-03-16T01:11:02Z,web
U0081,I0117,purchase,,1,42.8,2026-03-14T21:29:02Z,web
U0060,I0050,view,,1,15.33,2026-03-20T09:10:02Z,mobile
U0102,I0034,rating,2.0,1,32.38,2026-03-05T17:28:02Z,web
U0205,I0006,rating,4.0,1,21.38,2026-02-15T09:16:02Z,mobile
U0187,I0018,view,,1,34.0,2026-04-15T20:55:02Z,mobile
U0162,I0042,purchase,,1,34.64,2026-02-25T08:37:02Z,web
U0102,I0065,view,,1,45.15,2026-03-22T00:40:02Z,mobile
U0154,I0076,view,,1,36.2,2026-04-04T12:18:02Z,mobile
U0020,I0025,view,,1,15.52,2026-03-02T08:29:02Z,mobile
U0215,I0094,cart,,1,20.46,2026-02-10T21:33:02Z,web
U0199,I0087,view,,1,58.68,2026-02-13T21:43:02Z,mobile
U0132,I0023,view,,1,51.99,2026-02-12T18:20:02Z,mobile
U0227,I0112,cart,,1,53.68,2026-04-25T23:17:02Z,web
U0205,I0010,cart,,1,50.12,2026-04-21T12:55:02Z,web
U0196,I0067,purchase,,1,77.25,2026-02-11T02:28:02Z,mobile
U0018,I0053,view,,1,18.65,2026-03-19T14:33:02Z,web
U0106,I0072,cart,,1,21.99,2026-02-16T19:10:02Z,web
U0181,I0018,view,,1,34.0,2026-04-07T18:54:02Z,web
U0210,I0025,cart,,1,15.52,2026-03-03T14:00:02Z,web
U0155,I0049,view,,1,10.95,2026-03-13T14:21:02Z,mobile
U0001,I0117,view,,1,42.8,2026-04-26T03:08:02Z,web
U0048,I0049,view,,1,10.95,2026-04-13T20:39:02Z,mobile
U0132,I0097,view,,1,42.6,2026-04-03T19:55:02Z,mobile
U0146,I0087,rating,4.0,1,58.68,2026-04-20T14:25:02Z,mobile
U0107,I0103,cart,,1,51.23,2026-04-30T19:47:02Z,mobile
U0163,I0100,rating,4.0,1,54.26,2026-02-07T11:06:02Z,web
U0042,I0030,rating,4.0,1,19.11,2026-03-02T16:47:02Z,mobile
U0176,I0118,cart,,1,24.81,2026-02-02T19:52:02Z,web
U0137,I0092,cart,,1,16.23,2026-04-01T08:47:02Z,mobile
U0108,I0060,cart,,1,48.07,2026-03-09T15:36:02Z,mobile
U0073,I0017,cart,,1,25.29,2026-03-06T19:09:02Z,web
U0059,I0057,purchase,,1,46.42,2026-02-13T02:20:02Z,mobile
U0125,I0102,view,,1,45.37,2026-03-26T19:30:02Z,web
U0174,I0004,cart,,1,24.4,2026-04-25T18:15:02Z,web
U0091,I0009,cart,,1,26.36,2026-02-06T22:08:02Z,web
U0023,I0044,view,,1,16.15,2026-04-19T21:06:02Z,web
U0066,I0065,view,,1,45.15,2026-02-02T14:22:02Z,mobile
U0100,I0034,cart,,1,32.38,2026-03-05T13:34:02Z,mobile
U0087,I0059,view,,1,24.91,2026-04-11T22:28:02Z,mobile
U0199,I0120,view,,1,26.42,2026-03-17T07:32:02Z,mobile
U0146,I0104,rating,4.0,1,41.88,2026-04-25T20:20:02Z,web
U0007,I0112,view,,1,53.68,2026-03-31T05:55:02Z,mobile
U0008,I0091,rating,4.0,1,42.99,2026-03-17T18:02:02Z,web
U0040,I0100,purchase,,1,54.26,2026-03-20T08:09:02Z,mobile
U0223,I0100,rating,5.0,1,54.26,2026-04-15T00:57:02Z,mobile
U0013,I0077,view,,1,43.74,2026-03-06T15:44:02Z,mobile
U0120,I0007,view,,1,50.51,2026-04-05T09:12:02Z,mobile
U0141,I0024,purchase,,1,24.65,2026-03-13T15:27:02Z,mobile
U0090,I0067,view,,1,77.25,2026-04-26T11:48:02Z,mobile
U0172,I0108,view,,1,101.53,2026-02-03T22:03:02Z,web
U0128,I0081,view,,1,60.65,2026-02-25T11:31:02Z,mobile
U0004,I0037,view,,1,17.51,2026-04-12T05:39:02Z,web
U0161,I0014,view,,1,30.5,2026-03-15T05:08:02Z,mobile
U0219,I0079,view,,1,55.92,2026-04-11T06:27:02Z,web
U0137,I0070,view,,1,26.73,2026-04-26T10:54:02Z,web
U0220,I0075,view,,1,25.5,2026-03-29T21:40:02Z,web
U0013,I0044,cart,,1,16.15,2026-03-16T20:45:02Z,web
U0076,I0047,view,,1,36.67,2026-03-06T17:12:02Z,mobile
U0204,I0075,view,,1,25.5,2026-03-24T14:18:02Z,mobile
U0058,I0027,rating,3.0,1,58.32,2026-04-18T02:52:02Z,mobile
U0189,I0053,view,,1,18.65,2026-04-01T11:26:02Z,mobile
U0222,I0049,view,,1,10.95,2026-04-15T13:13:02Z,mobile
U0055,I0017,purchase,,2,25.29,2026-02-23T12:18:02Z,web
U0013,I0080,purchase,,1,16.0,2026-03-02T14:15:02Z,web
U0202,I0120,view,,1,26.42,2026-04-13T00:05:02Z,web
U0125,I0052,view,,1,30.37,2026-03-29T14:43:02Z,mobile
U0187,I0056,view,,1,21.96,2026-02-05T18:40:02Z,mobile
U0048,I0101,view,,1,48.0,2026-02-16T12:15:02Z,mobile
U0003,I0005,view,,1,20.52,2026-03-15T18:47:02Z,mobile
U0031,I0091,view,,1,42.99,2026-02-24T09:41:02Z,web
U0033,I0089,purchase,,1,40.79,2026-03-30T04:43:02Z,web
U0074,I0023,view,,1,51.99,2026-03-01T05:29:02Z,web
U0132,I0017,purchase,,1,25.29,2026-04-30T05:35:02Z,mobile
U0157,I0092,view,,1,16.23,2026-04-07T15:46:02Z,web
U0020,I0119,view,,1,34.0,2026-02-24T13:58:02Z,web
U0198,I0073,purchase,,2,25.28,2026-02-22T06:07:02Z,web
U0125,I0098,view,,1,35.06,2026-02-06T07:54:02Z,web
U0104,I0064,view,,1,28.05,2026-04-04T01:44:02Z,mobile
U0153,I0096,view,,1,36.87,2026-04-02T13:03:02Z,web
U0143,I0060,rating,4.0,1,48.07,2026-02-02T05:32:02Z,mobile
U0069,I0077,rating,4.0,1,43.74,2026-04-28T08:57:02Z,mobile
U0018,I0001,cart,,1,31.44,2026-04-01T17:46:02Z,web
U0107,I0002,view,,1,22.56,2026-03-07T16:50:02Z,web
U0082,I0117,rating,4.0,1,42.8,2026-04-08T03:25:02Z,mobile
U0066,I0093,cart,,1,35.82,2026-02-04T11:08:02Z,web
U0161,I0006,rating,3.0,1,21.38,2026-04-15T01:20:02Z,mobile
U0027,I0005,purchase,,1,20.52,2026-03-11T07:45:02Z,mobile
U0032,I0047,view,,1,36.67,2026-02-03T22:37:02Z,mobile
U0160,I0081,rating,5.0,1,60.65,2026-04-27T18:39:02Z,web
U0111,I0005,cart,,1,20.52,2026-02-19T18:28:02Z,mobile
U0201,I0063,purchase,,1,17.91,2026-03-02T04:20:02Z,web
U0166,I0120,purchase,,1,26.42,2026-03-21T05:39:02Z,web
U0051,I0072,view,,1,21.99,2026-02-24T02:04:02Z,mobile
U0230,I0028,view,,1,23.83,2026-02-26T16:41:02Z,mobile
U0115,I0042,view,,1,34.64,2026-04-13T11:34:02Z,mobile
U0088,I0104,view,,1,41.88,2026-05-01T02:26:02Z,mobile
U0234,I0081,view,,1,60.65,2026-02-28T20:44:02Z,mobile
U0002,I0092,cart,,1,16.23,2026-04-13T09:35:02Z,web
U0202,I0074,view,,1,19.52,2026-02-03T03:28:02Z,web
U0234,I0082,purchase,,1,27.22,2026-04-06T11:01:02Z,mobile
U0017,I0095,view,,1,11.84,2026-04-02T06:52:02Z,mobile
U0146,I0008,view,,1,36.94,2026-02-17T05:45:02Z,mobile
U0162,I0001,view,,1,31.44,2026-04-23T19:32:02Z,web
U0224,I0079,rating,5.0,1,55.92,2026-03-15T22:56:02Z,web
U0178,I0064,purchase,,2,28.05,2026-03-26T14:29:02Z,mobile
U0118,I0115,cart,,1,29.97,2026-02-08T22:21:02Z,web
U0088,I0108,view,,1,101.53,2026-04-04T02:37:02Z,web
U0152,I0018,cart,,1,34.0,2026-03-07T10:43:02Z,mobile
U0066,I0093,purchase,,1,35.82,2026-04-07T00:06:02Z,mobile
U0045,I0017,view,,1,25.29,2026-03-23T13:40:02Z,mobile
U0140,I0021,view,,1,19.0,2026-02-04T19:57:02Z,web
U0089,I0022,purchase,,1,23.73,2026-04-05T04:00:02Z,web
U0232,I0025,view,,1,15.52,2026-02-18T18:40:02Z,web
U0008,I0078,view,,1,41.4,2026-02-04T18:33:02Z,mobile
U0086,I0082,cart,,1,27.22,2026-04-21T22:05:02Z,mobile
U0172,I0036,cart,,1,74.72,2026-03-18T11:38:02Z,mobile
U0133,I0032,view,,1,68.88,2026-02-01T05:04:02Z,web
U0056,I0106,purchase,,1,26.93,2026-04-08T23:18:02Z,web
U0218,I0006,view,,1,21.38,2026-04-28T11:58:02Z,web
U0214,I0027,view,,1,58.32,2026-03-03T14:21:02Z,web
U0029,I0096,view,,1,36.87,2026-03-15T22:39:02Z,web
U0185,I0091,view,,1,42.99,2026-02-22T05:11:02Z,mobile
U0004,I0027,view,,1,58.32,2026-03-31T05:30:02Z,web
U0218,I0040,purchase,,1,56.71,2026-04-05T22:30:02Z,web
U0104,I0087,rating,4.0,1,58.68,2026-04-02T14:34:02Z,web
U0116,I0007,view,,1,50.51,2026-04-03T16:45:02Z,web
U0056,I0095,view,,1,11.84,2026-03-16T07:53:02Z,mobile
U0001,I0032,view,,1,68.88,2026-04-22T18:43:02Z,mobile
U0082,I0031,view,,1,6.52,2026-03-08T23:54:02Z,mobile
U0060,I0091,purchase,,1,42.99,2026-02-11T19:51:02Z,web
U0115,I0047,rating,5.0,1,36.67,2026-02-17T00:48:02Z,web
U0017,I0036,view,,1,74.72,2026-04-16T11:26:02Z,mobile
U0014,I0105,view,,1,20.28,2026-04-14T02:17:02Z,mobile
U0006,I0029,view,,1,83.41,2026-03-16T00:18:02Z,web
U0057,I0065,purchase,,1,45.15,2026-02-12T00:10:02Z,web
U0176,I0118,cart,,1,24.81,2026-02-02T01:05:02Z,web
U0172,I0081,view,,1,60.65,2026-04-13T16:52:02Z,web
U0119,I0093,view,,1,35.82,2026-04-09T06:03:02Z,mobile
U0146,I0049,view,,1,10.95,2026-04-11T13:52:02Z,mobile
U0218,I0095,cart,,1,11.84,2026-02-01T23:17:02Z,mobile
U0014,I0024,cart,,1,24.65,2026-03-29T14:58:02Z,web
U0112,I0079,cart,,1,55.92,2026-03-31T03:10:02Z,mobile
U0220,I0024,cart,,1,24.65,2026-03-21T08:48:02Z,web
U0158,I0030,rating,4.0,1,19.11,2026-02-23T13:59:02Z,web
U0096,I0017,rating,5.0,1,25.29,2026-04-25T12:53:02Z,mobile
U0115,I0016,rating,4.0,1,41.84,2026-03-31T03:37:02Z,web
U0123,I0089,view,,1,40.79,2026-04-02T16:30:02Z,mobile
U0041,I0015,cart,,1,19.27,2026-03-01T17:22:02Z,mobile
U0106,I0046,view,,1,32.06,2026-02-17T18:55:02Z,mobile
U0079,I0053,view,,1,18.65,2026-04-18T14:17:02Z,mobile
U0025,I0021,view,,1,19.0,2026-04-18T03:30:02Z,web
U0224,I0090,view,,1,12.85,2026-03-21T05:48:02Z,mobile
U0181,I0001,rating,5.0,1,31.44,2026-04-04T16:54:02Z,web
U0135,I0001,view,,1,31.44,2026-02-20T21:37:02Z,mobile
U0167,I0074,cart,,1,19.52,2026-03-06T13:53:02Z,web
U0193,I0059,view,,1,24.91,2026-02-25T07:07:02Z,mobile
U0187,I0041,view,,1,35.48,2026-03-07T11:40:02Z,web
U0139,I0054,view,,1,35.21,2026-03-06T11:56:02Z,web
U0031,I0090,view,,1,12.85,2026-04-14T02:28:02Z,web
U0136,I0075,view,,1,25.5,2026-03-31T20:22:02Z,mobile
U0127,I0097,view,,1,42.6,2026-03-23T15:30:02Z,web
U0105,I0048,rating,5.0,1,22.53,2026-03-24T07:41:02Z,web
U0196,I0065,purchase,,1,45.15,2026-04-22T02:53:02Z,mobile
U0097,I0078,view,,1,41.4,2026-02-13T23:16:02Z,web
U0124,I0003,view,,1,12.56,2026-02-07T06:19:02Z,mobile
U0129,I0100,rating,3.0,1,54.26,2026-02-14T20:20:02Z,web
U0171,I0052,purchase,,2,30.37,2026-03-03T21:27:02Z,mobile
U0239,I0069,view,,1,41.22,2026-03-15T16:44:02Z,mobile
U0061,I0001,view,,1,31.44,2026-02-06T20:44:02Z,mobile
U0207,I0103,cart,,1,51.23,2026-03-24T15:57:02Z,web
U0039,I0012,cart,,1,67.3,2026-03-18T11:34:02Z,mobile
U0126,I0082,view,,1,27.22,2026-02-08T06:50:02Z,web
U0034,I0102,cart,,1,45.37,2026-04-22T07:35:02Z,web
U0093,I0026,purchase,,1,13.5,2026-03-01T06:03:02Z,web
U0126,I0060,view,,1,48.07,2026-04-27T04:15:02Z,mobile
U0010,I0019,rating,4.0,1,35.63,2026-04-17T08:50:02Z,mobile
U0190,I0003,view,,1,12.56,2026-04-09T07:10:02Z,web
U0013,I0080,view,,1,16.0,2026-03-12T10:46:02Z,web
U0111,I0119,view,,1,34.0,2026-04-01T13:50:02Z,mobile
U0036,I0022,cart,,1,23.73,2026-02-17T15:56:02Z,mobile
U0059,I0002,view,,1,22.56,2026-02-07T18:04:02Z,mobile
U0131,I0091,purchase,,3,42.99,2026-04-03T13:52:02Z,web
U0118,I0119,view,,1,34.0,2026-03-28T11:29:02Z,mobile
U0076,I0092,cart,,1,16.23,2026-04-18T10:40:02Z,mobile
U0193,I0100,view,,1,54.26,2026-03-18T07:14:02Z,web
U0207,I0022,view,,1,23.73,2026-02-01T06:36:02Z,mobile
U0020,I0120,cart,,1,26.42,2026-02-26T11:24:02Z,web
U0026,I0016,view,,1,41.84,2026-04-20T06:26:02Z,mobile
U0190,I0096,rating,4.0,1,36.87,2026-03-11T06:23:02Z,mobile
U0188,I0055,purchase,,1,14.43,2026-03-02T10:02:02Z,web
U0191,I0016,rating,4.0,1,41.84,2026-02-18T21:59:02Z,mobile
U0045,I0052,view,,1,30.37,2026-02-06T15:04:02Z,web
U0123,I0037,rating,5.0,1,17.51,2026-04-03T13:46:02Z,mobile
U0085,I0019,rating,4.0,1,35.63,2026-03-05T10:00:02Z,web
U0133,I0074,cart,,1,19.52,2026-04-12T10:17:02Z,web
U0094,I0042,view,,1,34.64,2026-03-09T20:03:02Z,web
U0074,I0112,view,,1,53.68,2026-02-21T03:43:02Z,web
U0104,I0079,view,,1,55.92,2026-02-17T07:19:02Z,web
U0187,I0118,cart,,1,24.81,2026-02-16T15:44:02Z,mobile
U0026,I0016,cart,,1,41.84,2026-03-25T01:38:02Z,web
U0020,I0060,view,,1,48.07,2026-02-21T21:17:02Z,web
U0189,I0026,view,,1,13.5,2026-03-07T14:13:02Z,web
U0233,I0027,cart,,1,58.32,2026-02-20T05:32:02Z,mobile
U0189,I0008,rating,4.0,1,36.94,2026-04-04T14:54:02Z,mobile
U0186,I0110,cart,,1,26.64,2026-02-05T05:44:02Z,mobile
U0185,I0045,view,,1,27.1,2026-03-25T00:29:02Z,mobile
U0095,I0072,view,,1,21.99,2026-03-19T12:21:02Z,mobile
U0019,I0107,purchase,,2,14.01,2026-02-07T13:26:02Z,mobile
U0180,I0115,view,,1,29.97,2026-02-03T22:42:02Z,mobile
U0120,I0059,cart,,1,24.91,2026-04-24T08:50:02Z,web
U0170,I0114,view,,1,33.44,2026-02-13T06:28:02Z,mobile
U0057,I0028,view,,1,23.83,2026-05-01T16:33:02Z,mobile
U0060,I0103,view,,1,51.23,2026-04-21T10:56:02Z,mobile
U0100,I0065,view,,1,45.15,2026-02-21T13:15:02Z,web
U0097,I0022,rating,3.0,1,23.73,2026-03-01T01:38:02Z,mobile
U0008,I0010,rating,4.0,1,50.12,2026-04-29T23:07:02Z,mobile
U0021,I0068,cart,,1,16.18,2026-02-03T07:28:02Z,mobile
U0009,I0099,view,,1,19.36,2026-03-29T17:50:02Z,mobile
U0073,I0027,cart,,1,58.32,2026-02-07T17:52:02Z,web
U0072,I0059,view,,1,24.91,2026-02-20T14:13:02Z,mobile
U0037,I0037,cart,,1,17.51,2026-04-27T17:55:02Z,mobile
U0042,I0008,view,,1,36.94,2026-02-17T04:40:02Z,web
U0077,I0082,view,,1,27.22,2026-02-16T10:18:02Z,mobile
U0232,I0057,view,,1,46.42,2026-02-13T23:30:02Z,web
U0161,I0018,view,,1,34.0,2026-04-09T12:13:02Z,web
U0237,I0069,purchase,,1,41.22,2026-04-01T21:44:02Z,web
U0136,I0055,view,,1,14.43,2026-04-02T22:54:02Z,mobile
U0189,I0029,view,,1,83.41,2026-04-08T21:47:02Z,web
U0181,I0026,view,,1,13.5,2026-04-08T14:06:02Z,mobile
U0130,I0070,view,,1,26.73,2026-03-25T07:46:02Z,web
U0110,I0048,view,,1,22.53,2026-03-14T16:57:02Z,web
U0134,I0034,purchase,,1,32.38,2026-04-30T02:45:02Z,mobile
U0015,I0103,view,,1,51.23,2026-02-28T21:40:02Z,mobile
U0009,I0073,view,,1,25.28,2026-02-03T04:07:02Z,mobile
U0072,I0115,purchase,,1,29.97,2026-03-16T23:48:02Z,mobile
U0161,I0018,purchase,,1,34.0,2026-02-24T07:09:02Z,mobile
U0219,I0095,view,,1,11.84,2026-03-08T03:04:02Z,web
U0202,I0071,rating,5.0,1,31.77,2026-03-09T15:35:02Z,web
U0236,I0090,purchase,,1,12.85,2026-04-16T04:31:02Z,mobile
U0236,I0057,view,,1,46.42,2026-04-28T15:59:02Z,web
U0090,I0060,view,,1,48.07,2026-04-27T18:10:02Z,web
U0024,I0010,rating,5.0,1,50.12,2026-04-25T23:57:02Z,mobile
U0015,I0017,view,,1,25.29,2026-03-31T10:13:02Z,mobile
U0007,I0099,purchase,,1,19.36,2026-03-09T08:24:02Z,mobile
U0094,I0077,view,,1,43.74,2026-04-19T15:42:02Z,web
U0079,I0069,purchase,,2,41.22,2026-03-08T23:11:02Z,web
U0228,I0052,cart,,1,30.37,2026-02-11T08:07:02Z,mobile
U0226,I0033,cart,,1,24.72,2026-02-27T07:03:02Z,web
U0053,I0116,view,,1,59.11,2026-02-18T14:46:02Z,mobile
U0129,I0003,purchase,,1,12.56,2026-02-07T14:05:02Z,web
U0022,I0055,view,,1,14.43,2026-03-04T18:36:02Z,mobile
U0234,I0023,view,,1,51.99,2026-03-18T22:58:02Z,mobile
U0047,I0051,view,,1,24.93,2026-02-22T12:47:02Z,web
U0143,I0063,rating,4.0,1,17.91,2026-02-27T05:26:02Z,mobile
U0006,I0006,purchase,,3,21.38,2026-03-01T12:27:02Z,web
U0179,I0013,view,,1,28.54,2026-03-17T18:25:02Z,mobile
U0131,I0001,view,,1,31.44,2026-02-15T21:11:02Z,mobile
U0101,I0054,purchase,,1,35.21,2026-04-13T08:48:02Z,web
U0054,I0109,view,,1,70.56,2026-03-27T07:24:02Z,web
U0031,I0016,rating,3.0,1,41.84,2026-02-06T19:36:02Z,web
U0052,I0044,view,,1,16.15,2026-02-18T23:29:02Z,mobile
U0145,I0089,rating,3.0,1,40.79,2026-02-21T13:56:02Z,mobile
U0050,I0068,view,,1,16.18,2026-04-25T11:45:02Z,mobile
U0109,I0070,view,,1,26.73,2026-04-12T06:14:02Z,mobile
U0067,I0077,view,,1,43.74,2026-04-05T22:53:02Z,web
U0060,I0091,cart,,1,42.99,2026-04-15T02:59:02Z,mobile
U0143,I0072,view,,1,21.99,2026-03-25T00:11:02Z,web
U0053,I0073,view,,1,25.28,2026-04-06T23:07:02Z,web
U0239,I0113,view,,1,36.16,2026-03-24T18:49:02Z,mobile
U0223,I0037,cart,,1,17.51,2026-03-24T23:33:02Z,web
U0146,I0117,purchase,,1,42.8,2026-04-12T02:42:02Z,mobile
U0136,I0055,view,,1,14.43,2026-04-11T21:29:02Z,web
U0155,I0073,cart,,1,25.28,2026-04-19T10:51:02Z,mobile
U0220,I0031,cart,,1,6.52,2026-02-26T22:22:02Z,mobile
U0145,I0113,view,,1,36.16,2026-04-08T13:06:02Z,mobile
U0110,I0066,view,,1,22.7,2026-04-26T16:04:02Z,web
U0202,I0010,rating,5.0,1,50.12,2026-03-09T12:37:02Z,web
U0202,I0032,view,,1,68.88,2026-03-06T08:05:02Z,mobile
U0178,I0003,rating,1.0,1,12.56,2026-02-13T19:59:02Z,web
U0087,I0074,purchase,,2,19.52,2026-02-28T11:27:02Z,web
U0056,I0090,purchase,,2,12.85,2026-03-12T04:19:02Z,mobile
U0076,I0088,view,,1,30.05,2026-04-19T13:28:02Z,mobile
U0227,I0095,cart,,1,11.84,2026-04-22T05:04:02Z,mobile
U0143,I0045,view,,1,27.1,2026-04-28T02:32:02Z,web
U0194,I0056,view,,1,21.96,2026-03-19T03:41:02Z,mobile
U0084,I0116,purchase,,1,59.11,2026-02-20T18:50:02Z,web
U0223,I0027,view,,1,58.32,2026-04-07T21:40:02Z,mobile
U0125,I0057,cart,,1,46.42,2026-02-23T20:19:02Z,web
U0102,I0097,view,,1,42.6,2026-03-23T04:15:02Z,mobile
U0124,I0038,view,,1,23.01,2026-03-20T15:10:02Z,mobile
U0230,I0089,view,,1,40.79,2026-03-16T00:37:02Z,web
U0090,I0081,rating,4.0,1,60.65,2026-04-28T11:31:02Z,web
U0112,I0016,purchase,,1,41.84,2026-02-27T08:24:02Z,mobile
U0119,I0005,rating,5.0,1,20.52,2026-04-23T08:59:02Z,web
U0105,I0014,view,,1,30.5,2026-04-26T01:35:02Z,web
U0224,I0065,cart,,1,45.15,2026-02-03T11:58:02Z,web
U0113,I0034,view,,1,32.38,2026-04-12T00:33:02Z,mobile
U0232,I0015,rating,5.0,1,19.27,2026-04-17T03:47:02Z,web
U0079,I0031,rating,4.0,1,6.52,2026-04-11T20:56:02Z,mobile
U0099,I0001,rating,5.0,1,31.44,2026-02-13T10:54:02Z,mobile
U0077,I0042,rating,1.0,1,34.64,2026-04-01T06:54:02Z,mobile
U0202,I0120,rating,5.0,1,26.42,2026-03-26T07:48:02Z,mobile
U0136,I0032,cart,,1,68.88,2026-02-23T14:06:02Z,mobile
U0013,I0042,cart,,1,34.64,2026-02-04T05:17:02Z,web
U0048,I0116,rating,4.0,1,59.11,2026-04-07T03:00:02Z,mobile
U0107,I0108,view,,1,101.53,2026-02-05T03:44:02Z,web
U0044,I0018,view,,1,34.0,2026-04-09T10:09:02Z,mobile
U0117,I0026,view,,1,13.5,2026-02-10T12:35:02Z,web
U0199,I0112,view,,1,53.68,2026-02-25T11:08:02Z,mobile
U0191,I0087,view,,1,58.68,2026-04-07T18:59:02Z,mobile
U0030,I0005,rating,3.0,1,20.52,2026-03-06T16:03:02Z,mobile
U0166,I0046,view,,1,32.06,2026-04-03T17:43:02Z,web
U0232,I0054,view,,1,35.21,2026-02-21T20:45:02Z,mobile
U0108,I0046,view,,1,32.06,2026-03-23T12:15:02Z,web
U0118,I0063,view,,1,17.91,2026-02-11T14:26:02Z,mobile
U0233,I0086,purchase,,1,33.96,2026-03-16T20:25:02Z,mobile
U0136,I0081,view,,1,60.65,2026-03-19T13:47:02Z,mobile
U0186,I0024,view,,1,24.65,2026-02-24T20:41:02Z,mobile
U0002,I0094,view,,1,20.46,2026-03-08T11:29:02Z,mobile
U0147,I0015,view,,1,19.27,2026-03-08T19:51:02Z,web
U0142,I0118,cart,,1,24.81,2026-04-29T22:25:02Z,mobile
U0078,I0070,purchase,,2,26.73,2026-04-22T16:07:02Z,mobile
U0002,I0038,rating,2.0,1,23.01,2026-04-21T17:27:02Z,mobile
U0114,I0100,view,,1,54.26,2026-02-26T15:35:02Z,mobile
U0129,I0005,purchase,,2,20.52,2026-04-05T00:27:02Z,web
U0014,I0030,view,,1,19.11,2026-04-25T18:51:02Z,mobile
U0138,I0068,view,,1,16.18,2026-04-20T03:32:02Z,mobile
U0151,I0037,view,,1,17.51,2026-03-03T10:52:02Z,web
U0073,I0037,view,,1,17.51,2026-04-21T14:49:02Z,mobile
U0152,I0023,purchase,,1,51.99,2026-02-03T08:50:02Z,mobile
U0162,I0001,rating,5.0,1,31.44,2026-02-28T21:43:02Z,web
U0128,I0038,rating,3.0,1,23.01,2026-03-20T06:09:02Z,mobile
U0155,I0004,rating,4.0,1,24.4,2026-04-30T18:41:02Z,mobile
U0088,I0019,view,,1,35.63,2026-04-23T06:19:02Z,web
U0038,I0113,view,,1,36.16,2026-02-22T01:52:02Z,mobile
U0134,I0068,cart,,1,16.18,2026-03-13T00:00:02Z,mobile
U0104,I0110,view,,1,26.64,2026-02-03T13:43:02Z,web
U0154,I0066,cart,,1,22.7,2026-04-28T05:43:02Z,mobile
U0222,I0013,view,,1,28.54,2026-03-23T18:42:02Z,web
U0126,I0041,purchase,,1,35.48,2026-04-28T06:47:02Z,web
U0044,I0118,cart,,1,24.81,2026-03-12T22:42:02Z,mobile
U0237,I0118,view,,1,24.81,2026-03-08T13:33:02Z,mobile
U0038,I0014,purchase,,1,30.5,2026-04-06T11:54:02Z,web
U0172,I0065,purchase,,3,45.15,2026-02-28T08:44:02Z,web
U0131,I0081,view,,1,60.65,2026-03-31T05:15:02Z,mobile
U0166,I0039,view,,1,14.55,2026-04-18T04:01:02Z,web
U0052,I0047,view,,1,36.67,2026-04-01T17:59:02Z,mobile
U0090,I0042,view,,1,34.64,2026-03-25T06:46:02Z,mobile
U0006,I0096,view,,1,36.87,2026-02-07T05:36:02Z,mobile
U0015,I0115,rating,5.0,1,29.97,2026-03-26T10:28:02Z,web
U0156,I0007,view,,1,50.51,2026-04-24T02:21:02Z,mobile
U0140,I0105,view,,1,20.28,2026-02-16T17:16:02Z,mobile
U0194,I0091,cart,,1,42.99,2026-02-03T10:26:02Z,mobile
U0145,I0050,purchase,,2,15.33,2026-02-28T16:39:02Z,web
U0046,I0110,view,,1,26.64,2026-02-04T22:07:02Z,web
U0231,I0088,view,,1,30.05,2026-03-23T20:16:02Z,web
U0135,I0072,rating,4.0,1,21.99,2026-03-25T20:44:02Z,mobile
U0054,I0026,rating,3.0,1,13.5,2026-03-03T22:43:02Z,mobile
U0110,I0064,view,,1,28.05,2026-02-26T00:46:02Z,web
U0102,I0083,view,,1,17.83,2026-04-24T03:32:02Z,mobile
U0046,I0082,view,,1,27.22,2026-04-24T06:43:02Z,web
U0088,I0017,view,,1,25.29,2026-03-23T08:52:02Z,mobile
U0164,I0028,purchase,,1,23.83,2026-02-04T06:28:02Z,mobile
U0133,I0109,rating,5.0,1,70.56,2026-02-18T19:14:02Z,web
U0193,I0113,rating,5.0,1,36.16,2026-02-07T03:13:02Z,mobile
U0206,I0099,rating,4.0,1,19.36,2026-04-26T12:50:02Z,mobile
U0042,I0065,cart,,1,45.15,2026-03-22T10:56:02Z,mobile
U0113,I0047,view,,1,36.67,2026-02-02T13:34:02Z,mobile
U0222,I0043,view,,1,34.18,2026-03-28T19:11:02Z,web
U0124,I0080,view,,1,16.0,2026-03-26T13:31:02Z,mobile
U0090,I0003,view,,1,12.56,2026-03-01T22:27:02Z,web
U0146,I0071,view,,1,31.77,2026-02-01T22:59:02Z,mobile
U0186,I0035,cart,,1,26.96,2026-03-28T02:45:02Z,web
U0099,I0041,view,,1,35.48,2026-02-09T22:15:02Z,web
U0147,I0081,view,,1,60.65,2026-02-18T13:59:02Z,mobile
U0077,I0093,rating,4.0,1,35.82,2026-02-02T22:13:02Z,web
U0230,I0066,cart,,1,22.7,2026-03-14T09:08:02Z,mobile
U0195,I0011,view,,1,15.55,2026-04-07T22:18:02Z,mobile
U0082,I0066,view,,1,22.7,2026-02-01T13:57:02Z,web
U0052,I0079,cart,,1,55.92,2026-04-29T22:22:02Z,web
U0135,I0075,view,,1,25.5,2026-04-19T16:05:02Z,mobile
U0101,I0092,view,,1,16.23,2026-02-27T04:30:02Z,mobile
U0077,I0112,purchase,,2,53.68,2026-03-09T17:59:02Z,web
U0221,I0011,view,,1,15.55,2026-02-19T20:44:02Z,web
U0008,I0050,rating,5.0,1,15.33,2026-04-11T09:43:02Z,web
U0165,I0018,view,,1,34.0,2026-04-01T19:32:02Z,mobile
U0102,I0022,view,,1,23.73,2026-04-19T21:50:02Z,mobile
U0240,I0064,view,,1,28.05,2026-03-14T06:36:02Z,web
U0087,I0007,rating,5.0,1,50.51,2026-04-16T09:55:02Z,mobile
U0145,I0037,purchase,,1,17.51,2026-04-28T04:57:02Z,web
U0028,I0051,view,,1,24.93,2026-03-03T00:54:02Z,web
U0098,I0037,rating,4.0,1,17.51,2026-02-01T19:18:02Z,web
U0026,I0016,cart,,1,41.84,2026-02-17T01:03:02Z,mobile
U0037,I0027,purchase,,1,58.32,2026-02-04T12:09:02Z,web
U0204,I0059,cart,,1,24.91,2026-02-25T20:53:02Z,mobile
U0117,I0108,purchase,,1,101.53,2026-03-01T05:23:02Z,mobile
U0150,I0087,view,,1,58.68,2026-04-11T02:07:02Z,web
U0150,I0074,view,,1,19.52,2026-03-08T15:24:02Z,mobile
U0158,I0045,view,,1,27.1,2026-02-13T11:32:02Z,web
U0027,I0038,rating,4.0,1,23.01,2026-04-22T18:32:02Z,web
U0234,I0044,purchase,,1,16.15,2026-02-02T21:37:02Z,web
U0160,I0104,purchase,,1,41.88,2026-03-29T02:50:02Z,mobile
U0148,I0060,rating,3.0,1,48.07,2026-03-04T08:45:02Z,web
U0078,I0081,view,,1,60.65,2026-02-10T04:06:02Z,mobile
U0004,I0095,view,,1,11.84,2026-02-17T02:49:02Z,mobile
U0153,I0001,view,,1,31.44,2026-03-29T19:47:02Z,mobile
U0164,I0011,purchase,,1,15.55,2026-03-14T06:50:02Z,web
U0070,I0088,view,,1,30.05,2026-02-06T11:52:02Z,web
U0063,I0118,view,,1,24.81,2026-03-05T09:55:02Z,web
U0110,I0066,view,,1,22.7,2026-04-30T15:15:02Z,mobile
U0089,I0041,view,,1,35.48,2026-03-19T18:39:02Z,web
U0128,I0056,cart,,1,21.96,2026-02-06T18:26:02Z,web
U0068,I0063,rating,4.0,1,17.91,2026-04-02T02:45:02Z,mobile
U0118,I0021,view,,1,19.0,2026-04-27T21:17:02Z,web
U0045,I0004,rating,5.0,1,24.4,2026-03-22T06:30:02Z,mobile
U0068,I0103,rating,5.0,1,51.23,2026-03-02T20:39:02Z,web
U0167,I0100,view,,1,54.26,2026-02-24T21:58:02Z,web
U0076,I0025,view,,1,15.52,2026-05-01T11:50:02Z,web
U0042,I0030,view,,1,19.11,2026-02-15T16:28:02Z,web
U0111,I0029,view,,1,83.41,2026-04-02T17:07:02Z,mobile
U0050,I0098,rating,3.0,1,35.06,2026-03-07T05:09:02Z,mobile
U0165,I0007,purchase,,1,50.51,2026-03-10T21:54:02Z,web
U0145,I0097,view,,1,42.6,2026-03-10T01:23:02Z,web
U0055,I0062,cart,,1,23.59,2026-03-02T10:46:02Z,mobile
U0202,I0117,purchase,,1,42.8,2026-03-23T05:10:02Z,web
U0119,I0082,view,,1,27.22,2026-04-04T17:14:02Z,mobile
U0166,I0058,cart,,1,18.03,2026-04-06T12:49:02Z,web
U0051,I0073,view,,1,25.28,2026-02-14T13:33:02Z,mobile
U0102,I0024,rating,4.0,1,24.65,2026-05-01T01:02:02Z,mobile
U0078,I0001,view,,1,31.44,2026-04-25T14:11:02Z,web
U0240,I0026,view,,1,13.5,2026-02-25T14:00:02Z,mobile
U0030,I0006,view,,1,21.38,2026-03-06T16:32:02Z,mobile
U0075,I0052,rating,3.0,1,30.37,2026-02-18T22:42:02Z,mobile
U0102,I0114,purchase,,2,33.44,2026-02-22T17:03:02Z,web
U0126,I0065,rating,3.0,1,45.15,2026-02-16T15:25:02Z,web
U0178,I0089,purchase,,3,40.79,2026-02-26T19:11:02Z,mobile
U0052,I0042,view,,1,34.64,2026-03-03T15:48:02Z,mobile
U0100,I0051,purchase,,1,24.93,2026-04-27T22:26:02Z,mobile
U0040,I0047,view,,1,36.67,2026-02-09T21:39:02Z,web
U0182,I0101,rating,4.0,1,48.0,2026-03-04T19:51:02Z,web
U0016,I0016,cart,,1,41.84,2026-04-07T05:43:02Z,web
U0070,I0054,view,,1,35.21,2026-04-21T03:50:02Z,mobile
U0190,I0080,view,,1,16.0,2026-04-27T21:47:02Z,mobile
U0216,I0027,view,,1,58.32,2026-04-24T13:43:02Z,mobile
U0073,I0106,view,,1,26.93,2026-04-04T09:13:02Z,web
U0007,I0099,view,,1,19.36,2026-02-20T13:08:02Z,mobile
U0202,I0098,view,,1,35.06,2026-02-26T15:47:02Z,web
U0101,I0014,rating,5.0,1,30.5,2026-02-19T13:12:02Z,web
U0172,I0074,view,,1,19.52,2026-03-16T23:57:02Z,mobile
U0130,I0034,purchase,,1,32.38,2026-03-02T01:51:02Z,mobile
U0023,I0101,view,,1,48.0,2026-03-03T20:52:02Z,web
U0057,I0110,purchase,,1,26.64,2026-02-12T15:16:02Z,mobile
U0187,I0084,view,,1,27.83,2026-02-02T02:23:02Z,web
U0143,I0069,purchase,,1,41.22,2026-04-15T17:52:02Z,web
U0040,I0100,view,,1,54.26,2026-02-10T02:59:02Z,web
U0104,I0059,view,,1,24.91,2026-04-10T08:30:02Z,mobile
U0109,I0026,view,,1,13.5,2026-03-15T07:33:02Z,web
U0180,I0023,view,,1,51.99,2026-02-18T00:27:02Z,mobile
U0048,I0014,rating,5.0,1,30.5,2026-03-26T02:17:02Z,web
U0144,I0046,view,,1,32.06,2026-03-18T18:10:02Z,web
U0061,I0005,view,,1,20.52,2026-04-09T20:36:02Z,web
U0118,I0047,view,,1,36.67,2026-04-24T22:58:02Z,mobile
U0171,I0020,cart,,1,27.33,2026-04-14T12:01:02Z,mobile
U0007,I0034,view,,1,32.38,2026-04-05T00:55:02Z,mobile
U0028,I0023,cart,,1,51.99,2026-04-27T03:24:02Z,web
U0230,I0113,view,,1,36.16,2026-02-16T18:36:02Z,mobile
U0188,I0016,view,,1,41.84,2026-04-21T15:53:02Z,web
U0161,I0068,view,,1,16.18,2026-04-17T19:15:02Z,mobile
U0106,I0015,view,,1,19.27,2026-04-10T17:44:02Z,web
U0204,I0094,view,,1,20.46,2026-03-30T04:44:02Z,mobile
U0003,I0027,view,,1,58.32,2026-02-12T08:23:02Z,web
U0200,I0098,view,,1,35.06,2026-04-28T01:49:02Z,web
U0230,I0113,view,,1,36.16,2026-03-24T16:26:02Z,web
U0033,I0089,view,,1,40.79,2026-02-04T15:39:02Z,web
U0059,I0057,rating,5.0,1,46.42,2026-04-12T03:13:02Z,mobile
U0015,I0114,view,,1,33.44,2026-03-01T04:16:02Z,mobile
U0114,I0099,purchase,,1,19.36,2026-03-04T15:37:02Z,web
U0012,I0031,view,,1,6.52,2026-02-21T11:43:02Z,mobile
U0043,I0038,rating,4.0,1,23.01,2026-04-08T17:33:02Z,mobile
U0105,I0118,purchase,,1,24.81,2026-03-29T03:09:02Z,web
U0018,I0009,view,,1,26.36,2026-04-13T07:35:02Z,mobile
U0092,I0079,view,,1,55.92,2026-03-07T13:58:02Z,web
U0110,I0024,view,,1,24.65,2026-02-27T23:07:02Z,web
U0188,I0061,view,,1,17.75,2026-03-22T02:28:02Z,web
U0112,I0090,view,,1,12.85,2026-04-18T06:37:02Z,mobile
U0204,I0110,view,,1,26.64,2026-03-06T10:25:02Z,web
U0071,I0067,view,,1,77.25,2026-04-06T14:50:02Z,mobile
U0179,I0051,purchase,,1,24.93,2026-04-08T09:39:02Z,web
U0055,I0002,view,,1,22.56,2026-03-28T18:26:02Z,web
U0034,I0107,view,,1,14.01,2026-04-27T07:05:02Z,web
U0010,I0119,view,,1,34.0,2026-04-21T06:31:02Z,web
U0058,I0059,view,,1,24.91,2026-04-07T16:18:02Z,web
U0205,I0032,view,,1,68.88,2026-04-25T19:35:02Z,web
U0052,I0047,cart,,1,36.67,2026-03-13T20:48:02Z,web
U0188,I0040,cart,,1,56.71,2026-03-10T03:45:02Z,mobile
U0005,I0112,cart,,1,53.68,2026-03-21T20:00:02Z,web
U0202,I0085,purchase,,2,64.61,2026-02-05T16:37:02Z,web
U0208,I0080,cart,,1,16.0,2026-04-27T16:01:02Z,web
U0112,I0082,view,,1,27.22,2026-04-30T15:50:02Z,web
U0187,I0048,view,,1,22.53,2026-02-06T14:59:02Z,mobile
U0147,I0083,cart,,1,17.83,2026-03-24T02:13:02Z,mobile
U0173,I0108,view,,1,101.53,2026-02-08T23:47:02Z,web
U0166,I0053,rating,4.0,1,18.65,2026-04-30T21:14:02Z,mobile
U0139,I0078,view,,1,41.4,2026-04-20T20:36:02Z,mobile
U0224,I0031,view,,1,6.52,2026-04-21T07:34:02Z,web
U0070,I0088,view,,1,30.05,2026-02-02T19:56:02Z,mobile
U0169,I0064,cart,,1,28.05,2026-03-16T14:59:02Z,mobile
U0144,I0077,view,,1,43.74,2026-04-28T15:33:02Z,mobile
U0139,I0020,purchase,,1,27.33,2026-03-13T09:53:02Z,mobile
U0050,I0084,purchase,,1,27.83,2026-03-09T21:57:02Z,mobile
U0033,I0093,view,,1,35.82,2026-02-01T15:04:02Z,web
U0019,I0117,view,,1,42.8,2026-04-20T20:18:02Z,web
U0203,I0038,cart,,1,23.01,2026-04-10T13:30:02Z,web
U0202,I0051,cart,,1,24.93,2026-03-02T19:59:02Z,web
U0210,I0118,purchase,,2,24.81,2026-02-26T22:43:02Z,web
U0154,I0069,view,,1,41.22,2026-04-01T11:01:02Z,mobile
U0095,I0117,view,,1,42.8,2026-05-01T16:10:02Z,web
U0034,I0007,view,,1,50.51,2026-02-07T14:49:02Z,mobile
U0206,I0077,view,,1,43.74,2026-04-26T12:22:02Z,mobile
U0179,I0036,purchase,,1,74.72,2026-03-07T05:35:02Z,mobile
U0090,I0038,purchase,,1,23.01,2026-02-03T17:09:02Z,web
U0219,I0064,purchase,,2,28.05,2026-02-01T17:04:02Z,web
U0223,I0076,rating,5.0,1,36.2,2026-04-16T22:17:02Z,mobile
U0129,I0041,view,,1,35.48,2026-02-08T00:51:02Z,web
U0078,I0003,purchase,,1,12.56,2026-04-16T06:31:02Z,web
U0166,I0071,cart,,1,31.77,2026-04-08T18:03:02Z,mobile
U0067,I0044,view,,1,16.15,2026-02-23T03:15:02Z,web
U0170,I0065,cart,,1,45.15,2026-04-13T13:04:02Z,web
U0188,I0046,view,,1,32.06,2026-03-25T21:03:02Z,web
U0153,I0042,view,,1,34.64,2026-04-14T15:21:02Z,mobile
U0237,I0084,rating,1.0,1,27.83,2026-04-02T00:18:02Z,web
U0165,I0007,cart,,1,50.51,2026-03-28T11:21:02Z,mobile
U0133,I0117,purchase,,1,42.8,2026-02-17T05:16:02Z,web
U0118,I0103,view,,1,51.23,2026-04-06T20:02:02Z,web
U0187,I0055,view,,1,14.43,2026-04-28T19:22:02Z,web
U0182,I0117,view,,1,42.8,2026-03-20T05:00:02Z,web
U0149,I0081,cart,,1,60.65,2026-04-26T10:38:02Z,web
U0099,I0023,cart,,1,51.99,2026-03-15T20:02:02Z,web
U0024,I0107,view,,1,14.01,2026-04-08T17:56:02Z,mobile
U0230,I0068,view,,1,16.18,2026-02-13T23:36:02Z,web
U0133,I0088,cart,,1,30.05,2026-02-21T04:01:02Z,mobile
U0168,I0051,view,,1,24.93,2026-03-13T23:51:02Z,mobile
U0008,I0092,view,,1,16.23,2026-04-21T00:55:02Z,mobile
U0002,I0080,view,,1,16.0,2026-04-18T22:38:02Z,mobile
U0087,I0031,cart,,1,6.52,2026-02-26T12:45:02Z,mobile
U0149,I0028,view,,1,23.83,2026-02-28T09:38:02Z,mobile
U0166,I0107,purchase,,1,14.01,2026-03-04T22:13:02Z,web
U0038,I0083,view,,1,17.83,2026-04-25T05:33:02Z,web
U0175,I0051,rating,3.0,1,24.93,2026-03-01T16:35:02Z,web
U0015,I0004,purchase,,1,24.4,2026-02-14T03:04:02Z,mobile
U0145,I0094,view,,1,20.46,2026-02-11T08:58:02Z,mobile
U0080,I0060,cart,,1,48.07,2026-04-29T17:52:02Z,mobile
U0210,I0035,view,,1,26.96,2026-02-08T16:53:02Z,mobile
U0208,I0053,rating,4.0,1,18.65,2026-03-27T04:18:02Z,web
U0211,I0024,view,,1,24.65,2026-04-13T10:41:02Z,mobile
U0010,I0083,purchase,,1,17.83,2026-03-03T23:37:02Z,web
U0113,I0109,cart,,1,70.56,2026-02-06T06:19:02Z,mobile
U0081,I0006,view,,1,21.38,2026-03-12T22:12:02Z,web
U0176,I0056,view,,1,21.96,2026-02-22T21:53:02Z,mobile
U0201,I0015,view,,1,19.27,2026-03-11T13:23:02Z,mobile
U0053,I0116,cart,,1,59.11,2026-04-30T00:50:02Z,mobile
U0121,I0029,view,,1,83.41,2026-04-12T21:01:02Z,mobile
U0167,I0020,cart,,1,27.33,2026-03-29T01:09:02Z,web
U0177,I0019,purchase,,1,35.63,2026-03-08T06:37:02Z,mobile
U0033,I0008,cart,,1,36.94,2026-03-18T21:43:02Z,mobile
U0143,I0097,purchase,,2,42.6,2026-05-01T07:32:02Z,mobile
U0140,I0061,view,,1,17.75,2026-03-09T17:27:02Z,web
U0055,I0028,view,,1,23.83,2026-03-25T00:54:02Z,web
U0174,I0040,view,,1,56.71,2026-03-14T05:17:02Z,mobile
U0025,I0056,cart,,1,21.96,2026-03-01T06:30:02Z,web
U0055,I0025,view,,1,15.52,2026-03-02T19:57:02Z,mobile
U0113,I0026,view,,1,13.5,2026-02-25T23:59:02Z,web
U0031,I0003,view,,1,12.56,2026-02-28T15:47:02Z,web
U0170,I0010,purchase,,2,50.12,2026-03-19T21:05:02Z,web
U0004,I0048,rating,3.0,1,22.53,2026-03-11T00:18:02Z,web
U0196,I0030,view,,1,19.11,2026-04-28T20:36:02Z,web
U0172,I0073,purchase,,2,25.28,2026-04-28T13:50:02Z,mobile
U0138,I0074,view,,1,19.52,2026-04-15T18:26:02Z,web
U0240,I0009,cart,,1,26.36,2026-02-25T10:37:02Z,web
U0235,I0077,rating,4.0,1,43.74,2026-04-19T18:43:02Z,mobile
U0150,I0012,view,,1,67.3,2026-02-08T01:15:02Z,mobile
U0119,I0079,view,,1,55.92,2026-03-29T04:18:02Z,mobile
U0041,I0116,cart,,1,59.11,2026-02-28T04:59:02Z,web
U0173,I0004,cart,,1,24.4,2026-02-17T21:28:02Z,web
U0209,I0009,view,,1,26.36,2026-04-22T23:09:02Z,web
U0182,I0006,purchase,,1,21.38,2026-02-21T16:20:02Z,web
U0069,I0050,cart,,1,15.33,2026-02-17T23:01:02Z,web
U0118,I0092,view,,1,16.23,2026-04-25T00:25:02Z,web
U0173,I0043,view,,1,34.18,2026-02-28T08:20:02Z,web
U0225,I0009,view,,1,26.36,2026-03-07T16:58:02Z,mobile
U0222,I0087,cart,,1,58.68,2026-02-04T06:22:02Z,web
U0100,I0074,view,,1,19.52,2026-04-13T00:39:02Z,mobile
U0174,I0029,cart,,1,83.41,2026-04-20T09:33:02Z,mobile
U0126,I0099,view,,1,19.36,2026-02-23T17:04:02Z,web
U0223,I0113,view,,1,36.16,2026-03-01T14:57:02Z,web
U0121,I0067,rating,4.0,1,77.25,2026-03-22T04:27:02Z,mobile
U0102,I0114,view,,1,33.44,2026-04-20T16:30:02Z,web
U0048,I0056,rating,2.0,1,21.96,2026-03-21T18:06:02Z,mobile
U0034,I0014,cart,,1,30.5,2026-03-11T14:20:02Z,web
U0175,I0093,view,,1,35.82,2026-04-06T08:34:02Z,web
U0163,I0012,view,,1,67.3,2026-02-17T15:01:02Z,mobile
U0083,I0107,cart,,1,14.01,2026-02-27T14:02:02Z,mobile
U0234,I0090,rating,5.0,1,12.85,2026-02-27T05:26:02Z,web
U0160,I0096,view,,1,36.87,2026-04-18T16:47:02Z,web
U0166,I0032,view,,1,68.88,2026-04-19T19:41:02Z,web
U0187,I0049,view,,1,10.95,2026-02-20T05:17:02Z,web
U0168,I0114,view,,1,33.44,2026-03-22T08:58:02Z,web
U0135,I0049,view,,1,10.95,2026-04-17T13:33:02Z,mobile
U0040,I0106,view,,1,26.93,2026-03-25T22:41:02Z,mobile
U0089,I0097,rating,1.0,1,42.6,2026-03-20T04:42:02Z,web
U0068,I0091,view,,1,42.99,2026-04-19T07:23:02Z,mobile
U0134,I0093,view,,1,35.82,2026-02-12T17:00:02Z,mobile
U0089,I0112,view,,1,53.68,2026-03-18T15:38:02Z,web
U0140,I0111,cart,,1,114.52,2026-03-15T04:13:02Z,mobile
U0105,I0035,rating,3.0,1,26.96,2026-03-04T01:55:02Z,web
U0238,I0052,view,,1,30.37,2026-04-07T01:03:02Z,web
U0061,I0090,view,,1,12.85,2026-03-20T06:26:02Z,web
U0232,I0054,view,,1,35.21,2026-03-18T06:41:02Z,web
U0206,I0114,view,,1,33.44,2026-03-07T19:41:02Z,web
U0235,I0025,purchase,,2,15.52,2026-03-07T15:42:02Z,web
U0128,I0054,view,,1,35.21,2026-03-07T21:46:02Z,mobile
U0232,I0019,rating,5.0,1,35.63,2026-02-08T22:23:02Z,web
U0198,I0069,view,,1,41.22,2026-04-06T14:23:02Z,mobile
U0066,I0034,purchase,,1,32.38,2026-03-29T08:00:02Z,mobile
U0098,I0113,rating,4.0,1,36.16,2026-04-04T09:37:02Z,web
U0047,I0022,purchase,,1,23.73,2026-04-15T01:06:02Z,mobile
U0060,I0058,cart,,1,18.03,2026-03-23T04:07:02Z,mobile
U0002,I0015,view,,1,19.27,2026-02-05T07:59:02Z,mobile
U0209,I0104,view,,1,41.88,2026-02-06T12:49:02Z,web
U0037,I0027,cart,,1,58.32,2026-02-22T17:07:02Z,mobile
U0037,I0095,view,,1,11.84,2026-03-12T04:32:02Z,mobile
U0098,I0066,view,,1,22.7,2026-02-26T01:07:02Z,mobile
U0147,I0080,purchase,,1,16.0,2026-03-15T20:44:02Z,mobile
U0149,I0005,view,,1,20.52,2026-04-28T18:07:02Z,mobile
U0193,I0007,view,,1,50.51,2026-02-17T11:07:02Z,web
U0111,I0011,view,,1,15.55,2026-02-05T18:16:02Z,mobile
U0180,I0023,view,,1,51.99,2026-04-21T16:53:02Z,web
U0168,I0116,view,,1,59.11,2026-03-29T02:08:02Z,web
U0011,I0066,view,,1,22.7,2026-04-09T06:56:02Z,mobile
U0189,I0083,view,,1,17.83,2026-03-11T01:02:02Z,web
U0135,I0112,view,,1,53.68,2026-03-14T11:55:02Z,web
U0205,I0068,view,,1,16.18,2026-02-10T02:23:02Z,mobile
U0169,I0047,cart,,1,36.67,2026-04-21T07:04:02Z,mobile
U0134,I0030,view,,1,19.11,2026-02-01T22:16:02Z,web
U0070,I0017,view,,1,25.29,2026-04-09T00:43:02Z,mobile
U0109,I0076,view,,1,36.2,2026-03-26T19:40:02Z,mobile
U0118,I0021,view,,1,19.0,2026-02-02T17:06:02Z,web
U0234,I0058,purchase,,1,18.03,2026-03-07T02:52:02Z,mobile
U0140,I0105,purchase,,1,20.28,2026-02-24T13:12:02Z,mobile
U0188,I0029,purchase,,1,83.41,2026-04-08T10:08:02Z,web
U0136,I0007,view,,1,50.51,2026-02-28T11:40:02Z,mobile
U0077,I0077,view,,1,43.74,2026-04-19T20:44:02Z,web
U0214,I0051,rating,3.0,1,24.93,2026-03-14T07:35:02Z,mobile
U0114,I0011,rating,5.0,1,15.55,2026-02-27T21:58:02Z,web
U0099,I0084,rating,5.0,1,27.83,2026-04-14T18:47:02Z,mobile
U0158,I0022,view,,1,23.73,2026-04-22T07:54:02Z,web
U0223,I0106,view,,1,26.93,2026-03-24T20:24:02Z,web
U0007,I0104,view,,1,41.88,2026-04-26T01:25:02Z,mobile
U0012,I0116,view,,1,59.11,2026-02-08T23:53:02Z,web
U0140,I0076,view,,1,36.2,2026-04-11T19:19:02Z,web
U0060,I0077,rating,4.0,1,43.74,2026-03-06T21:31:02Z,mobile
U0190,I0059,cart,,1,24.91,2026-04-27T15:23:02Z,web
U0032,I0079,view,,1,55.92,2026-03-31T22:47:02Z,web
U0182,I0074,view,,1,19.52,2026-04-03T03:40:02Z,mobile
U0107,I0091,view,,1,42.99,2026-02-26T09:08:02Z,web
U0034,I0120,purchase,,1,26.42,2026-04-13T14:07:02Z,web
U0090,I0016,view,,1,41.84,2026-04-05T11:05:02Z,web
U0150,I0073,view,,1,25.28,2026-04-09T22:39:02Z,mobile
U0016,I0058,view,,1,18.03,2026-04-28T08:22:02Z,mobile
U0137,I0044,view,,1,16.15,2026-03-31T05:21:02Z,mobile
U0234,I0001,cart,,1,31.44,2026-03-02T04:00:02Z,web
U0031,I0044,purchase,,1,16.15,2026-03-19T00:11:02Z,web
U0234,I0045,view,,1,27.1,2026-04-27T07:08:02Z,mobile
U0164,I0083,view,,1,17.83,2026-02-25T21:31:02Z,web
U0088,I0063,view,,1,17.91,2026-03-26T15:17:02Z,mobile
U0060,I0056,view,,1,21.96,2026-04-13T18:37:02Z,mobile
U0019,I0073,cart,,1,25.28,2026-04-16T18:01:02Z,web
U0072,I0033,view,,1,24.72,2026-02-15T14:52:02Z,mobile
U0224,I0058,view,,1,18.03,2026-04-20T12:08:02Z,web
U0102,I0022,view,,1,23.73,2026-02-01T22:32:02Z,mobile
U0203,I0005,rating,4.0,1,20.52,2026-04-23T11:03:02Z,web
U0200,I0018,rating,4.0,1,34.0,2026-02-04T06:19:02Z,mobile
U0203,I0016,cart,,1,41.84,2026-03-13T18:02:02Z,mobile
U0226,I0035,view,,1,26.96,2026-04-14T03:10:02Z,mobile
U0153,I0003,view,,1,12.56,2026-03-11T03:08:02Z,web
U0034,I0068,cart,,1,16.18,2026-04-08T04:01:02Z,web
U0110,I0096,rating,5.0,1,36.87,2026-02-06T01:28:02Z,mobile
U0177,I0088,purchase,,1,30.05,2026-04-18T07:18:02Z,web
U0136,I0055,rating,5.0,1,14.43,2026-03-04T23:46:02Z,web
U0137,I0081,purchase,,1,60.65,2026-04-04T17:18:02Z,mobile
U0128,I0080,purchase,,1,16.0,2026-05-02T00:23:02Z,web
U0145,I0054,cart,,1,35.21,2026-03-27T10:08:02Z,web
U0083,I0070,cart,,1,26.73,2026-04-05T21:29:02Z,web
U0194,I0046,view,,1,32.06,2026-04-15T05:07:02Z,mobile
U0063,I0077,rating,5.0,1,43.74,2026-02-22T03:56:02Z,web
U0017,I0024,rating,5.0,1,24.65,2026-02-03T10:23:02Z,web
U0105,I0031,view,,1,6.52,2026-04-11T17:58:02Z,mobile
U0205,I0072,rating,4.0,1,21.99,2026-04-07T20:07:02Z,mobile
U0063,I0047,view,,1,36.67,2026-04-18T15:27:02Z,web
U0201,I0020,purchase,,2,27.33,2026-03-06T22:50:02Z,mobile
U0146,I0006,view,,1,21.38,2026-04-06T09:19:02Z,mobile
U0173,I0108,view,,1,101.53,2026-04-12T20:37:02Z,web
U0087,I0048,view,,1,22.53,2026-02-09T22:14:02Z,mobile
U0168,I0030,view,,1,19.11,2026-02-10T15:42:02Z,mobile
U0121,I0080,purchase,,2,16.0,2026-03-20T20:56:02Z,mobile
U0154,I0118,cart,,1,24.81,2026-03-13T09:51:02Z,web
U0177,I0115,purchase,,1,29.97,2026-02-01T20:39:02Z,mobile
U0222,I0017,view,,1,25.29,2026-04-13T15:22:02Z,web
U0184,I0112,view,,1,53.68,2026-04-29T21:46:02Z,web
U0226,I0061,view,,1,17.75,2026-04-05T23:43:02Z,web
U0187,I0055,cart,,1,14.43,2026-03-13T14:02:02Z,mobile
U0213,I0041,view,,1,35.48,2026-03-11T22:39:02Z,web
U0101,I0041,purchase,,1,35.48,2026-03-04T05:38:02Z,mobile
U0237,I0053,purchase,,1,18.65,2026-03-02T03:40:02Z,web
U0071,I0051,view,,1,24.93,2026-03-30T00:50:02Z,web
U0021,I0039,purchase,,1,14.55,2026-03-09T19:42:02Z,mobile
U0074,I0120,cart,,1,26.42,2026-04-17T05:23:02Z,web
U0004,I0100,view,,1,54.26,2026-02-13T20:41:02Z,mobile
U0220,I0076,rating,5.0,1,36.2,2026-03-17T19:31:02Z,mobile
U0013,I0058,purchase,,1,18.03,2026-04-25T15:54:02Z,mobile
U0202,I0074,view,,1,19.52,2026-03-26T01:20:02Z,mobile
U0060,I0119,view,,1,34.0,2026-03-19T19:01:02Z,web
U0168,I0023,view,,1,51.99,2026-04-10T22:38:02Z,mobile
U0158,I0112,view,,1,53.68,2026-03-15T08:57:02Z,web
U0071,I0023,view,,1,51.99,2026-02-23T07:53:02Z,web
U0053,I0084,purchase,,1,27.83,2026-03-16T17:06:02Z,mobile
U0239,I0025,view,,1,15.52,2026-02-10T20:08:02Z,mobile
U0021,I0071,view,,1,31.77,2026-04-25T00:08:02Z,mobile
U0208,I0095,view,,1,11.84,2026-02-13T18:08:02Z,web
U0195,I0054,purchase,,1,35.21,2026-04-22T02:34:02Z,mobile
U0004,I0100,rating,5.0,1,54.26,2026-02-26T04:10:02Z,mobile
U0020,I0081,view,,1,60.65,2026-02-03T17:19:02Z,mobile
U0167,I0014,view,,1,30.5,2026-03-15T04:30:02Z,web
U0021,I0117,purchase,,1,42.8,2026-04-08T04:57:02Z,web
U0102,I0112,view,,1,53.68,2026-03-12T17:58:02Z,mobile
U0120,I0092,cart,,1,16.23,2026-02-10T05:03:02Z,web
U0006,I0016,cart,,1,41.84,2026-03-15T22:28:02Z,web
U0084,I0111,purchase,,1,114.52,2026-03-14T20:56:02Z,mobile
U0028,I0099,purchase,,1,19.36,2026-04-08T10:11:02Z,web
U0190,I0109,view,,1,70.56,2026-02-19T01:44:02Z,web
U0196,I0076,view,,1,36.2,2026-03-06T17:57:02Z,web
U0152,I0097,cart,,1,42.6,2026-02-15T03:25:02Z,mobile
U0028,I0112,view,,1,53.68,2026-03-06T18:39:02Z,web
U0102,I0097,purchase,,1,42.6,2026-04-02T06:33:02Z,mobile
U0022,I0013,rating,4.0,1,28.54,2026-04-12T06:57:02Z,mobile
U0160,I0107,cart,,1,14.01,2026-04-22T03:23:02Z,web
U0177,I0103,rating,3.0,1,51.23,2026-04-15T12:41:02Z,mobile
U0120,I0027,purchase,,1,58.32,2026-04-25T03:23:02Z,web
U0238,I0002,rating,2.0,1,22.56,2026-03-31T19:10:02Z,mobile
U0193,I0024,view,,1,24.65,2026-02-03T03:01:02Z,web
U0009,I0054,view,,1,35.21,2026-04-30T11:58:02Z,mobile
U0103,I0102,view,,1,45.37,2026-03-05T02:42:02Z,web
U0161,I0019,view,,1,35.63,2026-04-10T04:37:02Z,web
U0017,I0012,cart,,1,67.3,2026-04-02T22:55:02Z,web
U0103,I0025,view,,1,15.52,2026-04-17T19:45:02Z,mobile
U0055,I0115,view,,1,29.97,2026-02-21T13:33:02Z,mobile
U0008,I0107,view,,1,14.01,2026-02-20T12:33:02Z,mobile
U0002,I0001,view,,1,31.44,2026-03-07T22:41:02Z,mobile
U0197,I0082,purchase,,1,27.22,2026-02-06T12:59:02Z,mobile
U0073,I0008,view,,1,36.94,2026-03-29T04:54:02Z,web
U0053,I0101,view,,1,48.0,2026-04-23T16:52:02Z,mobile
U0103,I0092,view,,1,16.23,2026-02-01T11:27:02Z,web
U0025,I0060,view,,1,48.07,2026-04-06T01:44:02Z,mobile
U0146,I0014,view,,1,30.5,2026-02-18T21:16:02Z,web
U0232,I0017,view,,1,25.29,2026-04-08T03:48:02Z,mobile
U0213,I0114,rating,5.0,1,33.44,2026-02-26T03:59:02Z,mobile
U0199,I0087,view,,1,58.68,2026-02-13T06:27:02Z,web
U0026,I0090,rating,2.0,1,12.85,2026-02-22T15:02:02Z,web
U0164,I0083,purchase,,1,17.83,2026-04-03T22:05:02Z,mobile
U0174,I0118,cart,,1,24.81,2026-03-06T13:40:02Z,mobile
U0117,I0109,cart,,1,70.56,2026-05-01T07:44:02Z,web
U0196,I0112,view,,1,53.68,2026-03-15T09:31:02Z,mobile
U0162,I0103,purchase,,1,51.23,2026-04-24T10:41:02Z,web
U0136,I0098,view,,1,35.06,2026-02-22T14:12:02Z,web
U0077,I0111,view,,1,114.52,2026-04-26T10:44:02Z,mobile
U0203,I0061,rating,5.0,1,17.75,2026-03-09T10:11:02Z,mobile
U0091,I0017,cart,,1,25.29,2026-04-12T16:48:02Z,web
U0146,I0015,cart,,1,19.27,2026-02-20T06:17:02Z,mobile
U0090,I0041,cart,,1,35.48,2026-02-03T05:31:02Z,web
U0225,I0109,view,,1,70.56,2026-04-04T12:25:02Z,mobile
U0136,I0080,view,,1,16.0,2026-02-15T10:04:02Z,web
U0173,I0115,view,,1,29.97,2026-02-12T22:52:02Z,web
U0166,I0014,view,,1,30.5,2026-03-17T15:45:02Z,web
U0128,I0119,view,,1,34.0,2026-03-04T16:37:02Z,mobile
U0133,I0014,cart,,1,30.5,2026-03-22T14:59:02Z,web
U0220,I0108,view,,1,101.53,2026-03-22T22:19:02Z,mobile
U0080,I0099,purchase,,1,19.36,2026-04-22T02:21:02Z,web
U0021,I0072,view,,1,21.99,2026-03-15T09:43:02Z,web
U0089,I0088,rating,3.0,1,30.05,2026-03-08T02:40:02Z,mobile
U0192,I0092,view,,1,16.23,2026-04-01T16:09:02Z,web
U0187,I0049,purchase,,1,10.95,2026-04-21T06:05:02Z,web
U0089,I0093,view,,1,35.82,2026-03-11T12:05:02Z,web
U0154,I0076,purchase,,1,36.2,2026-04-25T22:38:02Z,mobile
U0026,I0044,rating,5.0,1,16.15,2026-04-19T17:53:02Z,mobile
U0024,I0084,view,,1,27.83,2026-03-19T21:52:02Z,mobile
U0029,I0005,view,,1,20.52,2026-02-26T16:33:02Z,web
U0020,I0108,rating,5.0,1,101.53,2026-04-02T03:35:02Z,web
U0070,I0020,rating,4.0,1,27.33,2026-03-25T15:12:02Z,web
U0033,I0014,view,,1,30.5,2026-04-16T07:43:02Z,mobile
U0121,I0081,view,,1,60.65,2026-04-02T01:02:02Z,mobile
U0099,I0051,view,,1,24.93,2026-04-10T20:55:02Z,web
U0174,I0091,view,,1,42.99,2026-04-10T18:04:02Z,web
U0026,I0079,view,,1,55.92,2026-03-05T20:46:02Z,mobile
U0133,I0073,view,,1,25.28,2026-02-20T22:16:02Z,mobile
U0171,I0103,view,,1,51.23,2026-04-04T10:06:02Z,web
U0214,I0011,view,,1,15.55,2026-03-06T00:48:02Z,web
U0156,I0033,view,,1,24.72,2026-04-09T09:24:02Z,web
U0058,I0083,view,,1,17.83,2026-02-15T23:07:02Z,mobile
U0046,I0001,view,,1,31.44,2026-04-01T12:26:02Z,web
U0073,I0024,rating,5.0,1,24.65,2026-03-22T16:57:02Z,mobile
U0036,I0046,rating,4.0,1,32.06,2026-04-17T04:21:02Z,web
U0208,I0066,view,,1,22.7,2026-05-01T01:23:02Z,mobile
U0197,I0080,rating,5.0,1,16.0,2026-03-21T02:20:02Z,mobile
U0157,I0031,view,,1,6.52,2026-04-19T14:13:02Z,mobile
U0209,I0014,view,,1,30.5,2026-04-12T08:11:02Z,mobile
U0152,I0046,cart,,1,32.06,2026-04-23T19:00:02Z,web
U0036,I0018,rating,1.0,1,34.0,2026-03-30T03:28:02Z,web
U0140,I0063,view,,1,17.91,2026-02-19T15:23:02Z,web
U0033,I0006,view,,1,21.38,2026-04-05T06:40:02Z,web
U0067,I0079,view,,1,55.92,2026-03-15T06:25:02Z,mobile
U0026,I0009,view,,1,26.36,2026-03-09T13:12:02Z,web
U0175,I0060,rating,4.0,1,48.07,2026-03-15T02:01:02Z,web
U0042,I0099,view,,1,19.36,2026-03-12T01:06:02Z,mobile
U0158,I0097,view,,1,42.6,2026-02-28T07:29:02Z,mobile
U0057,I0024,view,,1,24.65,2026-02-21T23:36:02Z,web
U0200,I0081,purchase,,1,60.65,2026-04-24T03:04:02Z,web
U0233,I0031,cart,,1,6.52,2026-02-22T00:26:02Z,mobile
U0079,I0016,cart,,1,41.84,2026-04-26T13:08:02Z,web
U0229,I0036,view,,1,74.72,2026-02-08T10:59:02Z,web
U0028,I0080,cart,,1,16.0,2026-04-20T07:44:02Z,web
U0049,I0073,view,,1,25.28,2026-03-20T05:46:02Z,web
U0149,I0109,view,,1,70.56,2026-03-27T01:32:02Z,web
U0013,I0044,purchase,,1,16.15,2026-02-03T14:24:02Z,web
U0183,I0018,purchase,,1,34.0,2026-02-03T03:13:02Z,mobile
U0161,I0087,view,,1,58.68,2026-02-18T16:42:02Z,mobile
U0027,I0029,cart,,1,83.41,2026-03-26T12:47:02Z,web
U0158,I0060,purchase,,1,48.07,2026-03-19T18:54:02Z,mobile
U0121,I0080,view,,1,16.0,2026-03-28T10:37:02Z,web
U0050,I0046,rating,4.0,1,32.06,2026-03-16T14:46:02Z,mobile
U0216,I0114,view,,1,33.44,2026-03-05T09:31:02Z,web
U0230,I0066,purchase,,1,22.7,2026-02-23T18:34:02Z,mobile
U0028,I0080,view,,1,16.0,2026-02-02T19:42:02Z,mobile
U0206,I0041,cart,,1,35.48,2026-04-19T08:58:02Z,web
U0169,I0012,view,,1,67.3,2026-04-20T13:00:02Z,web
U0160,I0040,rating,4.0,1,56.71,2026-02-28T17:52:02Z,web
U0239,I0045,view,,1,27.1,2026-03-30T11:00:02Z,web
U0004,I0040,purchase,,1,56.71,2026-02-28T22:25:02Z,web
U0047,I0090,rating,4.0,1,12.85,2026-02-11T11:07:02Z,mobile
U0119,I0117,purchase,,1,42.8,2026-03-30T16:09:02Z,mobile
U0182,I0107,purchase,,1,14.01,2026-04-05T16:37:02Z,web
U0169,I0064,view,,1,28.05,2026-04-04T05:23:02Z,web
U0057,I0064,purchase,,2,28.05,2026-02-04T19:46:02Z,mobile
U0063,I0003,view,,1,12.56,2026-02-07T12:03:02Z,web
U0217,I0062,view,,1,23.59,2026-02-02T01:54:02Z,web
U0095,I0074,view,,1,19.52,2026-03-10T00:41:02Z,web
U0081,I0120,view,,1,26.42,2026-02-06T04:40:02Z,mobile
U0138,I0043,purchase,,1,34.18,2026-02-11T12:56:02Z,web
U0073,I0088,purchase,,2,30.05,2026-02-12T00:51:02Z,mobile
U0139,I0028,view,,1,23.83,2026-04-24T02:43:02Z,web
U0036,I0093,view,,1,35.82,2026-02-23T00:06:02Z,mobile
U0067,I0077,view,,1,43.74,2026-02-23T00:46:02Z,web
U0156,I0069,view,,1,41.22,2026-04-21T21:20:02Z,mobile
U0047,I0048,rating,2.0,1,22.53,2026-04-09T19:56:02Z,mobile
U0214,I0027,cart,,1,58.32,2026-04-26T01:20:02Z,mobile
U0022,I0048,view,,1,22.53,2026-03-04T12:08:02Z,mobile
U0028,I0001,cart,,1,31.44,2026-03-27T01:23:02Z,mobile
U0191,I0048,view,,1,22.53,2026-04-11T06:57:02Z,web
U0225,I0001,view,,1,31.44,2026-03-25T01:10:02Z,mobile
U0043,I0068,purchase,,2,16.18,2026-04-04T17:27:02Z,web
U0188,I0111,view,,1,114.52,2026-02-05T01:07:02Z,mobile
U0220,I0024,view,,1,24.65,2026-03-01T22:57:02Z,web
U0206,I0051,cart,,1,24.93,2026-02-28T14:07:02Z,web
U0227,I0088,cart,,1,30.05,2026-03-06T01:54:02Z,web
U0009,I0092,rating,4.0,1,16.23,2026-04-22T08:15:02Z,mobile
U0089,I0087,view,,1,58.68,2026-02-08T02:07:02Z,mobile
U0056,I0075,view,,1,25.5,2026-04-17T09:09:02Z,mobile
U0227,I0114,cart,,1,33.44,2026-02-20T02:52:02Z,web
U0080,I0065,purchase,,1,45.15,2026-03-31T03:24:02Z,mobile
U0222,I0019,cart,,1,35.63,2026-02-25T11:03:02Z,mobile
U0114,I0113,cart,,1,36.16,2026-02-27T02:43:02Z,web
U0167,I0055,purchase,,1,14.43,2026-03-20T05:39:02Z,web
U0070,I0044,view,,1,16.15,2026-02-09T08:47:02Z,web
U0202,I0014,rating,4.0,1,30.5,2026-04-25T04:29:02Z,web
U0112,I0047,view,,1,36.67,2026-04-03T06:21:02Z,mobile
U0102,I0097,rating,2.0,1,42.6,2026-03-18T11:41:02Z,web
U0014,I0100,cart,,1,54.26,2026-02-18T01:01:02Z,mobile
U0001,I0064,view,,1,28.05,2026-03-27T20:30:02Z,web
U0188,I0084,rating,5.0,1,27.83,2026-02-24T19:08:02Z,mobile
U0211,I0012,view,,1,67.3,2026-03-30T09:15:02Z,mobile
U0039,I0092,view,,1,16.23,2026-03-14T00:51:02Z,web
U0004,I0001,view,,1,31.44,2026-02-03T10:31:02Z,web
U0003,I0086,view,,1,33.96,2026-04-27T05:50:02Z,mobile
U0159,I0003,cart,,1,12.56,2026-03-08T04:01:02Z,web
U0234,I0042,view,,1,34.64,2026-03-03T15:23:02Z,web
U0009,I0025,view,,1,15.52,2026-02-11T22:59:02Z,mobile
U0066,I0024,purchase,,1,24.65,2026-03-18T06:33:02Z,web
U0134,I0039,purchase,,2,14.55,2026-03-23T14:58:02Z,mobile
U0041,I0032,view,,1,68.88,2026-02-27T10:53:02Z,mobile
U0076,I0106,view,,1,26.93,2026-03-23T20:53:02Z,mobile
U0024,I0120,cart,,1,26.42,2026-02-01T16:51:02Z,web
U0187,I0120,view,,1,26.42,2026-03-18T03:53:02Z,mobile
U0054,I0024,view,,1,24.65,2026-03-16T05:17:02Z,mobile
U0115,I0038,view,,1,23.01,2026-03-24T18:59:02Z,web
U0085,I0004,view,,1,24.4,2026-03-26T14:42:02Z,mobile
U0061,I0020,view,,1,27.33,2026-04-23T00:12:02Z,web
U0010,I0115,purchase,,1,29.97,2026-02-05T01:13:02Z,web
U0105,I0105,cart,,1,20.28,2026-04-24T03:05:02Z,mobile
U0232,I0052,purchase,,2,30.37,2026-02-17T10:13:02Z,mobile
U0185,I0020,view,,1,27.33,2026-04-19T09:00:02Z,mobile
U0095,I0095,view,,1,11.84,2026-03-17T03:32:02Z,mobile
U0100,I0015,view,,1,19.27,2026-04-09T09:41:02Z,web
U0009,I0078,view,,1,41.4,2026-04-29T08:03:02Z,mobile
U0100,I0060,view,,1,48.07,2026-04-10T02:00:02Z,web
U0195,I0060,view,,1,48.07,2026-02-20T18:37:02Z,mobile
U0080,I0017,view,,1,25.29,2026-02-06T08:34:02Z,web
U0048,I0070,view,,1,26.73,2026-04-14T00:21:02Z,mobile
U0110,I0020,view,,1,27.33,2026-03-22T04:52:02Z,web
U0090,I0042,view,,1,34.64,2026-03-17T12:30:02Z,mobile
U0071,I0099,view,,1,19.36,2026-04-15T14:18:02Z,mobile
U0138,I0027,cart,,1,58.32,2026-04-16T14:30:02Z,web
U0071,I0080,view,,1,16.0,2026-02-12T14:51:02Z,web
U0008,I0108,rating,5.0,1,101.53,2026-04-25T02:15:02Z,web
U0136,I0098,view,,1,35.06,2026-03-15T05:50:02Z,web
U0145,I0028,view,,1,23.83,2026-04-09T13:00:02Z,web
U0190,I0012,purchase,,2,67.3,2026-02-11T04:53:02Z,mobile
U0076,I0045,cart,,1,27.1,2026-04-05T08:14:02Z,mobile
U0177,I0063,cart,,1,17.91,2026-02-28T02:34:02Z,web
U0027,I0080,view,,1,16.0,2026-03-11T21:00:02Z,mobile
U0230,I0087,view,,1,58.68,2026-04-24T01:09:02Z,mobile
U0054,I0016,view,,1,41.84,2026-04-10T08:23:02Z,mobile
U0237,I0116,view,,1,59.11,2026-03-07T18:58:02Z,web
U0037,I0031,rating,4.0,1,6.52,2026-03-31T02:31:02Z,web
U0155,I0063,rating,4.0,1,17.91,2026-03-06T04:18:02Z,web
U0119,I0005,cart,,1,20.52,2026-04-03T19:00:02Z,web
U0049,I0074,view,,1,19.52,2026-03-26T18:52:02Z,mobile
U0103,I0019,view,,1,35.63,2026-04-16T07:32:02Z,web
U0201,I0057,view,,1,46.42,2026-04-15T06:43:02Z,mobile
U0179,I0078,purchase,,1,41.4,2026-02-05T02:22:02Z,mobile
U0108,I0039,view,,1,14.55,2026-03-25T06:02:02Z,mobile
U0014,I0078,cart,,1,41.4,2026-04-11T08:37:02Z,mobile
U0090,I0044,view,,1,16.15,2026-04-09T22:28:02Z,mobile
U0233,I0105,view,,1,20.28,2026-02-17T19:39:02Z,web
U0124,I0096,purchase,,1,36.87,2026-03-13T14:31:02Z,mobile
U0219,I0008,rating,1.0,1,36.94,2026-04-02T22:16:02Z,mobile
U0142,I0035,view,,1,26.96,2026-02-20T19:14:02Z,mobile
U0114,I0066,view,,1,22.7,2026-02-18T03:32:02Z,mobile
U0018,I0082,view,,1,27.22,2026-02-19T03:19:02Z,mobile
U0093,I0082,view,,1,27.22,2026-02-06T03:18:02Z,web
U0050,I0084,view,,1,27.83,2026-04-30T02:54:02Z,web
U0223,I0003,view,,1,12.56,2026-02-18T14:57:02Z,web
U0120,I0065,cart,,1,45.15,2026-02-27T16:47:02Z,web
U0179,I0041,cart,,1,35.48,2026-03-10T04:23:02Z,web
U0109,I0044,view,,1,16.15,2026-02-04T20:19:02Z,web
U0173,I0057,view,,1,46.42,2026-03-27T19:48:02Z,web
U0145,I0008,rating,4.0,1,36.94,2026-03-20T10:11:02Z,web
U0226,I0112,cart,,1,53.68,2026-03-15T07:59:02Z,web
U0227,I0023,view,,1,51.99,2026-02-15T07:24:02Z,mobile
U0166,I0077,purchase,,2,43.74,2026-04-05T10:01:02Z,mobile
U0053,I0013,purchase,,1,28.54,2026-04-01T16:44:02Z,mobile
U0114,I0089,cart,,1,40.79,2026-04-03T23:53:02Z,mobile
U0042,I0099,cart,,1,19.36,2026-02-24T04:31:02Z,mobile
U0215,I0003,view,,1,12.56,2026-02-18T19:49:02Z,mobile
U0098,I0106,view,,1,26.93,2026-04-07T07:50:02Z,web
U0042,I0006,view,,1,21.38,2026-04-10T13:20:02Z,mobile
U0032,I0017,purchase,,2,25.29,2026-02-09T03:07:02Z,web
U0077,I0029,view,,1,83.41,2026-03-17T19:28:02Z,web
U0142,I0049,view,,1,10.95,2026-03-02T16:28:02Z,mobile
U0222,I0042,view,,1,34.64,2026-02-25T17:17:02Z,web
U0067,I0071,rating,1.0,1,31.77,2026-04-16T17:05:02Z,mobile
U0031,I0101,rating,3.0,1,48.0,2026-02-26T11:24:02Z,web
U0047,I0074,view,,1,19.52,2026-03-11T09:15:02Z,web
U0046,I0119,rating,3.0,1,34.0,2026-03-04T00:10:02Z,web
U0061,I0014,rating,5.0,1,30.5,2026-02-22T06:41:02Z,mobile
U0032,I0038,view,,1,23.01,2026-04-25T21:23:02Z,web
U0210,I0119,purchase,,1,34.0,2026-04-25T15:43:02Z,mobile
U0054,I0112,purchase,,1,53.68,2026-02-22T20:22:02Z,mobile
U0049,I0100,purchase,,1,54.26,2026-04-27T16:06:02Z,web
U0034,I0014,purchase,,1,30.5,2026-04-19T18:58:02Z,web
U0083,I0096,cart,,1,36.87,2026-03-15T17:32:02Z,mobile
U0186,I0106,rating,2.0,1,26.93,2026-02-03T07:39:02Z,web
U0213,I0065,rating,4.0,1,45.15,2026-02-12T10:46:02Z,web
U0032,I0044,rating,4.0,1,16.15,2026-04-10T20:03:02Z,web
U0130,I0041,view,,1,35.48,2026-03-11T08:54:02Z,mobile
U0115,I0090,view,,1,12.85,2026-03-14T11:06:02Z,mobile
U0139,I0059,cart,,1,24.91,2026-03-13T06:26:02Z,mobile
U0153,I0042,view,,1,34.64,2026-03-05T11:02:02Z,mobile
U0187,I0007,rating,3.0,1,50.51,2026-03-25T10:23:02Z,web
U0146,I0053,cart,,1,18.65,2026-04-25T07:02:02Z,mobile
U0047,I0060,view,,1,48.07,2026-02-15T03:48:02Z,mobile
U0155,I0109,view,,1,70.56,2026-03-28T08:08:02Z,mobile
U0131,I0044,cart,,1,16.15,2026-02-06T08:40:02Z,mobile
U0119,I0109,view,,1,70.56,2026-04-09T15:14:02Z,mobile
U0032,I0051,view,,1,24.93,2026-03-06T10:54:02Z,mobile
U0055,I0088,rating,5.0,1,30.05,2026-04-05T10:15:02Z,mobile
U0109,I0080,rating,5.0,1,16.0,2026-03-26T07:37:02Z,mobile
U0227,I0060,cart,,1,48.07,2026-02-10T05:38:02Z,mobile
U0233,I0059,view,,1,24.91,2026-04-27T08:01:02Z,mobile
U0151,I0024,rating,4.0,1,24.65,2026-04-16T00:37:02Z,web
U0043,I0029,view,,1,83.41,2026-02-08T02:19:02Z,mobile
U0099,I0022,view,,1,23.73,2026-04-03T02:53:02Z,mobile
U0207,I0021,purchase,,3,19.0,2026-03-12T00:35:02Z,mobile
U0011,I0105,view,,1,20.28,2026-04-12T11:08:02Z,web
U0082,I0111,view,,1,114.52,2026-02-18T23:57:02Z,web
U0134,I0067,view,,1,77.25,2026-03-30T16:24:02Z,mobile
U0096,I0052,purchase,,1,30.37,2026-03-09T10:31:02Z,web
U0058,I0021,cart,,1,19.0,2026-03-22T08:11:02Z,mobile
U0186,I0092,view,,1,16.23,2026-04-08T06:57:02Z,mobile
U0228,I0017,view,,1,25.29,2026-03-01T08:00:02Z,web
U0180,I0041,view,,1,35.48,2026-04-17T16:51:02Z,mobile
U0037,I0011,rating,4.0,1,15.55,2026-04-16T12:58:02Z,mobile
U0043,I0077,rating,4.0,1,43.74,2026-03-11T16:14:02Z,mobile
U0115,I0001,view,,1,31.44,2026-04-08T17:15:02Z,mobile
U0187,I0046,view,,1,32.06,2026-03-06T02:58:02Z,mobile
U0116,I0090,cart,,1,12.85,2026-02-07T14:44:02Z,web
U0035,I0105,cart,,1,20.28,2026-04-30T10:46:02Z,web
U0038,I0064,view,,1,28.05,2026-04-20T06:33:02Z,web
U0132,I0021,rating,5.0,1,19.0,2026-02-03T19:43:02Z,mobile
U0070,I0119,view,,1,34.0,2026-03-04T02:00:02Z,mobile
U0218,I0003,purchase,,1,12.56,2026-03-18T09:21:02Z,mobile
U0038,I0028,view,,1,23.83,2026-02-26T05:58:02Z,web
U0154,I0035,rating,5.0,1,26.96,2026-04-14T11:47:02Z,web
U0097,I0045,rating,4.0,1,27.1,2026-04-04T01:29:02Z,web
U0051,I0063,cart,,1,17.91,2026-02-07T17:09:02Z,mobile
U0149,I0016,view,,1,41.84,2026-04-04T13:02:02Z,mobile
U0135,I0040,view,,1,56.71,2026-04-18T03:31:02Z,web
U0179,I0114,cart,,1,33.44,2026-02-27T10:17:02Z,web
U0112,I0005,rating,4.0,1,20.52,2026-04-05T04:34:02Z,web
U0218,I0034,purchase,,2,32.38,2026-04-05T03:03:02Z,web
U0230,I0120,view,,1,26.42,2026-04-24T03:33:02Z,mobile
U0206,I0060,rating,5.0,1,48.07,2026-02-24T15:29:02Z,web
U0102,I0036,purchase,,3,74.72,2026-02-21T07:49:02Z,mobile
U0075,I0004,view,,1,24.4,2026-02-06T19:27:02Z,mobile
U0060,I0091,view,,1,42.99,2026-03-05T22:03:02Z,web
U0112,I0003,view,,1,12.56,2026-03-09T14:32:02Z,mobile
U0125,I0068,cart,,1,16.18,2026-04-26T02:53:02Z,web
U0058,I0027,purchase,,2,58.32,2026-03-06T07:06:02Z,mobile
U0083,I0109,view,,1,70.56,2026-04-09T18:12:02Z,web
U0121,I0090,rating,5.0,1,12.85,2026-04-12T20:21:02Z,mobile
U0068,I0066,view,,1,22.7,2026-02-02T11:28:02Z,web
U0171,I0063,cart,,1,17.91,2026-04-07T10:27:02Z,mobile
U0187,I0007,rating,2.0,1,50.51,2026-04-23T13:29:02Z,mobile
U0068,I0088,purchase,,1,30.05,2026-03-31T03:14:02Z,mobile
U0235,I0064,view,,1,28.05,2026-04-27T19:53:02Z,mobile
U0210,I0086,purchase,,1,33.96,2026-04-24T06:44:02Z,web
U0065,I0041,view,,1,35.48,2026-04-14T19:57:02Z,web
U0076,I0057,rating,4.0,1,46.42,2026-04-16T22:12:02Z,mobile
U0102,I0022,view,,1,23.73,2026-02-10T04:43:02Z,web
U0082,I0018,view,,1,34.0,2026-03-13T20:37:02Z,mobile
U0080,I0034,view,,1,32.38,2026-03-07T00:30:02Z,mobile
U0179,I0112,view,,1,53.68,2026-04-27T08:47:02Z,mobile
U0095,I0117,rating,3.0,1,42.8,2026-03-01T14:01:02Z,mobile
U0218,I0085,view,,1,64.61,2026-02-08T18:42:02Z,mobile
U0180,I0097,view,,1,42.6,2026-02-18T04:37:02Z,web
U0202,I0087,view,,1,58.68,2026-02-28T21:20:02Z,web
U0006,I0109,view,,1,70.56,2026-02-19T10:42:02Z,mobile
U0094,I0100,view,,1,54.26,2026-04-21T16:42:02Z,mobile
U0174,I0116,view,,1,59.11,2026-04-12T07:49:02Z,web
U0159,I0070,view,,1,26.73,2026-03-30T21:54:02Z,web
U0038,I0100,cart,,1,54.26,2026-04-07T05:24:02Z,mobile
U0011,I0113,view,,1,36.16,2026-02-17T12:59:02Z,web
U0027,I0032,view,,1,68.88,2026-04-23T15:05:02Z,web
U0006,I0096,cart,,1,36.87,2026-02-06T21:29:02Z,mobile
U0073,I0008,cart,,1,36.94,2026-04-16T14:45:02Z,web
U0172,I0015,cart,,1,19.27,2026-04-05T07:15:02Z,web
U0220,I0094,cart,,1,20.46,2026-04-27T06:44:02Z,mobile
U0103,I0037,view,,1,17.51,2026-04-20T19:42:02Z,mobile
U0202,I0053,view,,1,18.65,2026-03-25T18:31:02Z,web
U0188,I0105,rating,4.0,1,20.28,2026-04-04T22:08:02Z,web
U0130,I0034,cart,,1,32.38,2026-02-20T14:13:02Z,mobile
U0017,I0024,view,,1,24.65,2026-04-12T23:04:02Z,web
U0051,I0013,cart,,1,28.54,2026-04-04T18:46:02Z,mobile
U0108,I0055,purchase,,1,14.43,2026-02-24T20:09:02Z,web
U0048,I0039,cart,,1,14.55,2026-04-18T16:40:02Z,mobile
U0088,I0103,view,,1,51.23,2026-03-26T02:53:02Z,web
U0118,I0111,view,,1,114.52,2026-03-25T23:00:02Z,mobile
U0051,I0052,view,,1,30.37,2026-04-11T12:36:02Z,mobile
U0048,I0014,view,,1,30.5,2026-05-01T10:30:02Z,mobile
U0123,I0064,view,,1,28.05,2026-03-14T08:19:02Z,mobile
U0095,I0071,view,,1,31.77,2026-03-07T13:01:02Z,web
U0057,I0037,view,,1,17.51,2026-03-01T18:49:02Z,web
U0102,I0112,view,,1,53.68,2026-04-14T00:14:02Z,mobile
U0223,I0113,cart,,1,36.16,2026-04-18T21:48:02Z,web
U0044,I0100,cart,,1,54.26,2026-04-11T23:37:02Z,mobile
U0227,I0114,view,,1,33.44,2026-03-02T18:58:02Z,mobile
U0214,I0094,view,,1,20.46,2026-03-13T10:07:02Z,web
U0043,I0058,rating,4.0,1,18.03,2026-03-18T04:10:02Z,mobile
U0014,I0093,rating,2.0,1,35.82,2026-04-02T00:51:02Z,mobile
U0035,I0102,cart,,1,45.37,2026-02-27T23:04:02Z,mobile
U0183,I0098,view,,1,35.06,2026-04-04T00:54:02Z,mobile
U0167,I0120,rating,4.0,1,26.42,2026-04-08T04:58:02Z,web
U0042,I0036,view,,1,74.72,2026-02-25T23:04:02Z,mobile
U0167,I0071,rating,5.0,1,31.77,2026-03-31T12:45:02Z,mobile
U0136,I0055,purchase,,1,14.43,2026-02-25T23:09:02Z,web
U0139,I0052,view,,1,30.37,2026-04-19T10:56:02Z,web
U0046,I0043,cart,,1,34.18,2026-02-04T09:17:02Z,mobile
U0130,I0112,view,,1,53.68,2026-04-12T02:00:02Z,mobile
U0134,I0065,rating,5.0,1,45.15,2026-04-24T21:07:02Z,web
U0057,I0106,cart,,1,26.93,2026-02-26T02:49:02Z,web
U0138,I0102,view,,1,45.37,2026-02-17T03:17:02Z,mobile
U0164,I0028,cart,,1,23.83,2026-04-11T02:39:02Z,web
U0188,I0085,cart,,1,64.61,2026-04-28T01:42:02Z,mobile
U0035,I0013,rating,5.0,1,28.54,2026-04-06T20:47:02Z,mobile
U0161,I0032,cart,,1,68.88,2026-03-16T08:13:02Z,web
U0080,I0065,cart,,1,45.15,2026-04-05T08:23:02Z,mobile
U0203,I0026,view,,1,13.5,2026-03-08T16:35:02Z,mobile
U0036,I0067,view,,1,77.25,2026-04-20T01:59:02Z,mobile
U0233,I0011,rating,4.0,1,15.55,2026-03-04T03:35:02Z,web
U0115,I0090,view,,1,12.85,2026-02-04T20:48:02Z,web
U0217,I0032,cart,,1,68.88,2026-04-10T18:37:02Z,mobile
U0057,I0100,view,,1,54.26,2026-02-11T17:11:02Z,web
U0036,I0065,view,,1,45.15,2026-03-18T06:57:02Z,mobile
U0111,I0064,view,,1,28.05,2026-04-27T20:47:02Z,mobile
U0234,I0058,view,,1,18.03,2026-03-18T10:34:02Z,web
U0125,I0087,view,,1,58.68,2026-03-03T21:57:02Z,web
U0066,I0051,cart,,1,24.93,2026-03-12T05:02:02Z,web
U0105,I0055,purchase,,2,14.43,2026-02-19T21:17:02Z,mobile
U0056,I0011,cart,,1,15.55,2026-03-30T03:56:02Z,mobile
U0151,I0089,cart,,1,40.79,2026-02-04T18:03:02Z,mobile
U0014,I0076,cart,,1,36.2,2026-03-05T13:30:02Z,web
U0102,I0016,view,,1,41.84,2026-02-24T22:00:02Z,web
U0161,I0116,cart,,1,59.11,2026-03-01T22:38:02Z,web
U0125,I0072,purchase,,1,21.99,2026-02-18T13:12:02Z,mobile
U0081,I0112,view,,1,53.68,2026-04-19T12:54:02Z,mobile
U0163,I0022,view,,1,23.73,2026-02-03T10:10:02Z,mobile
U0095,I0065,view,,1,45.15,2026-04-04T10:11:02Z,mobile
U0100,I0036,view,,1,74.72,2026-03-30T19:09:02Z,web
U0106,I0076,cart,,1,36.2,2026-03-12T05:14:02Z,mobile
U0174,I0048,purchase,,1,22.53,2026-03-11T20:56:02Z,web
U0201,I0103,view,,1,51.23,2026-02-04T02:37:02Z,web
U0096,I0119,view,,1,34.0,2026-03-31T05:53:02Z,web
U0154,I0095,view,,1,11.84,2026-03-04T01:36:02Z,mobile
U0190,I0003,view,,1,12.56,2026-02-26T08:19:02Z,mobile
U0084,I0074,cart,,1,19.52,2026-04-03T09:05:02Z,web
U0133,I0074,view,,1,19.52,2026-03-14T03:05:02Z,mobile
U0050,I0055,view,,1,14.43,2026-04-06T03:26:02Z,web
U0089,I0067,view,,1,77.25,2026-03-17T17:23:02Z,web
U0173,I0107,view,,1,14.01,2026-04-09T18:29:02Z,mobile
U0023,I0023,view,,1,51.99,2026-04-16T06:04:02Z,mobile
U0191,I0049,view,,1,10.95,2026-02-17T11:28:02Z,mobile
U0184,I0102,view,,1,45.37,2026-04-19T00:19:02Z,mobile
U0210,I0086,cart,,1,33.96,2026-02-06T22:55:02Z,mobile
U0019,I0068,cart,,1,16.18,2026-03-03T08:19:02Z,mobile
U0028,I0114,view,,1,33.44,2026-04-10T16:29:02Z,mobile
U0184,I0014,view,,1,30.5,2026-02-07T07:41:02Z,web
U0145,I0083,view,,1,17.83,2026-03-24T08:56:02Z,mobile
U0070,I0050,view,,1,15.33,2026-02-09T01:31:02Z,mobile
U0076,I0108,view,,1,101.53,2026-02-02T12:50:02Z,mobile
U0058,I0037,view,,1,17.51,2026-04-01T05:37:02Z,web
U0028,I0041,view,,1,35.48,2026-02-25T18:29:02Z,web
U0081,I0046,rating,5.0,1,32.06,2026-03-15T14:30:02Z,mobile
U0097,I0045,view,,1,27.1,2026-04-03T02:45:02Z,mobile
U0189,I0093,view,,1,35.82,2026-03-07T18:27:02Z,web
U0049,I0120,view,,1,26.42,2026-04-08T23:06:02Z,web
U0206,I0036,purchase,,1,74.72,2026-03-31T22:04:02Z,mobile
U0236,I0060,view,,1,48.07,2026-02-13T11:00:02Z,mobile
U0143,I0114,view,,1,33.44,2026-03-15T19:54:02Z,mobile
U0107,I0004,view,,1,24.4,2026-04-04T11:25:02Z,web
U0028,I0009,purchase,,2,26.36,2026-03-29T14:46:02Z,mobile
U0069,I0114,cart,,1,33.44,2026-02-23T21:53:02Z,web
U0016,I0038,view,,1,23.01,2026-03-18T02:16:02Z,web
U0227,I0067,cart,,1,77.25,2026-02-14T21:47:02Z,web
U0130,I0051,cart,,1,24.93,2026-02-01T20:59:02Z,web
U0123,I0028,view,,1,23.83,2026-03-30T07:44:02Z,web
U0064,I0018,view,,1,34.0,2026-02-22T21:47:02Z,mobile
U0091,I0055,view,,1,14.43,2026-04-17T05:17:02Z,web
U0151,I0089,view,,1,40.79,2026-03-12T21:41:02Z,mobile
U0227,I0028,view,,1,23.83,2026-04-26T11:48:02Z,web
U0144,I0063,view,,1,17.91,2026-03-23T20:01:02Z,web
U0084,I0102,view,,1,45.37,2026-04-29T23:11:02Z,mobile
U0066,I0090,view,,1,12.85,2026-03-29T04:22:02Z,mobile
U0197,I0096,view,,1,36.87,2026-03-26T04:16:02Z,web
U0212,I0043,view,,1,34.18,2026-04-19T04:43:02Z,web
U0038,I0077,view,,1,43.74,2026-03-19T04:34:02Z,web
U0175,I0023,cart,,1,51.99,2026-02-13T13:20:02Z,web
U0189,I0093,rating,1.0,1,35.82,2026-02-22T09:26:02Z,mobile
U0152,I0096,view,,1,36.87,2026-04-01T10:50:02Z,mobile
U0075,I0025,purchase,,1,15.52,2026-03-18T04:29:02Z,mobile
U0203,I0003,cart,,1,12.56,2026-03-30T21:08:02Z,mobile
U0236,I0026,view,,1,13.5,2026-04-09T02:38:02Z,mobile
U0131,I0005,view,,1,20.52,2026-04-19T04:30:02Z,mobile
U0223,I0066,view,,1,22.7,2026-03-03T00:53:02Z,mobile
U0213,I0036,cart,,1,74.72,2026-02-17T05:34:02Z,mobile
U0098,I0106,view,,1,26.93,2026-03-12T21:49:02Z,web
U0112,I0078,view,,1,41.4,2026-03-31T21:51:02Z,web
U0239,I0100,cart,,1,54.26,2026-04-10T10:26:02Z,mobile
U0207,I0004,view,,1,24.4,2026-04-23T23:45:02Z,mobile
U0206,I0036,cart,,1,74.72,2026-02-07T09:45:02Z,web
U0103,I0052,purchase,,1,30.37,2026-02-18T06:26:02Z,mobile
U0022,I0098,rating,2.0,1,35.06,2026-04-29T16:48:02Z,mobile
U0130,I0059,view,,1,24.91,2026-03-30T13:39:02Z,web
U0014,I0112,purchase,,1,53.68,2026-03-24T19:50:02Z,mobile
U0034,I0078,purchase,,1,41.4,2026-02-01T10:24:02Z,web
U0173,I0113,view,,1,36.16,2026-04-07T14:03:02Z,web
U0180,I0036,view,,1,74.72,2026-02-04T06:34:02Z,mobile
U0080,I0051,view,,1,24.93,2026-02-04T13:16:02Z,web
U0055,I0021,rating,4.0,1,19.0,2026-05-01T08:49:02Z,mobile
U0116,I0074,view,,1,19.52,2026-03-08T03:31:02Z,mobile
U0052,I0078,purchase,,1,41.4,2026-02-25T04:30:02Z,web
U0048,I0087,view,,1,58.68,2026-04-12T18:22:02Z,mobile
U0120,I0027,view,,1,58.32,2026-02-11T16:27:02Z,web
U0226,I0040,purchase,,1,56.71,2026-02-11T03:19:02Z,web
U0228,I0114,view,,1,33.44,2026-04-02T08:36:02Z,web
U0140,I0055,purchase,,1,14.43,2026-03-14T15:28:02Z,mobile
U0027,I0047,rating,4.0,1,36.67,2026-02-11T21:35:02Z,web
U0150,I0117,view,,1,42.8,2026-04-21T03:22:02Z,web
U0109,I0077,view,,1,43.74,2026-02-25T19:02:02Z,mobile
U0041,I0085,cart,,1,64.61,2026-04-19T15:26:02Z,mobile
U0217,I0006,view,,1,21.38,2026-02-14T20:36:02Z,mobile
U0231,I0057,cart,,1,46.42,2026-03-26T22:59:02Z,mobile
U0048,I0057,cart,,1,46.42,2026-03-02T08:21:02Z,web
U0189,I0094,view,,1,20.46,2026-03-09T16:30:02Z,web
U0225,I0099,cart,,1,19.36,2026-04-08T01:02:02Z,mobile
U0133,I0035,purchase,,2,26.96,2026-03-07T05:46:02Z,mobile
U0201,I0074,rating,4.0,1,19.52,2026-02-12T10:47:02Z,mobile
U0185,I0091,view,,1,42.99,2026-02-01T05:43:02Z,web
U0003,I0019,rating,4.0,1,35.63,2026-04-26T10:04:02Z,web
U0087,I0049,view,,1,10.95,2026-03-21T22:12:02Z,web
U0066,I0065,purchase,,1,45.15,2026-03-30T18:29:02Z,mobile
U0052,I0005,view,,1,20.52,2026-03-17T10:06:02Z,mobile
U0098,I0084,view,,1,27.83,2026-04-30T21:54:02Z,web
U0210,I0073,cart,,1,25.28,2026-04-22T01:11:02Z,mobile
U0094,I0005,view,,1,20.52,2026-02-20T05:38:02Z,web
U0157,I0007,view,,1,50.51,2026-03-16T02:24:02Z,mobile
U0115,I0047,view,,1,36.67,2026-03-14T21:18:02Z,web
U0080,I0088,view,,1,30.05,2026-04-30T06:09:02Z,web
U0112,I0097,cart,,1,42.6,2026-04-04T12:16:02Z,web
U0189,I0028,rating,4.0,1,23.83,2026-03-06T11:28:02Z,mobile
U0080,I0093,purchase,,1,35.82,2026-04-03T14:08:02Z,mobile
U0102,I0019,view,,1,35.63,2026-02-04T00:25:02Z,web
U0130,I0091,view,,1,42.99,2026-02-08T05:52:02Z,web
U0079,I0078,view,,1,41.4,2026-04-13T10:44:02Z,web
U0084,I0104,rating,5.0,1,41.88,2026-02-19T21:40:02Z,web
U0194,I0031,purchase,,1,6.52,2026-02-20T11:49:02Z,mobile
U0097,I0071,view,,1,31.77,2026-02-06T09:27:02Z,mobile
U0077,I0051,view,,1,24.93,2026-02-07T13:48:02Z,web
U0128,I0090,cart,,1,12.85,2026-03-07T20:46:02Z,web
U0054,I0005,view,,1,20.52,2026-02-22T21:55:02Z,mobile
U0178,I0110,view,,1,26.64,2026-03-20T16:49:02Z,web
U0058,I0106,view,,1,26.93,2026-04-11T14:28:02Z,mobile
U0002,I0114,cart,,1,33.44,2026-05-01T08:06:02Z,mobile
U0209,I0073,view,,1,25.28,2026-04-05T22:41:02Z,web
U0165,I0033,view,,1,24.72,2026-02-03T11:55:02Z,web
U0174,I0056,view,,1,21.96,2026-04-23T05:53:02Z,web
U0003,I0033,view,,1,24.72,2026-04-29T14:37:02Z,mobile
U0055,I0091,view,,1,42.99,2026-02-28T14:00:02Z,mobile
U0136,I0099,view,,1,19.36,2026-04-25T14:32:02Z,web
U0191,I0035,view,,1,26.96,2026-02-10T10:58:02Z,mobile
U0141,I0015,view,,1,19.27,2026-04-25T05:14:02Z,web
U0013,I0009,purchase,,3,26.36,2026-04-27T05:15:02Z,mobile
U0141,I0095,view,,1,11.84,2026-03-09T23:48:02Z,web
U0194,I0046,purchase,,2,32.06,2026-04-20T08:12:02Z,web
U0214,I0037,view,,1,17.51,2026-03-12T10:50:02Z,web
U0181,I0038,cart,,1,23.01,2026-03-07T11:01:02Z,mobile
U0191,I0004,view,,1,24.4,2026-02-10T06:12:02Z,web
U0178,I0047,cart,,1,36.67,2026-04-04T20:01:02Z,web
U0022,I0076,view,,1,36.2,2026-05-01T23:09:02Z,mobile
U0111,I0003,view,,1,12.56,2026-03-18T04:40:02Z,mobile
U0027,I0029,view,,1,83.41,2026-04-04T23:16:02Z,web
U0105,I0056,view,,1,21.96,2026-02-20T14:54:02Z,mobile
U0084,I0116,view,,1,59.11,2026-02-20T07:46:02Z,mobile
U0222,I0063,purchase,,1,17.91,2026-04-25T00:58:02Z,mobile
U0197,I0016,purchase,,2,41.84,2026-05-01T22:19:02Z,mobile
U0205,I0074,view,,1,19.52,2026-04-25T09:29:02Z,mobile
U0172,I0074,view,,1,19.52,2026-04-21T09:49:02Z,mobile
U0128,I0026,view,,1,13.5,2026-04-13T01:46:02Z,web
U0007,I0076,view,,1,36.2,2026-02-08T12:22:02Z,web
U0062,I0104,cart,,1,41.88,2026-02-24T21:49:02Z,mobile
U0067,I0047,view,,1,36.67,2026-04-19T09:48:02Z,mobile
U0206,I0006,cart,,1,21.38,2026-04-02T14:35:02Z,mobile
U0203,I0044,view,,1,16.15,2026-02-11T12:17:02Z,mobile
U0101,I0108,view,,1,101.53,2026-05-02T03:52:02Z,web
U0229,I0053,view,,1,18.65,2026-04-01T10:00:02Z,web
U0149,I0069,view,,1,41.22,2026-04-28T14:52:02Z,mobile
U0069,I0044,view,,1,16.15,2026-03-29T12:29:02Z,web
U0118,I0063,view,,1,17.91,2026-05-01T17:40:02Z,web
U0052,I0081,view,,1,60.65,2026-02-07T20:32:02Z,mobile
U0101,I0054,cart,,1,35.21,2026-03-08T17:52:02Z,mobile
U0117,I0109,view,,1,70.56,2026-04-28T20:53:02Z,web
U0060,I0091,view,,1,42.99,2026-02-21T07:11:02Z,mobile
U0193,I0008,purchase,,1,36.94,2026-04-10T00:24:02Z,mobile
U0146,I0053,view,,1,18.65,2026-02-04T03:51:02Z,mobile
U0178,I0028,cart,,1,23.83,2026-03-10T07:08:02Z,web
U0117,I0020,purchase,,1,27.33,2026-04-09T12:11:02Z,web
U0204,I0078,view,,1,41.4,2026-02-16T14:38:02Z,mobile
U0213,I0022,view,,1,23.73,2026-03-16T14:53:02Z,mobile
U0088,I0057,cart,,1,46.42,2026-04-03T16:01:02Z,mobile
U0098,I0088,view,,1,30.05,2026-02-21T20:51:02Z,web
U0190,I0058,view,,1,18.03,2026-03-29T14:46:02Z,mobile
U0133,I0013,view,,1,28.54,2026-02-01T07:15:02Z,mobile
U0230,I0095,cart,,1,11.84,2026-04-17T20:12:02Z,mobile
U0096,I0103,purchase,,1,51.23,2026-02-02T06:40:02Z,mobile
U0130,I0097,view,,1,42.6,2026-03-14T23:25:02Z,web
U0039,I0063,purchase,,3,17.91,2026-03-19T17:42:02Z,mobile
U0198,I0098,purchase,,3,35.06,2026-03-15T20:50:02Z,mobile
U0209,I0018,view,,1,34.0,2026-03-22T03:13:02Z,mobile
U0176,I0076,cart,,1,36.2,2026-04-28T20:49:02Z,mobile
U0167,I0116,view,,1,59.11,2026-04-15T21:38:02Z,mobile
U0119,I0001,rating,4.0,1,31.44,2026-04-20T17:11:02Z,mobile
U0110,I0106,view,,1,26.93,2026-02-23T12:42:02Z,mobile
U0168,I0036,view,,1,74.72,2026-03-18T12:45:02Z,mobile
U0143,I0060,view,,1,48.07,2026-03-04T22:48:02Z,mobile
U0109,I0005,view,,1,20.52,2026-02-16T07:09:02Z,mobile
U0181,I0109,purchase,,1,70.56,2026-03-14T16:57:02Z,mobile
U0214,I0008,rating,4.0,1,36.94,2026-03-14T06:18:02Z,mobile
U0033,I0040,view,,1,56.71,2026-03-23T02:36:02Z,mobile
U0136,I0036,view,,1,74.72,2026-02-12T06:40:02Z,web
U0225,I0047,view,,1,36.67,2026-05-01T13:11:02Z,mobile
U0017,I0095,view,,1,11.84,2026-02-13T13:37:02Z,mobile
U0186,I0089,view,,1,40.79,2026-04-27T13:46:02Z,web
U0162,I0080,view,,1,16.0,2026-02-11T15:58:02Z,mobile
U0117,I0005,view,,1,20.52,2026-03-07T15:41:02Z,web
U0089,I0097,cart,,1,42.6,2026-04-05T12:44:02Z,mobile
U0084,I0047,purchase,,1,36.67,2026-03-06T21:09:02Z,mobile
U0091,I0050,purchase,,1,15.33,2026-02-02T07:02:02Z,web
U0081,I0112,view,,1,53.68,2026-02-13T01:54:02Z,web
U0207,I0057,view,,1,46.42,2026-04-17T12:31:02Z,mobile
U0060,I0096,cart,,1,36.87,2026-03-17T09:14:02Z,web
U0166,I0081,view,,1,60.65,2026-03-13T07:23:02Z,web
U0219,I0037,cart,,1,17.51,2026-04-30T14:33:02Z,mobile
U0066,I0042,view,,1,34.64,2026-03-25T06:45:02Z,mobile
U0149,I0090,view,,1,12.85,2026-03-30T18:02:02Z,web
U0234,I0090,cart,,1,12.85,2026-04-29T12:10:02Z,mobile
U0175,I0030,purchase,,2,19.11,2026-04-29T08:29:02Z,mobile
U0132,I0002,view,,1,22.56,2026-04-12T03:57:02Z,mobile
U0140,I0053,view,,1,18.65,2026-03-30T04:18:02Z,web
U0222,I0017,purchase,,2,25.29,2026-04-26T21:45:02Z,mobile
U0133,I0116,view,,1,59.11,2026-04-03T10:25:02Z,web
U0217,I0074,view,,1,19.52,2026-04-14T00:54:02Z,web
U0218,I0039,purchase,,1,14.55,2026-04-24T08:46:02Z,mobile
U0229,I0102,purchase,,1,45.37,2026-03-18T00:50:02Z,web
U0061,I0058,purchase,,1,18.03,2026-04-22T09:45:02Z,mobile
U0011,I0064,purchase,,1,28.05,2026-02-01T20:36:02Z,web
U0067,I0102,cart,,1,45.37,2026-04-28T06:12:02Z,mobile
U0048,I0077,cart,,1,43.74,2026-02-02T09:24:02Z,web
U0221,I0083,view,,1,17.83,2026-02-16T21:42:02Z,mobile
U0094,I0058,purchase,,1,18.03,2026-04-03T22:08:02Z,web
U0224,I0109,view,,1,70.56,2026-03-19T22:52:02Z,web
U0172,I0071,view,,1,31.77,2026-04-06T16:28:02Z,web
U0038,I0106,view,,1,26.93,2026-03-06T20:47:02Z,mobile
U0130,I0083,purchase,,1,17.83,2026-03-06T11:52:02Z,web
U0155,I0088,cart,,1,30.05,2026-03-20T23:44:02Z,mobile
U0033,I0095,view,,1,11.84,2026-03-07T03:26:02Z,mobile
U0190,I0035,rating,2.0,1,26.96,2026-03-14T13:55:02Z,web
U0082,I0096,view,,1,36.87,2026-02-08T03:07:02Z,web
U0203,I0096,cart,,1,36.87,2026-04-18T17:56:02Z,web
U0031,I0096,cart,,1,36.87,2026-02-06T13:58:02Z,web
U0030,I0098,cart,,1,35.06,2026-04-04T01:43:02Z,web
U0186,I0094,cart,,1,20.46,2026-02-20T16:10:02Z,web
U0210,I0052,view,,1,30.37,2026-02-06T14:09:02Z,web
U0168,I0090,view,,1,12.85,2026-03-17T01:24:02Z,web
U0238,I0108,cart,,1,101.53,2026-02-16T02:18:02Z,web
U0102,I0053,view,,1,18.65,2026-03-03T05:06:02Z,mobile
U0186,I0075,view,,1,25.5,2026-04-05T06:55:02Z,web
U0091,I0104,cart,,1,41.88,2026-02-25T16:31:02Z,web
U0173,I0078,rating,3.0,1,41.4,2026-04-21T23:09:02Z,mobile
U0122,I0024,view,,1,24.65,2026-04-08T01:19:02Z,web
U0223,I0011,rating,4.0,1,15.55,2026-03-27T16:20:02Z,mobile
U0167,I0039,view,,1,14.55,2026-02-03T21:04:02Z,mobile
U0033,I0094,view,,1,20.46,2026-03-06T15:27:02Z,web
U0161,I0087,view,,1,58.68,2026-02-19T16:07:02Z,web
U0124,I0008,cart,,1,36.94,2026-02-13T10:06:02Z,mobile
U0180,I0097,cart,,1,42.6,2026-02-23T20:56:02Z,mobile
U0235,I0120,rating,3.0,1,26.42,2026-02-12T04:34:02Z,mobile
U0176,I0035,cart,,1,26.96,2026-02-07T13:04:02Z,web
U0181,I0042,view,,1,34.64,2026-03-29T05:11:02Z,web
U0187,I0018,purchase,,2,34.0,2026-04-01T20:30:02Z,mobile
U0016,I0090,view,,1,12.85,2026-04-08T14:06:02Z,mobile
U0103,I0062,cart,,1,23.59,2026-02-27T18:27:02Z,web
U0035,I0116,rating,5.0,1,59.11,2026-04-23T20:25:02Z,mobile
U0121,I0016,purchase,,1,41.84,2026-03-27T07:39:02Z,web
U0122,I0083,view,,1,17.83,2026-02-07T00:00:02Z,mobile
U0104,I0043,view,,1,34.18,2026-02-04T10:47:02Z,mobile
U0078,I0109,rating,3.0,1,70.56,2026-04-29T01:01:02Z,web
U0067,I0109,rating,3.0,1,70.56,2026-04-25T03:32:02Z,web
U0091,I0006,view,,1,21.38,2026-02-25T20:28:02Z,mobile
U0209,I0101,view,,1,48.0,2026-04-22T12:39:02Z,web
U0234,I0058,rating,5.0,1,18.03,2026-03-22T03:04:02Z,web
U0179,I0099,view,,1,19.36,2026-03-26T04:54:02Z,mobile
U0196,I0041,purchase,,1,35.48,2026-02-27T05:14:02Z,mobile
U0146,I0102,cart,,1,45.37,2026-03-31T22:24:02Z,mobile
U0081,I0012,cart,,1,67.3,2026-03-27T11:30:02Z,web
U0091,I0070,view,,1,26.73,2026-04-20T07:06:02Z,web
U0166,I0120,view,,1,26.42,2026-04-26T17:30:02Z,web
U0076,I0082,cart,,1,27.22,2026-05-01T00:32:02Z,mobile
U0003,I0072,view,,1,21.99,2026-02-08T18:18:02Z,mobile
U0137,I0080,purchase,,3,16.0,2026-04-01T06:24:02Z,web
U0010,I0024,rating,4.0,1,24.65,2026-02-23T13:12:02Z,web
U0238,I0092,rating,3.0,1,16.23,2026-03-15T11:41:02Z,web
U0237,I0098,view,,1,35.06,2026-04-24T15:38:02Z,web
U0061,I0044,view,,1,16.15,2026-03-22T10:15:02Z,web
U0169,I0075,view,,1,25.5,2026-03-30T15:44:02Z,web
U0163,I0066,view,,1,22.7,2026-04-08T18:53:02Z,web
U0232,I0119,view,,1,34.0,2026-02-06T18:35:02Z,mobile
U0107,I0021,rating,5.0,1,19.0,2026-04-15T12:49:02Z,mobile
U0009,I0078,cart,,1,41.4,2026-02-10T12:59:02Z,web
U0098,I0029,purchase,,1,83.41,2026-02-27T17:24:02Z,web
U0173,I0075,view,,1,25.5,2026-02-20T03:11:02Z,web
U0141,I0008,view,,1,36.94,2026-04-09T13:19:02Z,mobile
U0071,I0034,rating,2.0,1,32.38,2026-03-18T13:42:02Z,mobile
U0009,I0054,view,,1,35.21,2026-02-15T15:17:02Z,mobile
U0056,I0012,cart,,1,67.3,2026-04-17T11:07:02Z,web
U0147,I0081,view,,1,60.65,2026-04-09T19:13:02Z,web
U0047,I0067,purchase,,1,77.25,2026-04-15T21:24:02Z,mobile
U0019,I0107,purchase,,1,14.01,2026-02-14T15:21:02Z,mobile
U0120,I0067,cart,,1,77.25,2026-02-17T03:19:02Z,mobile
U0069,I0034,view,,1,32.38,2026-02-09T14:41:02Z,mobile
U0215,I0001,view,,1,31.44,2026-02-23T13:34:02Z,web
U0225,I0068,view,,1,16.18,2026-04-19T00:35:02Z,web
U0113,I0096,rating,2.0,1,36.87,2026-04-09T10:41:02Z,mobile
U0125,I0014,view,,1,30.5,2026-04-09T19:39:02Z,mobile
U0164,I0066,view,,1,22.7,2026-02-18T01:45:02Z,mobile
U0213,I0030,cart,,1,19.11,2026-03-17T23:28:02Z,web
U0103,I0088,view,,1,30.05,2026-02-09T04:10:02Z,web
U0033,I0104,purchase,,1,41.88,2026-03-25T21:54:02Z,web
U0039,I0108,purchase,,1,101.53,2026-02-20T07:33:02Z,mobile
U0139,I0002,view,,1,22.56,2026-02-04T19:37:02Z,web
U0016,I0047,view,,1,36.67,2026-03-08T19:42:02Z,web
U0215,I0093,cart,,1,35.82,2026-03-15T05:13:02Z,mobile
U0162,I0038,view,,1,23.01,2026-03-20T07:35:02Z,web
U0121,I0033,view,,1,24.72,2026-02-16T21:11:02Z,web
U0041,I0085,view,,1,64.61,2026-02-27T13:09:02Z,mobile
U0067,I0080,view,,1,16.0,2026-03-04T21:47:02Z,web
U0135,I0054,rating,4.0,1,35.21,2026-03-04T10:42:02Z,mobile
U0155,I0093,rating,4.0,1,35.82,2026-03-02T13:58:02Z,web
U0213,I0070,cart,,1,26.73,2026-04-02T17:28:02Z,mobile
U0164,I0066,view,,1,22.7,2026-04-18T04:05:02Z,mobile
U0148,I0103,cart,,1,51.23,2026-04-20T21:59:02Z,mobile
U0058,I0089,rating,5.0,1,40.79,2026-03-19T05:24:02Z,mobile
U0107,I0079,rating,5.0,1,55.92,2026-04-02T14:57:02Z,web
U0149,I0024,view,,1,24.65,2026-04-15T07:46:02Z,web
U0180,I0038,view,,1,23.01,2026-04-21T11:30:02Z,web
U0138,I0014,rating,5.0,1,30.5,2026-03-18T00:18:02Z,mobile
U0140,I0078,purchase,,1,41.4,2026-02-10T18:22:02Z,web
U0193,I0015,view,,1,19.27,2026-04-03T19:57:02Z,mobile
U0073,I0011,view,,1,15.55,2026-03-18T13:09:02Z,web
U0194,I0084,view,,1,27.83,2026-02-18T20:47:02Z,mobile
U0095,I0006,view,,1,21.38,2026-02-02T03:21:02Z,web
U0232,I0108,purchase,,1,101.53,2026-04-18T09:19:02Z,mobile
U0085,I0057,view,,1,46.42,2026-03-07T15:37:02Z,web
U0112,I0109,rating,3.0,1,70.56,2026-03-04T01:23:02Z,web
U0187,I0086,view,,1,33.96,2026-02-22T20:09:02Z,web
U0060,I0005,view,,1,20.52,2026-02-12T16:18:02Z,web
U0019,I0102,view,,1,45.37,2026-02-28T01:45:02Z,mobile
U0211,I0062,view,,1,23.59,2026-02-20T04:54:02Z,web
U0006,I0026,purchase,,1,13.5,2026-04-05T08:02:02Z,mobile
U0213,I0018,rating,4.0,1,34.0,2026-02-28T16:14:02Z,web
U0007,I0020,purchase,,1,27.33,2026-03-03T10:19:02Z,web
U0035,I0006,view,,1,21.38,2026-02-19T21:38:02Z,web
U0041,I0108,rating,5.0,1,101.53,2026-02-21T11:25:02Z,mobile
U0174,I0033,purchase,,1,24.72,2026-03-19T04:07:02Z,web
U0041,I0016,view,,1,41.84,2026-03-07T23:36:02Z,web
U0158,I0013,rating,4.0,1,28.54,2026-02-11T11:28:02Z,web
U0053,I0102,view,,1,45.37,2026-04-01T20:20:02Z,web
U0108,I0111,purchase,,2,114.52,2026-02-07T08:47:02Z,mobile
U0082,I0046,rating,4.0,1,32.06,2026-03-04T06:06:02Z,web
U0136,I0084,view,,1,27.83,2026-02-06T01:52:02Z,mobile
U0214,I0075,view,,1,25.5,2026-04-23T23:22:02Z,web
U0174,I0007,purchase,,1,50.51,2026-03-27T22:34:02Z,web
U0001,I0091,view,,1,42.99,2026-03-22T16:43:02Z,web
U0195,I0037,view,,1,17.51,2026-02-24T03:50:02Z,web
U0186,I0100,cart,,1,54.26,2026-02-14T14:16:02Z,web
U0089,I0030,cart,,1,19.11,2026-02-11T05:49:02Z,mobile
U0036,I0030,rating,5.0,1,19.11,2026-04-28T02:43:02Z,web
U0035,I0093,cart,,1,35.82,2026-03-11T23:58:02Z,web
U0076,I0092,cart,,1,16.23,2026-04-23T18:04:02Z,mobile
U0072,I0077,view,,1,43.74,2026-05-01T09:20:02Z,mobile
U0071,I0041,view,,1,35.48,2026-02-02T21:49:02Z,mobile
U0192,I0085,view,,1,64.61,2026-04-25T20:21:02Z,web
U0077,I0039,view,,1,14.55,2026-04-10T10:14:02Z,web
U0221,I0024,purchase,,1,24.65,2026-05-01T06:06:02Z,web
U0061,I0001,rating,4.0,1,31.44,2026-02-20T16:37:02Z,mobile
U0093,I0029,purchase,,2,83.41,2026-02-25T18:04:02Z,web
U0146,I0073,view,,1,25.28,2026-02-20T09:44:02Z,web
U0009,I0039,cart,,1,14.55,2026-04-15T16:37:02Z,mobile
U0023,I0022,view,,1,23.73,2026-02-01T19:34:02Z,mobile
U0009,I0090,view,,1,12.85,2026-04-28T06:03:02Z,mobile
U0089,I0036,view,,1,74.72,2026-04-07T12:37:02Z,mobile
U0064,I0004,view,,1,24.4,2026-02-09T15:14:02Z,mobile
U0021,I0032,cart,,1,68.88,2026-02-08T11:12:02Z,web
U0235,I0013,view,,1,28.54,2026-04-27T18:05:02Z,web
U0110,I0010,rating,3.0,1,50.12,2026-03-31T23:27:02Z,mobile
U0066,I0067,view,,1,77.25,2026-02-02T15:09:02Z,web
U0045,I0068,view,,1,16.18,2026-04-10T15:11:02Z,web
U0057,I0064,purchase,,1,28.05,2026-03-14T10:25:02Z,web
U0124,I0090,cart,,1,12.85,2026-02-23T12:28:02Z,mobile
U0052,I0026,view,,1,13.5,2026-03-15T09:13:02Z,web
U0066,I0067,view,,1,77.25,2026-04-26T03:26:02Z,web
U0098,I0110,view,,1,26.64,2026-03-12T12:12:02Z,mobile
U0220,I0120,view,,1,26.42,2026-02-07T19:20:02Z,web
U0213,I0090,purchase,,1,12.85,2026-02-11T18:00:02Z,mobile
U0109,I0081,purchase,,2,60.65,2026-04-23T03:22:02Z,mobile
U0226,I0111,view,,1,114.52,2026-03-11T02:53:02Z,web
U0038,I0110,rating,5.0,1,26.64,2026-03-27T23:13:02Z,mobile
U0115,I0070,cart,,1,26.73,2026-03-09T07:54:02Z,web
U0177,I0027,view,,1,58.32,2026-02-12T02:47:02Z,mobile
U0045,I0108,cart,,1,101.53,2026-04-04T20:59:02Z,web
U0040,I0045,view,,1,27.1,2026-04-26T15:32:02Z,mobile
U0067,I0005,rating,2.0,1,20.52,2026-02-18T18:43:02Z,web
U0029,I0009,view,,1,26.36,2026-02-11T17:40:02Z,mobile
U0065,I0097,view,,1,42.6,2026-03-26T03:07:02Z,mobile
U0092,I0027,cart,,1,58.32,2026-05-01T13:08:02Z,web
U0175,I0034,view,,1,32.38,2026-04-07T04:01:02Z,mobile
U0224,I0001,purchase,,1,31.44,2026-03-15T17:07:02Z,mobile
U0012,I0047,cart,,1,36.67,2026-03-07T23:51:02Z,web
U0228,I0073,view,,1,25.28,2026-04-03T21:06:02Z,web
